entrezgene	ensembl	symbol	abagen symbol	pass_all	num_pass	correlation	seed	score
1	ENSG00000121410	A1BG	A1BG	1.0	10.0	0.6006032849761214	60.0	0.2611318630330962
503538	ENSG00000268895	A1BG-AS1	A1BG-AS1	1.0	4.0	0.6790230123185917	40.0	0.11809095866410291
65985	ENSG00000081760	AACS	AACS	1.0	4.0	0.6168705256406093	40.0	0.10728183054619292
51166	ENSG00000109576	AADAT	AADAT	1.0	2.0	0.6053945876328256	55.0	0.0526430076202457
195827	ENSG00000158122	PRXL2C	AAED1	1.0	3.0	0.42889196803880114	33.0	0.05594243061375667
22848	ENSG00000115977	AAK1	AAK1	0.0	0.0	0.43204105754591426	32.0	0.0
28971	ENSG00000087884	AAMDC	AAMDC	0.0	0.0	0.3579253765855877	60.0	0.0
441376	ENSG00000205002	AARD	AARD	0.0	0.0	0.5142751614341337	32.0	0.0
16	ENSG00000090861	AARS1	AARS	0.0	0.0	0.4174025014057494	32.0	0.0
57505	ENSG00000124608	AARS2	AARS2	1.0	7.0	0.7828302676805848	31.0	0.23825269016365627
10157	ENSG00000008311	AASS	AASS	1.0	3.0	0.40588806117886334	31.0	0.05294192102333
26574	ENSG00000276072	AATF	AATF	0.0	0.0	0.12826311961857348	32.0	0.0
19	ENSG00000165029	ABCA1	ABCA1	1.0	7.0	0.520310606209747	55.0	0.158355401889923
20	ENSG00000107331	ABCA2	ABCA2	1.0	2.0	0.34664624011464157	32.0	0.030143151314316656
21	ENSG00000167972	ABCA3	ABCA3	1.0	5.0	0.5785336064462061	33.0	0.12576817531439263
23461	ENSG00000154265	ABCA5	ABCA5	1.0	1.0	0.5688445187155867	59.0	0.02473237037893855
23460	ENSG00000154262	ABCA6	ABCA6	0.0	0.0	0.3685145895412456	31.0	0.0
10350	ENSG00000154258	ABCA9	ABCA9	1.0	1.0	0.36395890431295386	31.0	0.015824300187519732
23456	ENSG00000135776	ABCB10	ABCB10	1.0	2.0	0.5357183741524347	33.0	0.046584206448037804
10058	ENSG00000115657	ABCB6	ABCB6	1.0	1.0	0.49853007812310957	32.0	0.021675220787961285
22	ENSG00000131269	ABCB7	ABCB7	0.0	0.0	0.3551043575768098	32.0	0.0
23457	ENSG00000150967	ABCB9	ABCB9	0.0	0.0	0.2520382833591434	59.0	0.0
94160	ENSG00000140798	ABCC12	ABCC12	1.0	1.0	0.596284050327547	40.0	0.025925393492502044
10057	ENSG00000114770	ABCC5	ABCC5	1.0	5.0	0.6631758718370893	33.0	0.14416866779067158
6833	ENSG00000006071	ABCC8	ABCC8	1.0	1.0	0.5509610776030714	33.0	0.023954829461003104
5825	ENSG00000117528	ABCD3	ABCD3	0.0	0.0	0.41395889715413253	32.0	0.0
6059	ENSG00000164163	ABCE1	ABCE1	1.0	3.0	0.4017363569177333	53.0	0.05240039438057391
23	ENSG00000232169	ABCF1	ABCF1	1.0	3.0	0.5254420087168458	2.0	0.06853591418045814
10061	ENSG00000033050	ABCF2	ABCF2	0.0	0.0	0.42363203605766087	32.0	0.0
9619	ENSG00000160179	ABCG1	ABCG1	1.0	5.0	0.4984268884815616	53.0	0.10835367140903512
9429	ENSG00000118777	ABCG2	ABCG2	0.0	0.0	0.2192573735519384	32.0	0.0
64137	ENSG00000172350	ABCG4	ABCG4	0.0	0.0	0.3157722707854046	32.0	0.0
84696	ENSG00000143994	ABHD1	ABHD1	1.0	7.0	0.4689316099858195	33.0	0.14271831608264074
26090	ENSG00000100997	ABHD12	ABHD12	0.0	0.0	0.12713325898147926	53.0	0.0
145447	ENSG00000131969	ABHD12B	ABHD12B	0.0	0.0	0.21080690763354407	10.0	0.0
81926	ENSG00000129968	ABHD17A	ABHD17A	1.0	3.0	0.5117353595950795	32.0	0.0667480903819669
51104	ENSG00000107362	ABHD17B	ABHD17B	0.0	0.0	0.2751914741175694	44.0	0.0
58489	ENSG00000136379	ABHD17C	ABHD17C	1.0	6.0	0.6101063865766908	65.0	0.15915818780261498
171586	ENSG00000158201	ABHD3	ABHD3	1.0	2.0	0.3770652854172331	32.0	0.03278828568845505
63874	ENSG00000100439	ABHD4	ABHD4	1.0	2.0	0.49026876442858996	33.0	0.0426320664720513
57406	ENSG00000163686	ABHD6	ABHD6	1.0	1.0	0.25349780103135183	32.0	0.011021643523102254
79575	ENSG00000127220	ABHD8	ABHD8	1.0	1.0	0.6506171965195714	40.0	0.028287704196503102
10006	ENSG00000136754	ABI1	ABI1	1.0	3.0	0.7361733338364449	53.0	0.09602260876127541
10152	ENSG00000138443	ABI2	ABI2	1.0	2.0	0.7173337998985827	49.0	0.06237685216509414
84448	ENSG00000163995	ABLIM2	ABLIM2	0.0	0.0	0.5048226236290985	32.0	0.0
29	ENSG00000276016	ABR	ABR	1.0	9.0	0.7797780751157103	49.0	0.3051305511322345
58527	ENSG00000146386	ABRACL	ABRACL	1.0	2.0	0.4853083607408308	2.0	0.042200727020941804
80325	ENSG00000114626	ABTB1	ABTB1	0.0	0.0	0.4173807387349223	32.0	0.0
25841	ENSG00000166016	ABTB2	ABTB2	0.0	0.0	0.22536040757029577	40.0	0.0
10449	ENSG00000167315	ACAA2	ACAA2	1.0	6.0	0.38313568034902146	33.0	0.09994843835191863
31	ENSG00000278540	ACACA	ACACA	1.0	3.0	0.5824950784532865	55.0	0.07597761892868954
32	ENSG00000076555	ACACB	ACACB	1.0	1.0	0.4086803601856419	33.0	0.01776871131241921
27034	ENSG00000151498	ACAD8	ACAD8	1.0	2.0	0.5654074650517997	33.0	0.049165866526243454
28976	ENSG00000177646	ACAD9	ACAD9	1.0	5.0	0.5388420024010466	40.0	0.11713956573935796
33	ENSG00000115361	ACADL	ACADL	1.0	6.0	0.5964257114895312	16.0	0.15558931604074724
36	ENSG00000196177	ACADSB	ACADSB	0.0	0.0	0.45324436439923804	53.0	0.0
37	ENSG00000072778	ACADVL	ACADVL	1.0	1.0	0.42430968809222525	58.0	0.018448247308357618
176	ENSG00000157766	ACAN	ACAN	0.0	0.0	0.12651895416143033	10.0	0.0
23527	ENSG00000114331	ACAP2	ACAP2	1.0	2.0	0.3897345663414965	32.0	0.033889962290564915
39	ENSG00000120437	ACAT2	ACAT2	1.0	5.0	0.5591528846183811	49.0	0.12155497491703936
1636	ENSG00000159640	ACE	ACE	0.0	0.0	0.497424675892276	32.0	0.0
55331	ENSG00000078124	ACER3	ACER3	0.0	0.0	0.34497569274512235	32.0	0.0
43	ENSG00000087085	ACHE	ACHE	0.0	0.0	0.20697374874427646	32.0	0.0
2532	ENSG00000213088	ACKR1	ACKR1	1.0	3.0	0.7752631527402644	31.0	0.10112128079220839
57007	ENSG00000144476	ACKR3	ACKR3	1.0	7.0	0.6146454098821004	52.0	0.1870659943119436
47	ENSG00000131473	ACLY	ACLY	1.0	1.0	0.41637038400731996	52.0	0.018103060174231304
48	ENSG00000122729	ACO1	ACO1	0.0	0.0	0.37828515929278606	32.0	0.0
55856	ENSG00000112304	ACOT13	ACOT13	0.0	0.0	0.2843172095574811	52.0	0.0
10965	ENSG00000119673	ACOT2	ACOT2	1.0	7.0	0.7029451484076863	18.0	0.21393982777625237
122970	ENSG00000177465	ACOT4	ACOT4	1.0	4.0	0.6279190729361819	40.0	0.10920331703237945
10005	ENSG00000101473	ACOT8	ACOT8	1.0	6.0	0.5381197849169609	40.0	0.1403790743261637
23597	ENSG00000123130	ACOT9	ACOT9	1.0	3.0	0.5657436066247883	49.0	0.07379264434236368
51	ENSG00000161533	ACOX1	ACOX1	1.0	7.0	0.4801376507978156	33.0	0.14612885024281347
8310	ENSG00000087008	ACOX3	ACOX3	1.0	7.0	0.6238879392070512	39.0	0.18987893801953734
52	ENSG00000143727	ACP1	ACP1	1.0	8.0	0.7422898799227764	18.0	0.2581877843209657
53	ENSG00000134575	ACP2	ACP2	1.0	2.0	0.521246709433864	32.0	0.045325800820336
23205	ENSG00000103740	ACSBG1	ACSBG1	1.0	4.0	0.5018506098556174	42.0	0.08727836693141171
80221	ENSG00000167107	ACSF2	ACSF2	1.0	6.0	0.5214300246372643	33.0	0.13602522381841678
197322	ENSG00000176715	ACSF3	ACSF3	1.0	1.0	0.4115249937919654	33.0	0.017892391034433276
2180	ENSG00000151726	ACSL1	ACSL1	0.0	0.0	0.34466969299068767	40.0	0.0
2181	ENSG00000123983	ACSL3	ACSL3	0.0	0.0	0.48200252592084236	32.0	0.0
2182	ENSG00000068366	ACSL4	ACSL4	1.0	7.0	0.6043465497087381	31.0	0.18393155860700727
23305	ENSG00000164398	ACSL6	ACSL6	0.0	0.0	0.351615994610736	31.0	0.0
54988	ENSG00000183549	ACSM5	ACSM5	1.0	5.0	0.4989288746746687	49.0	0.10846279884231927
58	ENSG00000143632	ACTA1	ACTA1	1.0	1.0	0.4564561366546574	33.0	0.019845918984985104
70	ENSG00000159251	ACTC1	ACTC1	0.0	0.0	0.21216410047706993	32.0	0.0
71	ENSG00000291420	ACTG1	ACTG1	1.0	7.0	0.6301082919088916	52.0	0.19177208884183658
86	ENSG00000136518	ACTL6A	ACTL6A	1.0	1.0	0.30305447381371053	31.0	0.013176281470161328
51412	ENSG00000077080	ACTL6B	ACTL6B	1.0	1.0	0.6286446317546215	33.0	0.027332375293679195
88	ENSG00000077522	ACTN2	ACTN2	0.0	0.0	0.4397595379881174	32.0	0.0
81	ENSG00000282844	ACTN4	ACTN4	0.0	0.0	0.3557167645462461	49.0	0.0
55860	ENSG00000131966	ACTR10	ACTR10	1.0	4.0	0.6257964922493101	18.0	0.1088341725650974
10120	ENSG00000115073	ACTR1B	ACTR1B	1.0	1.0	0.5647262007589449	2.0	0.024553313076475864
10097	ENSG00000138071	ACTR2	ACTR2	1.0	4.0	0.6076853739496434	9.0	0.10568441286080754
57180	ENSG00000133627	ACTR3B	ACTR3B	1.0	8.0	0.7035631315916725	49.0	0.24471761098840783
440888	ENSG00000288272	ACTR3BP2	ACTR3BP2	1.0	1.0	0.638970472500969	31.0	0.027781324891346475
653857	ENSG00000106526	ACTR3C	ACTR3C	1.0	2.0	0.5212963890186763	33.0	0.045330120784232715
79913	ENSG00000101442	ACTR5	ACTR5	0.0	0.0	0.6772647535345916	32.0	0.0
90	ENSG00000115170	ACVR1	ACVR1	0.0	0.0	0.35373557122520777	32.0	0.0
130399	ENSG00000123612	ACVR1C	ACVR1C	0.0	0.0	0.332874973127302	32.0	0.0
92	ENSG00000121989	ACVR2A	ACVR2A	1.0	11.0	0.8642455695627044	31.0	0.41333483761694556
91703	ENSG00000132744	ACY3	ACY3	1.0	6.0	0.5376900649371971	33.0	0.1402669734618775
97	ENSG00000119640	ACYP1	ACYP1	1.0	2.0	0.6170485754742527	40.0	0.05365639786732632
98	ENSG00000170634	ACYP2	ACYP2	0.0	0.0	0.08042362068893028	7.0	0.0
100	ENSG00000196839	ADA	ADA	1.0	5.0	0.48855121840850635	49.0	0.10620678661054486
161931	ENSG00000140955	ADAD2	ADAD2	1.0	2.0	0.6041880285613188	7.0	0.05253808944011468
4185	ENSG00000073670	ADAM11	ADAM11	1.0	1.0	0.5513926750161299	33.0	0.02397359456591869
8751	ENSG00000143537	ADAM15	ADAM15	0.0	0.0	0.2963108690874774	32.0	0.0
8728	ENSG00000135074	ADAM19	ADAM19	1.0	8.0	0.6870964106738187	49.0	0.23899005588654562
317760	ENSG00000290783	ADAM20P1	ADAM20P1	1.0	1.0	0.7208829036776764	3.0	0.031342734942507666
53616	ENSG00000008277	ADAM22	ADAM22	0.0	0.0	0.39528370967972115	32.0	0.0
8745	ENSG00000114948	ADAM23	ADAM23	0.0	0.0	0.2822713871207461	31.0	0.0
10863	ENSG00000042980	ADAM28	ADAM28	1.0	8.0	0.5148342381060509	33.0	0.17907277847166986
101	ENSG00000151651	ADAM8	ADAM8	0.0	0.0	0.6103263996314775	52.0	0.0
11093	ENSG00000160323	ADAMTS13	ADAMTS13	0.0	0.0	0.5784995555062296	31.0	0.0
171019	ENSG00000145808	ADAMTS19	ADAMTS19	1.0	3.0	0.5557668662342643	33.0	0.0724913303783823
9507	ENSG00000158859	ADAMTS4	ADAMTS4	0.0	0.0	0.16859578695295668	32.0	0.0
11096	ENSG00000154736	ADAMTS5	ADAMTS5	0.0	0.0	0.3872997834675412	32.0	0.0
11095	ENSG00000134917	ADAMTS8	ADAMTS8	1.0	6.0	0.6838098014012883	49.0	0.1783851655829448
56999	ENSG00000163638	ADAMTS9	ADAMTS9	1.0	3.0	0.36592228175023167	54.0	0.04772899327176935
92949	ENSG00000178031	ADAMTSL1	ADAMTSL1	1.0	2.0	0.5767976255987266	49.0	0.050156315269454486
9719	ENSG00000197859	ADAMTSL2	ADAMTSL2	1.0	1.0	0.3857012549008408	52.0	0.016769619778297426
57188	ENSG00000156218	ADAMTSL3	ADAMTSL3	0.0	0.0	0.3137758195566629	32.0	0.0
11033	ENSG00000105963	ADAP1	ADAP1	1.0	6.0	0.5997172056507059	8.0	0.15644796669148847
55803	ENSG00000184060	ADAP2	ADAP2	1.0	5.0	0.5280786913189249	1.0	0.11479971550411411
104	ENSG00000197381	ADARB1	ADARB1	1.0	1.0	0.615871507869101	51.0	0.026777022081265263
642394	ENSG00000205696	ADARB2-AS1	ADARB2-AS1	0.0	0.0	0.14071301507056044	52.0	0.0
23536	ENSG00000065457	ADAT1	ADAT1	1.0	2.0	0.48573728476248723	2.0	0.04223802476195541
90956	ENSG00000133597	ADCK2	ADCK2	1.0	3.0	0.5866295120586313	40.0	0.07651689287721278
203054	ENSG00000285451	ADCK5	ADCK5	1.0	3.0	0.7386646913256677	40.0	0.09634756843378274
107	ENSG00000164742	ADCY1	ADCY1	1.0	3.0	0.5212019396454671	9.0	0.06798286169288702
108	ENSG00000078295	ADCY2	ADCY2	1.0	7.0	0.6347509731459187	40.0	0.19318507878354046
109	ENSG00000138031	ADCY3	ADCY3	0.0	0.0	0.40785253147050043	31.0	0.0
112	ENSG00000174233	ADCY6	ADCY6	1.0	3.0	0.6471047264508527	52.0	0.08440496431967644
113	ENSG00000121281	ADCY7	ADCY7	1.0	3.0	0.5543477726299424	49.0	0.07230623121260119
114	ENSG00000155897	ADCY8	ADCY8	1.0	2.0	0.5839882651681088	10.0	0.05078158827548772
115	ENSG00000162104	ADCY9	ADCY9	0.0	0.0	0.384108213372644	31.0	0.0
116	ENSG00000141433	ADCYAP1	ADCYAP1	1.0	2.0	0.5165812938139995	33.0	0.04492011250556518
117	ENSG00000078549	ADCYAP1R1	ADCYAP1R1	1.0	8.0	0.6188871408394038	40.0	0.21526509246587958
84435	ENSG00000197177	ADGRA1	ADGRA1	1.0	2.0	0.5937467672600251	33.0	0.05163015367478479
25960	ENSG00000020181	ADGRA2	ADGRA2	0.0	0.0	0.38139988167916833	32.0	0.0
166647	ENSG00000152990	ADGRA3	ADGRA3	1.0	6.0	0.48821553947908813	33.0	0.12736057551628385
577	ENSG00000135298	ADGRB3	ADGRB3	1.0	6.0	0.7436552136514267	33.0	0.19399701225689392
9289	ENSG00000205336	ADGRG1	ADGRG1	1.0	7.0	0.6221203101986185	52.0	0.1893409639734926
57211	ENSG00000112414	ADGRG6	ADGRG6	1.0	4.0	0.5236627644580172	32.0	0.09107178512313342
23266	ENSG00000117114	ADGRL2	ADGRL2	1.0	1.0	0.5716704528086561	52.0	0.024855237078637224
23284	ENSG00000150471	ADGRL3	ADGRL3	1.0	12.0	0.691830070472086	49.0	0.3609548193767405
84059	ENSG00000164199	ADGRV1	ADGRV1	1.0	7.0	0.6694191240370138	52.0	0.20373625514169985
128	ENSG00000197894	ADH5	ADH5	1.0	6.0	0.5612850753205076	33.0	0.14642219356187156
55256	ENSG00000280830	ADI1	ADI1	1.0	4.0	0.4159009187906809	40.0	0.07233059457229234
51094	ENSG00000159346	ADIPOR1	ADIPOR1	1.0	4.0	0.5249472477388238	33.0	0.09129517351979545
10974	ENSG00000148671	ADIRF	ADIRF	1.0	3.0	0.6158867941123914	58.0	0.08033306010161627
132	ENSG00000156110	ADK	ADK	1.0	1.0	0.36511932960002114	33.0	0.015874753460870483
133	ENSG00000148926	ADM	ADM	1.0	1.0	0.29716547547303884	32.0	0.012920238064045167
199800	ENSG00000224420	ADM5	ADM5	1.0	8.0	0.7254802164813294	49.0	0.2523409448630711
23394	ENSG00000101126	ADNP	ADNP	1.0	5.0	0.7206449151752257	49.0	0.15666193808157078
84890	ENSG00000181915	ADO	ADO	1.0	1.0	0.2987483558045621	32.0	0.01298905894802444
113622	ENSG00000153531	ADPRHL1	ADPRHL1	0.0	0.0	0.3667992295243019	32.0	0.0
147	ENSG00000170214	ADRA1B	ADRA1B	1.0	3.0	0.5491736542846656	33.0	0.07163134621104333
146	ENSG00000171873	ADRA1D	ADRA1D	0.0	0.0	0.4030009329818852	32.0	0.0
150	ENSG00000150594	ADRA2A	ADRA2A	1.0	1.0	0.49764841084548017	33.0	0.021636887428064355
152	ENSG00000184160	ADRA2C	ADRA2C	1.0	2.0	0.6015566072567183	49.0	0.05230927019623637
153	ENSG00000043591	ADRB1	ADRB1	1.0	2.0	0.6477346984628821	52.0	0.056324756388076706
154	ENSG00000169252	ADRB2	ADRB2	1.0	7.0	0.5768565125958806	33.0	0.17556502557265932
159	ENSG00000035687	ADSS2	ADSS	1.0	8.0	0.6024909720257692	49.0	0.2095620772263545
122622	ENSG00000185100	ADSS1	ADSSL1	0.0	0.0	0.24257380079174107	19.0	0.0
84830	ENSG00000111863	ADTRP	ADTRP	1.0	4.0	0.609538881030133	33.0	0.106006761918284
165	ENSG00000106624	AEBP1	AEBP1	0.0	0.0	0.2543469843058491	53.0	0.0
166	ENSG00000104964	TLE5	AES	1.0	4.0	0.6386791685175426	9.0	0.11107463800305088
134265	ENSG00000157510	AFAP1L1	AFAP1L1	1.0	1.0	0.25517700044692426	32.0	0.011094652193344533
84632	ENSG00000169129	AFAP1L2	AFAP1L2	0.0	0.0	0.3848668694781447	52.0	0.0
4299	ENSG00000172493	AFF1	AFF1	0.0	0.0	0.3682042243734632	32.0	0.0
2334	ENSG00000155966	AFF2	AFF2	1.0	7.0	0.7165016763458789	60.0	0.21806572758352838
54812	ENSG00000119844	AFTPH	AFTPH	1.0	1.0	0.4509177372619044	32.0	0.01960511901138715
175	ENSG00000038002	AGA	AGA	0.0	0.0	0.37740225170806807	52.0	0.0
116987	ENSG00000157985	AGAP1	AGAP1	1.0	7.0	0.6912779099529766	65.0	0.2103889291161233
116986	ENSG00000135439	AGAP2	AGAP2	1.0	6.0	0.7080020597473657	53.0	0.1846961894993128
116988	ENSG00000133612	AGAP3	AGAP3	1.0	9.0	0.7196052787348125	31.0	0.28158467428753536
84871	ENSG00000186094	AGBL4	AGBL4	1.0	3.0	0.6477649703223933	33.0	0.08449108308552956
3268	ENSG00000106351	AGFG2	AGFG2	1.0	2.0	0.5166253830935037	65.0	0.04492394635595684
55109	ENSG00000164252	AGGF1	AGGF1	1.0	4.0	0.5373220703291295	9.0	0.09344731657897903
178	ENSG00000162688	AGL	AGL	1.0	1.0	0.3773204322979392	32.0	0.01640523618686692
79814	ENSG00000116771	AGMAT	AGMAT	1.0	2.0	0.4310108332021175	16.0	0.037479202887140656
26523	ENSG00000092847	AGO1	AGO1	0.0	0.0	0.3839840998823833	48.0	0.0
192669	ENSG00000126070	AGO3	AGO3	0.0	0.0	0.3896354536874827	31.0	0.0
192670	ENSG00000134698	AGO4	AGO4	1.0	1.0	0.7206831423714912	31.0	0.0313340496683257
56894	ENSG00000160216	AGPAT3	AGPAT3	1.0	1.0	0.49379510728080706	32.0	0.02146935249046987
55326	ENSG00000155189	AGPAT5	AGPAT5	1.0	4.0	0.4353356838384177	33.0	0.07571055371102917
375790	ENSG00000188157	AGRN	AGRN	1.0	6.0	0.7374624006126854	52.0	0.1923814958120049
23287	ENSG00000135049	AGTPBP1	AGTPBP1	1.0	3.0	0.48888964343883085	40.0	0.06376821436158663
191	ENSG00000101444	AHCY	AHCY	1.0	3.0	0.4725110281601931	55.0	0.061631873238286054
10768	ENSG00000168710	AHCYL1	AHCYL1	1.0	3.0	0.32021159673423494	38.0	0.04176673000881325
54806	ENSG00000135541	AHI1	AHI1	0.0	0.0	0.6218157912885374	31.0	0.0
79026	ENSG00000124942	AHNAK	AHNAK	1.0	3.0	0.5132293703100852	35.0	0.06694296134479372
113146	ENSG00000185567	AHNAK2	AHNAK2	0.0	0.0	0.29606952791914043	32.0	0.0
57491	ENSG00000063438	AHRR	AHRR	1.0	11.0	0.8740734151454456	5.0	0.4180351115913001
197	ENSG00000145192	AHSG	AHSG	1.0	5.0	0.6613775409055137	33.0	0.14377772628380733
199	ENSG00000204472	AIF1	AIF1	1.0	5.0	0.4902962608280799	33.0	0.10658614365827825
84883	ENSG00000042286	AIFM2	AIFM2	1.0	5.0	0.5083005734743937	32.0	0.11050012466834645
150209	ENSG00000183773	AIFM3	AIFM3	1.0	1.0	0.2993695779862763	32.0	0.01301606860809897
51390	ENSG00000146416	AIG1	AIG1	0.0	0.0	0.49280503847382984	32.0	0.0
9447	ENSG00000163568	AIM2	AIM2	1.0	5.0	0.5800573134983255	40.0	0.12609941597789684
326	ENSG00000160224	AIRE	AIRE	0.0	0.0	0.09206559736782985	32.0	0.0
55966	ENSG00000196581	AJAP1	AJAP1	1.0	7.0	0.7544182212008499	32.0	0.22960554558286736
204	ENSG00000004455	AK2	AK2	0.0	0.0	0.1252609069887207	10.0	0.0
50808	ENSG00000147853	AK3	AK3	1.0	2.0	0.4654645470979472	33.0	0.040475178008517146
205	ENSG00000162433	AK4	AK4	1.0	6.0	0.6104030312065155	33.0	0.15923557335822144
26289	ENSG00000154027	AK5	AK5	1.0	4.0	0.6853041412624342	9.0	0.11918332891520594
158067	ENSG00000165695	AK8	AK8	1.0	2.0	0.5808501754009606	32.0	0.050508710904431355
642597	ENSG00000231824	AKAIN1	AKAIN1	0.0	0.0	0.309645716884363	32.0	0.0
8165	ENSG00000121057	AKAP1	AKAP1	0.0	0.0	0.3934514141451795	32.0	0.0
9590	ENSG00000131016	AKAP12	AKAP12	0.0	0.0	0.15179419360324267	32.0	0.0
11214	ENSG00000170776	AKAP13	AKAP13	1.0	3.0	0.8267464468323156	31.0	0.10783649306508464
9495	ENSG00000179841	AKAP5	AKAP5	1.0	7.0	0.7328858288287322	53.0	0.22305220877396198
10270	ENSG00000105127	AKAP8	AKAP8	1.0	3.0	0.46590874990022385	33.0	0.06077070650872485
79647	ENSG00000174574	AKIRIN1	AKIRIN1	1.0	1.0	0.47879843721340737	7.0	0.020817323357104667
55122	ENSG00000135334	AKIRIN2	AKIRIN2	1.0	2.0	0.6117363180731861	53.0	0.05319446244114661
1645	ENSG00000187134	AKR1C1	AKR1C1	0.0	0.0	0.21210981747447716	32.0	0.0
8644	ENSG00000196139	AKR1C3	AKR1C3	0.0	0.0	0.2631825364448083	32.0	0.0
1109	ENSG00000198610	AKR1C4	AKR1C4	0.0	0.0	0.19694816060515108	32.0	0.0
8574	ENSG00000053371	AKR7A2	AKR7A2	1.0	6.0	0.4508148558588739	39.0	0.11760387544144535
246181	ENSG00000211454	AKR7L	AKR7L	1.0	2.0	0.4671688922449948	18.0	0.04062338193434737
84335	ENSG00000204673	AKT1S1	AKT1S1	0.0	0.0	0.227686766606028	49.0	0.0
10000	ENSG00000275199	AKT3	AKT3	1.0	2.0	0.5884380401098989	49.0	0.051168525226947724
211	ENSG00000023330	ALAS1	ALAS1	1.0	1.0	0.48101944389829593	40.0	0.0209138888651433
213	ENSG00000163631	ALB	ALB	0.0	0.0	0.39055651865569846	33.0	0.0
214	ENSG00000170017	ALCAM	ALCAM	1.0	6.0	0.5252750829379079	32.0	0.1370282825055412
220	ENSG00000184254	ALDH1A3	ALDH1A3	0.0	0.0	0.32241295801803804	48.0	0.0
219	ENSG00000137124	ALDH1B1	ALDH1B1	1.0	1.0	0.17675624010250965	32.0	0.007685053917500419
160428	ENSG00000136010	ALDH1L2	ALDH1L2	1.0	3.0	0.5224439194289725	40.0	0.06814485905595294
217	ENSG00000111275	ALDH2	ALDH2	1.0	5.0	0.46382375127620795	33.0	0.1008312502774365
224	ENSG00000072210	ALDH3A2	ALDH3A2	1.0	1.0	0.43032929314559765	32.0	0.018709969267199898
221	ENSG00000006534	ALDH3B1	ALDH3B1	1.0	2.0	0.32652277771750204	33.0	0.02839328501891322
7915	ENSG00000112294	ALDH5A1	ALDH5A1	1.0	2.0	0.5064381817775383	33.0	0.0440381027632642
4329	ENSG00000119711	ALDH6A1	ALDH6A1	1.0	10.0	0.47062872467457745	33.0	0.2046211846411206
501	ENSG00000164904	ALDH7A1	ALDH7A1	1.0	2.0	0.49255336097057867	40.0	0.042830727040919885
223	ENSG00000143149	ALDH9A1	ALDH9A1	1.0	8.0	0.5048236993751559	40.0	0.17559085195657598
226	ENSG00000149925	ALDOA	ALDOA	1.0	3.0	0.583034250519744	40.0	0.0760479457199666
144245	ENSG00000175548	ALG10B	ALG10B	1.0	1.0	0.4796085079360883	5.0	0.020852543823308187
79868	ENSG00000101901	ALG13	ALG13	1.0	3.0	0.6042722060800724	33.0	0.07881811383653117
10195	ENSG00000214160	ALG3	ALG3	0.0	0.0	0.30256904335114204	32.0	0.0
29880	ENSG00000120697	ALG5	ALG5	1.0	4.0	0.3796692736920255	49.0	0.06602943890296095
79053	ENSG00000159063	ALG8	ALG8	1.0	5.0	0.5414683457888505	49.0	0.11771050995409793
238	ENSG00000171094	ALK	ALK	1.0	7.0	0.5410606276442811	40.0	0.1646706258047812
285016	ENSG00000189292	ALKAL2	ALKAL2	1.0	8.0	0.6249336140591909	32.0	0.21736821358580552
84266	ENSG00000125652	ALKBH7	ALKBH7	0.0	0.0	0.2935728240515023	32.0	0.0
200420	ENSG00000290727	ALMS1P1	ALMS1P1	1.0	1.0	0.560295296054971	31.0	0.024360665045868302
240	ENSG00000012779	ALOX5	ALOX5	1.0	9.0	0.5417031248511165	33.0	0.2119707879852195
241	ENSG00000132965	ALOX5AP	ALOX5AP	1.0	9.0	0.48036881538471293	33.0	0.18797040602010506
80216	ENSG00000073331	ALPK1	ALPK1	1.0	2.0	0.43961277052345304	1.0	0.038227197436822
249	ENSG00000162551	ALPL	ALPL	1.0	4.0	0.6260930936534692	41.0	0.10888575541799464
57679	ENSG00000003393	ALS2	ALS2	1.0	2.0	0.7012920796529899	2.0	0.06098191996982521
259173	ENSG00000178038	ALS2CL	ALS2CL	0.0	0.0	0.375771529441557	32.0	0.0
130540	ENSG00000155749	FLACC1	ALS2CR12	1.0	1.0	0.5174114020737486	33.0	0.022496147916249938
257	ENSG00000156150	ALX3	ALX3	0.0	0.0	0.2730855397382885	10.0	0.0
262	ENSG00000123505	AMD1	AMD1	0.0	0.0	0.3938477418183644	32.0	0.0
144193	ENSG00000139344	AMDHD1	AMDHD1	0.0	0.0	0.10977743339554151	32.0	0.0
219287	ENSG00000165566	AMER2	AMER2	1.0	2.0	0.4753447447686566	53.0	0.0413343256320571
205147	ENSG00000178171	AMER3	AMER3	1.0	2.0	0.7254239126105245	51.0	0.06308034022700212
267	ENSG00000159461	AMFR	AMFR	1.0	2.0	0.423160591780773	53.0	0.03679657319832808
57463	ENSG00000181754	AMIGO1	AMIGO1	0.0	0.0	0.5182814023982547	32.0	0.0
347902	ENSG00000139211	AMIGO2	AMIGO2	1.0	4.0	0.4012944837406423	58.0	0.06979034499837257
9949	ENSG00000101935	AMMECR1	AMMECR1	1.0	1.0	0.5583971621171389	32.0	0.024278137483353862
83607	ENSG00000144233	AMMECR1L	AMMECR1L	1.0	3.0	0.5073356487067725	33.0	0.06617421504870946
196394	ENSG00000151743	AMN1	AMN1	1.0	7.0	0.6367531181678581	31.0	0.19379442726847856
154810	ENSG00000166025	AMOTL1	AMOTL1	0.0	0.0	0.3777915094039416	33.0	0.0
271	ENSG00000116337	AMPD2	AMPD2	1.0	4.0	0.6643101646180041	33.0	0.11553220254226157
272	ENSG00000133805	AMPD3	AMPD3	0.0	0.0	0.2301692306399659	32.0	0.0
273	ENSG00000078053	AMPH	AMPH	1.0	3.0	0.6640541830354549	52.0	0.08661576300462455
275	ENSG00000145020	AMT	AMT	0.0	0.0	0.6157794807583767	55.0	0.0
155185	ENSG00000174945	AMZ1	AMZ1	1.0	3.0	0.5583049621828935	55.0	0.07282238637168176
51321	ENSG00000196704	AMZ2	AMZ2	1.0	2.0	0.5088576656096513	49.0	0.044248492661708806
201283	ENSG00000291140	AMZ2P1	AMZ2P1	1.0	5.0	0.6929433401703405	53.0	0.15063985655876969
51529	ENSG00000141552	ANAPC11	ANAPC11	1.0	5.0	0.5834075742562712	33.0	0.126827733533972
25906	ENSG00000110200	ANAPC15	ANAPC15	1.0	3.0	0.6239324122078395	49.0	0.08138248854884862
29945	ENSG00000053900	ANAPC4	ANAPC4	1.0	4.0	0.7077795640849859	33.0	0.12309209810173667
90806	ENSG00000174606	ANGEL2	ANGEL2	1.0	2.0	0.6537785336941547	59.0	0.05685030727775258
284	ENSG00000154188	ANGPT1	ANGPT1	0.0	0.0	0.3417590099264498	32.0	0.0
285	ENSG00000091879	ANGPT2	ANGPT2	0.0	0.0	0.2477106170569423	31.0	0.0
23452	ENSG00000136859	ANGPTL2	ANGPTL2	0.0	0.0	0.2603028537306998	32.0	0.0
286	ENSG00000029534	ANK1	ANK1	0.0	0.0	0.29247078025788376	32.0	0.0
288	ENSG00000151150	ANK3	ANK3	1.0	9.0	0.6708686277859112	53.0	0.26251381087274783
51479	ENSG00000185722	ANKFY1	ANKFY1	0.0	0.0	0.3968821293248408	32.0	0.0
56172	ENSG00000154122	ANKH	ANKH	0.0	0.0	0.4291503832901283	32.0	0.0
54467	ENSG00000001629	ANKIB1	ANKIB1	1.0	2.0	0.4304089886594338	51.0	0.037426868579081195
23141	ENSG00000176915	ANKLE2	ANKLE2	1.0	3.0	0.6877234944734519	1.0	0.08970306449653721
57763	ENSG00000164331	ANKRA2	ANKRA2	1.0	3.0	0.43615684150439715	49.0	0.056890022804921364
29123	ENSG00000167522	ANKRD11	ANKRD11	1.0	7.0	0.7526733338608417	8.0	0.22907449291416923
88455	ENSG00000076513	ANKRD13A	ANKRD13A	0.0	0.0	0.3482575968887086	31.0	0.0
338692	ENSG00000172932	ANKRD13D	ANKRD13D	1.0	3.0	0.6178051820206201	16.0	0.08058328461138523
54522	ENSG00000134461	ANKRD16	ANKRD16	0.0	0.0	0.6622230107252256	32.0	0.0
253650	ENSG00000180071	ANKRD18A	ANKRD18A	0.0	0.0	0.4686654186868546	53.0	0.0
441459	ENSG00000230453	ANKRD18B	ANKRD18B	1.0	2.0	0.7556409306061697	35.0	0.06570790700923214
348840	ENSG00000226435	ANKRD18DP	ANKRD18DP	0.0	0.0	0.41650341160081367	32.0	0.0
138649	ENSG00000291168	ANKRD19P	ANKRD19P	1.0	7.0	0.7195609021535188	32.0	0.21899679630759267
26287	ENSG00000165887	ANKRD2	ANKRD2	1.0	1.0	0.3579665920062448	32.0	0.015563764869836731
391267	ENSG00000291280	ANKRD20A11P	ANKRD20A11P	1.0	1.0	0.6025569657618498	31.0	0.02619812894616738
440482	ENSG00000293697	ANKRD20A5P	ANKRD20A5P	1.0	2.0	0.6970693641201987	31.0	0.06061472731479989
729171	ENSG00000229089	ANKRD20A8P	ANKRD20A8P	0.0	0.0	0.38093029643444054	32.0	0.0
170961	ENSG00000089847	ANKRD24	ANKRD24	1.0	2.0	0.5771998652773584	33.0	0.05019129263281378
22852	ENSG00000107890	ANKRD26	ANKRD26	1.0	1.0	0.582792224754614	31.0	0.02533879238063539
84079	ENSG00000105186	ANKRD27	ANKRD27	0.0	0.0	0.35969686094342485	10.0	0.0
23243	ENSG00000206560	ANKRD28	ANKRD28	1.0	1.0	0.53422690490097	31.0	0.023227256734824783
147463	ENSG00000154065	ANKRD29	ANKRD29	0.0	0.0	0.18587157372660762	40.0	0.0
374860	ENSG00000180777	ANKRD30B	ANKRD30B	0.0	0.0	0.6905602975317833	33.0	0.0
651746	ENSG00000164236	ANKRD33B	ANKRD33B	0.0	0.0	0.5875265540720268	31.0	0.0
284615	ENSG00000272031	ANKRD34A	ANKRD34A	1.0	3.0	0.6121000229737551	7.0	0.07983913343135936
390616	ENSG00000235711	ANKRD34C	ANKRD34C	0.0	0.0	0.31093794563007	32.0	0.0
645784	ENSG00000291127	ANKRD36BP2	ANKRD36BP2	1.0	5.0	0.6266421496962004	40.0	0.13622655428178268
353322	ENSG00000186352	ANKRD37	ANKRD37	0.0	0.0	0.31302809082197347	39.0	0.0
51239	ENSG00000213337	ANKRD39	ANKRD39	1.0	2.0	0.6303268350149123	8.0	0.0548110291317315
338699	ENSG00000137494	ANKRD42	ANKRD42	0.0	0.0	0.28967970368166746	32.0	0.0
339416	ENSG00000183831	ANKRD45	ANKRD45	1.0	2.0	0.5854276012384492	31.0	0.05090674793377819
157567	ENSG00000186106	ANKRD46	ANKRD46	1.0	2.0	0.6160390382964669	51.0	0.05356861202577973
54851	ENSG00000168876	ANKRD49	ANKRD49	1.0	2.0	0.5934508471267365	31.0	0.05160442148928143
57182	ENSG00000151458	ANKRD50	ANKRD50	1.0	16.0	0.7083908674653872	41.0	0.4927936469324432
22881	ENSG00000135299	ANKRD6	ANKRD6	1.0	10.0	0.7715995395314399	18.0	0.3354780606658434
122416	ENSG00000156381	ANKRD9	ANKRD9	1.0	2.0	0.3948634336478297	4.0	0.03433595075198519
23294	ENSG00000064999	ANKS1A	ANKS1A	0.0	0.0	0.49916445826829486	32.0	0.0
56899	ENSG00000185046	ANKS1B	ANKS1B	0.0	0.0	0.7098845748390201	52.0	0.0
124401	ENSG00000168096	ANKS3	ANKS3	1.0	1.0	0.5071641149032124	33.0	0.02205061369144402
203286	ENSG00000165138	ANKS6	ANKS6	1.0	1.0	0.3300542522380275	32.0	0.014350184879914237
55139	ENSG00000163516	ANKZF1	ANKZF1	1.0	1.0	0.4921433397102585	19.0	0.02139753650914167
57101	ENSG00000047617	ANO2	ANO2	1.0	8.0	0.5327487104635146	52.0	0.18530389929165725
63982	ENSG00000134343	ANO3	ANO3	1.0	5.0	0.6029718560526209	49.0	0.1310808382723089
203859	ENSG00000171714	ANO5	ANO5	0.0	0.0	0.5061690873004452	31.0	0.0
196527	ENSG00000177119	ANO6	ANO6	1.0	2.0	0.3437503625795528	33.0	0.029891335876482853
3730	ENSG00000011201	ANOS1	ANOS1	1.0	12.0	0.6184987967683118	33.0	0.3226950244008583
81611	ENSG00000143401	ANP32E	ANP32E	1.0	1.0	0.5141281690040969	40.0	0.022353398652352037
118429	ENSG00000163297	ANTXR2	ANTXR2	0.0	0.0	0.27512056577403016	44.0	0.0
301	ENSG00000135046	ANXA1	ANXA1	1.0	1.0	0.30893494485575884	65.0	0.013431954124163427
311	ENSG00000122359	ANXA11	ANXA11	1.0	6.0	0.7367202390532303	53.0	0.19218788844866877
302	ENSG00000182718	ANXA2	ANXA2	1.0	5.0	0.4737892962690832	33.0	0.10299767310197461
306	ENSG00000138772	ANXA3	ANXA3	0.0	0.0	0.1142757419880926	32.0	0.0
307	ENSG00000196975	ANXA4	ANXA4	1.0	1.0	0.16071328595696072	32.0	0.00698753417204177
308	ENSG00000164111	ANXA5	ANXA5	0.0	0.0	0.19012674429043253	31.0	0.0
309	ENSG00000197043	ANXA6	ANXA6	0.0	0.0	0.3860564502257736	1.0	0.0
310	ENSG00000138279	ANXA7	ANXA7	1.0	2.0	0.7207832938565936	33.0	0.06267680816144292
313	ENSG00000136250	AOAH	AOAH	1.0	1.0	0.4386717594362358	52.0	0.01907268519287982
8906	ENSG00000213983	AP1G2	AP1G2	1.0	3.0	0.6043776798593812	32.0	0.07883187128600624
8907	ENSG00000072958	AP1M1	AP1M1	1.0	3.0	0.6177943930458506	40.0	0.08058187735380659
1174	ENSG00000106367	AP1S1	AP1S1	1.0	6.0	0.7012891938529182	49.0	0.18294500709206563
8905	ENSG00000182287	AP1S2	AP1S2	0.0	0.0	0.502896761026343	59.0	0.0
163	ENSG00000006125	AP2B1	AP2B1	1.0	9.0	0.6355524496958306	52.0	0.24869443683749892
1173	ENSG00000161203	AP2M1	AP2M1	1.0	3.0	0.5678304189439004	33.0	0.07406483725355223
1175	ENSG00000042753	AP2S1	AP2S1	1.0	3.0	0.5938804430708223	33.0	0.07746266648749857
8546	ENSG00000132842	AP3B1	AP3B1	1.0	5.0	0.4075100910706506	55.0	0.08858915023275013
8120	ENSG00000103723	AP3B2	AP3B2	1.0	5.0	0.7014891008792851	33.0	0.15249763062593152
8943	ENSG00000065000	AP3D1	AP3D1	1.0	5.0	0.6233769530569234	8.0	0.13551672892541813
26985	ENSG00000185009	AP3M1	AP3M1	1.0	1.0	0.4785410473377451	32.0	0.02080613249294544
10947	ENSG00000070718	AP3M2	AP3M2	1.0	5.0	0.6711969246083167	9.0	0.14591237491485146
1176	ENSG00000177879	AP3S1	AP3S1	1.0	10.0	0.750237748334562	18.0	0.32619032536285303
23431	ENSG00000081014	AP4E1	AP4E1	0.0	0.0	0.349668232596186	32.0	0.0
9179	ENSG00000221838	AP4M1	AP4M1	1.0	4.0	0.5587215741658321	40.0	0.09716896942014472
11154	ENSG00000100478	AP4S1	AP4S1	1.0	2.0	0.6044367892501268	40.0	0.05255972080435885
91056	ENSG00000254470	AP5B1	AP5B1	1.0	2.0	0.7887174115802178	36.0	0.0685841227461059
55745	ENSG00000053770	AP5M1	AP5M1	0.0	0.0	0.24318274872120652	59.0	0.0
55317	ENSG00000125843	AP5S1	AP5S1	1.0	5.0	0.6342595170913651	53.0	0.13788250371551414
320	ENSG00000107282	APBA1	APBA1	1.0	4.0	0.6757886554427516	53.0	0.1175284618161307
321	ENSG00000034053	APBA2	APBA2	1.0	1.0	0.5119107082692745	2.0	0.022256987316055413
322	ENSG00000166313	APBB1	APBB1	1.0	1.0	0.5549294507703856	40.0	0.024127367424799373
54518	ENSG00000077420	APBB1IP	APBB1IP	1.0	8.0	0.5710207171599634	33.0	0.19861590162085682
323	ENSG00000163697	APBB2	APBB2	0.0	0.0	0.30805028496894427	55.0	0.0
10307	ENSG00000113108	APBB3	APBB3	1.0	2.0	0.5190735648861551	9.0	0.04513683172923087
324	ENSG00000134982	APC	APC	1.0	6.0	0.6065246656262344	33.0	0.1582238258155394
327	ENSG00000164062	APEH	APEH	1.0	5.0	0.5226774008894587	33.0	0.11362552193249102
83464	ENSG00000138613	APH1B	APH1B	1.0	1.0	0.4657598527884456	32.0	0.02025042838210633
8862	ENSG00000171388	APLN	APLN	1.0	7.0	0.5642390260216192	24.0	0.17172492096310152
187	ENSG00000134817	APLNR	APLNR	1.0	4.0	0.47595654486723954	40.0	0.08277505128125905
57136	ENSG00000101474	APMAP	APMAP	1.0	9.0	0.6909100801427132	52.0	0.27035611831671386
341	ENSG00000130208	APOC1	APOC1	1.0	8.0	0.5857013019300024	42.0	0.203722191975653
348	ENSG00000130203	APOE	APOE	1.0	7.0	0.5322242526070308	52.0	0.16198129427170502
23780	ENSG00000128335	APOL2	APOL2	0.0	0.0	0.368133963916052	31.0	0.0
55937	ENSG00000206409	APOM	APOM	1.0	8.0	0.46496615079739306	53.0	0.16172735679909322
79135	ENSG00000184831	APOO	APOO	1.0	4.0	0.41340965507392574	9.0	0.07189733131720448
139322	ENSG00000155008	APOOL	APOOL	1.0	1.0	0.2807857539848095	31.0	0.012208076260209108
84334	ENSG00000256053	COA8	APOPT1	1.0	8.0	0.6566421226656795	1.0	0.22839726005762762
351	ENSG00000142192	APP	APP	1.0	1.0	0.4970243315956055	16.0	0.02160975354763502
26060	ENSG00000157500	APPL1	APPL1	1.0	1.0	0.4351295268693297	3.0	0.018918675081275205
55198	ENSG00000136044	APPL2	APPL2	1.0	3.0	0.540973273014633	40.0	0.07056173126277822
353	ENSG00000198931	APRT	APRT	1.0	7.0	0.4695930847727984	60.0	0.1429196344960691
358	ENSG00000240583	AQP1	AQP1	1.0	1.0	0.39903931761802264	32.0	0.017349535548609678
282679	ENSG00000178301	AQP11	AQP11	1.0	2.0	0.4162978260545703	32.0	0.03619981096126698
361	ENSG00000171885	AQP4	AQP4	1.0	5.0	0.5260323451031789	33.0	0.11435485763112584
362	ENSG00000161798	AQP5	AQP5	1.0	4.0	0.5080947233923588	52.0	0.08836429972041022
363	ENSG00000086159	AQP6	AQP6	1.0	3.0	0.3911383919448513	49.0	0.05101805112324147
9716	ENSG00000021776	AQR	AQR	1.0	1.0	0.40549683522661084	53.0	0.01763029718376569
367	ENSG00000169083	AR	AR	0.0	0.0	0.21800809955193814	44.0	0.0
116984	ENSG00000047365	ARAP2	ARAP2	1.0	1.0	0.39601913507263115	52.0	0.01721822326402744
64411	ENSG00000120318	ARAP3	ARAP3	0.0	0.0	0.6124785053510349	31.0	0.0
23237	ENSG00000198576	ARC	ARC	0.0	0.0	0.4483262463520457	32.0	0.0
9870	ENSG00000119682	AREL1	AREL1	0.0	0.0	0.45102732445969484	59.0	0.0
377	ENSG00000134287	ARF3	ARF3	1.0	5.0	0.7400365654008131	53.0	0.16087751421756805
381	ENSG00000004059	ARF5	ARF5	1.0	3.0	0.5406878576463164	33.0	0.07052450317125866
55738	ENSG00000101199	ARFGAP1	ARFGAP1	1.0	2.0	0.6851062159691047	51.0	0.05957445356253084
57221	ENSG00000112379	ARFGEF3	ARFGEF3	1.0	9.0	0.6941433883897539	31.0	0.27162132589164284
55082	ENSG00000134884	ARGLU1	ARGLU1	1.0	1.0	0.5101318394852139	32.0	0.022179645195009298
79658	ENSG00000071205	ARHGAP10	ARHGAP10	1.0	1.0	0.5405152684672351	33.0	0.023500663846401523
94134	ENSG00000165322	ARHGAP12	ARHGAP12	1.0	1.0	0.39132572078116723	32.0	0.017014161773094227
93663	ENSG00000146376	ARHGAP18	ARHGAP18	1.0	5.0	0.5629477164669903	41.0	0.12237993836238918
84986	ENSG00000213390	ARHGAP19	ARHGAP19	1.0	1.0	0.33378152720369164	33.0	0.014512240313203984
57569	ENSG00000137727	ARHGAP20	ARHGAP20	1.0	2.0	0.6299843785127888	33.0	0.05478125030545989
58504	ENSG00000128805	ARHGAP22	ARHGAP22	1.0	2.0	0.3508069015534391	41.0	0.030504947961168614
9938	ENSG00000163219	ARHGAP25	ARHGAP25	1.0	1.0	0.3372332466073138	32.0	0.014662315069883209
23092	ENSG00000145819	ARHGAP26	ARHGAP26	1.0	1.0	0.4373604592256331	32.0	0.019015672140244917
201176	ENSG00000276907	ARHGAP27	ARHGAP27	0.0	0.0	0.3164077751032396	2.0	0.0
79822	ENSG00000088756	ARHGAP28	ARHGAP28	1.0	10.0	0.7337068875094479	52.0	0.3190029945693252
9411	ENSG00000137962	ARHGAP29	ARHGAP29	1.0	3.0	0.6291047553929027	5.0	0.08205714200776991
9743	ENSG00000134909	ARHGAP32	ARHGAP32	1.0	2.0	0.6708114917284452	8.0	0.05833143406334306
115703	ENSG00000004777	ARHGAP33	ARHGAP33	1.0	13.0	0.8047626196421531	60.0	0.45486582849339086
158763	ENSG00000147256	ARHGAP36	ARHGAP36	1.0	11.0	0.6879865377603305	52.0	0.3290370397984189
80728	ENSG00000147799	ARHGAP39	ARHGAP39	0.0	0.0	0.5232445834708387	32.0	0.0
393	ENSG00000089820	ARHGAP4	ARHGAP4	1.0	6.0	0.525436812944959	24.0	0.13707047294216324
143872	ENSG00000165895	ARHGAP42	ARHGAP42	1.0	2.0	0.39544918525882894	32.0	0.034386885674680776
9912	ENSG00000006740	ARHGAP44	ARHGAP44	0.0	0.0	0.5498132444688189	32.0	0.0
23526	ENSG00000180448	ARHGAP45	ARHGAP45	1.0	6.0	0.37277454582514014	33.0	0.09724553369351481
395	ENSG00000047648	ARHGAP6	ARHGAP6	1.0	17.0	0.7893858563402947	19.0	0.5834591112080438
64333	ENSG00000123329	ARHGAP9	ARHGAP9	0.0	0.0	0.2683252202044523	59.0	0.0
396	ENSG00000141522	ARHGDIA	ARHGDIA	1.0	6.0	0.6270233144025515	40.0	0.16357129940936127
397	ENSG00000111348	ARHGDIB	ARHGDIB	1.0	2.0	0.3345017604248242	39.0	0.029087109602158625
398	ENSG00000242173	ARHGDIG	ARHGDIG	1.0	4.0	0.6075705254740642	40.0	0.10566443921288073
9639	ENSG00000104728	ARHGEF10	ARHGEF10	0.0	0.0	0.3594750992764531	32.0	0.0
55160	ENSG00000074964	ARHGEF10L	ARHGEF10L	1.0	1.0	0.336837299561974	39.0	0.014645099980955392
9826	ENSG00000132694	ARHGEF11	ARHGEF11	0.0	0.0	0.3480402879119203	32.0	0.0
23365	ENSG00000196914	ARHGEF12	ARHGEF12	1.0	5.0	0.6557701763424858	51.0	0.1425587339874969
27237	ENSG00000130762	ARHGEF16	ARHGEF16	1.0	1.0	0.0868250083403942	33.0	0.0037750003626258345
9828	ENSG00000110237	ARHGEF17	ARHGEF17	1.0	1.0	0.38418756098488255	10.0	0.016703806999342718
23370	ENSG00000104880	ARHGEF18	ARHGEF18	0.0	0.0	0.39900510562098557	32.0	0.0
9181	ENSG00000116584	ARHGEF2	ARHGEF2	1.0	1.0	0.4764766635342122	2.0	0.02071637667540053
115557	ENSG00000240771	ARHGEF25	ARHGEF25	1.0	3.0	0.7000831897730004	33.0	0.09131519866604353
64283	ENSG00000214944	ARHGEF28	ARHGEF28	1.0	9.0	0.6295106055537172	18.0	0.2463302369558024
50650	ENSG00000163947	ARHGEF3	ARHGEF3	1.0	2.0	0.5553565793362739	33.0	0.04829187646402382
100271715	ENSG00000214694	ARHGEF33	ARHGEF33	0.0	0.0	0.5879809094340204	31.0	0.0
50649	ENSG00000136002	ARHGEF4	ARHGEF4	1.0	1.0	0.5192586927631822	40.0	0.022576464902747048
55701	ENSG00000165801	ARHGEF40	ARHGEF40	1.0	9.0	0.5146096954345877	52.0	0.20136901125701256
9459	ENSG00000129675	ARHGEF6	ARHGEF6	1.0	2.0	0.3985782685545883	16.0	0.034658979874312025
8874	ENSG00000102606	ARHGEF7	ARHGEF7	1.0	1.0	0.6164313897495366	51.0	0.02680136477171898
23229	ENSG00000131089	ARHGEF9	ARHGEF9	1.0	2.0	0.7609748068444155	53.0	0.066171722334297
8289	ENSG00000117713	ARID1A	ARID1A	1.0	4.0	0.58459084838323	52.0	0.1016679736318661
57492	ENSG00000049618	ARID1B	ARID1B	0.0	0.0	0.5988818100336805	53.0	0.0
196528	ENSG00000189079	ARID2	ARID2	0.0	0.0	0.46253580840501757	32.0	0.0
10620	ENSG00000179361	ARID3B	ARID3B	1.0	1.0	0.5359310269872238	52.0	0.023301348999444513
10865	ENSG00000196843	ARID5A	ARID5A	1.0	1.0	0.5737916329388133	33.0	0.024947462301687533
84159	ENSG00000150347	ARID5B	ARID5B	0.0	0.0	0.4718073505996609	19.0	0.0
25820	ENSG00000166233	ARIH1	ARIH1	0.0	0.0	0.35723388320835087	32.0	0.0
10425	ENSG00000177479	ARIH2	ARIH2	0.0	0.0	0.4141348481317348	32.0	0.0
285598	ENSG00000175414	ARL10	ARL10	1.0	12.0	0.861869280453768	49.0	0.4496709289324007
200894	ENSG00000169379	ARL13B	ARL13B	0.0	0.0	0.31202263349275455	32.0	0.0
120534	ENSG00000152219	ARL14EP	ARL14EP	1.0	4.0	0.631514056991317	49.0	0.10982853165066382
54622	ENSG00000185305	ARL15	ARL15	1.0	9.0	0.7816126255544525	2.0	0.30584841869522056
339231	ENSG00000214087	ARL16	ARL16	1.0	10.0	0.7573105443578161	31.0	0.3292654540686157
23568	ENSG00000102931	ARL2BP	ARL2BP	0.0	0.0	0.39868133845557513	31.0	0.0
10124	ENSG00000122644	ARL4A	ARL4A	1.0	4.0	0.7865674507170883	36.0	0.13679433925514578
10123	ENSG00000188042	ARL4C	ARL4C	1.0	1.0	0.443002465690495	32.0	0.019260976769151957
379	ENSG00000175906	ARL4D	ARL4D	0.0	0.0	0.46338893828779004	33.0	0.0
26225	ENSG00000162980	ARL5A	ARL5A	1.0	1.0	0.4829019029705336	58.0	0.02099573491176233
221079	ENSG00000165997	ARL5B	ARL5B	0.0	0.0	0.40322575360511376	32.0	0.0
55207	ENSG00000134108	ARL8B	ARL8B	1.0	1.0	0.343598364626229	32.0	0.014939059331575173
132946	ENSG00000196503	ARL9	ARL9	1.0	3.0	0.947950526873597	50.0	0.12364572089655614
83787	ENSG00000282813	ARMC10	ARMC10	1.0	6.0	0.689427072195366	18.0	0.17985054057270417
84071	ENSG00000118690	ARMC2	ARMC2	1.0	1.0	0.576884032625765	55.0	0.025081914461989784
79637	ENSG00000125449	ARMC7	ARMC7	1.0	3.0	0.626877139743416	49.0	0.08176658344479339
25852	ENSG00000114098	ARMC8	ARMC8	0.0	0.0	0.30829635698349955	5.0	0.0
51309	ENSG00000126947	ARMCX1	ARMCX1	1.0	8.0	0.7893325016543646	18.0	0.27455043535803986
9823	ENSG00000184867	ARMCX2	ARMCX2	1.0	4.0	0.7033539562739551	18.0	0.12232242717807915
100131755	ENSG00000196440	ARMCX4	ARMCX4	0.0	0.0	0.5825662343348262	52.0	0.0
79624	ENSG00000146476	DCPH1	ARMT1	0.0	0.0	0.40551338302611645	52.0	0.0
9915	ENSG00000172379	ARNT2	ARNT2	1.0	6.0	0.6949526834285445	49.0	0.1812920043726638
406	ENSG00000133794	BMAL1	ARNTL	1.0	1.0	0.5975211036525826	2.0	0.025979178419677503
56938	ENSG00000029153	BMAL2	ARNTL2	1.0	6.0	0.7185318614868819	54.0	0.1874430943009257
10109	ENSG00000163466	ARPC2	ARPC2	1.0	6.0	0.6515215347601246	24.0	0.16996213950264122
10092	ENSG00000162704	ARPC5	ARPC5	1.0	5.0	0.5358359068260431	39.0	0.11648606670131371
10776	ENSG00000128989	ARPP19	ARPP19	1.0	4.0	0.6557943497034833	33.0	0.1140511912527797
10777	ENSG00000172995	ARPP21	ARPP21	1.0	3.0	0.6211833107157342	33.0	0.08102391009335663
408	ENSG00000137486	ARRB1	ARRB1	1.0	9.0	0.5702420408022987	60.0	0.22313818987916037
409	ENSG00000141480	ARRB2	ARRB2	1.0	10.0	0.7084779562338436	31.0	0.3080338940147146
411	ENSG00000113273	ARSB	ARSB	1.0	2.0	0.5256926530859095	53.0	0.04571240461616604
22901	ENSG00000141337	ARSG	ARSG	1.0	1.0	0.5072350553069994	59.0	0.02205369805682606
79642	ENSG00000180801	ARSJ	ARSJ	1.0	5.0	0.6633639132985008	53.0	0.1442095463692393
153642	ENSG00000164291	ARSK	ARSK	1.0	3.0	0.487017398204482	31.0	0.06352400846145417
419	ENSG00000156219	ART3	ART3	0.0	0.0	0.5025722897264822	32.0	0.0
427	ENSG00000104763	ASAH1	ASAH1	1.0	8.0	0.5123957634414551	33.0	0.1782246133709409
100507117	ENSG00000280543	ASAP1-IT2	ASAP1-IT2	1.0	2.0	0.6627365007640347	33.0	0.05762926093600301
8853	ENSG00000151693	ASAP2	ASAP2	0.0	0.0	0.3368784900700136	32.0	0.0
51665	ENSG00000065802	ASB1	ASB1	1.0	1.0	0.5368098899252447	49.0	0.023339560431532378
79754	ENSG00000196372	ASB13	ASB13	0.0	0.0	0.37818541290875085	31.0	0.0
51676	ENSG00000100628	ASB2	ASB2	0.0	0.0	0.4505492739425103	32.0	0.0
140458	ENSG00000164122	ASB5	ASB5	1.0	13.0	0.6663726368091337	60.0	0.37664540341385816
140459	ENSG00000148331	ASB6	ASB6	1.0	4.0	0.508155423159733	33.0	0.0883748562016927
10973	ENSG00000112249	ASCC3	ASCC3	1.0	4.0	0.5419255880372055	55.0	0.0942479283542966
430	ENSG00000183734	ASCL2	ASCL2	1.0	14.0	0.703763230000516	58.0	0.4283776182611837
25842	ENSG00000111875	ASF1A	ASF1A	1.0	3.0	0.4321590213745214	33.0	0.056368568005372356
432	ENSG00000141505	ASGR1	ASGR1	1.0	1.0	0.4339979870947844	19.0	0.018869477699773235
433	ENSG00000161944	ASGR2	ASGR2	1.0	1.0	0.294105575659814	32.0	0.012787198941731043
55870	ENSG00000116539	ASH1L	ASH1L	1.0	2.0	0.608701726158103	2.0	0.05293058488331331
645676	ENSG00000235919	ASH1L-AS1	ASH1L-AS1	1.0	10.0	0.8532716016436547	52.0	0.3709876528885455
9070	ENSG00000129691	ASH2L	ASH2L	1.0	6.0	0.7024960276655412	49.0	0.1832598333040542
41	ENSG00000110881	ASIC1	ASIC1	1.0	1.0	0.4476298564891139	1.0	0.019462167673439734
40	ENSG00000108684	ASIC2	ASIC2	1.0	3.0	0.684358153602061	41.0	0.08926410699157317
434	ENSG00000101440	ASIP	ASIP	1.0	4.0	0.5303285998747144	40.0	0.09223106084777641
435	ENSG00000126522	ASL	ASL	1.0	3.0	0.5738101188175636	40.0	0.07484479810663873
389652	ENSG00000290398	ASNSP1	ASNSP1	1.0	2.0	0.40998670041139135	33.0	0.035651017427077505
444	ENSG00000198363	ASPH	ASPH	0.0	0.0	0.40907197227319975	33.0	0.0
57168	ENSG00000128203	ASPHD2	ASPHD2	1.0	9.0	0.7743411098733223	49.0	0.30300304299390873
79058	ENSG00000169696	ASPSCR1	ASPSCR1	0.0	0.0	0.27983364507682273	31.0	0.0
445	ENSG00000130707	ASS1	ASS1	1.0	5.0	0.7428230589099777	31.0	0.1614832736760821
28990	ENSG00000034533	ASTE1	ASTE1	1.0	1.0	0.41590100984239126	39.0	0.018082652601843097
460	ENSG00000152092	ASTN1	ASTN1	1.0	3.0	0.844559993765222	31.0	0.11015999918676808
23245	ENSG00000148219	ASTN2	ASTN2	1.0	1.0	0.27871252062161117	33.0	0.012117935679200486
171023	ENSG00000171456	ASXL1	ASXL1	1.0	3.0	0.6806059267819109	33.0	0.08877468610198838
55252	ENSG00000143970	ASXL2	ASXL2	1.0	3.0	0.4015025208554536	32.0	0.052369894024624386
80816	ENSG00000141431	ASXL3	ASXL3	1.0	3.0	0.7379808618328924	40.0	0.09625837328255117
84896	ENSG00000138138	ATAD1	ATAD1	0.0	0.0	0.4138780387248419	32.0	0.0
29028	ENSG00000156802	ATAD2	ATAD2	0.0	0.0	0.49423616781633933	32.0	0.0
54454	ENSG00000119778	ATAD2B	ATAD2B	1.0	1.0	0.40196363276527397	32.0	0.017476679685446694
83858	ENSG00000160072	ATAD3B	ATAD3B	0.0	0.0	0.5538378111791047	33.0	0.0
85300	ENSG00000167654	ATCAY	ATCAY	1.0	2.0	0.6516493914842999	40.0	0.056665164476895645
1386	ENSG00000115966	ATF2	ATF2	1.0	2.0	0.5594654601471161	33.0	0.04864917044757531
468	ENSG00000128272	ATF4	ATF4	1.0	1.0	0.33510956948726023	34.0	0.014569981282054792
55729	ENSG00000171681	ATF7IP	ATF7IP	0.0	0.0	0.44071847609281556	52.0	0.0
80063	ENSG00000166669	ATF7IP2	ATF7IP2	1.0	8.0	0.7516750214585484	49.0	0.26145218137688636
83734	ENSG00000152348	ATG10	ATG10	1.0	3.0	0.6546097365715959	52.0	0.08538387868325165
60673	ENSG00000123395	ATG101	ATG101	1.0	3.0	0.5417366109700119	7.0	0.07066129708304503
9140	ENSG00000145782	ATG12	ATG12	1.0	2.0	0.556344304166494	40.0	0.048377765579695135
55054	ENSG00000281089	ATG16L1	ATG16L1	0.0	0.0	0.37784257055188436	52.0	0.0
115201	ENSG00000101844	ATG4A	ATG4A	0.0	0.0	0.35392878601737093	60.0	0.0
23192	ENSG00000168397	ATG4B	ATG4B	1.0	1.0	0.47680039289792936	31.0	0.020730451865127363
84938	ENSG00000125703	ATG4C	ATG4C	1.0	2.0	0.4317161197424843	32.0	0.037540532151520374
84971	ENSG00000130734	ATG4D	ATG4D	0.0	0.0	0.36433342957364667	32.0	0.0
9474	ENSG00000057663	ATG5	ATG5	0.0	0.0	0.45912656984713773	32.0	0.0
10533	ENSG00000197548	ATG7	ATG7	1.0	1.0	0.574321333758863	16.0	0.024970492772124476
79065	ENSG00000198925	ATG9A	ATG9A	1.0	2.0	0.5517063408895435	33.0	0.04797446442517769
25923	ENSG00000184743	ATL3	ATL3	0.0	0.0	0.3126661088042547	31.0	0.0
472	ENSG00000149311	ATM	ATM	1.0	1.0	0.41219620472652113	32.0	0.017921574118544396
1822	ENSG00000111676	ATN1	ATN1	1.0	3.0	0.6982926901095616	51.0	0.09108165523168195
220202	ENSG00000179774	ATOH7	ATOH7	1.0	10.0	0.8000572329836364	18.0	0.3478509708624506
475	ENSG00000177556	ATOX1	ATOX1	1.0	10.0	0.5634854623865141	52.0	0.24499367929848437
57194	ENSG00000206190	ATP10A	ATP10A	0.0	0.0	0.28880658688262445	32.0	0.0
23120	ENSG00000118322	ATP10B	ATP10B	0.0	0.0	0.29947259832765055	31.0	0.0
57205	ENSG00000145246	ATP10D	ATP10D	1.0	1.0	0.45564266337296305	33.0	0.019810550581433176
23250	ENSG00000068650	ATP11A	ATP11A	0.0	0.0	0.25052269638636265	34.0	0.0
286410	ENSG00000101974	ATP11C	ATP11C	1.0	1.0	0.333387254253466	53.0	0.01449509801102026
23400	ENSG00000159363	ATP13A2	ATP13A2	1.0	2.0	0.524498331225053	40.0	0.045608550541308954
79572	ENSG00000133657	ATP13A3	ATP13A3	0.0	0.0	0.45803564956950077	31.0	0.0
84239	ENSG00000127249	ATP13A4	ATP13A4	1.0	6.0	0.507749793172632	40.0	0.13245646778416487
476	ENSG00000163399	ATP1A1	ATP1A1	0.0	0.0	0.44283063775939546	32.0	0.0
480	ENSG00000132681	ATP1A4	ATP1A4	0.0	0.0	0.45286800026736496	32.0	0.0
481	ENSG00000143153	ATP1B1	ATP1B1	0.0	0.0	0.2929399606550032	32.0	0.0
482	ENSG00000129244	ATP1B2	ATP1B2	1.0	6.0	0.5431215537794825	1.0	0.1416838835946476
483	ENSG00000069849	ATP1B3	ATP1B3	0.0	0.0	0.3433113693130335	32.0	0.0
488	ENSG00000174437	ATP2A2	ATP2A2	0.0	0.0	0.4153872925091044	32.0	0.0
490	ENSG00000070961	ATP2B1	ATP2B1	0.0	0.0	0.3461348732999021	32.0	0.0
491	ENSG00000157087	ATP2B2	ATP2B2	0.0	0.0	0.47669775419247457	39.0	0.0
492	ENSG00000067842	ATP2B3	ATP2B3	0.0	0.0	0.3886468650019264	31.0	0.0
493	ENSG00000058668	ATP2B4	ATP2B4	1.0	11.0	0.6971536384516491	18.0	0.3334213053464409
9914	ENSG00000064270	ATP2C2	ATP2C2	1.0	3.0	0.5418039607214262	16.0	0.07067008183322951
495	ENSG00000105675	ATP4A	ATP4A	0.0	0.0	0.509096936667096	32.0	0.0
498	ENSG00000152234	ATP5F1A	ATP5F1A	0.0	0.0	0.423576039481263	32.0	0.0
506	ENSG00000110955	ATP5F1B	ATP5F1B	0.0	0.0	0.24826017677661574	32.0	0.0
521	ENSG00000169020	ATP5ME	ATP5ME	1.0	2.0	0.4727871784466395	49.0	0.04111192856057735
9556	ENSG00000156411	ATP5MJ	ATP5MPL	0.0	0.0	0.5957815589978895	32.0	0.0
522	ENSG00000154723	ATP5PF	ATP5PF	1.0	3.0	0.542349029628338	7.0	0.0707411777776093
27109	ENSG00000125375	DMAC2L	ATP5S	0.0	0.0	0.37229250496234906	53.0	0.0
537	ENSG00000071553	ATP6AP1	ATP6AP1	1.0	4.0	0.5750024046378966	33.0	0.10000041819789507
10159	ENSG00000182220	ATP6AP2	ATP6AP2	1.0	1.0	0.4734462909891526	52.0	0.02058462134735446
535	ENSG00000033627	ATP6V0A1	ATP6V0A1	1.0	2.0	0.6080274836779086	51.0	0.052871955102426836
50617	ENSG00000105929	ATP6V0A4	ATP6V0A4	1.0	10.0	0.6154720484698144	55.0	0.2675965428129628
527	ENSG00000185883	ATP6V0C	ATP6V0C	1.0	1.0	0.6243854946264613	40.0	0.027147195418541794
9114	ENSG00000159720	ATP6V0D1	ATP6V0D1	1.0	7.0	0.5531788455179499	8.0	0.16835877907068042
8992	ENSG00000113732	ATP6V0E1	ATP6V0E1	1.0	3.0	0.3770850654359353	33.0	0.04918500853512199
155066	ENSG00000171130	ATP6V0E2	ATP6V0E2	1.0	4.0	0.5444476402508749	31.0	0.09468654613058694
523	ENSG00000114573	ATP6V1A	ATP6V1A	1.0	2.0	0.5017386850804669	33.0	0.043629450876562344
528	ENSG00000155097	ATP6V1C1	ATP6V1C1	1.0	3.0	0.6855448101717878	18.0	0.08941888828327667
529	ENSG00000131100	ATP6V1E1	ATP6V1E1	1.0	5.0	0.5495918980251274	9.0	0.11947649957067988
9296	ENSG00000128524	ATP6V1F	ATP6V1F	1.0	3.0	0.5726486350588704	52.0	0.07469330022507005
534	ENSG00000226850	ATP6V1G2	ATP6V1G2	1.0	5.0	0.6363760234739333	31.0	0.13834261379868115
51606	ENSG00000047249	ATP6V1H	ATP6V1H	1.0	4.0	0.6522419128932093	31.0	0.11343337615534074
538	ENSG00000165240	ATP7A	ATP7A	0.0	0.0	0.318249663101861	32.0	0.0
540	ENSG00000123191	ATP7B	ATP7B	1.0	5.0	0.6909402484517062	42.0	0.15020440183732744
10396	ENSG00000124406	ATP8A1	ATP8A1	1.0	3.0	0.5705708129738264	53.0	0.0744222799531078
51761	ENSG00000132932	ATP8A2	ATP8A2	1.0	10.0	0.776414527376056	31.0	0.33757153364176345
57198	ENSG00000143515	ATP8B2	ATP8B2	1.0	2.0	0.6131815851938072	31.0	0.05332013784293975
10079	ENSG00000054793	ATP9A	ATP9A	1.0	4.0	0.6880726066391426	40.0	0.11966480115463349
374868	ENSG00000282266	ATP9B	ATP9B	1.0	7.0	0.7249766748867984	1.0	0.22064507496554736
64756	ENSG00000123472	ATPAF1	ATPAF1	0.0	0.0	0.32288997235113237	2.0	0.0
26033	ENSG00000107518	ATRNL1	ATRNL1	1.0	1.0	0.5149832419244068	52.0	0.022390575735843774
6310	ENSG00000124788	ATXN1	ATXN1	0.0	0.0	0.44856388301903377	32.0	0.0
342371	ENSG00000224470	ATXN1L	ATXN1L	0.0	0.0	0.5021310933170456	32.0	0.0
6311	ENSG00000204842	ATXN2	ATXN2	1.0	2.0	0.4655283806206224	33.0	0.04048072874961934
6314	ENSG00000163635	ATXN7	ATXN7	0.0	0.0	0.5081304634414742	3.0	0.0
222255	ENSG00000146776	ATXN7L1	ATXN7L1	0.0	0.0	0.48645084446022113	32.0	0.0
127002	ENSG00000162650	ATXN7L2	ATXN7L2	1.0	1.0	0.603057163585424	53.0	0.02621987667762713
56970	ENSG00000087152	ATXN7L3	ATXN7L3	1.0	3.0	0.5515921197135616	9.0	0.07194679822350804
552889	ENSG00000253719	ATXN7L3B	ATXN7L3B	1.0	3.0	0.5742983001807928	51.0	0.07490847393662514
79000	ENSG00000127423	AUNIP	AUNIP	1.0	2.0	0.6545197887538825	36.0	0.05691476423946804
54998	ENSG00000175756	AURKAIP1	AURKAIP1	1.0	3.0	0.47070516699002807	51.0	0.06139632612913409
26053	ENSG00000158321	AUTS2	AUTS2	1.0	4.0	0.562757117915177	42.0	0.09787080311568296
10677	ENSG00000135407	AVIL	AVIL	1.0	6.0	0.6041320852223281	52.0	0.1575996744058247
60370	ENSG00000119986	AVPI1	AVPI1	0.0	0.0	0.3391420515148649	18.0	0.0
558	ENSG00000167601	AXL	AXL	1.0	7.0	0.47300334074852873	33.0	0.14395753848868267
563	ENSG00000160862	AZGP1	AZGP1	0.0	0.0	0.24826347891818723	49.0	0.0
64343	ENSG00000163512	AZI2	AZI2	0.0	0.0	0.43466478364793987	32.0	0.0
51582	ENSG00000155096	AZIN1	AZIN1	1.0	10.0	0.7107873801560237	53.0	0.30903799137218424
567	ENSG00000166710	B2M	B2M	0.0	0.0	0.311014217140141	31.0	0.0
8706	ENSG00000169255	B3GALNT1	B3GALNT1	1.0	7.0	0.6910702918997841	18.0	0.21032574101297777
148789	ENSG00000162885	B3GALNT2	B3GALNT2	0.0	0.0	0.4356931929102007	32.0	0.0
8708	ENSG00000172318	B3GALT1	B3GALT1	0.0	0.0	0.4757874200209161	40.0	0.0
8707	ENSG00000162630	B3GALT2	B3GALT2	1.0	1.0	0.5416989660529979	40.0	0.023552128958825996
114041	ENSG00000184809	B3GALT5-AS1	B3GALT5-AS1	1.0	2.0	0.33402631583896186	33.0	0.029045766594692334
126792	ENSG00000176022	B3GALT6	B3GALT6	1.0	10.0	0.7223028871315782	41.0	0.31404473353546875
27087	ENSG00000109956	B3GAT1	B3GAT1	1.0	7.0	0.8168998088118418	33.0	0.24862168094273446
135152	ENSG00000112309	B3GAT2	B3GAT2	1.0	1.0	0.4864043530454603	32.0	0.02114801534980262
145173	ENSG00000187676	B3GLCT	B3GLCT	1.0	1.0	0.43099415326752927	52.0	0.01873887622902301
10678	ENSG00000170340	B3GNT2	B3GNT2	1.0	2.0	0.5667635304917926	1.0	0.04928378526015588
79369	ENSG00000176383	B3GNT4	B3GNT4	1.0	9.0	0.7831985775281751	31.0	0.3064690085979816
84002	ENSG00000176597	B3GNT5	B3GNT5	1.0	6.0	0.45971282108480943	1.0	0.11992508376125463
84752	ENSG00000237172	B3GNT9	B3GNT9	1.0	3.0	0.48977765749111	2.0	0.06388404228144913
2583	ENSG00000135454	B4GALNT1	B4GALNT1	1.0	3.0	0.6185255756664603	52.0	0.08067724899997307
8704	ENSG00000117411	B4GALT2	B4GALT2	1.0	7.0	0.644511793260206	41.0	0.19615576316614966
8703	ENSG00000158850	B4GALT3	B4GALT3	1.0	6.0	0.7658224947905516	33.0	0.19977978124970913
9334	ENSG00000158470	B4GALT5	B4GALT5	1.0	4.0	0.6515844506987994	51.0	0.11331903490413903
9331	ENSG00000118276	B4GALT6	B4GALT6	0.0	0.0	0.32335728049906665	31.0	0.0
27077	ENSG00000108641	B9D1	B9D1	1.0	12.0	0.7758469776881122	32.0	0.4047897274894498
29086	ENSG00000105393	BABAM1	BABAM1	1.0	7.0	0.6220676422764083	51.0	0.18932493460586342
9577	ENSG00000158019	BABAM2	BABAM2	1.0	7.0	0.6277084693292546	18.0	0.19104170805672968
23621	ENSG00000186318	BACE1	BACE1	1.0	1.0	0.28273413642240486	33.0	0.012292788540104559
25825	ENSG00000182240	BACE2	BACE2	1.0	1.0	0.3359467990122274	18.0	0.014606382565749016
60468	ENSG00000112182	BACH2	BACH2	0.0	0.0	0.6962294213184043	32.0	0.0
572	ENSG00000002330	BAD	BAD	1.0	4.0	0.5887678914615679	33.0	0.10239441590635964
573	ENSG00000107262	BAG1	BAG1	1.0	1.0	0.326370009912536	36.0	0.014190000430979826
9531	ENSG00000151929	BAG3	BAG3	1.0	4.0	0.4889896418868703	40.0	0.08504167684989047
9529	ENSG00000166170	BAG5	BAG5	0.0	0.0	0.4261868624580487	32.0	0.0
7917	ENSG00000227761	BAG6	BAG6	1.0	3.0	0.5934135291849356	8.0	0.07740176467629595
10458	ENSG00000175866	BAIAP2	BAIAP2	1.0	7.0	0.7119017437660117	52.0	0.21666574810269923
80115	ENSG00000128298	BAIAP2L2	BAIAP2L2	1.0	1.0	0.5431957171460452	33.0	0.023617205093306313
8938	ENSG00000007516	BAIAP3	BAIAP3	1.0	9.0	0.6321734658313819	18.0	0.24737222576010598
54971	ENSG00000172530	BANP	BANP	1.0	3.0	0.47190340931640296	33.0	0.06155261860648734
8314	ENSG00000163930	BAP1	BAP1	1.0	3.0	0.5718604108229496	8.0	0.07459048836821082
580	ENSG00000138376	BARD1	BARD1	1.0	6.0	0.6391458071944087	52.0	0.166733688833324
10409	ENSG00000176788	BASP1	BASP1	1.0	4.0	0.6413596764291546	40.0	0.11154081329202688
285696	ENSG00000215196	BASP1-AS1	BASP1-AS1	1.0	2.0	0.5502928630247546	33.0	0.04785155330650039
55509	ENSG00000123685	BATF3	BATF3	1.0	6.0	0.6955273358168482	39.0	0.1814419136913517
11177	ENSG00000198604	BAZ1A	BAZ1A	1.0	2.0	0.39280909344363246	36.0	0.03415731247335935
27113	ENSG00000105327	BBC3	BBC3	1.0	4.0	0.7464530068557544	33.0	0.12981791423578337
582	ENSG00000174483	BBS1	BBS1	0.0	0.0	0.5941333492205797	32.0	0.0
55212	ENSG00000138686	BBS7	BBS7	1.0	1.0	0.4025266028601633	31.0	0.017501156646094057
27241	ENSG00000122507	BBS9	BBS9	1.0	1.0	0.3327739505785238	32.0	0.014468432633848862
56987	ENSG00000114439	BBX	BBX	0.0	0.0	0.3040872196503217	32.0	0.0
63827	ENSG00000132692	BCAN	BCAN	1.0	5.0	0.5180036409635222	5.0	0.1126094871659831
8412	ENSG00000137936	BCAR3	BCAR3	1.0	4.0	0.5385386777764849	31.0	0.09365890048286693
8537	ENSG00000064787	BCAS1	BCAS1	0.0	0.0	0.33009465681298683	59.0	0.0
10286	ENSG00000116752	BCAS2	BCAS2	1.0	6.0	0.612976864888488	33.0	0.15990700823177947
54828	ENSG00000141376	BCAS3	BCAS3	1.0	1.0	0.5351179625354834	33.0	0.023265998371107974
55653	ENSG00000124243	BCAS4	BCAS4	0.0	0.0	0.5314167708094176	32.0	0.0
586	ENSG00000060982	BCAT1	BCAT1	0.0	0.0	0.16390812753132733	36.0	0.0
56647	ENSG00000107949	BCCIP	BCCIP	1.0	1.0	0.5269694846010059	40.0	0.022911716721782865
590	ENSG00000114200	BCHE	BCHE	1.0	3.0	0.49386194736283273	33.0	0.06441677574297817
593	ENSG00000248098	BCKDHA	BCKDHA	1.0	3.0	0.49469787858000236	8.0	0.06452581024956552
10295	ENSG00000103507	BCKDK	BCKDK	1.0	5.0	0.5547972203374747	54.0	0.12060809137771189
8915	ENSG00000142867	BCL10	BCL10	0.0	0.0	0.445445221237565	32.0	0.0
53335	ENSG00000119866	BCL11A	BCL11A	1.0	4.0	0.677456364037194	36.0	0.11781849809342504
64919	ENSG00000127152	BCL11B	BCL11B	0.0	0.0	0.2771522435873387	32.0	0.0
596	ENSG00000171791	BCL2	BCL2	1.0	6.0	0.6614808515380847	31.0	0.1725602221403699
599	ENSG00000129473	BCL2L2	BCL2L2	1.0	1.0	0.5088484187872024	33.0	0.022123844295095757
602	ENSG00000069399	BCL3	BCL3	0.0	0.0	0.34070973442323443	31.0	0.0
605	ENSG00000110987	BCL7A	BCL7A	1.0	1.0	0.7581342973159945	33.0	0.032962360752869325
9274	ENSG00000099385	BCL7C	BCL7C	1.0	3.0	0.42924017863776714	4.0	0.055987849387534844
607	ENSG00000116128	BCL9	BCL9	1.0	3.0	0.6202908237489981	55.0	0.08090749874986931
9774	ENSG00000029363	BCLAF1	BCLAF1	1.0	1.0	0.6171303760216891	33.0	0.026831755479203873
256643	ENSG00000173681	BCLAF3	BCLAF3	1.0	10.0	0.5938974963839526	53.0	0.25821630277563157
83875	ENSG00000197580	BCO2	BCO2	0.0	0.0	0.2938592164980192	31.0	0.0
54880	ENSG00000183337	BCOR	BCOR	1.0	2.0	0.6453781037578338	60.0	0.05611983510937685
613	ENSG00000186716	BCR	BCR	1.0	6.0	0.7044180047509169	33.0	0.18376121863067396
400892	ENSG00000291044	BCRP2	BCRP2	1.0	8.0	0.7404240281830476	52.0	0.2575387924114948
622	ENSG00000161267	BDH1	BDH1	1.0	1.0	0.5000590646186401	32.0	0.021741698461680007
56898	ENSG00000164039	BDH2	BDH2	1.0	2.0	0.3955853540585945	32.0	0.034398726439877784
624	ENSG00000168398	BDKRB2	BDKRB2	1.0	4.0	0.7534452812329157	53.0	0.13103396195355055
627	ENSG00000176697	BDNF	BDNF	1.0	8.0	0.7943485542708577	18.0	0.27629514931160265
497258	ENSG00000245573	BDNF-AS	BDNF-AS	1.0	3.0	0.47376106634427756	31.0	0.06179492169707968
146227	ENSG00000166546	BEAN1	BEAN1	1.0	4.0	0.6541641259801972	40.0	0.11376767408351256
8678	ENSG00000126581	BECN1	BECN1	1.0	2.0	0.535382775171776	2.0	0.04655502392798052
57596	ENSG00000183092	BEGAIN	BEGAIN	1.0	8.0	0.7919304840703709	31.0	0.2754540814157812
79656	ENSG00000162373	BEND5	BEND5	0.0	0.0	0.5402997630683644	3.0	0.0
221336	ENSG00000151917	BEND6	BEND6	0.0	0.0	0.3117822958842504	39.0	0.0
222389	ENSG00000165626	BEND7	BEND7	1.0	1.0	0.45837475988427	42.0	0.01992933738627261
7439	ENSG00000167995	BEST1	BEST1	1.0	3.0	0.451588221420819	52.0	0.058902811489672045
55859	ENSG00000133169	BEX1	BEX1	1.0	7.0	0.7884315541838968	51.0	0.23995742953422947
84707	ENSG00000133134	BEX2	BEX2	1.0	8.0	0.7743519373881904	33.0	0.2693398043089358
27018	ENSG00000166681	BEX3	BEX3	1.0	6.0	0.7183502680371214	33.0	0.18739572209664038
340542	ENSG00000291824	BEX5	BEX5	1.0	2.0	0.5797666686141771	7.0	0.050414492922971926
631	ENSG00000125864	BFSP1	BFSP1	1.0	11.0	0.7874340715074076	49.0	0.37659890376441235
27319	ENSG00000180828	BHLHE22	BHLHE22	1.0	3.0	0.7596591190022308	35.0	0.09908597204376923
128408	ENSG00000125533	BHLHE23	BHLHE23	0.0	0.0	0.39901182511495914	49.0	0.0
8553	ENSG00000134107	BHLHE40	BHLHE40	1.0	1.0	0.3385933877957099	31.0	0.014721451643291734
79365	ENSG00000123095	BHLHE41	BHLHE41	0.0	0.0	0.258979663769069	32.0	0.0
23743	ENSG00000132840	BHMT2	BHMT2	1.0	2.0	0.4135448241783137	52.0	0.0359604194937664
80114	ENSG00000122870	BICC1	BICC1	1.0	2.0	0.5923535847458412	33.0	0.05150900736920358
636	ENSG00000151746	BICD1	BICD1	0.0	0.0	0.4621535706395668	32.0	0.0
23299	ENSG00000185963	BICD2	BICD2	1.0	1.0	0.5498423922385699	3.0	0.023906190966894343
92558	ENSG00000135127	BICDL1	BICDL1	1.0	3.0	0.8277794371066782	54.0	0.10797123092695803
146439	ENSG00000162069	BICDL2	BICDL2	1.0	1.0	0.3864333617954226	5.0	0.01680145051284446
23506	ENSG00000112624	BICRAL	BICRAL	0.0	0.0	0.5351525587570571	32.0	0.0
637	ENSG00000015475	BID	BID	1.0	1.0	0.43963709199244866	32.0	0.019114656173584724
55909	ENSG00000147439	BIN3	BIN3	0.0	0.0	0.6666025755041464	52.0	0.0
330	ENSG00000023445	BIRC3	BIRC3	1.0	16.0	0.804236332179672	32.0	0.5594687528206415
641	ENSG00000197299	BLM	BLM	1.0	7.0	0.6012839595819593	49.0	0.18299946595972677
642	ENSG00000108578	BLMH	BLMH	1.0	1.0	0.48519822475728036	32.0	0.02109557498944697
29760	ENSG00000095585	BLNK	BLNK	1.0	5.0	0.5177592696447413	33.0	0.1125563629662481
282991	ENSG00000196072	BLOC1S2	BLOC1S2	1.0	3.0	0.5364098141913382	31.0	0.06996649750321801
644	ENSG00000106605	BLVRA	BLVRA	0.0	0.0	0.44764204540382574	33.0	0.0
8548	ENSG00000117475	BLZF1	BLZF1	0.0	0.0	0.3284696474517576	32.0	0.0
55589	ENSG00000138756	BMP2K	BMP2K	1.0	2.0	0.5280208041390725	33.0	0.04591485253383239
654	ENSG00000153162	BMP6	BMP6	0.0	0.0	0.3045882979334927	49.0	0.0
655	ENSG00000101144	BMP7	BMP7	1.0	2.0	0.41799482969176466	33.0	0.03634737649493606
656	ENSG00000116985	BMP8B	BMP8B	1.0	7.0	0.6304293641299377	33.0	0.19186980647432886
168667	ENSG00000164619	BMPER	BMPER	0.0	0.0	0.5320668031513391	32.0	0.0
657	ENSG00000107779	BMPR1A	BMPR1A	0.0	0.0	0.4821582054462565	32.0	0.0
658	ENSG00000138696	BMPR1B	BMPR1B	1.0	5.0	0.4865244767101885	33.0	0.10576619058917142
101929959	ENSG00000289843	BMS1P14	BMS1P14	1.0	3.0	0.6455699095525944	31.0	0.08420477081120796
729096	ENSG00000271816	BMS1P4	BMS1P4	0.0	0.0	0.4066441144945222	53.0	0.0
663	ENSG00000140299	BNIP2	BNIP2	1.0	4.0	0.4446607996991766	33.0	0.07733231299116114
664	ENSG00000176171	BNIP3	BNIP3	1.0	2.0	0.43395224343628785	33.0	0.037734977690111984
259282	ENSG00000038219	BOD1L1	BOD1L1	0.0	0.0	0.50386385230957	32.0	0.0
100507171	ENSG00000225439	BOLA3-DT	BOLA3-AS1	1.0	1.0	0.38825658299137783	32.0	0.016880720999625124
119032	ENSG00000166275	BORCS7	BORCS7	1.0	12.0	0.799191637566074	18.0	0.4169695500344734
670	ENSG00000137274	BPHL	BPHL	1.0	7.0	0.7208919746028007	9.0	0.2194019053138959
673	ENSG00000157764	BRAF	BRAF	0.0	0.0	0.3596061032010352	31.0	0.0
8315	ENSG00000089234	BRAP	BRAP	1.0	1.0	0.3415713953526106	53.0	0.0148509302327222
672	ENSG00000012048	BRCA1	BRCA1	0.0	0.0	0.19367428927893748	32.0	0.0
79184	ENSG00000185515	BRCC3	BRCC3	1.0	3.0	0.6695453860758929	33.0	0.08733200687946428
6046	ENSG00000215077	BRD2	BRD2	1.0	1.0	0.4107851889966644	1.0	0.017860225608550623
10902	ENSG00000112983	BRD8	BRD8	1.0	2.0	0.6221816281396818	33.0	0.05410275027301581
55290	ENSG00000104221	BRF2	BRF2	1.0	7.0	0.6168014277206734	33.0	0.187722173654118
25798	ENSG00000164713	BRI3	BRI3	1.0	6.0	0.46797107828029144	52.0	0.12207941172529342
283870	ENSG00000182685	BRICD5	BRICD5	0.0	0.0	0.6101217506133365	52.0	0.0
1620	ENSG00000078725	BRINP1	BRINP1	0.0	0.0	0.598020021937851	31.0	0.0
57795	ENSG00000198797	BRINP2	BRINP2	1.0	2.0	0.656038717960503	36.0	0.05704684504004373
339479	ENSG00000162670	BRINP3	BRINP3	1.0	9.0	0.7395438315509573	49.0	0.28938671669385285
55845	ENSG00000254999	BRK1	BRK1	1.0	3.0	0.6160864717172088	33.0	0.08035910500659245
25855	ENSG00000174744	BRMS1	BRMS1	1.0	1.0	0.3494739419465526	53.0	0.015194519215067506
84312	ENSG00000100916	BRMS1L	BRMS1L	1.0	5.0	0.7030091797508223	52.0	0.1528280825545266
148362	ENSG00000162819	BROX	BROX	1.0	2.0	0.4500596467366742	33.0	0.03913562145536297
27154	ENSG00000096070	BRPF3	BRPF3	1.0	3.0	0.6306003278952196	40.0	0.08225221668198517
84446	ENSG00000160469	BRSK1	BRSK1	1.0	1.0	0.6186465952252408	2.0	0.026897678053271337
9024	ENSG00000174672	BRSK2	BRSK2	1.0	2.0	0.6996910158543662	31.0	0.06084269703081445
54014	ENSG00000185658	BRWD1	BRWD1	1.0	6.0	0.7214610149941152	18.0	0.18820722130281264
254065	ENSG00000165288	BRWD3	BRWD3	0.0	0.0	0.5262963175341595	32.0	0.0
55108	ENSG00000160058	BSDC1	BSDC1	1.0	1.0	0.69360296812085	52.0	0.030156650787863042
8927	ENSG00000164061	BSN	BSN	1.0	7.0	0.7720374377211713	49.0	0.23496791582818258
54836	ENSG00000119411	BSPRY	BSPRY	1.0	3.0	0.35911760951184646	32.0	0.04684142732763215
53339	ENSG00000064726	BTBD1	BTBD1	1.0	2.0	0.5460013551694719	33.0	0.04747837871038886
84280	ENSG00000148925	BTBD10	BTBD10	1.0	3.0	0.5902928452747506	7.0	0.0769947189488805
121551	ENSG00000151136	ABTB3	BTBD11	1.0	2.0	0.3835262349343541	39.0	0.03335010738559601
22903	ENSG00000132640	BTBD3	BTBD3	1.0	1.0	0.4873007765156704	36.0	0.021186990283290016
90135	ENSG00000184887	BTBD6	BTBD6	1.0	3.0	0.6690963729846906	33.0	0.08727343995452486
114781	ENSG00000183826	BTBD9	BTBD9	1.0	8.0	0.7704758574375911	18.0	0.2679916025869882
685	ENSG00000174808	BTC	BTC	1.0	7.0	0.686878835911381	53.0	0.20905008049476814
694	ENSG00000133639	BTG1	BTG1	1.0	2.0	0.6140554025756984	59.0	0.053396121963104205
10950	ENSG00000154640	BTG3	BTG3	1.0	8.0	0.6761380588789228	52.0	0.235178455262234
11120	ENSG00000292170	BTN2A1	BTN2A1	0.0	0.0	0.3818061047859245	32.0	0.0
10385	ENSG00000124508	BTN2A2	BTN2A2	0.0	0.0	0.3665443662493419	32.0	0.0
11119	ENSG00000026950	BTN3A1	BTN3A1	1.0	1.0	0.4401571972862801	32.0	0.019137269447229568
11118	ENSG00000186470	BTN3A2	BTN3A2	1.0	2.0	0.362518339579936	33.0	0.03152333387651617
153579	ENSG00000165810	BTNL9	BTNL9	1.0	2.0	0.44295427219550343	40.0	0.038517762799608994
9184	ENSG00000154473	BUB3	BUB3	1.0	2.0	0.40182533810305215	52.0	0.03494133374809149
84811	ENSG00000137656	BUD13	BUD13	0.0	0.0	0.4189159803549713	19.0	0.0
28969	ENSG00000136261	BZW2	BZW2	1.0	2.0	0.6164101494916222	32.0	0.05360088256448889
414152	ENSG00000214688	C10orf105	C10orf105	1.0	2.0	0.4809350423894796	40.0	0.0418204384686504
118611	ENSG00000154493	C10orf90	C10orf90	0.0	0.0	0.31093048571191584	49.0	0.0
64776	ENSG00000137720	CFAP68	C11orf1	1.0	13.0	0.5725657483313796	49.0	0.3236241186220841
10944	ENSG00000110696	C11orf58	C11orf58	1.0	5.0	0.8085759813835399	32.0	0.17577738725729128
160140	ENSG00000166323	C11orf65	C11orf65	1.0	2.0	0.4456838243116427	33.0	0.038755115157534145
83638	ENSG00000175573	C11orf68	C11orf68	1.0	1.0	0.5487706313225708	33.0	0.023859592666198727
54494	ENSG00000180425	C11orf71	C11orf71	1.0	3.0	0.5313683831415786	52.0	0.0693089195402059
119710	ENSG00000166352	IFTAP	C11orf74	1.0	4.0	0.47623016836366383	33.0	0.08282263797628936
79703	ENSG00000173715	TOP6BL	C11orf80	1.0	4.0	0.7481786998872234	40.0	0.13011803476299538
399947	ENSG00000185742	C11orf87	C11orf87	1.0	2.0	0.5664254866137289	32.0	0.049254390140324254
65998	ENSG00000188070	ZFTA	C11orf95	1.0	7.0	0.7852959918717457	33.0	0.2390031279609661
643037	ENSG00000257057	C11orf97	C11orf97	1.0	7.0	0.6663147474868135	32.0	0.2027914448872911
91298	ENSG00000133641	RLIG1	C12orf29	1.0	1.0	0.4625155827835736	33.0	0.0201093731645032
57102	ENSG00000047621	FERRY3	C12orf4	1.0	3.0	0.7042602561557734	33.0	0.0918600334116226
64897	ENSG00000157895	C12orf43	C12orf43	1.0	2.0	0.5667907334560858	51.0	0.049286150735311805
121053	ENSG00000151131	NOPCHAP1	C12orf45	1.0	5.0	0.5979660003554518	40.0	0.1299926087729243
79794	ENSG00000111412	SPRING1	C12orf49	0.0	0.0	0.2182911372284759	32.0	0.0
121273	ENSG00000177627	C12orf54	C12orf54	0.0	0.0	0.4045784143362078	32.0	0.0
144608	ENSG00000182993	C12orf60	C12orf60	1.0	3.0	0.3856842679820457	49.0	0.05030664364983205
144577	ENSG00000174206	KICS2	C12orf66	1.0	1.0	0.49312162183387864	52.0	0.021440070514516463
387882	ENSG00000235162	C12orf75	C12orf75	1.0	3.0	0.5535489343145253	40.0	0.07220203491059025
400073	ENSG00000174456	C12orf76	C12orf76	1.0	4.0	0.46368359919295904	40.0	0.08064062594660157
56967	ENSG00000227051	C14orf132	C14orf132	1.0	13.0	0.8534553294077277	31.0	0.4823877948826287
283598	ENSG00000176605	LINC02914	C14orf177	0.0	0.0	0.25451819931251807	53.0	0.0
84529	ENSG00000186073	CDIN1	C15orf41	1.0	1.0	0.4184998557432729	53.0	0.01819564590188143
388135	ENSG00000205363	INSYN1	C15orf59	1.0	1.0	0.5965604209106784	44.0	0.025937409604812105
145853	ENSG00000189227	C15orf61	C15orf61	1.0	2.0	0.6587528553663929	32.0	0.057282856988381994
89927	ENSG00000166780	BMERB1	C16orf45	1.0	2.0	0.5905665587243067	16.0	0.05135361380211363
64755	ENSG00000140688	RUSF1	C16orf58	1.0	6.0	0.7336223259930293	52.0	0.19137973721557286
80262	ENSG00000125149	PHAF1	C16orf70	1.0	4.0	0.687294771815432	41.0	0.1195295255331186
404550	ENSG00000154102	CLMB	C16orf74	1.0	4.0	0.5586277984703392	40.0	0.09715266060353725
388284	ENSG00000159761	C16orf86	C16orf86	0.0	0.0	0.5384027412582009	31.0	0.0
388272	ENSG00000155330	HDIP1	C16orf87	1.0	3.0	0.7515242685656279	33.0	0.09802490459551669
283951	ENSG00000174109	UQCC4	C16orf91	1.0	3.0	0.5699662945928534	33.0	0.07434342972950261
100506581	ENSG00000260456	C16orf95	C16orf95	1.0	3.0	0.5242753562655305	49.0	0.06838374212159093
388327	ENSG00000256806	C17orf100	C17orf100	1.0	4.0	0.6215687372094442	16.0	0.10809891081903376
339263	ENSG00000212719	LINC02693	C17orf51	1.0	12.0	0.8038233801346214	52.0	0.4193861113745851
284018	ENSG00000186665	C17orf58	C17orf58	1.0	3.0	0.7186411732201932	33.0	0.09373580520263389
64149	ENSG00000108666	C17orf75	C17orf75	0.0	0.0	0.30935772315621174	32.0	0.0
400566	ENSG00000283985	LIAT1	C17orf97	1.0	2.0	0.45306630047864355	53.0	0.039397069606838565
147339	ENSG00000152242	ARK2N	C18orf25	0.0	0.0	0.3697386540061553	53.0	0.0
83636	ENSG00000131943	C19orf12	C19orf12	1.0	3.0	0.725275873803625	31.0	0.09460120093090761
147685	ENSG00000177025	C19orf18	C19orf18	1.0	1.0	0.3836966801299277	32.0	0.016682464353475118
55009	ENSG00000310576	FAM174C	C19orf24	0.0	0.0	0.37943887856461733	32.0	0.0
148223	ENSG00000119559	C19orf25	C19orf25	0.0	0.0	0.43939799853742717	32.0	0.0
64073	ENSG00000167644	C19orf33	C19orf33	1.0	1.0	0.31356780763888276	53.0	0.013633382940820988
28974	ENSG00000104979	C19orf53	C19orf53	1.0	1.0	0.45415170649463554	3.0	0.01974572636933198
79173	ENSG00000288152	BRME1	C19orf57	1.0	4.0	0.7320182153138397	33.0	0.12730751570675472
10438	ENSG00000197223	C1D	C1D	1.0	3.0	0.5963213974936041	33.0	0.07778105184699184
56913	ENSG00000106392	C1GALT1	C1GALT1	1.0	2.0	0.3211396456085365	32.0	0.027925186574655345
712	ENSG00000173372	C1QA	C1QA	1.0	12.0	0.5432842359279073	33.0	0.28345264483195165
713	ENSG00000173369	C1QB	C1QB	1.0	5.0	0.5076396709746004	33.0	0.11035645021186964
714	ENSG00000159189	C1QC	C1QC	1.0	4.0	0.5306493790762954	40.0	0.09228684853500789
10882	ENSG00000131094	C1QL1	C1QL1	1.0	10.0	0.6633457225524843	18.0	0.2884111837184714
165257	ENSG00000144119	C1QL2	C1QL2	1.0	3.0	0.6475269130897516	49.0	0.08446003214214151
389941	ENSG00000165985	C1QL3	C1QL3	1.0	8.0	0.6606897563339267	2.0	0.22980513263788754
114899	ENSG00000082196	C1QTNF3	C1QTNF3	1.0	5.0	0.5075098402165698	31.0	0.1103282261340369
715	ENSG00000288512	C1R	C1R	1.0	12.0	0.7292625138386529	52.0	0.3804847898288624
51279	ENSG00000139178	C1RL	C1RL	1.0	1.0	0.4800633136687473	39.0	0.02087231798559771
716	ENSG00000182326	C1S	C1S	1.0	7.0	0.5719869259590271	55.0	0.17408297746579088
79762	ENSG00000162817	C1orf115	C1orf115	1.0	3.0	0.7466706893238436	9.0	0.09739182904224047
127003	ENSG00000179902	CFAP276	C1orf194	1.0	8.0	0.7612037926497659	31.0	0.2647665365738316
84886	ENSG00000119280	C1orf198	C1orf198	1.0	2.0	0.3045607897446138	53.0	0.026483546934314244
81563	ENSG00000116667	C1orf21	C1orf21	1.0	7.0	0.6738150270429827	8.0	0.20507413866525562
127703	ENSG00000142686	C1orf216	C1orf216	1.0	4.0	0.6571642750485359	54.0	0.1142894391388758
400793	ENSG00000239887	C1orf226	C1orf226	1.0	6.0	0.6964977621404461	16.0	0.1816950683844642
79078	ENSG00000164008	C1orf50	C1orf50	1.0	5.0	0.5818847093074218	31.0	0.12649667593639602
79630	ENSG00000118292	C1orf54	C1orf54	0.0	0.0	0.4100813467300635	40.0	0.0
10485	ENSG00000125462	MIR9-1HG	C1orf61	1.0	6.0	0.5488237624505791	53.0	0.1431714162914554
148304	ENSG00000162757	C1orf74	C1orf74	1.0	3.0	0.5559865161879285	33.0	0.07251998037233849
149840	ENSG00000171984	SHLD1	C20orf196	1.0	1.0	0.5109957659759837	33.0	0.022217207216347117
54976	ENSG00000101220	ADISSP	C20orf27	1.0	4.0	0.5067759387302843	49.0	0.08813494586613639
140680	ENSG00000196476	C20orf96	C20orf96	1.0	1.0	0.4349283766012964	53.0	0.01890992941744767
8209	ENSG00000160221	GATD3	C21orf33	0.0	0.0	0.24521005863660378	10.0	0.0
25966	ENSG00000157617	C2CD2	C2CD2	0.0	0.0	0.1019907174113284	32.0	0.0
9854	ENSG00000172375	C2CD2L	C2CD2L	1.0	8.0	0.7090711015887461	49.0	0.24663342663956386
126567	ENSG00000183186	C2CD4C	C2CD4C	1.0	4.0	0.7001685812949076	18.0	0.12176844892085348
9847	ENSG00000111731	C2CD5	C2CD5	1.0	2.0	0.6556024361348686	51.0	0.05700890748998857
151254	ENSG00000155754	CATSPERT	C2CD6	0.0	0.0	0.403370191328207	31.0	0.0
29798	ENSG00000290517	LINC03124	C2orf27A	1.0	1.0	0.46052087838164774	32.0	0.020022646886158596
84417	ENSG00000119147	ECRG4	C2orf40	0.0	0.0	0.2728551987279179	49.0	0.0
79074	ENSG00000135974	TSLIG2	C2orf49	1.0	1.0	0.44976254802185955	55.0	0.019554893392254764
205327	ENSG00000178074	C2orf69	C2orf69	1.0	7.0	0.6993791229650966	49.0	0.21285451568502942
129852	ENSG00000177994	CIMIP6	C2orf73	1.0	11.0	0.6386292848387524	52.0	0.3054313970967946
389073	ENSG00000188674	C2orf80	C2orf80	1.0	9.0	0.7284587545418366	18.0	0.285049077864197
718	ENSG00000125730	C3	C3	1.0	6.0	0.4467362360074902	2.0	0.11653988765412787
57415	ENSG00000114405	CEP15	C3orf14	1.0	8.0	0.6298347433616451	49.0	0.21907295421274614
51161	ENSG00000088543	C3orf18	C3orf18	0.0	0.0	0.2321608084469782	32.0	0.0
285237	ENSG00000179021	C3orf38	C3orf38	0.0	0.0	0.4774597507742425	32.0	0.0
205428	ENSG00000181744	DIPK2A	C3orf58	0.0	0.0	0.46555233536678703	32.0	0.0
285382	ENSG00000187068	C3orf70	C3orf70	1.0	7.0	0.5548562054609611	33.0	0.16886927992290124
401097	ENSG00000180044	C3orf80	C3orf80	1.0	1.0	0.5747097137646675	3.0	0.02498737885933337
401152	ENSG00000164096	ARLN	C4orf3	0.0	0.0	0.35724592520941334	53.0	0.0
132321	ENSG00000151470	C4orf33	C4orf33	0.0	0.0	0.27617437138415274	31.0	0.0
401115	ENSG00000243449	NICOL1	C4orf48	1.0	1.0	0.38171938476989586	60.0	0.01659649498999547
134553	ENSG00000181904	C5orf24	C5orf24	0.0	0.0	0.4798283012453833	32.0	0.0
90355	ENSG00000181751	MACIR	C5orf30	1.0	5.0	0.6705918440923334	33.0	0.1457808356722464
65250	ENSG00000197603	CPLANE1	C5orf42	1.0	2.0	0.7527932573676405	40.0	0.06546028324936004
134121	ENSG00000215217	CFAP90	C5orf49	1.0	6.0	0.5895819889396615	55.0	0.1538039971146943
64771	ENSG00000196821	ILRUN	C6orf106	0.0	0.0	0.34037065065775207	32.0	0.0
168090	ENSG00000112539	C6orf118	C6orf118	1.0	5.0	0.6288184935815954	55.0	0.13669967251773812
387263	ENSG00000185127	C6orf120	C6orf120	1.0	1.0	0.5921120352007744	32.0	0.02574400153046845
221545	ENSG00000204564	C6orf136	C6orf136	0.0	0.0	0.34594829310348385	32.0	0.0
57827	ENSG00000203623	C6orf47	C6orf47	0.0	0.0	0.3478803569013177	31.0	0.0
347744	ENSG00000137434	C6orf52	C6orf52	1.0	8.0	0.6210122524902799	55.0	0.21600426173574952
81688	ENSG00000112308	C6orf62	C6orf62	1.0	2.0	0.34046292892499425	58.0	0.02960547208043428
221477	ENSG00000198663	C6orf89	C6orf89	0.0	0.0	0.44422206219557303	32.0	0.0
100506380	ENSG00000182648	RNF32-DT	C7orf13	1.0	3.0	0.5633411425406066	53.0	0.07347927946181826
84310	ENSG00000146540	CHLSN	C7orf50	1.0	6.0	0.6926097612666499	31.0	0.18068080728695213
116328	ENSG00000165084	C8orf34	C8orf34	1.0	3.0	0.6763032068040151	40.0	0.08821346175704545
56260	ENSG00000288596	C8orf44	C8orf44	1.0	6.0	0.7497952790044279	53.0	0.1955987684359377
254778	ENSG00000169085	VXN	C8orf46	1.0	6.0	0.6047535496017644	40.0	0.15776179554828637
414919	ENSG00000213563	C8orf82	C8orf82	0.0	0.0	0.4060078463250279	32.0	0.0
138162	ENSG00000160345	PIERCE1	C9orf116	1.0	1.0	0.42232983255950396	40.0	0.018362166633021912
79095	ENSG00000171159	BBLN	C9orf16	1.0	7.0	0.7383351138666447	52.0	0.22471068682897885
84688	ENSG00000164972	SPMIP6	C9orf24	0.0	0.0	0.3488946308365199	36.0	0.0
84909	ENSG00000148120	AOPEP	C9orf3	0.0	0.0	0.35119448602170994	10.0	0.0
55071	ENSG00000135045	C9orf40	C9orf40	1.0	5.0	0.7045524603100651	33.0	0.153163578328275
203228	ENSG00000147894	C9orf72	C9orf72	1.0	2.0	0.45156263944759284	32.0	0.039266316473703725
56934	ENSG00000154975	CA10	CA10	1.0	5.0	0.5500003248315283	9.0	0.11956528800685397
770	ENSG00000063180	CA11	CA11	1.0	6.0	0.7328960365490571	33.0	0.19119027040410186
771	ENSG00000074410	CA12	CA12	1.0	2.0	0.4269310642725227	31.0	0.03712444037152371
377677	ENSG00000185015	CA13	CA13	0.0	0.0	0.3893176289958169	32.0	0.0
762	ENSG00000167434	CA4	CA4	1.0	3.0	0.7049662875320198	51.0	0.09195212446069824
11238	ENSG00000169239	CA5B	CA5B	1.0	1.0	0.4816911340177029	33.0	0.020943092783378386
766	ENSG00000168748	CA7	CA7	0.0	0.0	0.4663158816469667	31.0	0.0
767	ENSG00000178538	CA8	CA8	1.0	2.0	0.531702846797885	50.0	0.04623503015633783
79886	ENSG00000120159	CAAP1	CAAP1	0.0	0.0	0.38706648926058684	52.0	0.0
51719	ENSG00000135932	CAB39	CAB39	1.0	1.0	0.28725932987256164	31.0	0.012489536081415724
81617	ENSG00000102547	CAB39L	CAB39L	1.0	2.0	0.5227568347870242	33.0	0.04545711606843688
91768	ENSG00000134508	CABLES1	CABLES1	1.0	1.0	0.5936261374975035	42.0	0.025809832065108847
81928	ENSG00000149679	CABLES2	CABLES2	0.0	0.0	0.4237139664710648	32.0	0.0
9478	ENSG00000157782	CABP1	CABP1	0.0	0.0	0.4729662458753722	32.0	0.0
26256	ENSG00000154040	CABYR	CABYR	1.0	7.0	0.6504102284618949	18.0	0.19795093909709846
11094	ENSG00000160325	CACFD1	CACFD1	1.0	4.0	0.4524632133607654	33.0	0.07868925449752441
57685	ENSG00000158966	CACHD1	CACHD1	1.0	4.0	0.545729406228206	33.0	0.09490946195273148
773	ENSG00000141837	CACNA1A	CACNA1A	0.0	0.0	0.6704440995618908	19.0	0.0
774	ENSG00000148408	CACNA1B	CACNA1B	1.0	5.0	0.8313903227061465	33.0	0.18073702667524924
775	ENSG00000285479	CACNA1C	CACNA1C	1.0	3.0	0.6873770148607375	49.0	0.08965787150357446
777	ENSG00000198216	CACNA1E	CACNA1E	1.0	2.0	0.6404776139433903	53.0	0.05569370556029481
8913	ENSG00000006283	CACNA1G	CACNA1G	1.0	2.0	0.600070064043473	33.0	0.05218000556899765
8912	ENSG00000196557	CACNA1H	CACNA1H	1.0	8.0	0.5786533180304836	49.0	0.2012707193149508
8911	ENSG00000100346	CACNA1I	CACNA1I	1.0	1.0	0.5966291217449197	31.0	0.025940396597605202
9254	ENSG00000007402	CACNA2D2	CACNA2D2	0.0	0.0	0.243215830497252	10.0	0.0
55799	ENSG00000157445	CACNA2D3	CACNA2D3	0.0	0.0	0.36063752017637474	32.0	0.0
782	ENSG00000067191	CACNB1	CACNB1	1.0	3.0	0.5164541230867862	3.0	0.0673635812721895
783	ENSG00000165995	CACNB2	CACNB2	1.0	4.0	0.6387274990273377	33.0	0.11108304330910221
784	ENSG00000167535	CACNB3	CACNB3	1.0	5.0	0.79593189906292	53.0	0.17302867370933042
785	ENSG00000182389	CACNB4	CACNB4	0.0	0.0	0.3634555665555878	32.0	0.0
10369	ENSG00000166862	CACNG2	CACNG2	0.0	0.0	0.46651500111031313	32.0	0.0
10368	ENSG00000006116	CACNG3	CACNG3	1.0	6.0	0.69554027514176	18.0	0.18144528916741565
27092	ENSG00000075461	CACNG4	CACNG4	1.0	8.0	0.5599444406071373	33.0	0.19476328368943907
59285	ENSG00000130433	CACNG6	CACNG6	0.0	0.0	0.48242476244988847	32.0	0.0
59284	ENSG00000105605	CACNG7	CACNG7	1.0	1.0	0.5625837799420869	2.0	0.024460164345308122
59283	ENSG00000142408	CACNG8	CACNG8	1.0	2.0	0.5684245690642157	2.0	0.04942822339688832
23705	ENSG00000182985	CADM1	CADM1	1.0	5.0	0.6317456919778897	33.0	0.1373360199951934
253559	ENSG00000175161	CADM2	CADM2	1.0	2.0	0.5288672252645584	36.0	0.04598845437083117
57863	ENSG00000162706	CADM3	CADM3	1.0	6.0	0.7854892700991348	54.0	0.20491024437368735
8618	ENSG00000163618	CADPS	CADPS	1.0	2.0	0.3787980563990074	8.0	0.03293896142600064
93664	ENSG00000081803	CADPS2	CADPS2	1.0	1.0	0.40349591812193464	52.0	0.0175433007879102
793	ENSG00000104327	CALB1	CALB1	1.0	9.0	0.6185732887336785	52.0	0.24205041733056984
794	ENSG00000172137	CALB2	CALB2	1.0	8.0	0.6943469448810857	52.0	0.24151198082820372
57658	ENSG00000012822	CALCOCO1	CALCOCO1	0.0	0.0	0.39919851202974255	31.0	0.0
10241	ENSG00000136436	CALCOCO2	CALCOCO2	1.0	1.0	0.4507944216746695	38.0	0.019599757464116064
10203	ENSG00000064989	CALCRL	CALCRL	1.0	5.0	0.6111442196235538	31.0	0.13285743904859865
255022	ENSG00000185933	CALHM1	CALHM1	1.0	4.0	0.4974020114104381	7.0	0.08650469763659793
51063	ENSG00000138172	CALHM2	CALHM2	1.0	8.0	0.6989615205835243	33.0	0.24311705063774758
441168	ENSG00000188820	CALHM6	CALHM6	1.0	10.0	0.6954369780615128	49.0	0.3023639035050056
801	ENSG00000198668	CALM1	CALM1	1.0	3.0	0.5916443060744603	31.0	0.07717099644449482
808	ENSG00000160014	CALM3	CALM3	1.0	7.0	0.660140852183006	49.0	0.2009124332730888
810	ENSG00000178363	CALML3	CALML3	1.0	3.0	0.6700078252801718	8.0	0.08739232503654414
83698	ENSG00000183166	CALN1	CALN1	1.0	1.0	0.6361582151151732	40.0	0.02765905283109449
811	ENSG00000179218	CALR	CALR	1.0	1.0	0.4038494121740795	32.0	0.017558670094525195
813	ENSG00000128595	CALU	CALU	1.0	4.0	0.5667997949004873	53.0	0.09857387737399778
8536	ENSG00000134072	CAMK1	CAMK1	1.0	3.0	0.7793755362247301	49.0	0.10165767863800827
57118	ENSG00000183049	CAMK1D	CAMK1D	0.0	0.0	0.6264175209554393	31.0	0.0
57172	ENSG00000008118	CAMK1G	CAMK1G	1.0	1.0	0.47017802054197305	52.0	0.020442522632259697
815	ENSG00000070808	CAMK2A	CAMK2A	1.0	3.0	0.7737378700359986	36.0	0.10092233087426068
817	ENSG00000145349	CAMK2D	CAMK2D	1.0	15.0	0.8116790107782335	49.0	0.5293558765945001
818	ENSG00000148660	CAMK2G	CAMK2G	1.0	2.0	0.44438899307692264	3.0	0.03864252113712371
55450	ENSG00000162545	CAMK2N1	CAMK2N1	1.0	10.0	0.8594637159644265	31.0	0.3736798765062724
94032	ENSG00000163888	CAMK2N2	CAMK2N2	1.0	4.0	0.6400283264754015	20.0	0.11130927416963504
814	ENSG00000152495	CAMK4	CAMK4	1.0	7.0	0.6487561634905992	59.0	0.19744752801887802
84254	ENSG00000004660	CAMKK1	CAMKK1	1.0	1.0	0.5124267494149451	52.0	0.02227942388760631
10645	ENSG00000110931	CAMKK2	CAMKK2	0.0	0.0	0.470465941632752	32.0	0.0
79823	ENSG00000143919	CAMKMT	CAMKMT	1.0	1.0	0.41688948120923075	32.0	0.01812562961779264
79012	ENSG00000164076	CAMKV	CAMKV	1.0	10.0	0.8078213864757531	49.0	0.35122668977206656
57662	ENSG00000076826	CAMSAP3	CAMSAP3	1.0	5.0	0.677111713346157	54.0	0.1471981985535124
23261	ENSG00000171735	CAMTA1	CAMTA1	0.0	0.0	0.4420488262591411	32.0	0.0
23125	ENSG00000108509	CAMTA2	CAMTA2	1.0	2.0	0.6063619952264881	2.0	0.05272713001969462
23066	ENSG00000144712	CAND2	CAND2	1.0	2.0	0.6991140437716478	51.0	0.06079252554536067
821	ENSG00000283777	CANX	CANX	1.0	9.0	0.7173389736700572	40.0	0.2806978592621963
10487	ENSG00000131236	CAP1	CAP1	1.0	1.0	0.45172835438453335	32.0	0.019640363234110145
10486	ENSG00000112186	CAP2	CAP2	1.0	4.0	0.7676209146807967	52.0	0.13349928950970377
822	ENSG00000042493	CAPG	CAPG	1.0	4.0	0.5530464695409627	35.0	0.09618199470277612
823	ENSG00000014216	CAPN1	CAPN1	1.0	1.0	0.4034560348856136	3.0	0.01754156673415711
147968	ENSG00000292260	CAPN12	CAPN12	1.0	4.0	0.6506994428729947	17.0	0.11316512049965126
6650	ENSG00000103326	CAPN15	CAPN15	0.0	0.0	0.5976535576645596	31.0	0.0
824	ENSG00000162909	CAPN2	CAPN2	0.0	0.0	0.3423641657661715	52.0	0.0
825	ENSG00000092529	CAPN3	CAPN3	0.0	0.0	0.19436593568553878	32.0	0.0
23473	ENSG00000131375	CAPN7	CAPN7	0.0	0.0	0.38985066468908275	31.0	0.0
826	ENSG00000126247	CAPNS1	CAPNS1	1.0	3.0	0.5516636238190862	9.0	0.07195612484596776
4076	ENSG00000135387	CAPRIN1	CAPRIN1	1.0	4.0	0.6652067552839296	9.0	0.11568813135372688
65981	ENSG00000110888	CAPRIN2	CAPRIN2	1.0	2.0	0.5731159932151209	42.0	0.049836173323053984
84698	ENSG00000180881	CAPS2	CAPS2	0.0	0.0	0.5217046788573599	32.0	0.0
832	ENSG00000077549	CAPZB	CAPZB	1.0	12.0	0.7533832108697716	31.0	0.39306950132335905
84674	ENSG00000132357	CARD6	CARD6	1.0	1.0	0.35323708644221974	49.0	0.015358134193139987
64170	ENSG00000187796	CARD9	CARD9	0.0	0.0	0.4633371628878316	42.0	0.0
23589	ENSG00000153048	CARHSP1	CARHSP1	1.0	7.0	0.5634680491988389	49.0	0.17149027584312487
146206	ENSG00000159753	CARMIL2	CARMIL2	1.0	3.0	0.6191180504901781	31.0	0.08075452832480584
90668	ENSG00000186648	CARMIL3	CARMIL3	1.0	10.0	0.6412196452167728	52.0	0.27879115009424904
833	ENSG00000110619	CARS1	CARS	1.0	1.0	0.4644354259139529	5.0	0.020192844604954473
9607	ENSG00000164326	CARTPT	CARTPT	1.0	4.0	0.5835189022417576	4.0	0.10148154821595784
255082	ENSG00000177640	CASC2	CASC2	1.0	1.0	0.42757410006278834	53.0	0.018590178263599492
8573	ENSG00000147044	CASK	CASK	1.0	11.0	0.6740633625872189	53.0	0.32237812993301773
843	ENSG00000003400	CASP10	CASP10	1.0	1.0	0.3824106718747122	52.0	0.016626550951074445
836	ENSG00000164305	CASP3	CASP3	0.0	0.0	0.38355584147612387	32.0	0.0
9994	ENSG00000118412	CASP8AP2	CASP8AP2	0.0	0.0	0.41715147638484534	32.0	0.0
844	ENSG00000143318	CASQ1	CASQ1	1.0	3.0	0.5556012529675294	33.0	0.07246972864793862
831	ENSG00000310517	CAST	CAST	0.0	0.0	0.22979448761395901	10.0	0.0
652968	ENSG00000239282	CASTOR1	CASTOR1	1.0	7.0	0.5777624565990137	33.0	0.1758407476605694
54897	ENSG00000130940	CASZ1	CASZ1	0.0	0.0	0.4045476297266558	32.0	0.0
858	ENSG00000105971	CAV2	CAV2	1.0	9.0	0.6149719000623902	33.0	0.24064117828528314
284119	ENSG00000177469	CAVIN1	CAVIN1	0.0	0.0	0.1539745869904835	32.0	0.0
112464	ENSG00000170955	CAVIN3	CAVIN3	1.0	1.0	0.5337289752613024	59.0	0.023205607620056624
863	ENSG00000129993	CBFA2T3	CBFA2T3	1.0	3.0	0.6720546724083332	54.0	0.08765930509673911
865	ENSG00000067955	CBFB	CBFB	1.0	6.0	0.5480681812517805	33.0	0.14297430815263837
868	ENSG00000114423	CBLB	CBLB	1.0	3.0	0.574014196526776	31.0	0.07487141693827512
869	ENSG00000102924	CBLN1	CBLN1	1.0	7.0	0.47772596742191503	58.0	0.14539485965014806
147381	ENSG00000141668	CBLN2	CBLN2	1.0	1.0	0.39097693669363004	32.0	0.016998997247549132
140689	ENSG00000054803	CBLN4	CBLN4	1.0	2.0	0.5506615104252065	2.0	0.047883609602191866
55871	ENSG00000172785	ZNG1A	CBWD1	0.0	0.0	0.4237016810567466	32.0	0.0
220869	ENSG00000147996	ZNG1E	CBWD5	0.0	0.0	0.6335068091853203	32.0	0.0
23468	ENSG00000094916	CBX5	CBX5	0.0	0.0	0.5218915662987423	33.0	0.0
23466	ENSG00000183741	CBX6	CBX6	1.0	8.0	0.7147882869806668	9.0	0.2486220128628406
23492	ENSG00000100307	CBX7	CBX7	1.0	3.0	0.6087752089983441	2.0	0.07940546204326228
387707	ENSG00000188649	CC2D2B	CC2D2B	1.0	2.0	0.5286151567474126	40.0	0.04596653536934022
147372	ENSG00000183287	CCBE1	CCBE1	1.0	6.0	0.6454180330503249	41.0	0.16836992166530212
256309	ENSG00000168491	CCDC110	CCDC110	0.0	0.0	0.44087861464883915	32.0	0.0
153733	ENSG00000164221	CCDC112	CCDC112	1.0	3.0	0.5756323020908076	53.0	0.07508247418575752
84317	ENSG00000136710	VMA22	CCDC115	0.0	0.0	0.409915196506902	32.0	0.0
151903	ENSG00000160799	CCDC12	CCDC12	1.0	2.0	0.5904351978513347	33.0	0.05134219111750736
90060	ENSG00000147144	CCDC120	CCDC120	1.0	10.0	0.8205372069398881	18.0	0.3567553073651687
160857	ENSG00000151773	CCDC122	CCDC122	0.0	0.0	0.344540525262923	32.0	0.0
115098	ENSG00000007080	CCDC124	CCDC124	1.0	5.0	0.5919668128260279	33.0	0.12868843757087564
90693	ENSG00000169193	CCDC126	CCDC126	0.0	0.0	0.33143142388855834	31.0	0.0
64753	ENSG00000128596	CCDC136	CCDC136	0.0	0.0	0.44917367502777367	32.0	0.0
64770	ENSG00000175455	CCDC14	CCDC14	1.0	1.0	0.5932502071696133	52.0	0.025793487268244056
57639	ENSG00000135205	CCDC146	CCDC146	0.0	0.0	0.3025508217042265	41.0	0.0
130940	ENSG00000153237	CCDC148	CCDC148	1.0	8.0	0.6164516269763554	40.0	0.21441795720916706
80071	ENSG00000149548	CCDC15	CCDC15	1.0	2.0	0.4991365114884272	38.0	0.04340317491203714
100129792	ENSG00000198865	CCDC152	CCDC152	1.0	2.0	0.4810226524805873	49.0	0.04182805673744237
283152	ENSG00000248712	DRC12	CCDC153	1.0	6.0	0.5719157479927212	33.0	0.1491954125198403
126075	ENSG00000183401	CCDC159	CCDC159	1.0	1.0	0.38448700491658366	33.0	0.01671682630072103
347475	ENSG00000203952	CCDC160	CCDC160	0.0	0.0	0.30891087334072626	33.0	0.0
154467	ENSG00000198937	CCDC167	CCDC167	1.0	7.0	0.4416308540870573	24.0	0.1344093903743218
203238	ENSG00000164989	CCDC171	CCDC171	1.0	9.0	0.7425605108310478	1.0	0.29056715641214914
56936	ENSG00000267909	CCDC177	CCDC177	1.0	1.0	0.6567558262840338	31.0	0.02855460114278408
55088	ENSG00000165813	CCDC186	CCDC186	0.0	0.0	0.43980455989725004	32.0	0.0
90835	ENSG00000196118	CFAP119	CCDC189	1.0	7.0	0.7577113434023318	31.0	0.23060780016592708
57577	ENSG00000163617	CCDC191	CCDC191	1.0	5.0	0.5592208170867166	52.0	0.12156974284493838
149473	ENSG00000159214	CCDC24	CCDC24	1.0	6.0	0.6869074073276349	52.0	0.17919323669416562
55246	ENSG00000147419	CCDC25	CCDC25	0.0	0.0	0.29615480548719625	32.0	0.0
25901	ENSG00000024862	CCDC28A	CCDC28A	1.0	7.0	0.7480317380027506	16.0	0.22766183330518497
83643	ENSG00000151468	CCDC3	CCDC3	1.0	3.0	0.6741609319720173	33.0	0.08793403460504573
90416	ENSG00000128891	CCDC32	CCDC32	1.0	12.0	0.7187003533952723	60.0	0.3749740974236203
91057	ENSG00000109881	CCDC34	CCDC34	1.0	3.0	0.5919213695441097	33.0	0.07720713515792735
339829	ENSG00000284862	CCDC39	CCDC39	0.0	0.0	0.17063237487387709	31.0	0.0
57003	ENSG00000108588	CCDC47	CCDC47	1.0	1.0	0.5079541016199492	52.0	0.022084960939997792
152137	ENSG00000152492	CCDC50	CCDC50	1.0	3.0	0.47472603945910824	33.0	0.061920787755535854
284001	ENSG00000176155	CCDC57	CCDC57	0.0	0.0	0.6343680027562524	31.0	0.0
131076	ENSG00000160124	MIX23	CCDC58	0.0	0.0	0.3396117993384756	31.0	0.0
8030	ENSG00000108091	CCDC6	CCDC6	1.0	7.0	0.6890886926328562	31.0	0.20972264558391276
85478	ENSG00000139537	DRC2	CCDC65	1.0	3.0	0.6356981147573728	31.0	0.08291714540313558
80323	ENSG00000166510	CCDC68	CCDC68	1.0	5.0	0.6393896168623924	40.0	0.13899774279617225
168455	ENSG00000253276	CCDC71L	CCDC71L	1.0	9.0	0.7579078502442073	49.0	0.2965726370520811
84318	ENSG00000120647	CCDC77	CCDC77	1.0	2.0	0.46330800976841396	33.0	0.04028765302334034
124093	ENSG00000162004	CCDC78	CCDC78	0.0	0.0	0.3003888966117852	38.0	0.0
83987	ENSG00000169515	CCDC8	CCDC8	1.0	8.0	0.5712513303339972	36.0	0.19869611489878164
151887	ENSG00000091986	CCDC80	CCDC80	1.0	1.0	0.2799967713813321	32.0	0.01217377266875357
79780	ENSG00000149231	CCDC82	CCDC82	1.0	4.0	0.511596122909493	2.0	0.08897323876686834
114800	ENSG00000055813	CCDC85A	CCDC85A	1.0	3.0	0.5814042712170506	33.0	0.07583533972396313
317762	ENSG00000205476	CCDC85C	CCDC85C	1.0	9.0	0.6482744025326433	53.0	0.2536725922953822
55704	ENSG00000115355	CCDC88A	CCDC88A	1.0	1.0	0.42477196560345115	54.0	0.018468346330584834
283234	ENSG00000168071	CCDC88B	CCDC88B	1.0	3.0	0.5947896648836949	36.0	0.07758126063700369
440193	ENSG00000015133	CCDC88C	CCDC88C	0.0	0.0	0.44401425062471006	52.0	0.0
26093	ENSG00000105321	CCDC9	CCDC9	1.0	2.0	0.5200601200494782	40.0	0.045222619134737234
60492	ENSG00000137500	CCDC90B	CCDC90B	1.0	13.0	0.6903078664922799	33.0	0.39017401149563646
55297	ENSG00000123106	CCDC91	CCDC91	0.0	0.0	0.3560437389920381	53.0	0.0
80212	ENSG00000119242	CCDC92	CCDC92	1.0	2.0	0.4419979377281754	8.0	0.038434603280710904
257236	ENSG00000173013	CFAP184	CCDC96	0.0	0.0	0.4043938982395704	32.0	0.0
105682749	ENSG00000308499	CCEPR	CCEPR	1.0	11.0	0.6802773851780802	1.0	0.325350053780821
885	ENSG00000187094	CCK	CCK	1.0	2.0	0.5746982578847403	33.0	0.049973761555194805
887	ENSG00000110148	CCKBR	CCKBR	1.0	5.0	0.6489051930838425	40.0	0.14106634632257445
6347	ENSG00000108691	CCL2	CCL2	1.0	1.0	0.3355095832585231	31.0	0.014587373185153178
10850	ENSG00000213927	CCL27	CCL27	0.0	0.0	0.38763339145188447	32.0	0.0
56477	ENSG00000151882	CCL28	CCL28	1.0	9.0	0.7643670204895081	31.0	0.29910013845241623
83605	ENSG00000136280	CCM2	CCM2	1.0	1.0	0.4358425858512785	33.0	0.01894967764570776
8900	ENSG00000133101	CCNA1	CCNA1	1.0	4.0	0.7470964282251413	18.0	0.1299298136043724
57820	ENSG00000291784	CCNB1IP1	CCNB1IP1	0.0	0.0	0.4403847810555271	32.0	0.0
85417	ENSG00000147082	CCNB3	CCNB3	1.0	3.0	0.37405629940600593	49.0	0.04878995209643556
595	ENSG00000110092	CCND1	CCND1	0.0	0.0	0.2963935056481252	38.0	0.0
894	ENSG00000118971	CCND2	CCND2	1.0	4.0	0.6202855172702875	31.0	0.10787574213396303
103752584	ENSG00000255920	CCND2-AS1	CCND2-AS1	1.0	1.0	0.5869980810790657	31.0	0.02552165569908981
23582	ENSG00000166946	CCNDBP1	CCNDBP1	1.0	2.0	0.5015386273189285	3.0	0.04361205454947204
901	ENSG00000138764	CCNG2	CCNG2	1.0	1.0	0.7349790735286831	33.0	0.03195561189255144
902	ENSG00000134480	CCNH	CCNH	1.0	7.0	0.6197648068634568	18.0	0.18862407165409556
10983	ENSG00000118816	CCNI	CCNI	0.0	0.0	0.37260961270995924	32.0	0.0
8812	ENSG00000090061	CCNK	CCNK	1.0	1.0	0.473834670308955	53.0	0.020601507404737172
81669	ENSG00000221978	CCNL2	CCNL2	1.0	4.0	0.5484525757626361	51.0	0.09538305665437148
10309	ENSG00000152669	CCNO	CCNO	1.0	2.0	0.6067637183606962	2.0	0.052762062466147494
905	ENSG00000082258	CCNT2	CCNT2	1.0	3.0	0.539291730100043	33.0	0.07034239957826649
219771	ENSG00000108100	CCNY	CCNY	1.0	2.0	0.48267603208013643	16.0	0.0419718288765336
151195	ENSG00000163249	CCNYL1	CCNYL1	1.0	7.0	0.6106024381668216	40.0	0.18583552465946745
1230	ENSG00000163823	CCR1	CCR1	1.0	12.0	0.5489362145818363	31.0	0.2864015032600885
401145	ENSG00000184305	CCSER1	CCSER1	1.0	2.0	0.4546665593371342	32.0	0.03953622255105514
10576	ENSG00000166226	CCT2	CCT2	1.0	3.0	0.5248673211766509	40.0	0.0684609549360849
10575	ENSG00000115484	CCT4	CCT4	1.0	1.0	0.49324397044790896	16.0	0.021445390019474302
22948	ENSG00000150753	CCT5	CCT5	1.0	6.0	0.5828720685426151	52.0	0.15205358309807349
10574	ENSG00000135624	CCT7	CCT7	1.0	1.0	0.5623158420482225	40.0	0.024448514871661848
283316	ENSG00000177675	CD163L1	CD163L1	1.0	5.0	0.6345978534238478	40.0	0.13795605509214082
8763	ENSG00000135535	CD164	CD164	0.0	0.0	0.20631716291178467	52.0	0.0
4345	ENSG00000091972	CD200	CD200	1.0	8.0	0.8167356345050051	49.0	0.28408195982782786
10666	ENSG00000150637	CD226	CD226	1.0	1.0	0.4039658657135466	33.0	0.01756373329189333
100133941	ENSG00000272398	CD24	CD24	1.0	19.0	0.88326101167599	18.0	0.7296504009497309
919	ENSG00000198821	CD247	CD247	1.0	8.0	0.7729341470246917	53.0	0.26884665983467537
57124	ENSG00000174807	CD248	CD248	1.0	2.0	0.34751287686036064	6.0	0.03021851103133571
10421	ENSG00000169217	CD2BP2	CD2BP2	1.0	6.0	0.6136989547999044	8.0	0.16009537951301855
945	ENSG00000105383	CD33	CD33	1.0	10.0	0.4739203586752931	33.0	0.20605232985882307
952	ENSG00000004468	CD38	CD38	0.0	0.0	0.3100869464506922	52.0	0.0
10849	ENSG00000117877	POLR1G	CD3EAP	1.0	1.0	0.38004647551921905	32.0	0.016523759805183436
960	ENSG00000026508	CD44	CD44	1.0	1.0	0.33150930059973793	52.0	0.014413447852162519
961	ENSG00000196776	CD47	CD47	1.0	2.0	0.546612601948986	33.0	0.04753153060425965
1043	ENSG00000169442	CD52	CD52	1.0	5.0	0.5969728964411778	49.0	0.12977671661764734
963	ENSG00000143119	CD53	CD53	1.0	2.0	0.41344071046523034	32.0	0.03595136612741133
1604	ENSG00000196352	CD55	CD55	1.0	1.0	0.4483223405752272	53.0	0.01949227567718379
965	ENSG00000116815	CD58	CD58	1.0	1.0	0.3502628048000056	49.0	0.015228817600000243
966	ENSG00000085063	CD59	CD59	1.0	1.0	0.28691976365443445	33.0	0.012474772332801497
923	ENSG00000013725	CD6	CD6	1.0	2.0	0.3682251802575446	40.0	0.0320195808919604
967	ENSG00000135404	CD63	CD63	1.0	6.0	0.4002243433134855	40.0	0.10440635042960492
968	ENSG00000129226	CD68	CD68	1.0	8.0	0.5564720829596315	49.0	0.19355550711639355
972	ENSG00000019582	CD74	CD74	1.0	2.0	0.4853154239898403	33.0	0.04220134121650785
975	ENSG00000110651	CD81	CD81	1.0	4.0	0.47999418711102626	52.0	0.0834772499323524
3732	ENSG00000085117	CD82	CD82	1.0	4.0	0.40108333287441295	60.0	0.06975362310859355
9308	ENSG00000112149	CD83	CD83	1.0	5.0	0.6232041868840017	9.0	0.13547917106173948
8832	ENSG00000066294	CD84	CD84	1.0	9.0	0.5537159509566922	49.0	0.21667145907001
4267	ENSG00000002586	CD99	CD99	1.0	4.0	0.44351494755954024	33.0	0.0771330343581809
83692	ENSG00000102181	CD99L2	CD99L2	0.0	0.0	0.3367880980998541	32.0	0.0
81602	ENSG00000102543	CDADC1	CDADC1	0.0	0.0	0.3786233012285636	32.0	0.0
8872	ENSG00000151465	CDC123	CDC123	1.0	3.0	0.5450367742562743	33.0	0.07109175316386186
8556	ENSG00000079335	CDC14A	CDC14A	1.0	1.0	0.38962543748499345	58.0	0.016940236412391018
8555	ENSG00000081377	CDC14B	CDC14B	1.0	2.0	0.4206284906619937	58.0	0.036576390492347274
997	ENSG00000099804	CDC34	CDC34	1.0	6.0	0.683382585397323	33.0	0.17827371792973642
11140	ENSG00000105401	CDC37	CDC37	1.0	2.0	0.458435770974527	33.0	0.03986398008474148
51362	ENSG00000168438	CDC40	CDC40	0.0	0.0	0.5279769184103478	49.0	0.0
998	ENSG00000070831	CDC42	CDC42	1.0	9.0	0.6767474424564708	19.0	0.2648142166134016
8476	ENSG00000143776	CDC42BPA	CDC42BPA	0.0	0.0	0.24607793655106805	31.0	0.0
10602	ENSG00000163171	CDC42EP3	CDC42EP3	0.0	0.0	0.5791160680051894	32.0	0.0
56990	ENSG00000158985	CDC42SE2	CDC42SE2	1.0	6.0	0.6813712988701108	49.0	0.177749034487855
990	ENSG00000094804	CDC6	CDC6	1.0	5.0	0.6990050157226455	36.0	0.15195761211361858
8317	ENSG00000097046	CDC7	CDC7	1.0	4.0	0.6232224643457525	33.0	0.10838651553839172
113130	ENSG00000146670	CDCA5	CDCA5	1.0	1.0	0.48392700729167804	33.0	0.021040304664855566
1008	ENSG00000040731	CDH10	CDH10	1.0	2.0	0.654591348274923	40.0	0.05692098680651505
1009	ENSG00000140937	CDH11	CDH11	1.0	3.0	0.444783740851007	18.0	0.05801527054578352
1010	ENSG00000154162	CDH12	CDH12	1.0	1.0	0.5879885585689844	49.0	0.025564719937781928
1012	ENSG00000140945	CDH13	CDH13	1.0	2.0	0.44778232655813516	40.0	0.03893759361375088
1016	ENSG00000145526	CDH18	CDH18	1.0	3.0	0.5446200297106398	51.0	0.07103739517964867
1000	ENSG00000170558	CDH2	CDH2	1.0	5.0	0.6409688680875393	32.0	0.13934105827989984
64405	ENSG00000149654	CDH22	CDH22	1.0	4.0	0.6131247385031516	9.0	0.10663038930489593
64072	ENSG00000107736	CDH23	CDH23	0.0	0.0	0.45990125511121516	49.0	0.0
1002	ENSG00000179242	CDH4	CDH4	1.0	10.0	0.7246508923332513	53.0	0.3150656053622832
1004	ENSG00000113361	CDH6	CDH6	0.0	0.0	0.23647039517643018	52.0	0.0
1005	ENSG00000081138	CDH7	CDH7	0.0	0.0	0.3713940809992124	7.0	0.0
1006	ENSG00000150394	CDH8	CDH8	1.0	7.0	0.7139769895979863	32.0	0.2172973446602567
1007	ENSG00000113100	CDH9	CDH9	1.0	5.0	0.7218689495308125	18.0	0.15692803250669837
92211	ENSG00000148600	CDHR1	CDHR1	1.0	2.0	0.3532730600923979	53.0	0.030719396529773728
29965	ENSG00000089486	CDIP1	CDIP1	1.0	3.0	0.5716244475342572	51.0	0.07455971054794659
10423	ENSG00000103502	CDIPT	CDIPT	1.0	4.0	0.544390912449735	33.0	0.09467668042604087
8558	ENSG00000185324	CDK10	CDK10	1.0	4.0	0.6411594154361847	33.0	0.11150598529324951
728642	ENSG00000008128	CDK11A	CDK11A	0.0	0.0	0.37593003142326836	32.0	0.0
5218	ENSG00000058091	CDK14	CDK14	0.0	0.0	0.416811750288693	1.0	0.0
5128	ENSG00000059758	CDK17	CDK17	1.0	7.0	0.6227345782683626	53.0	0.18952791512515385
5129	ENSG00000117266	CDK18	CDK18	0.0	0.0	0.189294934306475	44.0	0.0
23552	ENSG00000156345	CDK20	CDK20	1.0	4.0	0.7993753404798092	49.0	0.13902179834431463
8099	ENSG00000111328	CDK2AP1	CDK2AP1	0.0	0.0	0.032360030081975556	32.0	0.0
1020	ENSG00000164885	CDK5	CDK5	1.0	7.0	0.5802681043149209	49.0	0.1766033360958455
55755	ENSG00000136861	CDK5RAP2	CDK5RAP2	1.0	2.0	0.48991492789144203	16.0	0.0426012980775167
1025	ENSG00000136807	CDK9	CDK9	1.0	2.0	0.53924719755382	9.0	0.04689106065685391
8814	ENSG00000100490	CDKL1	CDKL1	0.0	0.0	0.5251738763724372	3.0	0.0
51265	ENSG00000006837	CDKL3	CDKL3	1.0	4.0	0.671279014769041	8.0	0.11674417648157234
1027	ENSG00000111276	CDKN1B	CDKN1B	0.0	0.0	0.323636919077163	32.0	0.0
1029	ENSG00000147889	CDKN2A	CDKN2A	0.0	0.0	0.4401296612898197	49.0	0.0
91368	ENSG00000237190	XTBD1	CDKN2AIPNL	1.0	4.0	0.5999489173883957	33.0	0.10433894215450361
1031	ENSG00000123080	CDKN2C	CDKN2C	1.0	1.0	0.3215717872347891	32.0	0.013981382053686481
1032	ENSG00000129355	CDKN2D	CDKN2D	1.0	5.0	0.7429568093075894	18.0	0.16151234984947596
1033	ENSG00000100526	CDKN3	CDKN3	1.0	4.0	0.5805563793539928	51.0	0.10096632684417267
30850	ENSG00000109089	CDR2L	CDR2L	0.0	0.0	0.22241394881447035	33.0	0.0
1040	ENSG00000163624	CDS1	CDS1	0.0	0.0	0.31126864124416886	40.0	0.0
8760	ENSG00000101290	CDS2	CDS2	1.0	2.0	0.44181761663322483	52.0	0.03841892318549781
81620	ENSG00000167513	CDT1	CDT1	0.0	0.0	0.23533303479259166	32.0	0.0
124359	ENSG00000166446	CDYL2	CDYL2	1.0	2.0	0.6735590316033684	33.0	0.05857035057420595
56971	ENSG00000186567	CEACAM19	CEACAM19	0.0	0.0	0.5391771617912239	32.0	0.0
1050	ENSG00000245848	CEBPA	CEBPA	1.0	10.0	0.6097515716541777	49.0	0.26510937898007725
27443	ENSG00000099954	CECR2	CECR2	1.0	4.0	0.4358697674586915	33.0	0.07580343781890286
10658	ENSG00000149187	CELF1	CELF1	1.0	5.0	0.755553112118542	53.0	0.16425067654750913
10659	ENSG00000048740	CELF2	CELF2	0.0	0.0	0.3243627901289177	10.0	0.0
11189	ENSG00000159409	CELF3	CELF3	1.0	5.0	0.8330741320014431	9.0	0.18110307217422675
56853	ENSG00000101489	CELF4	CELF4	1.0	6.0	0.7738065850367791	53.0	0.2018625874008989
60680	ENSG00000161082	CELF5	CELF5	1.0	10.0	0.7983567438280766	57.0	0.34711162775133764
1952	ENSG00000143126	CELSR2	CELSR2	1.0	4.0	0.6162368280616156	36.0	0.10717162227158532
1951	ENSG00000008300	CELSR3	CELSR3	1.0	1.0	0.7528400073190676	33.0	0.03273217423126381
57214	ENSG00000103888	CEMIP	CEMIP	0.0	0.0	0.5207664940326556	32.0	0.0
1060	ENSG00000145241	CENPC	CENPC	0.0	0.0	0.5363816107084954	31.0	0.0
1063	ENSG00000117724	CENPF	CENPF	1.0	6.0	0.6317116886749841	49.0	0.16479435356738714
55835	ENSG00000151849	CPAP	CENPJ	1.0	1.0	0.5882209594766137	32.0	0.025574824325070158
64105	ENSG00000123219	CENPK	CENPK	1.0	1.0	0.4188271141425759	53.0	0.018209874527938083
79019	ENSG00000100162	CENPM	CENPM	1.0	1.0	0.5423372693143225	33.0	0.02357988127453576
55166	ENSG00000031691	CENPQ	CENPQ	1.0	1.0	0.3582509205277054	32.0	0.015576126979465452
201161	ENSG00000166582	CENPV	CENPV	1.0	2.0	0.7509858507428198	32.0	0.06530311745589737
347549	ENSG00000224109	CENPVL3	CENPVL3	1.0	10.0	0.659667452915857	49.0	0.28681193605037264
387103	ENSG00000203760	CENPW	CENPW	1.0	18.0	0.8484638919930646	31.0	0.6640152198206593
201134	ENSG00000154240	CEP112	CEP112	1.0	4.0	0.5727188037301105	40.0	0.09960327021393227
153241	ENSG00000168944	CEP120	CEP120	1.0	1.0	0.4431345906462806	32.0	0.01926672133244698
57562	ENSG00000110318	CEP126	CEP126	1.0	3.0	0.5018886950857222	33.0	0.06546374283726811
9662	ENSG00000174799	CEP135	CEP135	1.0	1.0	0.400206764657799	31.0	0.017400294115556478
22995	ENSG00000103995	CEP152	CEP152	0.0	0.0	0.34859956620016763	31.0	0.0
22832	ENSG00000135315	CEP162	CEP162	1.0	1.0	0.5119732802549865	32.0	0.022259707837173324
283638	ENSG00000099814	CEP170B	CEP170B	1.0	8.0	0.7427219946381334	33.0	0.25833808509152467
80817	ENSG00000164118	CEP44	CEP44	0.0	0.0	0.3978482423180615	59.0	0.0
9702	ENSG00000166037	CEP57	CEP57	0.0	0.0	0.555055469956085	53.0	0.0
80254	ENSG00000182923	CEP63	CEP63	0.0	0.0	0.32746082744457833	32.0	0.0
23177	ENSG00000011523	CEP68	CEP68	1.0	3.0	0.7315601245984839	9.0	0.09542088581719355
80321	ENSG00000114107	CEP70	CEP70	1.0	1.0	0.4590053159122334	33.0	0.01995675286574928
55722	ENSG00000112877	CEP72	CEP72	1.0	5.0	0.7448133272787784	49.0	0.1619159407127779
51134	ENSG00000173588	CEP83	CEP83	1.0	15.0	0.7171904544637535	53.0	0.46773290508505666
387119	ENSG00000111860	CEP85L	CEP85L	0.0	0.0	0.2269189251192128	31.0	0.0
84902	ENSG00000121289	CEP89	CEP89	1.0	6.0	0.688769258958712	9.0	0.17967893711966398
90799	ENSG00000258890	CEP95	CEP95	0.0	0.0	0.40732203865565486	39.0	0.0
79598	ENSG00000182504	CEP97	CEP97	0.0	0.0	0.406103792051546	32.0	0.0
10390	ENSG00000134255	CEPT1	CEPT1	1.0	1.0	0.4840072940389402	53.0	0.0210437953929974
64781	ENSG00000100422	CERK	CERK	0.0	0.0	0.27193032479429263	32.0	0.0
253782	ENSG00000172292	CERS6	CERS6	1.0	4.0	0.6521144859741558	40.0	0.11341121495202709
283848	ENSG00000172824	CES4A	CES4A	1.0	9.0	0.7966500964995316	18.0	0.31173264645633847
1069	ENSG00000147400	CETN2	CETN2	1.0	7.0	0.5956372187023755	52.0	0.18128089264854907
1070	ENSG00000153140	CETN3	CETN3	1.0	4.0	0.5055170699233847	40.0	0.08791601216058866
161502	ENSG00000156206	CFAP161	CFAP161	1.0	1.0	0.3069007221773298	49.0	0.013343509659883903
29105	ENSG00000070761	CFAP20	CFAP20	1.0	3.0	0.6045668937994917	40.0	0.07885655136515109
55779	ENSG00000206530	CFAP44	CFAP44	1.0	9.0	0.736632563693914	31.0	0.28824752492370553
146845	ENSG00000166596	CFAP52	CFAP52	1.0	2.0	0.6219125110810177	40.0	0.05407934878965372
220136	ENSG00000172361	CFAP53	CFAP53	1.0	1.0	0.43021881091200015	53.0	0.018705165691826092
26074	ENSG00000089101	CFAP61	CFAP61	1.0	4.0	0.5267424542765085	40.0	0.09160738335243625
255101	ENSG00000181378	CFAP65	CFAP65	1.0	1.0	0.5783722290031396	32.0	0.025146618652310417
79846	ENSG00000105792	CFAP69	CFAP69	0.0	0.0	0.516957616845583	32.0	0.0
57587	ENSG00000164323	CFAP97	CFAP97	1.0	4.0	0.5006988160668908	58.0	0.08707805496815492
1675	ENSG00000274619	CFD	CFD	1.0	11.0	0.5871424064312484	52.0	0.28080723785842315
1073	ENSG00000165410	CFL2	CFL2	0.0	0.0	0.15031172824608693	41.0	0.0
8837	ENSG00000003402	CFLAR	CFLAR	1.0	3.0	0.5237765691512929	40.0	0.06831868293277733
5199	ENSG00000126759	CFP	CFP	1.0	2.0	0.629954412503774	1.0	0.05477864456554557
84952	ENSG00000128849	CGNL1	CGNL1	1.0	5.0	0.43285482528533864	40.0	0.09409887506203014
10669	ENSG00000138028	CGREF1	CGREF1	1.0	10.0	0.8082638743853642	41.0	0.35141907581972354
79094	ENSG00000128965	CHAC1	CHAC1	0.0	0.0	0.3838451197159703	39.0	0.0
150356	ENSG00000100399	CHADL	CHADL	0.0	0.0	0.208540619894432	7.0	0.0
10036	ENSG00000167670	CHAF1A	CHAF1A	0.0	0.0	0.3840731763439295	32.0	0.0
8208	ENSG00000159259	CHAF1B	CHAF1B	1.0	5.0	0.858449114081195	33.0	0.18661937262634673
131474	ENSG00000163528	CHCHD4	CHCHD4	1.0	1.0	0.3098877339308751	2.0	0.013473379736125004
84303	ENSG00000159685	CHCHD6	CHCHD6	1.0	7.0	0.7090911916466759	18.0	0.21581036267507528
1105	ENSG00000153922	CHD1	CHD1	0.0	0.0	0.4530159855250479	32.0	0.0
1106	ENSG00000173575	CHD2	CHD2	0.0	0.0	0.41783466553144666	32.0	0.0
1107	ENSG00000170004	CHD3	CHD3	1.0	8.0	0.7760511378281235	58.0	0.26993083054891254
26038	ENSG00000116254	CHD5	CHD5	1.0	3.0	0.666917379554158	18.0	0.08698922342010756
84181	ENSG00000124177	CHD6	CHD6	0.0	0.0	0.3424501209028881	59.0	0.0
55636	ENSG00000171316	CHD7	CHD7	1.0	4.0	0.35941426107154273	49.0	0.06250682801244221
80205	ENSG00000177200	CHD9	CHD9	0.0	0.0	0.3667376377633348	32.0	0.0
55349	ENSG00000016391	CHDH	CHDH	1.0	7.0	0.5074035986857841	33.0	0.1544271822087169
11200	ENSG00000183765	CHEK2	CHEK2	0.0	0.0	0.14700480218284717	31.0	0.0
646096	ENSG00000290857	CHEK2P2	CHEK2P2	0.0	0.0	0.09793176964059265	16.0	0.0
1113	ENSG00000276781	CHGA	CHGA	0.0	0.0	0.44147941601342944	32.0	0.0
1114	ENSG00000089199	CHGB	CHGB	1.0	3.0	0.701560132419552	52.0	0.09150784335907199
1116	ENSG00000133048	CHI3L1	CHI3L1	1.0	1.0	0.48206536460400934	31.0	0.020959363678435188
66005	ENSG00000177830	CHID1	CHID1	1.0	10.0	0.6427439542645053	32.0	0.2794538931584805
10752	ENSG00000134121	CHL1	CHL1	1.0	4.0	0.6867915332123609	40.0	0.11944200577606276
1122	ENSG00000203668	CHML	CHML	0.0	0.0	0.5293240877400299	32.0	0.0
5119	ENSG00000131165	CHMP1A	CHMP1A	1.0	12.0	0.7274900491710181	58.0	0.37956002565444424
57132	ENSG00000255112	CHMP1B	CHMP1B	1.0	4.0	0.6311486360060957	33.0	0.10976498017497316
27243	ENSG00000130724	CHMP2A	CHMP2A	1.0	5.0	0.5419459233784494	1.0	0.11781433116922813
25978	ENSG00000083937	CHMP2B	CHMP2B	0.0	0.0	0.3490109117630554	32.0	0.0
29082	ENSG00000285302	CHMP4A	CHMP4A	1.0	2.0	0.43908620545571475	33.0	0.03818140917006215
128866	ENSG00000101421	CHMP4B	CHMP4B	1.0	2.0	0.5610646576104545	3.0	0.04878823109656126
92421	ENSG00000164695	CHMP4C	CHMP4C	0.0	0.0	0.31684041604632623	53.0	0.0
51510	ENSG00000086065	CHMP5	CHMP5	1.0	4.0	0.583831180752968	8.0	0.1015358575222553
79643	ENSG00000176108	CHMP6	CHMP6	1.0	3.0	0.5025975021024411	33.0	0.06555619592640537
91782	ENSG00000147457	CHMP7	CHMP7	0.0	0.0	0.43438263737447796	32.0	0.0
1123	ENSG00000128656	CHN1	CHN1	1.0	3.0	0.5771219556267859	33.0	0.07527677682088511
140578	ENSG00000154645	CHODL	CHODL	1.0	2.0	0.38182050267721607	36.0	0.03320178284149705
63928	ENSG00000166869	CHP2	CHP2	0.0	0.0	0.2704452450474596	32.0	0.0
54108	ENSG00000104472	CHRAC1	CHRAC1	1.0	2.0	0.4137075423499936	53.0	0.03597456889999944
8646	ENSG00000090539	CHRD	CHRD	1.0	2.0	0.5348801178207666	33.0	0.046511314593110135
91851	ENSG00000101938	CHRDL1	CHRDL1	1.0	5.0	0.6162836629261771	49.0	0.13397470933177763
1128	ENSG00000168539	CHRM1	CHRM1	1.0	2.0	0.7007398132390332	49.0	0.06093389680339419
1129	ENSG00000181072	CHRM2	CHRM2	1.0	3.0	0.6711745927918815	51.0	0.0875445121032889
1131	ENSG00000133019	CHRM3	CHRM3	1.0	3.0	0.6632345657577118	40.0	0.08650885640317979
1132	ENSG00000180720	CHRM4	CHRM4	1.0	2.0	0.37941622053911933	32.0	0.03299271482948864
1135	ENSG00000120903	CHRNA2	CHRNA2	1.0	1.0	0.5467216607044189	32.0	0.023770506987148644
1136	ENSG00000080644	CHRNA3	CHRNA3	1.0	3.0	0.5341011035976878	40.0	0.06966536133882885
1137	ENSG00000101204	CHRNA4	CHRNA4	1.0	2.0	0.45511679234056746	39.0	0.039575373247005864
1139	ENSG00000274542	CHRNA7	CHRNA7	1.0	4.0	0.5912016928524257	49.0	0.10281768571346535
8534	ENSG00000175264	CHST1	CHST1	1.0	5.0	0.7366036767106617	18.0	0.16013123406753516
50515	ENSG00000171310	CHST11	CHST11	1.0	2.0	0.4794478433494468	49.0	0.04169111681299537
113189	ENSG00000169105	CHST14	CHST14	1.0	5.0	0.41294908977638106	33.0	0.08977154125573501
51363	ENSG00000182022	CHST15	CHST15	0.0	0.0	0.4872343932424867	33.0	0.0
9469	ENSG00000122863	CHST3	CHST3	1.0	2.0	0.3503855509129457	52.0	0.030468308775038755
64377	ENSG00000124302	CHST8	CHST8	0.0	0.0	0.19148513002237755	39.0	0.0
83539	ENSG00000154080	CHST9	CHST9	1.0	7.0	0.5715135830666622	24.0	0.1739389165855059
22856	ENSG00000131873	CHSY1	CHSY1	1.0	3.0	0.39549223686240137	53.0	0.05158594393857409
54921	ENSG00000168802	CHTF8	CHTF8	1.0	4.0	0.6577053651461024	9.0	0.11438354176453955
57019	ENSG00000005194	CIAPIN1	CIAPIN1	0.0	0.0	0.3624228594085499	33.0	0.0
10519	ENSG00000185043	CIB1	CIB1	1.0	4.0	0.35258356671208213	58.0	0.06131888116731863
10518	ENSG00000136425	CIB2	CIB2	1.0	7.0	0.6048688295421849	33.0	0.18409051333892584
1149	ENSG00000176194	CIDEA	CIDEA	0.0	0.0	0.31202811845658507	32.0	0.0
63924	ENSG00000187288	CIDEC	CIDEC	1.0	1.0	0.4854812906433119	2.0	0.021107882201883126
152302	ENSG00000186162	CIDECP1	CIDECP	0.0	0.0	0.4845944351694142	52.0	0.0
148113	ENSG00000160161	CILP2	CILP2	1.0	2.0	0.45566017824568933	7.0	0.03962262419527733
57650	ENSG00000163507	CIP2A	CIP2A	1.0	5.0	0.7111140475521576	33.0	0.15459001033742556
493856	ENSG00000145354	CISD2	CISD2	1.0	1.0	0.47259499950393213	32.0	0.020547608674084006
284106	ENSG00000274768	CISD3	CISD3	1.0	3.0	0.47764046676086624	33.0	0.06230093044706951
11113	ENSG00000122966	CIT	CIT	1.0	1.0	0.4569188625593553	32.0	0.019866037502580664
10370	ENSG00000164442	CITED2	CITED2	0.0	0.0	0.5191776785487395	32.0	0.0
1159	ENSG00000237289	CKMT1B	CKMT1B	0.0	0.0	0.4910264957186303	32.0	0.0
1160	ENSG00000131730	CKMT2	CKMT2	0.0	0.0	0.06195685323772868	32.0	0.0
1163	ENSG00000173207	CKS1B	CKS1B	1.0	8.0	0.6298414942684917	24.0	0.21907530235425796
22802	ENSG00000016602	CLCA4	CLCA4	1.0	1.0	0.38960577210471564	53.0	0.0169393813958572
23155	ENSG00000121940	CLCC1	CLCC1	1.0	1.0	0.527247930176122	32.0	0.02292382305113574
1182	ENSG00000109572	CLCN3	CLCN3	0.0	0.0	0.34077892099211604	32.0	0.0
1184	ENSG00000171365	CLCN5	CLCN5	0.0	0.0	0.16998418006917262	39.0	0.0
1185	ENSG00000011021	CLCN6	CLCN6	1.0	4.0	0.4135490132855688	32.0	0.07192156752792501
5010	ENSG00000013297	CLDN11	CLDN11	0.0	0.0	0.2808854055637257	31.0	0.0
1364	ENSG00000189143	CLDN4	CLDN4	1.0	4.0	0.6837810122927073	51.0	0.11891843692047083
7122	ENSG00000184113	CLDN5	CLDN5	0.0	0.0	0.21955149710055924	24.0	0.0
23274	ENSG00000038532	CLEC16A	CLEC16A	0.0	0.0	0.42748524801802873	32.0	0.0
497190	ENSG00000140839	CLEC18B	CLEC18B	0.0	0.0	0.3616976292562517	53.0	0.0
9976	ENSG00000110852	CLEC2B	CLEC2B	0.0	0.0	0.2761461130461856	7.0	0.0
29121	ENSG00000069493	CLEC2D	CLEC2D	1.0	3.0	0.5791108642437618	33.0	0.07553619968396892
154790	ENSG00000236279	CLEC2L	CLEC2L	0.0	0.0	0.2504367468650596	32.0	0.0
339390	ENSG00000182566	CLEC4G	CLEC4G	1.0	2.0	0.6805421604289504	31.0	0.05917757916773482
283420	ENSG00000197992	CLEC9A	CLEC9A	1.0	8.0	0.5727819204597266	49.0	0.1992284940729484
1047	ENSG00000153132	CLGN	CLGN	0.0	0.0	0.3928869176830861	31.0	0.0
25932	ENSG00000169504	CLIC4	CLIC4	0.0	0.0	0.35816520143558517	32.0	0.0
53405	ENSG00000112782	CLIC5	CLIC5	1.0	4.0	0.29268459242080314	16.0	0.050901668247096195
9685	ENSG00000113282	CLINT1	CLINT1	1.0	3.0	0.5008786451240531	33.0	0.06533199719009389
6249	ENSG00000130779	CLIP1	CLIP1	1.0	1.0	0.5328958005947158	32.0	0.023169382634552857
7461	ENSG00000106665	CLIP2	CLIP2	1.0	2.0	0.3956742559596479	55.0	0.03440645703996938
79745	ENSG00000115295	CLIP4	CLIP4	0.0	0.0	0.31078190183410564	32.0	0.0
57396	ENSG00000113240	CLK4	CLK4	1.0	1.0	0.6155111781067703	19.0	0.026761355569859577
79789	ENSG00000165959	CLMN	CLMN	0.0	0.0	0.36584849261407265	32.0	0.0
79827	ENSG00000166250	CLMP	CLMP	0.0	0.0	0.31257512018878114	32.0	0.0
1201	ENSG00000188603	CLN3	CLN3	1.0	3.0	0.6475425351684094	33.0	0.08446206980457514
1203	ENSG00000102805	CLN5	CLN5	1.0	3.0	0.39739008953731214	32.0	0.05183348993964941
54982	ENSG00000128973	CLN6	CLN6	0.0	0.0	0.40642412935230227	32.0	0.0
9575	ENSG00000134852	CLOCK	CLOCK	1.0	2.0	0.6531270105844118	16.0	0.056793653094296674
81570	ENSG00000162129	CLPB	CLPB	1.0	7.0	0.44022922954666055	18.0	0.13398280899246193
10845	ENSG00000166855	CLPX	CLPX	0.0	0.0	0.4607944716574893	32.0	0.0
22883	ENSG00000171603	CLSTN1	CLSTN1	1.0	2.0	0.6262495548786174	33.0	0.054456483032923254
64084	ENSG00000158258	CLSTN2	CLSTN2	1.0	4.0	0.6183120027166666	2.0	0.10753252221159419
9746	ENSG00000139182	CLSTN3	CLSTN3	1.0	3.0	0.5636938836383065	9.0	0.07352528917021389
1211	ENSG00000122705	CLTA	CLTA	1.0	3.0	0.5676277924249497	33.0	0.07403840770760213
1213	ENSG00000141367	CLTC	CLTC	1.0	2.0	0.5191128650476724	33.0	0.04514024913458021
8218	ENSG00000070371	CLTCL1	CLTCL1	1.0	3.0	0.43334864934679956	55.0	0.05652373687132168
1191	ENSG00000120885	CLU	CLU	1.0	1.0	0.4442648379545451	49.0	0.01931586251976283
100132341	ENSG00000290927	CLUHP3	CLUHP3	0.0	0.0	0.6240320715218548	33.0	0.0
157807	ENSG00000177182	CLVS1	CLVS1	1.0	1.0	0.5446995062179942	32.0	0.023682587226869313
134829	ENSG00000146352	CLVS2	CLVS2	0.0	0.0	0.4812005346153951	32.0	0.0
8418	ENSG00000293489	CMAHP	CMAHP	1.0	2.0	0.3928006328742775	32.0	0.03415657677167631
55907	ENSG00000111726	CMAS	CMAS	1.0	6.0	0.6905365233433328	31.0	0.18013996261130422
100272147	ENSG00000182712	CMC4	CMC4	1.0	6.0	0.4323688399159015	33.0	0.11279187128240908
80790	ENSG00000153815	CMIP	CMIP	1.0	7.0	0.8153425521558639	31.0	0.24814773326482817
1240	ENSG00000174600	CMKLR1	CMKLR1	1.0	2.0	0.529241878647088	16.0	0.04602103292583374
51727	ENSG00000162368	CMPK1	CMPK1	0.0	0.0	0.34496255072213294	53.0	0.0
129607	ENSG00000134326	CMPK2	CMPK2	1.0	1.0	0.591880679613289	32.0	0.025733942591882133
84319	ENSG00000184220	CMSS1	CMSS1	1.0	4.0	0.7576814513106152	18.0	0.1317706871844548
123920	ENSG00000140931	CMTM3	CMTM3	1.0	8.0	0.5300571902022841	49.0	0.18436771833122925
146223	ENSG00000183723	CMTM4	CMTM4	1.0	5.0	0.5687422284074055	41.0	0.12363961487117511
54918	ENSG00000091317	CMTM6	CMTM6	1.0	5.0	0.49733303982468613	33.0	0.10811587822275785
112616	ENSG00000153551	CMTM7	CMTM7	1.0	10.0	0.555705499132494	55.0	0.2416110865793452
152189	ENSG00000170293	CMTM8	CMTM8	1.0	14.0	0.7665125918785267	49.0	0.4665728820130163
55783	ENSG00000180917	CMTR2	CMTR2	1.0	3.0	0.5007779904147335	49.0	0.06531886831496524
202333	ENSG00000164309	CMYA5	CMYA5	0.0	0.0	0.24002894035675862	32.0	0.0
84735	ENSG00000150656	CNDP1	CNDP1	0.0	0.0	0.2164311538928972	32.0	0.0
255919	ENSG00000205423	CNEP1R1	CNEP1R1	0.0	0.0	0.44299773637665774	32.0	0.0
84518	ENSG00000105427	CNFN	CNFN	1.0	1.0	0.38603357746525174	52.0	0.016784068585445726
1258	ENSG00000070729	CNGB1	CNGB1	1.0	10.0	0.7049347474506568	49.0	0.3064933684568073
254263	ENSG00000174871	CNIH2	CNIH2	1.0	7.0	0.6803751399024532	55.0	0.20707069475292056
149111	ENSG00000143786	CNIH3	CNIH3	1.0	3.0	0.5970764268622764	18.0	0.07787953393855779
22866	ENSG00000149970	CNKSR2	CNKSR2	1.0	1.0	0.6188306393579303	32.0	0.026905679972083922
154043	ENSG00000153721	CNKSR3	CNKSR3	0.0	0.0	0.1497996724307137	32.0	0.0
11061	ENSG00000136110	CNMD	CNMD	1.0	4.0	0.46071149834509356	39.0	0.08012373884262497
1264	ENSG00000130176	CNN1	CNN1	1.0	2.0	0.5553097848616987	33.0	0.048287807379278146
1266	ENSG00000117519	CNN3	CNN3	1.0	12.0	0.5726250433474289	33.0	0.2987608921812673
26507	ENSG00000119946	CNNM1	CNNM1	0.0	0.0	0.4561829283259827	19.0	0.0
23019	ENSG00000125107	CNOT1	CNOT1	0.0	0.0	0.4382743229398101	32.0	0.0
246175	ENSG00000138767	CNOT6L	CNOT6L	0.0	0.0	0.5421043630037314	34.0	0.0
29883	ENSG00000198791	CNOT7	CNOT7	1.0	6.0	0.6844623161316741	8.0	0.17855538681695846
9337	ENSG00000155508	CNOT8	CNOT8	1.0	2.0	0.5915842381017197	51.0	0.0514421076610191
1268	ENSG00000118432	CNR1	CNR1	1.0	8.0	0.6330504420493122	49.0	0.22019145810410856
1269	ENSG00000188822	CNR2	CNR2	0.0	0.0	0.35557726109676463	9.0	0.0
25927	ENSG00000119865	CNRIP1	CNRIP1	1.0	5.0	0.754110469529618	52.0	0.16393705859339522
163882	ENSG00000162852	CNST	CNST	0.0	0.0	0.4194145514757637	18.0	0.0
54875	ENSG00000044459	CNTLN	CNTLN	1.0	2.0	0.3812294249547695	33.0	0.03315038477867561
1272	ENSG00000018236	CNTN1	CNTN1	1.0	9.0	0.7074721000663161	8.0	0.276836908721602
6900	ENSG00000184144	CNTN2	CNTN2	0.0	0.0	0.20681597693995557	32.0	0.0
5067	ENSG00000113805	CNTN3	CNTN3	1.0	9.0	0.7632249762591587	49.0	0.2986532515796708
152330	ENSG00000144619	CNTN4	CNTN4	0.0	0.0	0.3796351324223263	32.0	0.0
53942	ENSG00000149972	CNTN5	CNTN5	1.0	2.0	0.6986234456738438	31.0	0.06074986484120381
27255	ENSG00000134115	CNTN6	CNTN6	1.0	1.0	0.33603674158165	33.0	0.01461029311224565
26047	ENSG00000278728	CNTNAP2	CNTNAP2	1.0	1.0	0.4735677103527563	32.0	0.02058990045011984
79937	ENSG00000106714	CNTNAP3	CNTNAP3	1.0	3.0	0.6082850289413475	33.0	0.07934152551408881
129684	ENSG00000155052	CNTNAP5	CNTNAP5	1.0	2.0	0.6436672618549181	36.0	0.055971066248253744
11064	ENSG00000119397	CNTRL	CNTRL	0.0	0.0	0.40595600856481523	32.0	0.0
55744	ENSG00000106603	COA1	COA1	1.0	1.0	0.4729524319432873	9.0	0.020563149214925535
28958	ENSG00000183978	COA3	COA3	1.0	10.0	0.6045697677706171	33.0	0.2628564207698335
388753	ENSG00000168275	COA6	COA6	1.0	4.0	0.6446300639458324	49.0	0.11210957633840564
65260	ENSG00000162377	COA7	COA7	1.0	4.0	0.688827573427428	54.0	0.1197960997265092
80347	ENSG00000068120	COASY	COASY	1.0	1.0	0.4494152723189061	2.0	0.01953979444864809
23242	ENSG00000106078	COBL	COBL	1.0	5.0	0.6029104409529835	49.0	0.13106748716369207
22837	ENSG00000082438	COBLL1	COBLL1	1.0	1.0	0.4074526589611929	53.0	0.017715332998312735
1690	ENSG00000100473	COCH	COCH	1.0	7.0	0.6608659018587766	49.0	0.20113310056571462
9382	ENSG00000166685	COG1	COG1	1.0	10.0	0.8478083383175785	31.0	0.3686123210076428
22796	ENSG00000135775	COG2	COG2	0.0	0.0	0.43148028137201927	32.0	0.0
10466	ENSG00000284369	COG5	COG5	1.0	7.0	0.65306216022376	16.0	0.19875804876375305
1300	ENSG00000123500	COL10A1	COL10A1	1.0	10.0	0.7488382903833364	31.0	0.3255818653840593
1303	ENSG00000111799	COL12A1	COL12A1	1.0	4.0	0.6481261289516781	33.0	0.1127175876437701
1305	ENSG00000197467	COL13A1	COL13A1	1.0	1.0	0.5714019391562021	32.0	0.024843562572008784
1307	ENSG00000084636	COL16A1	COL16A1	1.0	1.0	0.3379064890886118	1.0	0.014691586482113557
1310	ENSG00000082293	COL19A1	COL19A1	1.0	2.0	0.6380221438161803	33.0	0.05548018641879828
1278	ENSG00000164692	COL1A2	COL1A2	0.0	0.0	0.31851396036779667	49.0	0.0
81578	ENSG00000124749	COL21A1	COL21A1	1.0	15.0	0.7647392244234607	53.0	0.49874297245008303
91522	ENSG00000050767	COL23A1	COL23A1	1.0	4.0	0.7203718078090002	52.0	0.12528205353200003
255631	ENSG00000171502	COL24A1	COL24A1	1.0	4.0	0.5887214381939083	49.0	0.10238633707720145
84570	ENSG00000188517	COL25A1	COL25A1	1.0	2.0	0.41606199923767606	53.0	0.036179304281537046
136227	ENSG00000160963	COL26A1	COL26A1	1.0	3.0	0.5520829798653588	40.0	0.07201082346069898
85301	ENSG00000196739	COL27A1	COL27A1	0.0	0.0	0.39610293046304995	31.0	0.0
1284	ENSG00000134871	COL4A2	COL4A2	1.0	9.0	0.6804974956052303	41.0	0.26628162871509015
10087	ENSG00000113163	CERT1	COL4A3BP	0.0	0.0	0.24167133490526527	39.0	0.0
1286	ENSG00000081052	COL4A4	COL4A4	0.0	0.0	0.2342867325064937	10.0	0.0
1289	ENSG00000130635	COL5A1	COL5A1	1.0	1.0	0.6014530940105124	32.0	0.02615013452219619
1290	ENSG00000204262	COL5A2	COL5A2	1.0	1.0	0.44686314455222753	32.0	0.01942883237183598
50509	ENSG00000080573	COL5A3	COL5A3	1.0	9.0	0.6977482603792041	52.0	0.2730319279744712
1291	ENSG00000142156	COL6A1	COL6A1	0.0	0.0	0.2941680520176175	32.0	0.0
1294	ENSG00000114270	COL7A1	COL7A1	0.0	0.0	0.4762045054843291	32.0	0.0
1296	ENSG00000171812	COL8A2	COL8A2	1.0	1.0	0.4184616610455784	42.0	0.018193985262851237
1298	ENSG00000049089	COL9A2	COL9A2	0.0	0.0	0.28898115073503655	32.0	0.0
1299	ENSG00000092758	COL9A3	COL9A3	0.0	0.0	0.21003598684955888	10.0	0.0
399948	ENSG00000196167	COLCA1	COLCA1	1.0	2.0	0.4437116198418403	33.0	0.03858361911668177
81035	ENSG00000158270	COLEC12	COLEC12	0.0	0.0	0.33321264636366554	32.0	0.0
23127	ENSG00000198756	COLGALT2	COLGALT2	1.0	4.0	0.45131358885582207	40.0	0.07848931980101254
51122	ENSG00000114744	COMMD2	COMMD2	1.0	3.0	0.5607701214067827	40.0	0.07314392887914557
149951	ENSG00000149600	COMMD7	COMMD7	1.0	3.0	0.6941437740394868	33.0	0.09054049226602001
1311	ENSG00000105664	COMP	COMP	1.0	3.0	0.3438996363455323	49.0	0.04485647430593899
118881	ENSG00000165644	COMTD1	COMTD1	1.0	4.0	0.6298538550718995	52.0	0.10953980088206948
64326	ENSG00000143207	COP1	COP1	1.0	5.0	0.8155997048963519	49.0	0.17730428367311998
1314	ENSG00000122218	COPA	COPA	0.0	0.0	0.3981115535206349	32.0	0.0
9276	ENSG00000184432	COPB2	COPB2	1.0	1.0	0.37786527760605243	53.0	0.01642892511330663
55352	ENSG00000172301	COPRS	COPRS	1.0	4.0	0.6749330761848942	40.0	0.11737966542345986
51138	ENSG00000138663	COPS4	COPS4	1.0	5.0	0.6099398842705062	33.0	0.13259562701532743
10987	ENSG00000121022	COPS5	COPS5	1.0	3.0	0.3453801413716892	8.0	0.04504958365717685
50813	ENSG00000111652	COPS7A	COPS7A	1.0	2.0	0.5315961701671916	7.0	0.04622575392758188
22818	ENSG00000111481	COPZ1	COPZ1	1.0	8.0	0.575594151043059	60.0	0.20020666123236835
27235	ENSG00000173085	COQ2	COQ2	0.0	0.0	0.3905011605314069	38.0	0.0
51805	ENSG00000132423	COQ3	COQ3	0.0	0.0	0.501625120330942	32.0	0.0
11151	ENSG00000102879	CORO1A	CORO1A	1.0	5.0	0.7025406347727082	53.0	0.15272622495058874
7464	ENSG00000106789	CORO2A	CORO2A	0.0	0.0	0.47521291383107583	32.0	0.0
84940	ENSG00000167549	CORO6	CORO6	0.0	0.0	0.5134811404962224	32.0	0.0
79585	ENSG00000282725	CORO7	CORO7	0.0	0.0	0.34133238771031205	32.0	0.0
23406	ENSG00000103187	COTL1	COTL1	0.0	0.0	0.3766095020406401	49.0	0.0
1353	ENSG00000166260	COX11	COX11	1.0	3.0	0.5047943016209819	3.0	0.06584273499404111
116228	ENSG00000203667	COX20	COX20	1.0	3.0	0.42149445358210785	2.0	0.0549775374237532
9377	ENSG00000178741	COX5A	COX5A	1.0	1.0	0.48130281712167244	32.0	0.020926209440072716
1337	ENSG00000111775	COX6A1	COX6A1	1.0	4.0	0.5051616693988509	31.0	0.08785420337371319
1346	ENSG00000161281	COX7A1	COX7A1	1.0	2.0	0.5286268630082357	52.0	0.045967553305063975
9167	ENSG00000115944	COX7A2L	COX7A2L	0.0	0.0	0.4293824120282505	31.0	0.0
27151	ENSG00000160111	CPAMD8	CPAMD8	1.0	8.0	0.5695859570879942	40.0	0.19811685463930231
1362	ENSG00000108582	CPD	CPD	0.0	0.0	0.37584702194702296	53.0	0.0
1363	ENSG00000109472	CPE	CPE	1.0	8.0	0.6160708914831383	32.0	0.21428552747239593
64506	ENSG00000214575	CPEB1	CPEB1	0.0	0.0	0.44684200787068	32.0	0.0
132864	ENSG00000137449	CPEB2	CPEB2	1.0	1.0	0.48784739401233984	52.0	0.021210756261406078
22849	ENSG00000107864	CPEB3	CPEB3	0.0	0.0	0.42857827093889633	32.0	0.0
80315	ENSG00000113742	CPEB4	CPEB4	1.0	1.0	0.6639510405822795	33.0	0.02886743654705563
10815	ENSG00000168993	CPLX1	CPLX1	0.0	0.0	0.3107909080087417	10.0	0.0
10814	ENSG00000145920	CPLX2	CPLX2	0.0	0.0	0.5171077741602704	31.0	0.0
594855	ENSG00000213578	CPLX3	CPLX3	1.0	12.0	0.8010374731973937	49.0	0.41793259471168365
1368	ENSG00000135678	CPM	CPM	0.0	0.0	0.242322804657388	32.0	0.0
221184	ENSG00000140848	CPNE2	CPNE2	1.0	4.0	0.49395318031098534	53.0	0.08590490092364962
8895	ENSG00000085719	CPNE3	CPNE3	1.0	9.0	0.614588146631857	40.0	0.24049101389942232
131034	ENSG00000196353	CPNE4	CPNE4	1.0	3.0	0.6776079135098166	32.0	0.08838364089258478
57699	ENSG00000124772	CPNE5	CPNE5	1.0	7.0	0.7414384028903384	53.0	0.22565516609705952
9362	ENSG00000285221	CPNE6	CPNE6	1.0	21.0	0.7583025642499612	32.0	0.6923632108369211
27132	ENSG00000178773	CPNE7	CPNE7	1.0	8.0	0.6836545495079144	58.0	0.2377928867853615
144402	ENSG00000139117	CPNE8	CPNE8	1.0	2.0	0.6940534829484171	33.0	0.06035247677812322
151835	ENSG00000144550	CPNE9	CPNE9	0.0	0.0	0.549072462451888	32.0	0.0
55313	ENSG00000103381	CPPED1	CPPED1	0.0	0.0	0.19470881237877022	32.0	0.0
29894	ENSG00000285049	CPSF1	CPSF1	0.0	0.0	0.5122904613762188	32.0	0.0
79869	ENSG00000149532	CPSF7	CPSF7	0.0	0.0	0.5128188756901632	33.0	0.0
1374	ENSG00000110090	CPT1A	CPT1A	0.0	0.0	0.1496564964227503	32.0	0.0
126129	ENSG00000169169	CPT1C	CPT1C	1.0	10.0	0.7534789488406749	3.0	0.32759954297420646
1376	ENSG00000157184	CPT2	CPT2	0.0	0.0	0.35019652964338255	52.0	0.0
54504	ENSG00000106066	CPVL	CPVL	1.0	3.0	0.49056179343862955	49.0	0.0639863208832995
119587	ENSG00000121898	CPXM2	CPXM2	0.0	0.0	0.0638856460818252	41.0	0.0
1381	ENSG00000166426	CRABP1	CRABP1	0.0	0.0	0.3309941452583902	32.0	0.0
57585	ENSG00000007545	CRAMP1	CRAMP1	1.0	3.0	0.6981788663127612	2.0	0.09106680864949059
1385	ENSG00000118260	CREB1	CREB1	1.0	4.0	0.6850459101396339	9.0	0.11913841915471894
64764	ENSG00000182158	CREB3L2	CREB3L2	1.0	1.0	0.35564404083049256	49.0	0.015462784383934459
84699	ENSG00000060566	CREB3L3	CREB3L3	1.0	1.0	0.34120595472182524	8.0	0.014835041509644575
1387	ENSG00000005339	CREBBP	CREBBP	1.0	3.0	0.5880991059389762	33.0	0.07670857903551863
153222	ENSG00000164463	CREBRF	CREBRF	0.0	0.0	0.2816965632306898	41.0	0.0
58487	ENSG00000137504	CREBZF	CREBZF	0.0	0.0	0.5902645524322045	31.0	0.0
8804	ENSG00000143162	CREG1	CREG1	1.0	10.0	0.6729569930553413	53.0	0.2925899969805832
200407	ENSG00000175874	CREG2	CREG2	1.0	4.0	0.628689512807266	51.0	0.1093373065751767
78987	ENSG00000163703	CRELD1	CRELD1	1.0	2.0	0.4897832431794593	33.0	0.04258984723299646
1390	ENSG00000095794	CREM	CREM	1.0	6.0	0.5721931453307297	33.0	0.14926777704279906
1392	ENSG00000147571	CRH	CRH	1.0	2.0	0.5972286232902432	33.0	0.05193292376436897
1393	ENSG00000145708	CRHBP	CRHBP	1.0	5.0	0.639507280025093	41.0	0.13902332174458545
51232	ENSG00000150938	CRIM1	CRIM1	1.0	9.0	0.6127307241442872	56.0	0.2397641964042863
1397	ENSG00000182809	CRIP2	CRIP2	1.0	3.0	0.6833955963789984	40.0	0.08913855604943458
401262	ENSG00000146215	CRIP3	CRIP3	1.0	3.0	0.7045665462146877	52.0	0.0918999842888723
9419	ENSG00000119878	CRIPT	CRIPT	1.0	3.0	0.5648167704495065	49.0	0.07367175266732694
83690	ENSG00000121005	CRISPLD1	CRISPLD1	0.0	0.0	0.23361483053491713	32.0	0.0
9244	ENSG00000006016	CRLF1	CRLF1	1.0	4.0	0.570425627955716	52.0	0.0992044570357767
1400	ENSG00000072832	CRMP1	CRMP1	1.0	8.0	0.8185193171423797	31.0	0.28470237117995817
84809	ENSG00000291072	CROCCP2	CROCCP2	0.0	0.0	0.4738417033546256	32.0	0.0
55118	ENSG00000095713	CRTAC1	CRTAC1	0.0	0.0	0.3429745315217023	19.0	0.0
1412	ENSG00000163499	CRYBA2	CRYBA2	0.0	0.0	0.0691108000745586	10.0	0.0
1414	ENSG00000100122	CRYBB1	CRYBB1	1.0	2.0	0.4028430443722048	33.0	0.03502982994540911
131544	ENSG00000080200	CRYBG3	CRYBG3	0.0	0.0	0.06818209879759476	32.0	0.0
1427	ENSG00000213139	CRYGS	CRYGS	1.0	1.0	0.5620631818992203	33.0	0.024437529647792187
1428	ENSG00000103316	CRYM	CRYM	1.0	2.0	0.696416104896312	40.0	0.060557922164896694
1429	ENSG00000116791	CRYZ	CRYZ	1.0	5.0	0.47886218736760766	54.0	0.10410047551469731
51380	ENSG00000139631	CSAD	CSAD	1.0	3.0	0.6824962316779604	65.0	0.08902124761016875
27254	ENSG00000172346	CSDC2	CSDC2	0.0	0.0	0.3450992968799167	31.0	0.0
1436	ENSG00000182578	CSF1R	CSF1R	1.0	5.0	0.5578524685865812	33.0	0.12127227577969156
1438	ENSG00000198223	CSF2RA	CSF2RA	1.0	6.0	0.517305432041759	33.0	0.13494924314132845
55790	ENSG00000147408	CSGALNACT1	CSGALNACT1	1.0	4.0	0.6635943183172829	49.0	0.1154077075334405
64478	ENSG00000183117	CSMD1	CSMD1	1.0	3.0	0.6857299522168891	51.0	0.08944303724568119
114758	ENSG00000240450	CSPG4P1Y	CSPG4P1Y	1.0	4.0	0.64179683679733	54.0	0.11161684118214435
81566	ENSG00000110925	CSRNP2	CSRNP2	1.0	2.0	0.6081721436057146	33.0	0.052884534226583874
1476	ENSG00000160213	CSTB	CSTB	1.0	8.0	0.4816595672757117	53.0	0.16753376253068233
1478	ENSG00000101811	CSTF2	CSTF2	1.0	1.0	0.39712077266929724	32.0	0.01726612055083901
23283	ENSG00000177613	CSTF2T	CSTF2T	0.0	0.0	0.31672831289447423	32.0	0.0
1479	ENSG00000176102	CSTF3	CSTF3	1.0	5.0	0.8341242777041095	33.0	0.18133136471828465
1488	ENSG00000175029	CTBP2	CTBP2	1.0	3.0	0.5073271226068599	24.0	0.06617310294872085
1486	ENSG00000117151	CTBS	CTBS	0.0	0.0	0.4120953259133109	32.0	0.0
80169	ENSG00000178971	CTC1	CTC1	1.0	6.0	0.6829745723471968	40.0	0.178167279742747
10664	ENSG00000102974	CTCF	CTCF	1.0	2.0	0.6570935021105854	36.0	0.057138565400920466
23399	ENSG00000175826	CTDNEP1	CTDNEP1	1.0	6.0	0.6015186809950781	9.0	0.15691791678132472
58190	ENSG00000144579	CTDSP1	CTDSP1	1.0	2.0	0.40758882412248354	32.0	0.03544250644543335
10217	ENSG00000144677	CTDSPL	CTDSPL	1.0	2.0	0.6205680774941408	31.0	0.05396244152122963
51496	ENSG00000137770	CTDSPL2	CTDSPL2	1.0	1.0	0.719215206656378	40.0	0.03127022637636426
1490	ENSG00000118523	CCN2	CTGF	1.0	2.0	0.5880899570428733	40.0	0.05113825713416289
9811	ENSG00000134030	CTIF	CTIF	0.0	0.0	0.4271211693335235	31.0	0.0
1495	ENSG00000044115	CTNNA1	CTNNA1	0.0	0.0	0.33359860215337106	32.0	0.0
1496	ENSG00000066032	CTNNA2	CTNNA2	1.0	7.0	0.6786228006154075	9.0	0.20653737410034143
8727	ENSG00000119326	CTNNAL1	CTNNAL1	1.0	1.0	0.6344739423076783	33.0	0.027585823578594706
1499	ENSG00000168036	CTNNB1	CTNNB1	1.0	6.0	0.6944181696296666	57.0	0.18115256599034782
56998	ENSG00000178585	CTNNBIP1	CTNNBIP1	1.0	6.0	0.5352620764018697	33.0	0.13963358514831384
1501	ENSG00000169862	CTNND2	CTNND2	1.0	8.0	0.7252940135808958	8.0	0.2522761786368333
1497	ENSG00000040531	CTNS	CTNS	1.0	3.0	0.32568955074072	53.0	0.04248124574878956
56474	ENSG00000047230	CTPS2	CTPS2	0.0	0.0	0.419205010141653	31.0	0.0
5476	ENSG00000064601	CTSA	CTSA	0.0	0.0	0.4340956082536697	33.0	0.0
1508	ENSG00000164733	CTSB	CTSB	1.0	2.0	0.5462588795451526	33.0	0.047500772134361095
1075	ENSG00000109861	CTSC	CTSC	0.0	0.0	0.3875340316213243	31.0	0.0
1509	ENSG00000117984	CTSD	CTSD	1.0	3.0	0.4190093988664798	9.0	0.05465339985214954
1512	ENSG00000103811	CTSH	CTSH	1.0	6.0	0.4004207344807214	52.0	0.10445758290801428
1513	ENSG00000143387	CTSK	CTSK	1.0	2.0	0.5585024209898817	51.0	0.048565427912163624
1514	ENSG00000135047	CTSL	CTSL	1.0	1.0	0.27201485052718216	50.0	0.011826732631616616
1519	ENSG00000263238	CTSO	CTSO	1.0	4.0	0.562592800632903	33.0	0.0978422261970266
1520	ENSG00000163131	CTSS	CTSS	1.0	7.0	0.48409116646650424	60.0	0.14733209414197956
1522	ENSG00000101160	CTSZ	CTSZ	0.0	0.0	0.09917232488000818	38.0	0.0
2017	ENSG00000288401	CTTN	CTTN	1.0	1.0	0.34652648280906934	53.0	0.015066368817785622
83992	ENSG00000077063	CTTNBP2	CTTNBP2	0.0	0.0	0.3773440953925265	32.0	0.0
404217	ENSG00000178531	CTXN1	CTXN1	1.0	9.0	0.7317665483570274	32.0	0.2863434319657933
399697	ENSG00000233932	CTXN2	CTXN2	1.0	3.0	0.6565477647411375	33.0	0.08563666496623533
613212	ENSG00000205279	CTXN3	CTXN3	0.0	0.0	0.13907587173196984	39.0	0.0
100996492	ENSG00000259417	CTXND1	CTXND1	1.0	2.0	0.6613687328314987	49.0	0.05751032459404336
404093	ENSG00000180891	CUEDC1	CUEDC1	1.0	1.0	0.38308305035039464	52.0	0.016655784797843246
8454	ENSG00000055130	CUL1	CUL1	1.0	1.0	0.5238413900897859	4.0	0.022775712612599388
8453	ENSG00000108094	CUL2	CUL2	1.0	6.0	0.609952483710214	40.0	0.15911803922875148
8452	ENSG00000036257	CUL3	CUL3	0.0	0.0	0.49197561368857884	32.0	0.0
8451	ENSG00000139842	CUL4A	CUL4A	1.0	5.0	0.4667788291117954	40.0	0.10147365850256422
8450	ENSG00000158290	CUL4B	CUL4B	1.0	2.0	0.5921405213463466	33.0	0.05149048011707362
23113	ENSG00000112659	CUL9	CUL9	1.0	2.0	0.6168466724889091	33.0	0.053638841085992095
1523	ENSG00000257923	CUX1	CUX1	0.0	0.0	0.39123332334106364	49.0	0.0
23316	ENSG00000111249	CUX2	CUX2	1.0	2.0	0.65243309142152	36.0	0.05673331229752347
143884	ENSG00000152404	CWF19L2	CWF19L2	0.0	0.0	0.32358237636499737	32.0	0.0
6376	ENSG00000006210	CX3CL1	CX3CL1	1.0	6.0	0.7434005626082372	52.0	0.19393058154997492
1524	ENSG00000168329	CX3CR1	CX3CR1	1.0	5.0	0.4627618743949346	33.0	0.10060040747715969
1525	ENSG00000154639	CXADR	CXADR	1.0	16.0	0.8445861589376212	18.0	0.5875381975218235
6387	ENSG00000107562	CXCL12	CXCL12	0.0	0.0	0.2786656190525699	32.0	0.0
9547	ENSG00000145824	CXCL14	CXCL14	1.0	7.0	0.6492230378528082	49.0	0.19758962021607207
2920	ENSG00000081041	CXCL2	CXCL2	1.0	2.0	0.45159860152187314	33.0	0.039269443610597664
2921	ENSG00000163734	CXCL3	CXCL3	1.0	2.0	0.4142748678785653	16.0	0.03602390155465785
7852	ENSG00000121966	CXCR4	CXCR4	1.0	4.0	0.44511562264719834	33.0	0.07741141263429537
80319	ENSG00000168772	CXXC4	CXXC4	1.0	7.0	0.6126915920551543	58.0	0.18647135410374263
51523	ENSG00000171604	CXXC5	CXXC5	1.0	2.0	0.5803852768904794	51.0	0.050468284946998204
79742	ENSG00000147113	DIPK2B	CXorf36	0.0	0.0	0.23793132549684945	32.0	0.0
159013	ENSG00000185753	CXorf38	CXorf38	1.0	3.0	0.4674633046239469	53.0	0.06097347451616699
63932	ENSG00000018610	STEEP1	CXorf56	0.0	0.0	0.46371261670102193	53.0	0.0
55086	ENSG00000147231	RADX	CXorf57	1.0	11.0	0.6836438042391757	1.0	0.3269600802883014
1534	ENSG00000008283	CYB561	CYB561	1.0	4.0	0.7248512433098302	33.0	0.12606108579301395
124936	ENSG00000167740	CYB5D2	CYB5D2	1.0	8.0	0.5649051380465557	18.0	0.19648874366836722
51706	ENSG00000159348	CYB5R1	CYB5R1	1.0	9.0	0.563690878704853	18.0	0.2205746916671164
1727	ENSG00000100243	CYB5R3	CYB5R3	1.0	3.0	0.5075483287552938	40.0	0.06620195592460354
1535	ENSG00000051523	CYBA	CYBA	1.0	4.0	0.44154877117046315	33.0	0.07679109063834141
1536	ENSG00000165168	CYBB	CYBB	1.0	7.0	0.5200180633885549	33.0	0.15826636711825587
79901	ENSG00000071967	CYBRD1	CYBRD1	1.0	2.0	0.46578298998704526	33.0	0.04050286869452567
1537	ENSG00000179091	CYC1	CYC1	0.0	0.0	0.3577659358191747	32.0	0.0
54205	ENSG00000172115	CYCS	CYCS	1.0	3.0	0.4891175550804994	3.0	0.06379794196702167
23191	ENSG00000288461	CYFIP1	CYFIP1	1.0	2.0	0.5090750214857719	32.0	0.04426739317267581
50626	ENSG00000187954	ZFTRAF1	CYHR1	1.0	5.0	0.6859716496819065	49.0	0.14912427166997966
1540	ENSG00000083799	CYLD	CYLD	1.0	1.0	0.4407726619141986	31.0	0.0191640287788782
1583	ENSG00000140459	CYP11A1	CYP11A1	1.0	5.0	0.43776432319873654	16.0	0.09516615721711663
1545	ENSG00000138061	CYP1B1	CYP1B1	1.0	2.0	0.43145663595844685	49.0	0.03751796834421277
285154	ENSG00000232973	CYP1B1-AS1	CYP1B1-AS1	0.0	0.0	0.6516605092950571	60.0	0.0
57404	ENSG00000119004	CYP20A1	CYP20A1	0.0	0.0	0.2852128436407234	32.0	0.0
1592	ENSG00000095596	CYP26A1	CYP26A1	1.0	4.0	0.5754003648257354	33.0	0.10006962866534529
56603	ENSG00000003137	CYP26B1	CYP26B1	1.0	1.0	0.666553132021429	36.0	0.028980570957453433
1571	ENSG00000130649	CYP2E1	CYP2E1	0.0	0.0	0.5978859007116963	32.0	0.0
1573	ENSG00000134716	CYP2J2	CYP2J2	1.0	4.0	0.49028973528775466	52.0	0.08526778005004429
10858	ENSG00000036530	CYP46A1	CYP46A1	1.0	8.0	0.6179762321404769	49.0	0.21494825465755718
285440	ENSG00000145476	CYP4V2	CYP4V2	1.0	8.0	0.4968851577429937	33.0	0.17282962008451955
260293	ENSG00000186377	CYP4X1	CYP4X1	1.0	6.0	0.8243756982584639	33.0	0.21505452998046884
199974	ENSG00000186160	CYP4Z1	CYP4Z1	1.0	10.0	0.8400326709948379	52.0	0.3652315960847121
9420	ENSG00000172817	CYP7B1	CYP7B1	1.0	2.0	0.4191539456239837	32.0	0.036448169184694235
192668	ENSG00000205795	CYS1	CYS1	1.0	5.0	0.8047219248931854	49.0	0.1749395488898229
10800	ENSG00000173198	CYSLTR1	CYSLTR1	1.0	3.0	0.4313140707673822	53.0	0.05625835705661507
84418	ENSG00000120306	CYSTM1	CYSTM1	1.0	2.0	0.38361922921810615	40.0	0.03335819384505271
9267	ENSG00000108669	CYTH1	CYTH1	0.0	0.0	0.2830517778274353	32.0	0.0
27128	ENSG00000100055	CYTH4	CYTH4	1.0	5.0	0.49048202078246894	55.0	0.10662652625705846
54360	ENSG00000170891	CYTL1	CYTL1	1.0	1.0	0.31724156016749205	5.0	0.013793111311630088
112597	ENSG00000222041	CYTOR	CYTOR	1.0	13.0	0.8283715007475705	52.0	0.46820997868340936
23002	ENSG00000100592	DAAM1	DAAM1	1.0	5.0	0.6313310205099775	40.0	0.13724587402390814
1601	ENSG00000153071	DAB2	DAB2	1.0	4.0	0.41973399907548475	33.0	0.07299721723051908
1602	ENSG00000276644	DACH1	DACH1	0.0	0.0	0.3014786023120046	18.0	0.0
117154	ENSG00000126733	DACH2	DACH2	1.0	8.0	0.6621361630780764	53.0	0.23030823063585268
51339	ENSG00000165617	DACT1	DACT1	1.0	12.0	0.7940850266162365	31.0	0.4143052312780364
168002	ENSG00000164488	DACT2	DACT2	0.0	0.0	0.3752260186116787	53.0	0.0
147906	ENSG00000197380	DACT3	DACT3	1.0	6.0	0.5849787985644854	41.0	0.15260316484290923
1603	ENSG00000129562	DAD1	DAD1	1.0	6.0	0.32695027192147863	49.0	0.08529137528386399
221955	ENSG00000164535	DAGLB	DAGLB	1.0	2.0	0.7410703317297489	33.0	0.0644408984112825
55152	ENSG00000178149	DALRD3	DALRD3	1.0	3.0	0.5909614471825348	40.0	0.0770819278933741
1611	ENSG00000112977	DAP	DAP	1.0	5.0	0.5617075094188679	33.0	0.1221103281345365
7818	ENSG00000132676	DAP3	DAP3	1.0	3.0	0.5228641461015954	42.0	0.06819967123064287
100506897	ENSG00000236709	DAPK1-IT1	DAPK1-IT1	1.0	2.0	0.6147070030385133	52.0	0.053452782872914203
1613	ENSG00000167657	DAPK3	DAPK3	1.0	2.0	0.5200164194727565	31.0	0.04521881908458752
92196	ENSG00000163331	DAPL1	DAPL1	1.0	9.0	0.650404830918961	52.0	0.2545062381856804
1615	ENSG00000115866	DARS1	DARS	1.0	5.0	0.45740493519292985	40.0	0.09943585547672387
1622	ENSG00000155368	DBI	DBI	1.0	7.0	0.458433812539781	24.0	0.1395233342512377
1627	ENSG00000113758	DBN1	DBN1	1.0	7.0	0.6935891844951619	49.0	0.21109236049852756
79007	ENSG00000003249	DBNDD1	DBNDD1	1.0	2.0	0.5135132622320073	2.0	0.04465332715060933
28988	ENSG00000136279	DBNL	DBNL	1.0	5.0	0.573536408342281	33.0	0.12468182790049587
51163	ENSG00000138231	DBR1	DBR1	1.0	1.0	0.48222064243826485	32.0	0.02096611488862021
1629	ENSG00000137992	DBT	DBT	1.0	4.0	0.5491725747450534	9.0	0.09550827386870495
440097	ENSG00000185610	DBX2	DBX2	1.0	1.0	0.4166387188836068	52.0	0.018114726907982905
79269	ENSG00000122741	DCAF10	DCAF10	1.0	3.0	0.5953903388774875	33.0	0.07765960941880272
80344	ENSG00000100897	DCAF11	DCAF11	1.0	6.0	0.7345487290878845	33.0	0.19162140758814378
25853	ENSG00000198876	DCAF12	DCAF12	1.0	1.0	0.49491846408970736	31.0	0.02151819409085684
25879	ENSG00000164934	DCAF13	DCAF13	0.0	0.0	0.3212717454240084	32.0	0.0
80067	ENSG00000115827	DCAF17	DCAF17	1.0	1.0	0.3539849332650558	32.0	0.01539064927239373
26094	ENSG00000119599	DCAF4	DCAF4	1.0	3.0	0.6587896469361904	33.0	0.08592908438298134
55827	ENSG00000143164	DCAF6	DCAF6	1.0	1.0	0.5962292524167707	33.0	0.025923010974642204
10238	ENSG00000136485	DCAF7	DCAF7	1.0	9.0	0.6192289935121884	52.0	0.24230699746129114
50717	ENSG00000132716	DCAF8	DCAF8	1.0	3.0	0.5879692140463978	51.0	0.07669163661474754
347442	ENSG00000189186	DCAF8L2	DCAF8L2	0.0	0.0	0.23809280141227399	31.0	0.0
79877	ENSG00000172992	DCAKD	DCAKD	1.0	1.0	0.46359406827952276	40.0	0.02015626383824012
285761	ENSG00000164465	DCBLD1	DCBLD1	1.0	4.0	0.5790570407951449	31.0	0.10070557231219911
131566	ENSG00000057019	DCBLD2	DCBLD2	0.0	0.0	0.4039304103677937	18.0	0.0
1630	ENSG00000187323	DCC	DCC	1.0	2.0	0.5979187026537482	52.0	0.05199293066554332
341019	ENSG00000170959	DCDC1	DCDC1	0.0	0.0	0.41292307112242266	31.0	0.0
9201	ENSG00000133083	DCLK1	DCLK1	1.0	1.0	0.3734422088116924	32.0	0.016236617774421407
9937	ENSG00000198924	DCLRE1A	DCLRE1A	0.0	0.0	0.4947359907636876	19.0	0.0
1634	ENSG00000011465	DCN	DCN	1.0	4.0	0.4536040071206357	40.0	0.07888765341228447
55802	ENSG00000272886	DCP1A	DCP1A	0.0	0.0	0.4174963393833534	32.0	0.0
167227	ENSG00000172795	DCP2	DCP2	1.0	2.0	0.6496682844352837	40.0	0.05649289429872032
28960	ENSG00000110063	DCPS	DCPS	0.0	0.0	0.41822746793496574	31.0	0.0
1635	ENSG00000129187	DCTD	DCTD	1.0	4.0	0.6665931756140019	33.0	0.11592924793286989
1639	ENSG00000204843	DCTN1	DCTN1	1.0	4.0	0.5641546120932919	51.0	0.09811384558144207
10540	ENSG00000175203	DCTN2	DCTN2	1.0	1.0	0.35086632673507717	32.0	0.01525505768413379
11258	ENSG00000137100	DCTN3	DCTN3	1.0	5.0	0.6146147995919875	33.0	0.1336119129547799
51164	ENSG00000132912	DCTN4	DCTN4	0.0	0.0	0.46025580039256986	32.0	0.0
10671	ENSG00000104671	DCTN6	DCTN6	1.0	5.0	0.514307505956465	8.0	0.11180597955575326
79077	ENSG00000179958	DCTPP1	DCTPP1	1.0	4.0	0.6223811349632326	40.0	0.10824019738491
55208	ENSG00000150401	DCUN1D2	DCUN1D2	0.0	0.0	0.3581208643062088	31.0	0.0
51181	ENSG00000169738	DCXR	DCXR	1.0	1.0	0.2723939307985493	16.0	0.011843214382545621
79016	ENSG00000130311	DDA1	DDA1	1.0	8.0	0.7160864392605593	40.0	0.2490735440906293
23576	ENSG00000153904	DDAH1	DDAH1	1.0	7.0	0.47129786132593315	41.0	0.14343847953397967
23564	ENSG00000226634	DDAH2	DDAH2	1.0	5.0	0.5340985208099367	40.0	0.11610837408911667
1643	ENSG00000134574	DDB2	DDB2	1.0	1.0	0.5006488456394053	33.0	0.02176734111475675
1644	ENSG00000132437	DDC	DDC	0.0	0.0	0.4169716810566908	32.0	0.0
80821	ENSG00000100523	DDHD1	DDHD1	1.0	1.0	0.4008701427392945	32.0	0.01742913664083889
23259	ENSG00000085788	DDHD2	DDHD2	0.0	0.0	0.39624715828767143	32.0	0.0
115265	ENSG00000145358	DDIT4L	DDIT4L	1.0	2.0	0.5366018779212223	32.0	0.04666103286271498
23109	ENSG00000181418	DDN	DDN	1.0	8.0	0.7493052655141984	32.0	0.26062791843972116
780	ENSG00000215522	DDR1	DDR1	1.0	5.0	0.41574229361140747	33.0	0.09037875948074076
4921	ENSG00000162733	DDR2	DDR2	1.0	3.0	0.40508725904086346	33.0	0.052837468570547406
65992	ENSG00000198171	DDRGK1	DDRGK1	1.0	5.0	0.6764211829408056	40.0	0.1470480832480012
1653	ENSG00000079785	DDX1	DDX1	1.0	2.0	0.4489530296617643	4.0	0.03903939388363168
1662	ENSG00000178105	DDX10	DDX10	1.0	4.0	0.6199496904150691	33.0	0.10781733746349027
11269	ENSG00000157349	DDX19B	DDX19B	0.0	0.0	0.6136404450163713	52.0	0.0
29118	ENSG00000109832	DDX25	DDX25	1.0	6.0	0.7903742720634073	49.0	0.2061845927121932
64794	ENSG00000125485	DDX31	DDX31	1.0	1.0	0.3958674284705406	32.0	0.017211627324806113
10212	ENSG00000123136	DDX39A	DDX39A	1.0	1.0	0.2443148153727767	34.0	0.010622383277077247
1654	ENSG00000215301	DDX3X	DDX3X	1.0	1.0	0.36003125799297553	32.0	0.015653532956216326
9879	ENSG00000145833	DDX46	DDX46	0.0	0.0	0.456261409890318	10.0	0.0
1655	ENSG00000108654	DDX5	DDX5	1.0	1.0	0.5223495291364734	51.0	0.022710849092890145
79039	ENSG00000123064	DDX54	DDX54	1.0	5.0	0.7490421931882851	52.0	0.16283525938875762
23586	ENSG00000107201	RIGI	DDX58	1.0	2.0	0.3849175309519332	32.0	0.03347108964799419
83479	ENSG00000118197	DDX59	DDX59	1.0	2.0	0.4415742738314075	53.0	0.03839776294186152
91351	ENSG00000181381	DDX60L	DDX60L	1.0	3.0	0.46052044037256734	8.0	0.06006788352685661
10522	ENSG00000282712	DEAF1	DEAF1	1.0	8.0	0.7789784421848024	16.0	0.2709490233686269
162989	ENSG00000160570	DEDD2	DEDD2	1.0	2.0	0.6385832402015749	40.0	0.05552897740883259
644414	ENSG00000186146	DEFB131A	DEFB131A	0.0	0.0	0.35122428324332494	52.0	0.0
7913	ENSG00000124795	DEK	DEK	1.0	5.0	0.5671219215980887	51.0	0.12328737426045407
57706	ENSG00000119522	DENND1A	DENND1A	1.0	11.0	0.8603399458927846	8.0	0.4114669306443753
163486	ENSG00000213047	DENND1B	DENND1B	0.0	0.0	0.3604340185052833	31.0	0.0
79958	ENSG00000205744	DENND1C	DENND1C	1.0	15.0	0.6028652638774776	49.0	0.3931729981809637
163259	ENSG00000175984	DENND2C	DENND2C	1.0	6.0	0.5584503050750508	49.0	0.14568268828044803
79961	ENSG00000162777	DENND2D	DENND2D	0.0	0.0	0.15465542444085334	32.0	0.0
22898	ENSG00000105339	DENND3	DENND3	1.0	3.0	0.5515585983634658	33.0	0.07194242587349553
9909	ENSG00000198837	DENND4B	DENND4B	1.0	2.0	0.5328800335334153	32.0	0.04633739422029698
160518	ENSG00000170456	DENND5B	DENND5B	0.0	0.0	0.3198917212233592	31.0	0.0
201627	ENSG00000174839	DENND6A	DENND6A	0.0	0.0	0.31933867533459664	32.0	0.0
9681	ENSG00000100150	DEPDC5	DEPDC5	1.0	1.0	0.4726939557589431	32.0	0.020551911119954046
91614	ENSG00000121690	DEPDC7	DEPDC7	1.0	1.0	0.2961511073586984	49.0	0.012876135102552103
64798	ENSG00000155792	DEPTOR	DEPTOR	0.0	0.0	0.24546182658837135	10.0	0.0
79139	ENSG00000136986	DERL1	DERL1	1.0	2.0	0.6086576857771054	55.0	0.05292675528496569
51009	ENSG00000072849	DERL2	DERL2	1.0	7.0	0.5460645205845077	8.0	0.16619354974311107
28955	ENSG00000182108	DEXI	DEXI	0.0	0.0	0.17637183505224538	28.0	0.0
84649	ENSG00000062282	DGAT2	DGAT2	1.0	4.0	0.5898487063482042	53.0	0.10258238371273116
26220	ENSG00000273032	DGCR5	DGCR5	1.0	2.0	0.5842319325543214	33.0	0.05080277674385403
54487	ENSG00000128191	DGCR8	DGCR8	0.0	0.0	0.4893603911131102	49.0	0.0
26220	ENSG00000273032	DGCR5	DGCR9	1.0	1.0	0.6005490568912633	1.0	0.026110828560489706
1606	ENSG00000065357	DGKA	DGKA	1.0	5.0	0.746971907117044	53.0	0.16238519719935737
1607	ENSG00000136267	DGKB	DGKB	1.0	6.0	0.7316672359096876	49.0	0.19086971371557068
8527	ENSG00000077044	DGKD	DGKD	0.0	0.0	0.355137468573978	7.0	0.0
1608	ENSG00000058866	DGKG	DGKG	1.0	4.0	0.6266177611417132	53.0	0.10897700193768925
160851	ENSG00000102780	DGKH	DGKH	1.0	2.0	0.5807965657700287	31.0	0.0505040491973938
8525	ENSG00000149091	DGKZ	DGKZ	1.0	6.0	0.7510787887049493	9.0	0.19593359705346503
1718	ENSG00000116133	DHCR24	DHCR24	1.0	3.0	0.38914849729853934	49.0	0.05075849964763556
1717	ENSG00000172893	DHCR7	DHCR7	1.0	3.0	0.41764222926618694	60.0	0.05447507338254612
27294	ENSG00000104808	DHDH	DHDH	1.0	8.0	0.8056801104049369	65.0	0.28023656014084763
1719	ENSG00000228716	DHFR	DHFR	1.0	1.0	0.22696893731895368	53.0	0.009868214666041463
200895	ENSG00000178700	DHFR2	DHFR2	0.0	0.0	0.36698570263616637	32.0	0.0
1723	ENSG00000102967	DHODH	DHODH	1.0	2.0	0.4532016564633618	52.0	0.039408839692466245
1725	ENSG00000095059	DHPS	DHPS	1.0	3.0	0.5496803413514902	33.0	0.07169743582845525
79154	ENSG00000275397	DHRS11	DHRS11	1.0	2.0	0.5683748321428673	32.0	0.04942389844720585
79758	ENSG00000102796	DHRS12	DHRS12	1.0	6.0	0.5851335177954184	60.0	0.1526435263814135
10202	ENSG00000100867	DHRS2	DHRS2	1.0	4.0	0.5870080358277723	58.0	0.10208835405700387
9249	ENSG00000162496	DHRS3	DHRS3	0.0	0.0	0.23825669051139295	39.0	0.0
10901	ENSG00000284807	DHRS4	DHRS4	1.0	3.0	0.4353993487731504	49.0	0.05679121940519353
51635	ENSG00000100612	DHRS7	DHRS7	1.0	1.0	0.35726020591289	33.0	0.015533052430995216
207063	ENSG00000292338	DHRSX	DHRSX	1.0	3.0	0.3561448306924791	33.0	0.04645367356858423
8449	ENSG00000231377	DHX16	DHX16	1.0	3.0	0.5233185064776273	2.0	0.06825893562751661
56919	ENSG00000005100	DHX33	DHX33	1.0	4.0	0.6730402331695147	33.0	0.11705047533382863
60625	ENSG00000101452	DHX35	DHX35	0.0	0.0	0.3472583056591655	48.0	0.0
79665	ENSG00000108406	DHX40	DHX40	1.0	1.0	0.4351992300165036	33.0	0.01892170565289146
79132	ENSG00000108771	DHX58	DHX58	1.0	16.0	0.7500598948276179	52.0	0.5217807964018212
1729	ENSG00000131504	DIAPH1	DIAPH1	0.0	0.0	0.7061426496871562	56.0	0.0
1730	ENSG00000147202	DIAPH2	DIAPH2	1.0	10.0	0.7246686319675542	31.0	0.31507331824676266
81624	ENSG00000139734	DIAPH3	DIAPH3	1.0	8.0	0.4871192473676671	52.0	0.16943278169310158
11083	ENSG00000101191	DIDO1	DIDO1	1.0	2.0	0.5959772921318663	51.0	0.051824112359292726
27292	ENSG00000086189	DIMT1	DIMT1	1.0	2.0	0.4914540248889252	53.0	0.042735132599036975
1734	ENSG00000211448	DIO2	DIO2	1.0	6.0	0.5896792966715124	18.0	0.15382938174039454
23181	ENSG00000160305	DIP2A	DIP2A	0.0	0.0	0.23296021073760445	10.0	0.0
57609	ENSG00000066084	DIP2B	DIP2B	0.0	0.0	0.21114241502314007	32.0	0.0
148252	ENSG00000176490	DIRAS1	DIRAS1	0.0	0.0	0.3949196729667413	32.0	0.0
54769	ENSG00000165023	DIRAS2	DIRAS2	1.0	2.0	0.6132532553750052	33.0	0.05332637003260914
9077	ENSG00000162595	DIRAS3	DIRAS3	1.0	7.0	0.6454320129480366	49.0	0.19643583002766335
84925	ENSG00000138463	SLC49A4	DIRC2	1.0	6.0	0.5395162425573736	52.0	0.14074336762366269
22894	ENSG00000083520	DIS3	DIS3	0.0	0.0	0.5251199874018956	31.0	0.0
129563	ENSG00000144535	DIS3L2	DIS3L2	1.0	1.0	0.583096741479495	31.0	0.02535203223823891
84976	ENSG00000154309	DISP1	DISP1	0.0	0.0	0.3476322636294088	32.0	0.0
374387	ENSG00000205106	LINC02716	DKFZp779M0652	1.0	8.0	0.580008829845599	55.0	0.20174220168542573
10395	ENSG00000164741	DLC1	DLC1	0.0	0.0	0.12445164369984307	32.0	0.0
1738	ENSG00000091140	DLD	DLD	1.0	2.0	0.446390957945306	3.0	0.03881660503872226
9940	ENSG00000008226	DLEC1	DLEC1	1.0	2.0	0.5106053557966928	40.0	0.044400465721451544
220107	ENSG00000186047	DLEU7	DLEU7	1.0	5.0	0.6734947800681123	33.0	0.14641190871045917
1740	ENSG00000150672	DLG2	DLG2	1.0	8.0	0.7377941802104357	49.0	0.2566240626818907
9229	ENSG00000170579	DLGAP1	DLGAP1	1.0	1.0	0.6635373000731408	2.0	0.028849447829266992
101410534	ENSG00000263878	DLGAP1-AS4	DLGAP1-AS4	1.0	3.0	0.6537937402616195	51.0	0.08527744438195037
9228	ENSG00000198010	DLGAP2	DLGAP2	1.0	2.0	0.645342085185046	2.0	0.056116703059569215
58512	ENSG00000116544	DLGAP3	DLGAP3	1.0	2.0	0.6600448804202729	53.0	0.0573952069930672
65989	ENSG00000171462	DLK2	DLK2	1.0	7.0	0.7079645769976947	33.0	0.21546747995582013
10683	ENSG00000090932	DLL3	DLL3	1.0	13.0	0.7459375101181395	49.0	0.4216168535450353
1745	ENSG00000144355	DLX1	DLX1	1.0	5.0	0.6746360992730748	49.0	0.1466600215811032
1746	ENSG00000115844	DLX2	DLX2	1.0	6.0	0.6897615111406765	18.0	0.1799377855149591
55101	ENSG00000105341	DMAC2	DMAC2	1.0	3.0	0.5117208656072225	49.0	0.06674619986181163
1756	ENSG00000198947	DMD	DMD	1.0	8.0	0.787801022541003	18.0	0.2740177469707837
29958	ENSG00000132837	DMGDH	DMGDH	1.0	9.0	0.5886502502818828	32.0	0.230341402284215
93099	ENSG00000161249	DMKN	DMKN	1.0	1.0	0.48579301467529235	31.0	0.021121435420664882
2039	ENSG00000158856	DMTN	DMTN	1.0	5.0	0.6970527484107147	53.0	0.15153320617624233
23312	ENSG00000104093	DMXL2	DMXL2	1.0	4.0	0.7007378318449047	54.0	0.12186744901650516
55172	ENSG00000165506	DNAAF2	DNAAF2	1.0	1.0	0.5568016820969935	31.0	0.024208768786825804
161582	ENSG00000256061	DNAAF4	DNAAF4	1.0	10.0	0.7104682556480703	33.0	0.3088992415861175
54919	ENSG00000164818	DNAAF5	DNAAF5	0.0	0.0	0.43370387750085154	31.0	0.0
201625	ENSG00000174844	DNAH12	DNAH12	1.0	6.0	0.5233871422868154	40.0	0.13653577624873445
127602	ENSG00000185842	DNAH14	DNAH14	1.0	7.0	0.6886465789457185	41.0	0.2095880892443491
146754	ENSG00000183914	DNAH2	DNAH2	1.0	5.0	0.6794103687721572	52.0	0.14769790625481677
1767	ENSG00000039139	DNAH5	DNAH5	1.0	13.0	0.771736934965994	18.0	0.4361991371546923
1770	ENSG00000007174	DNAH9	DNAH9	1.0	3.0	0.5116498421538646	40.0	0.06673693593311276
3301	ENSG00000086061	DNAJA1	DNAJA1	1.0	5.0	0.6235643870631445	40.0	0.13555747544850968
10294	ENSG00000069345	DNAJA2	DNAJA2	1.0	5.0	0.5511363617785173	33.0	0.11981225256054724
9093	ENSG00000103423	DNAJA3	DNAJA3	1.0	2.0	0.4716282900769871	2.0	0.04101115565886844
55466	ENSG00000140403	DNAJA4	DNAJA4	1.0	3.0	0.5662622045950201	52.0	0.07386028755587218
3337	ENSG00000132002	DNAJB1	DNAJB1	1.0	1.0	0.43087816106098686	58.0	0.018733833089608125
51726	ENSG00000090520	DNAJB11	DNAJB11	1.0	4.0	0.43409947271983595	53.0	0.07549556047301495
374407	ENSG00000187726	DNAJB13	DNAJB13	1.0	2.0	0.4335083175085662	33.0	0.03769637543552749
79982	ENSG00000164031	DNAJB14	DNAJB14	0.0	0.0	0.3875740279500098	32.0	0.0
3300	ENSG00000135924	DNAJB2	DNAJB2	1.0	8.0	0.556095580319637	49.0	0.19342454967639547
11080	ENSG00000162616	DNAJB4	DNAJB4	0.0	0.0	0.41259943564394497	60.0	0.0
10049	ENSG00000105993	DNAJB6	DNAJB6	1.0	6.0	0.6525059612687305	9.0	0.1702189464179297
64215	ENSG00000136770	DNAJC1	DNAJC1	1.0	1.0	0.3735260713464114	53.0	0.016240263971583103
56521	ENSG00000108176	DNAJC12	DNAJC12	1.0	5.0	0.6384705061984922	45.0	0.138797936130107
23317	ENSG00000138246	DNAJC13	DNAJC13	1.0	4.0	0.5727556778135301	56.0	0.09960968309800523
29103	ENSG00000120675	DNAJC15	DNAJC15	1.0	1.0	0.2345204212517874	33.0	0.01019654005442554
202052	ENSG00000170464	DNAJC18	DNAJC18	1.0	2.0	0.48401829547924796	32.0	0.04208854743297808
131118	ENSG00000205981	DNAJC19	DNAJC19	1.0	5.0	0.6201041035035096	31.0	0.1348052398920673
27000	ENSG00000105821	DNAJC2	DNAJC2	1.0	7.0	0.6638665942602276	24.0	0.20204635477485192
79962	ENSG00000178401	DNAJC22	DNAJC22	0.0	0.0	0.0	10.0	0.0
120526	ENSG00000170946	DNAJC24	DNAJC24	1.0	1.0	0.4828884841034003	49.0	0.020995151482756533
548645	ENSG00000059769	DNAJC25	DNAJC25	0.0	0.0	0.35315231084349463	44.0	0.0
54943	ENSG00000262911	DNAJC28	DNAJC28	0.0	0.0	0.40112603643782	39.0	0.0
5611	ENSG00000102580	DNAJC3	DNAJC3	1.0	2.0	0.4694898707318334	33.0	0.04082520615059421
3338	ENSG00000110011	DNAJC4	DNAJC4	0.0	0.0	0.24170118208080058	33.0	0.0
80331	ENSG00000101152	DNAJC5	DNAJC5	1.0	5.0	0.7291669906137069	9.0	0.1585145631768928
285126	ENSG00000163793	DNAJC5G	DNAJC5G	0.0	0.0	0.6236698108301724	1.0	0.0
10126	ENSG00000100246	DNAL4	DNAL4	1.0	11.0	0.7957309677516959	49.0	0.3805669845768981
7802	ENSG00000163879	DNALI1	DNALI1	1.0	7.0	0.6218397124023001	52.0	0.18925556464417828
1774	ENSG00000013563	DNASE1L1	DNASE1L1	1.0	7.0	0.6384065714913562	31.0	0.19429765219302145
373863	ENSG00000256453	DND1	DND1	0.0	0.0	0.44068207051819336	10.0	0.0
92737	ENSG00000187957	DNER	DNER	1.0	7.0	0.4857038162405739	49.0	0.14782290059495728
728489	ENSG00000213221	DNLZ	DNLZ	1.0	6.0	0.6519054874230668	60.0	0.17006230106688697
1759	ENSG00000106976	DNM1	DNM1	1.0	2.0	0.6797268593940413	49.0	0.05910668342556881
10059	ENSG00000087470	DNM1L	DNM1L	1.0	1.0	0.5171766561742104	55.0	0.022485941572791754
196968	ENSG00000290767	DNM1P46	DNM1P46	1.0	4.0	0.4046508047943198	1.0	0.07037405300770778
1785	ENSG00000079805	DNM2	DNM2	0.0	0.0	0.3458145509513417	32.0	0.0
26052	ENSG00000197959	DNM3	DNM3	0.0	0.0	0.20948791978239892	31.0	0.0
1788	ENSG00000119772	DNMT3A	DNMT3A	1.0	1.0	0.5155956031426526	31.0	0.02241720013663707
116092	ENSG00000101457	DNTTIP1	DNTTIP1	1.0	4.0	0.610493760632115	51.0	0.10617282793602
8448	ENSG00000149927	DOC2A	DOC2A	1.0	8.0	0.6937500636290007	49.0	0.2413043699579133
8447	ENSG00000272636	DOC2B	DOC2B	1.0	4.0	0.5599176195091696	32.0	0.09737697730594254
55619	ENSG00000135905	DOCK10	DOCK10	0.0	0.0	0.4233969050585224	36.0	0.0
139818	ENSG00000147251	DOCK11	DOCK11	0.0	0.0	0.4194668133600698	32.0	0.0
1795	ENSG00000088538	DOCK3	DOCK3	1.0	2.0	0.6294881569380425	2.0	0.05473810060330804
9732	ENSG00000128512	DOCK4	DOCK4	1.0	1.0	0.44876783412982213	32.0	0.019511644962166178
80005	ENSG00000147459	DOCK5	DOCK5	0.0	0.0	0.24450848289692845	32.0	0.0
85440	ENSG00000116641	DOCK7	DOCK7	1.0	8.0	0.5751389101859548	33.0	0.20004831658641903
81704	ENSG00000107099	DOCK8	DOCK8	1.0	8.0	0.5027418051200762	31.0	0.1748667148243743
23348	ENSG00000088387	DOCK9	DOCK9	1.0	5.0	0.6127189280846683	52.0	0.13319976697492789
1796	ENSG00000115325	DOK1	DOK1	1.0	5.0	0.5564905094908061	32.0	0.12097619771539264
79930	ENSG00000146094	DOK3	DOK3	0.0	0.0	0.14155211740858034	40.0	0.0
55715	ENSG00000125170	DOK4	DOK4	1.0	9.0	0.791663736905013	18.0	0.309781462267179
220164	ENSG00000206052	DOK6	DOK6	1.0	7.0	0.6722508496901285	18.0	0.20459808468829999
285489	ENSG00000175920	DOK7	DOK7	0.0	0.0	0.31011768134862516	31.0	0.0
25911	ENSG00000166171	DPCD	DPCD	1.0	5.0	0.5862503857906372	40.0	0.12744573604144285
8193	ENSG00000011332	DPF1	DPF1	1.0	4.0	0.7392989715480835	40.0	0.12857373418227538
5977	ENSG00000133884	DPF2	DPF2	0.0	0.0	0.45154120321046426	53.0	0.0
285381	ENSG00000154813	DPH3	DPH3	1.0	1.0	0.16820441112533566	53.0	0.007313235266318941
51611	ENSG00000117543	DPH5	DPH5	1.0	6.0	0.5450776503918257	31.0	0.14219416966743278
89978	ENSG00000134146	DPH6	DPH6	1.0	3.0	0.5086512512808655	49.0	0.06634581538446072
8813	ENSG00000000419	DPM1	DPM1	1.0	3.0	0.5846492863425049	33.0	0.07625860256641367
57628	ENSG00000175497	DPP10	DPP10	1.0	4.0	0.6754904051347642	40.0	0.1174765921973503
389023	ENSG00000235026	DPP10-AS1	DPP10-AS1	1.0	4.0	0.6201906569490211	33.0	0.10785924468678627
1804	ENSG00000130226	DPP6	DPP6	1.0	2.0	0.5485986228374502	52.0	0.04770422807282176
54878	ENSG00000074603	DPP8	DPP8	0.0	0.0	0.4174255614311694	32.0	0.0
23333	ENSG00000173852	DPY19L1	DPY19L1	1.0	2.0	0.3978334767160402	33.0	0.03459421536661219
283417	ENSG00000177990	DPY19L2	DPY19L2	0.0	0.0	0.5175265675901568	32.0	0.0
554236	ENSG00000291133	DPY19L2P1	DPY19L2P1	1.0	1.0	0.472425142571398	32.0	0.02054022359006078
349152	ENSG00000291139	DPY19L2P2	DPY19L2P2	0.0	0.0	0.5802689890619946	32.0	0.0
442524	ENSG00000291213	DPY19L2P3	DPY19L2P3	0.0	0.0	0.519968422734344	32.0	0.0
442523	ENSG00000291119	DPY19L2P4	DPY19L2P4	0.0	0.0	0.5604209866316632	32.0	0.0
147991	ENSG00000178904	DPY19L3	DPY19L3	1.0	2.0	0.5427058365475969	33.0	0.047191811873704075
1808	ENSG00000092964	DPYSL2	DPYSL2	1.0	4.0	0.4989127873227369	40.0	0.08676744127351946
1809	ENSG00000113657	DPYSL3	DPYSL3	1.0	5.0	0.5849880260000841	58.0	0.1271713100000183
56896	ENSG00000157851	DPYSL5	DPYSL5	1.0	1.0	0.4429785769938615	32.0	0.01925993813016789
1810	ENSG00000117505	DR1	DR1	1.0	23.0	0.7932037966563261	1.0	0.7932037966563261
145837	ENSG00000245750	DRAIC	DRAIC	1.0	7.0	0.666443750441348	53.0	0.20283070665606243
55332	ENSG00000136048	DRAM1	DRAM1	1.0	6.0	0.42649200433426293	49.0	0.11125878373937294
128338	ENSG00000156171	DRAM2	DRAM2	0.0	0.0	0.3544898953252053	32.0	0.0
374946	ENSG00000162490	DRAXIN	DRAXIN	1.0	11.0	0.6884789117209364	53.0	0.32927252299696963
1812	ENSG00000184845	DRD1	DRD1	1.0	1.0	0.6190857883774136	31.0	0.02691677340771363
1813	ENSG00000149295	DRD2	DRD2	1.0	3.0	0.5315811346028161	52.0	0.0693366697308021
4733	ENSG00000185721	DRG1	DRG1	1.0	2.0	0.5451693916065132	33.0	0.04740603405274028
1821	ENSG00000102385	DRP2	DRP2	1.0	1.0	0.593647301114633	2.0	0.02581075222237535
57453	ENSG00000177103	DSCAML1	DSCAML1	0.0	0.0	0.23906562647753954	32.0	0.0
79075	ENSG00000136982	DSCC1	DSCC1	0.0	0.0	0.2922446304836527	32.0	0.0
257203	ENSG00000230366	DSCR9	DSCR9	0.0	0.0	0.6338897341834054	32.0	0.0
92126	ENSG00000262102	DSEL	DSEL	1.0	9.0	0.5297846927834364	55.0	0.20730705369786645
79980	ENSG00000149636	DSN1	DSN1	1.0	5.0	0.6924309336328403	33.0	0.15052846383322613
1832	ENSG00000096696	DSP	DSP	0.0	0.0	0.6089722825913583	59.0	0.0
667	ENSG00000151914	DST	DST	0.0	0.0	0.31925279729571193	32.0	0.0
11034	ENSG00000125868	DSTN	DSTN	1.0	5.0	0.5943582135800602	33.0	0.1292083073000131
92675	ENSG00000125821	DTD1	DTD1	1.0	3.0	0.6098023977697145	49.0	0.07953944318735405
1837	ENSG00000134769	DTNA	DTNA	0.0	0.0	0.39472204454404325	33.0	0.0
84062	ENSG00000047579	DTNBP1	DTNBP1	1.0	7.0	0.5592537507354123	55.0	0.1702076632672994
56986	ENSG00000104047	DTWD1	DTWD1	1.0	5.0	0.6627176572543247	53.0	0.1440690559248532
285605	ENSG00000169570	DTWD2	DTWD2	0.0	0.0	0.4843718449711775	39.0	0.0
151636	ENSG00000163840	DTX3L	DTX3L	1.0	2.0	0.3580213653545347	49.0	0.03113229263952476
23220	ENSG00000110042	DTX4	DTX4	1.0	1.0	0.4806876203454754	33.0	0.020899461754151104
344595	ENSG00000243701	DUBR	DUBR	0.0	0.0	0.3954060754342619	32.0	0.0
64118	ENSG00000169718	DUS1L	DUS1L	0.0	0.0	0.21119167191254262	10.0	0.0
11062	ENSG00000105865	DUS4L	DUS4L	1.0	8.0	0.6118528715761344	53.0	0.21281839011343806
11266	ENSG00000081721	DUSP12	DUSP12	1.0	3.0	0.5672996314432779	33.0	0.07399560410129712
128853	ENSG00000149599	DUSP15	DUSP15	1.0	2.0	0.37696401300313825	33.0	0.032779479391577236
150290	ENSG00000167065	DUSP18	DUSP18	1.0	6.0	0.5668439204852899	49.0	0.1478723270831191
142679	ENSG00000162999	DUSP19	DUSP19	1.0	1.0	0.6747359518438643	31.0	0.029336345732341923
1844	ENSG00000158050	DUSP2	DUSP2	1.0	2.0	0.5442763667775387	33.0	0.04732837971978597
54935	ENSG00000158716	DUSP23	DUSP23	1.0	3.0	0.5281393863141112	32.0	0.06888774604097102
78986	ENSG00000133878	DUSP26	DUSP26	1.0	8.0	0.640123782082609	51.0	0.22265175028960313
1845	ENSG00000108861	DUSP3	DUSP3	1.0	5.0	0.6187521510087635	9.0	0.13451133717581815
1848	ENSG00000139318	DUSP6	DUSP6	1.0	3.0	0.4163509037830754	52.0	0.054306639623879396
1850	ENSG00000278165	DUSP8	DUSP8	1.0	4.0	0.7702694268733102	60.0	0.13395990032579308
1854	ENSG00000128951	DUT	DUT	0.0	0.0	0.3651986923075248	31.0	0.0
1855	ENSG00000107404	DVL1	DVL1	1.0	9.0	0.770742427503012	52.0	0.3015948629359612
1857	ENSG00000161202	DVL3	DVL3	1.0	6.0	0.651082118508072	8.0	0.16984750917601876
84332	ENSG00000133665	DYDC2	DYDC2	1.0	12.0	0.711226971896225	18.0	0.3710749418589
1780	ENSG00000158560	DYNC1I1	DYNC1I1	1.0	4.0	0.5142132826809046	40.0	0.08942839698798341
1783	ENSG00000135720	DYNC1LI2	DYNC1LI2	0.0	0.0	0.32630305191763115	32.0	0.0
79659	ENSG00000187240	DYNC2H1	DYNC2H1	0.0	0.0	0.5301161668908638	55.0	0.0
8655	ENSG00000088986	DYNLL1	DYNLL1	1.0	4.0	0.6121541306593392	18.0	0.10646158794075464
6990	ENSG00000165169	DYNLT3	DYNLT3	0.0	0.0	0.37727683686889063	32.0	0.0
1859	ENSG00000157540	DYRK1A	DYRK1A	1.0	2.0	0.6368005224217922	51.0	0.05537395847146019
8445	ENSG00000127334	DYRK2	DYRK2	1.0	4.0	0.6332564904109715	33.0	0.11013156354973418
8444	ENSG00000143479	DYRK3	DYRK3	1.0	7.0	0.5893717938958846	41.0	0.17937402422918228
22873	ENSG00000134874	DZIP1	DZIP1	1.0	5.0	0.7931793139227998	16.0	0.17243028563539126
9666	ENSG00000198919	DZIP3	DZIP3	1.0	8.0	0.6809072479527811	58.0	0.23683730363574995
1869	ENSG00000101412	E2F1	E2F1	0.0	0.0	0.29970225930941735	32.0	0.0
1871	ENSG00000112242	E2F3	E2F3	1.0	2.0	0.6107201296933518	32.0	0.0531060982342045
1875	ENSG00000133740	E2F5	E2F5	1.0	18.0	0.7978214669305728	58.0	0.6243820175978396
1876	ENSG00000169016	E2F6	E2F6	1.0	2.0	0.5180548595470591	51.0	0.045048248656266006
55837	ENSG00000129518	EAPP	EAPP	1.0	3.0	0.670505308418976	51.0	0.08745721414160557
124454	ENSG00000103356	EARS2	EARS2	1.0	7.0	0.8003880039297175	33.0	0.24359634902208796
1879	ENSG00000164330	EBF1	EBF1	0.0	0.0	0.2522114058608363	32.0	0.0
57593	ENSG00000088881	EBF4	EBF4	1.0	2.0	0.4340464913052004	31.0	0.037743173156973946
10969	ENSG00000117395	EBNA1BP2	EBNA1BP2	1.0	4.0	0.6416858613651174	40.0	0.11159754110697694
11319	ENSG00000122882	ECD	ECD	0.0	0.0	0.43096743617162375	32.0	0.0
9427	ENSG00000171551	ECEL1	ECEL1	1.0	1.0	0.39599033501818454	33.0	0.017216971087747154
55268	ENSG00000121310	ECHDC2	ECHDC2	1.0	3.0	0.5282921489212692	59.0	0.06890767159842641
79746	ENSG00000134463	ECHDC3	ECHDC3	1.0	8.0	0.6015895583836662	53.0	0.2092485420464926
1892	ENSG00000127884	ECHS1	ECHS1	1.0	7.0	0.46932785154161594	40.0	0.14283891133875268
10455	ENSG00000198721	ECI2	ECI2	1.0	4.0	0.3688916637649846	32.0	0.06415507195912776
1893	ENSG00000143369	ECM1	ECM1	0.0	0.0	0.4178395775001165	32.0	0.0
51295	ENSG00000130159	ECSIT	ECSIT	0.0	0.0	0.4796870922632241	31.0	0.0
1896	ENSG00000158813	EDA	EDA	1.0	2.0	0.40799638794841	53.0	0.035477946778122604
9695	ENSG00000134109	EDEM1	EDEM1	0.0	0.0	0.4670656197552748	31.0	0.0
10085	ENSG00000164176	EDIL3	EDIL3	0.0	0.0	0.3893579452915467	32.0	0.0
1908	ENSG00000124205	EDN3	EDN3	0.0	0.0	0.2975870983905973	10.0	0.0
1909	ENSG00000151617	EDNRA	EDNRA	1.0	1.0	0.32784943574661884	31.0	0.014254323293331254
1910	ENSG00000136160	EDNRB	EDNRB	1.0	6.0	0.5782536155198362	9.0	0.15084876926604424
8726	ENSG00000074266	EED	EED	1.0	3.0	0.617777300705753	33.0	0.08057964791814169
399818	ENSG00000203791	EEF1AKMT2	EEF1AKMT2	1.0	4.0	0.679312061890798	51.0	0.11814122815492138
1937	ENSG00000254772	EEF1G	EEF1G	1.0	2.0	0.4386358321136952	53.0	0.0381422462707561
1938	ENSG00000167658	EEF2	EEF2	1.0	3.0	0.5651842345171242	9.0	0.07371968276310316
29904	ENSG00000284161	EEF2K	EEF2K	1.0	1.0	0.5260291352241864	31.0	0.022870831966268972
80820	ENSG00000122547	EEPD1	EEPD1	0.0	0.0	0.3018051677544662	31.0	0.0
84288	ENSG00000203666	DRC8	EFCAB2	0.0	0.0	0.3993834359517911	32.0	0.0
84455	ENSG00000203965	EFCAB7	EFCAB7	1.0	2.0	0.5606513422734701	33.0	0.048752290632475666
2202	ENSG00000115380	EFEMP1	EFEMP1	1.0	6.0	0.4771763071514127	33.0	0.12448077577862939
80258	ENSG00000183690	EFHC2	EFHC2	1.0	6.0	0.5882034809436468	54.0	0.15344438633312527
79180	ENSG00000142634	EFHD2	EFHD2	1.0	3.0	0.7443678596114838	55.0	0.09709145994932397
79631	ENSG00000140598	EFL1	EFL1	0.0	0.0	0.28288872016885	32.0	0.0
1942	ENSG00000169242	EFNA1	EFNA1	1.0	2.0	0.4181457559510216	49.0	0.03636050051748014
1943	ENSG00000099617	EFNA2	EFNA2	1.0	4.0	0.45388352466393833	33.0	0.07893626515894579
1946	ENSG00000184349	EFNA5	EFNA5	0.0	0.0	0.37592111999440087	32.0	0.0
1948	ENSG00000125266	EFNB2	EFNB2	1.0	7.0	0.7440475546308939	8.0	0.2264492557572286
1949	ENSG00000108947	EFNB3	EFNB3	1.0	9.0	0.7164707325624325	32.0	0.28035811274182143
23167	ENSG00000132294	EFR3A	EFR3A	0.0	0.0	0.41406649465158	32.0	0.0
51162	ENSG00000172889	EGFL7	EGFL7	1.0	2.0	0.4793591462958039	33.0	0.04168340402572208
1956	ENSG00000146648	EGFR	EGFR	0.0	0.0	0.2943846497351747	32.0	0.0
54583	ENSG00000135766	EGLN1	EGLN1	1.0	7.0	0.6245632072769153	8.0	0.1900844543886264
112399	ENSG00000129521	EGLN3	EGLN3	1.0	3.0	0.39154963385510994	40.0	0.05107169137240564
1958	ENSG00000120738	EGR1	EGR1	1.0	1.0	0.5135215013256081	2.0	0.02232702179676557
1960	ENSG00000179388	EGR3	EGR3	1.0	1.0	0.7130533755667814	52.0	0.031002320676816582
1961	ENSG00000135625	EGR4	EGR4	1.0	2.0	0.6493319256293972	39.0	0.056463645706904105
254102	ENSG00000173442	EHBP1L1	EHBP1L1	1.0	8.0	0.7735058432693177	49.0	0.26904551070237137
10938	ENSG00000110047	EHD1	EHD1	0.0	0.0	0.3143168857136191	52.0	0.0
30846	ENSG00000024422	EHD2	EHD2	0.0	0.0	0.3796498719113308	18.0	0.0
30845	ENSG00000013016	EHD3	EHD3	1.0	2.0	0.5675116600094142	51.0	0.04934884000081863
79813	ENSG00000181090	EHMT1	EHMT1	0.0	0.0	0.41513278421465444	52.0	0.0
163126	ENSG00000176396	EID2	EID2	1.0	2.0	0.5741458085853424	33.0	0.049925722485681945
10209	ENSG00000173812	EIF1	EIF1	1.0	6.0	0.5383929069148364	49.0	0.1404503235430008
84285	ENSG00000175376	EIF1AD	EIF1AD	1.0	1.0	0.539605433545415	51.0	0.02346110580632239
1964	ENSG00000173674	EIF1AX	EIF1AX	1.0	1.0	0.4398581572951669	52.0	0.019124267708485517
9086	ENSG00000198692	EIF1AY	EIF1AY	1.0	15.0	0.6596248414069175	5.0	0.4301901139610331
10289	ENSG00000114784	EIF1B	EIF1B	1.0	2.0	0.5322695714361616	3.0	0.046284310559666225
83939	ENSG00000144895	EIF2A	EIF2A	1.0	1.0	0.44645280542521415	31.0	0.019410991540226703
440275	ENSG00000128829	EIF2AK4	EIF2AK4	1.0	1.0	0.4641082331531211	53.0	0.020178618832744397
8893	ENSG00000145191	EIF2B5	EIF2B5	1.0	1.0	0.4762982397323097	2.0	0.020708619118796075
1939	ENSG00000143486	EIF2D	EIF2D	0.0	0.0	0.40381740347271167	32.0	0.0
1965	ENSG00000134001	EIF2S1	EIF2S1	1.0	5.0	0.6155422324452599	9.0	0.1338135287924478
8894	ENSG00000125977	EIF2S2	EIF2S2	1.0	3.0	0.5029532743183047	8.0	0.06560260099803975
1968	ENSG00000130741	EIF2S3	EIF2S3	0.0	0.0	0.4084760016666738	53.0	0.0
8669	ENSG00000104131	EIF3J	EIF3J	1.0	5.0	0.40881196604330267	54.0	0.08887216653115275
645212	ENSG00000179523	EIF3J-DT	EIF3J-AS1	1.0	7.0	0.6728667559459602	33.0	0.20478553441833575
10480	ENSG00000149100	EIF3M	EIF3M	1.0	4.0	0.5684364448466926	53.0	0.09885851214725089
1974	ENSG00000156976	EIF4A2	EIF4A2	1.0	2.0	0.5732209941543804	33.0	0.04984530383951134
253314	ENSG00000175766	EIF4E1B	EIF4E1B	0.0	0.0	0.44704988972875936	32.0	0.0
9470	ENSG00000135930	EIF4E2	EIF4E2	0.0	0.0	0.21727209880095846	40.0	0.0
1978	ENSG00000187840	EIF4EBP1	EIF4EBP1	1.0	6.0	0.6215610026507228	40.0	0.16214634851757986
7458	ENSG00000106682	EIF4H	EIF4H	1.0	4.0	0.5791815190192423	9.0	0.10072722069899866
1983	ENSG00000100664	EIF5	EIF5	0.0	0.0	0.34231948225697895	32.0	0.0
56648	ENSG00000163577	EIF5A2	EIF5A2	0.0	0.0	0.285782005790593	40.0	0.0
7260	ENSG00000032389	EIPR1	EIPR1	1.0	7.0	0.7031380899164899	33.0	0.21399854910501867
1995	ENSG00000196361	ELAVL3	ELAVL3	1.0	3.0	0.5402666586024132	2.0	0.07046956416553216
1996	ENSG00000162374	ELAVL4	ELAVL4	1.0	1.0	0.5444027698858486	33.0	0.023669685647210805
1998	ENSG00000109381	ELF2	ELF2	0.0	0.0	0.5335672908666831	32.0	0.0
114794	ENSG00000166897	ELFN2	ELFN2	1.0	11.0	0.8563437522095013	18.0	0.40955570757845716
2004	ENSG00000111145	ELK3	ELK3	1.0	1.0	0.33477893016885996	32.0	0.01455560565951565
8178	ENSG00000105656	ELL	ELL	0.0	0.0	0.5514815109682686	32.0	0.0
22936	ENSG00000118985	ELL2	ELL2	1.0	2.0	0.514151534381792	32.0	0.04470882907667756
80237	ENSG00000128886	ELL3	ELL3	1.0	9.0	0.643128623368075	24.0	0.2516590265353337
79767	ENSG00000102890	ELMO3	ELMO3	0.0	0.0	0.13603638558344724	31.0	0.0
55531	ENSG00000110675	ELMOD1	ELMOD1	0.0	0.0	0.4213724119140317	60.0	0.0
255520	ENSG00000179387	ELMOD2	ELMOD2	0.0	0.0	0.34997501666455505	31.0	0.0
91748	ENSG00000156030	MIDEAS	ELMSAN1	1.0	1.0	0.6249235733386834	52.0	0.02717059014516015
6923	ENSG00000103363	ELOB	ELOB	1.0	7.0	0.5323714402933978	9.0	0.1620260905240776
6921	ENSG00000154582	ELOC	ELOC	1.0	4.0	0.6031374274795217	40.0	0.10489346564861246
84337	ENSG00000130165	ELOF1	ELOF1	1.0	4.0	0.6054248609756417	9.0	0.10529128016967682
6785	ENSG00000118402	ELOVL4	ELOVL4	0.0	0.0	0.4768131371743712	31.0	0.0
60481	ENSG00000012660	ELOVL5	ELOVL5	1.0	1.0	0.37259814297812127	52.0	0.016199919259918316
79993	ENSG00000164181	ELOVL7	ELOVL7	0.0	0.0	0.19658011337830625	32.0	0.0
8518	ENSG00000070061	ELP1	ELP1	1.0	1.0	0.540858512848189	2.0	0.02351558751513865
55250	ENSG00000134759	ELP2	ELP2	0.0	0.0	0.3795150620979112	1.0	0.0
55140	ENSG00000134014	ELP3	ELP3	0.0	0.0	0.25993641435356635	32.0	0.0
26610	ENSG00000109911	ELP4	ELP4	1.0	3.0	0.49518804985038933	33.0	0.06458974563265947
133418	ENSG00000170571	EMB	EMB	0.0	0.0	0.27505410756074905	32.0	0.0
23065	ENSG00000127463	EMC1	EMC1	1.0	1.0	0.583925864337767	2.0	0.025388081058163783
284361	ENSG00000161671	EMC10	EMC10	0.0	0.0	0.2769079817062589	55.0	0.0
9694	ENSG00000104412	EMC2	EMC2	0.0	0.0	0.3807757691695278	33.0	0.0
55831	ENSG00000125037	EMC3	EMC3	1.0	1.0	0.5064995047245829	33.0	0.022021717596720995
51234	ENSG00000128463	EMC4	EMC4	1.0	3.0	0.5161659048660941	7.0	0.06732598759122967
56851	ENSG00000134153	EMC7	EMC7	1.0	6.0	0.433729667991593	49.0	0.11314686991085035
146956	ENSG00000154920	EME1	EME1	0.0	0.0	0.34189970658316393	42.0	0.0
10436	ENSG00000126749	EMG1	EMG1	1.0	4.0	0.4595286477583272	60.0	0.07991802569710038
129080	ENSG00000186998	EMID1	EMID1	1.0	6.0	0.6785954706476366	52.0	0.17702490538633997
11117	ENSG00000138080	EMILIN1	EMILIN1	1.0	4.0	0.4357173083319953	33.0	0.0757769231881731
84034	ENSG00000132205	EMILIN2	EMILIN2	0.0	0.0	0.16029477767713318	32.0	0.0
90187	ENSG00000183798	EMILIN3	EMILIN3	0.0	0.0	0.31996545792915787	7.0	0.0
27436	ENSG00000143924	EML4	EML4	1.0	3.0	0.5104689950053223	42.0	0.06658291239199855
161436	ENSG00000165521	EML5	EML5	0.0	0.0	0.44758671355620266	9.0	0.0
400954	ENSG00000214595	EML6	EML6	0.0	0.0	0.5168798324302251	32.0	0.0
2013	ENSG00000213853	EMP2	EMP2	0.0	0.0	0.2813209893599203	53.0	0.0
2014	ENSG00000142227	EMP3	EMP3	1.0	4.0	0.475360925966885	55.0	0.08267146538554522
2016	ENSG00000135638	EMX1	EMX1	1.0	1.0	0.5818757016656209	2.0	0.025298943550679166
196047	ENSG00000229847	EMX2OS	EMX2OS	1.0	8.0	0.6407830730267696	33.0	0.22288106887887638
55740	ENSG00000154380	ENAH	ENAH	1.0	3.0	0.5196784325689559	33.0	0.06778414337855945
8507	ENSG00000171617	ENC1	ENC1	1.0	3.0	0.7231478754575771	49.0	0.09432363592924918
23052	ENSG00000149218	ENDOD1	ENDOD1	0.0	0.0	0.25905212335880107	32.0	0.0
2021	ENSG00000167136	ENDOG	ENDOG	1.0	1.0	0.43036697289578535	31.0	0.01871160751720806
375704	ENSG00000168913	ENHO	ENHO	1.0	1.0	0.46864706581660404	40.0	0.02037595938333061
219670	ENSG00000151023	ENKUR	ENKUR	1.0	4.0	0.4687923042179385	52.0	0.08152909638572843
2023	ENSG00000074800	ENO1	ENO1	1.0	8.0	0.5477086749600463	32.0	0.19050736520349434
2026	ENSG00000111674	ENO2	ENO2	1.0	2.0	0.5168944600974569	33.0	0.04494734435630059
58478	ENSG00000145293	ENOPH1	ENOPH1	1.0	4.0	0.5050006664806477	40.0	0.08782620286619959
55556	ENSG00000132199	ENOSF1	ENOSF1	1.0	1.0	0.4375188696452756	53.0	0.01902255954979459
55068	ENSG00000120658	ENOX1	ENOX1	1.0	7.0	0.6148916372463773	58.0	0.18714093307498442
10495	ENSG00000165675	ENOX2	ENOX2	1.0	3.0	0.5368575471137451	53.0	0.07002489744961893
5168	ENSG00000136960	ENPP2	ENPP2	0.0	0.0	0.2691264136972787	32.0	0.0
22875	ENSG00000001561	ENPP4	ENPP4	0.0	0.0	0.21650201192463417	32.0	0.0
59084	ENSG00000112796	ENPP5	ENPP5	0.0	0.0	0.41481708899365716	32.0	0.0
133121	ENSG00000164303	ENPP6	ENPP6	0.0	0.0	0.11762062502451136	32.0	0.0
2029	ENSG00000143420	ENSA	ENSA	1.0	6.0	0.7039222658695979	33.0	0.18363189544424294
9583	ENSG00000197217	ENTPD4	ENTPD4	0.0	0.0	0.4068490707001412	31.0	0.0
957	ENSG00000187097	ENTPD5	ENTPD5	0.0	0.0	0.3333312003381787	32.0	0.0
955	ENSG00000197586	ENTPD6	ENTPD6	1.0	5.0	0.7734375591103323	41.0	0.16813859980659399
56943	ENSG00000120533	ENY2	ENY2	1.0	4.0	0.5293101402505195	33.0	0.09205393743487295
57634	ENSG00000183495	EP400	EP400	1.0	2.0	0.5094144573981314	31.0	0.044296909338967946
2034	ENSG00000116016	EPAS1	EPAS1	0.0	0.0	0.2859220234850821	32.0	0.0
2035	ENSG00000159023	EPB41	EPB41	0.0	0.0	0.3222473494922161	7.0	0.0
2036	ENSG00000088367	EPB41L1	EPB41L1	0.0	0.0	0.3946674934571292	31.0	0.0
23136	ENSG00000082397	EPB41L3	EPB41L3	0.0	0.0	0.37517343486667004	32.0	0.0
54566	ENSG00000095203	EPB41L4B	EPB41L4B	1.0	8.0	0.8497402351973617	31.0	0.29556182093821276
57669	ENSG00000115109	EPB41L5	EPB41L5	1.0	5.0	0.7001772465376094	51.0	0.1522124448994803
26122	ENSG00000135999	EPC2	EPC2	1.0	2.0	0.6114205894982191	3.0	0.05316700778245383
4072	ENSG00000119888	EPCAM	EPCAM	1.0	2.0	0.5468495220216193	31.0	0.047552132349706025
54749	ENSG00000086289	EPDR1	EPDR1	1.0	1.0	0.4045476246541564	9.0	0.017589027158876364
57724	ENSG00000152223	EPG5	EPG5	1.0	3.0	0.4698353760625619	33.0	0.06128287513859503
284656	ENSG00000183317	EPHA10	EPHA10	1.0	4.0	0.6374418553324315	33.0	0.11085945310129243
2042	ENSG00000044524	EPHA3	EPHA3	1.0	9.0	0.8216404227573836	51.0	0.32151146977462836
2043	ENSG00000116106	EPHA4	EPHA4	1.0	3.0	0.6783038278643483	33.0	0.08847441233013238
2044	ENSG00000145242	EPHA5	EPHA5	1.0	10.0	0.8187448457288659	53.0	0.3559760198821156
285220	ENSG00000080224	EPHA6	EPHA6	1.0	3.0	0.5953179458790103	53.0	0.07765016685378395
2045	ENSG00000135333	EPHA7	EPHA7	0.0	0.0	0.47360800639244	31.0	0.0
2048	ENSG00000133216	EPHB2	EPHB2	1.0	1.0	0.34908201979900266	32.0	0.015177479121695767
2049	ENSG00000182580	EPHB3	EPHB3	0.0	0.0	0.42139802182805147	32.0	0.0
2051	ENSG00000106123	EPHB6	EPHB6	0.0	0.0	0.4020399312646204	18.0	0.0
2052	ENSG00000143819	EPHX1	EPHX1	1.0	6.0	0.4884432942742832	40.0	0.12741998981068256
2053	ENSG00000120915	EPHX2	EPHX2	1.0	4.0	0.43805031250013193	33.0	0.0761826630435012
253152	ENSG00000172031	EPHX4	EPHX4	1.0	1.0	0.5366260084437979	33.0	0.023331565584512954
55040	ENSG00000049283	EPN3	EPN3	0.0	0.0	0.23693726771405835	44.0	0.0
100170841	ENSG00000273604	EPOP	EPOP	1.0	5.0	0.6630957185655377	33.0	0.14415124316642125
2060	ENSG00000085832	EPS15	EPS15	0.0	0.0	0.5171217055015394	3.0	0.0
2059	ENSG00000151491	EPS8	EPS8	1.0	3.0	0.41092621828573833	33.0	0.053599071950313694
64167	ENSG00000164308	ERAP2	ERAP2	0.0	0.0	0.33983080198339943	32.0	0.0
2064	ENSG00000141736	ERBB2	ERBB2	1.0	5.0	0.5379858842770006	49.0	0.11695345310369577
2065	ENSG00000065361	ERBB3	ERBB3	1.0	3.0	0.39491851219757307	51.0	0.05151111028663996
55914	ENSG00000112851	ERBIN	ERBIN	1.0	6.0	0.46624321452343404	53.0	0.12162866465828713
23085	ENSG00000082805	ERC1	ERC1	1.0	1.0	0.5189029452220353	40.0	0.02256099761834936
26059	ENSG00000187672	ERC2	ERC2	1.0	7.0	0.8400311805245014	51.0	0.2556616636378918
711	ENSG00000281708	ERC2-IT1	ERC2-IT1	1.0	4.0	0.764513688088889	54.0	0.1329589022763285
2068	ENSG00000104884	ERCC2	ERCC2	1.0	6.0	0.7344463971230121	18.0	0.19159471229295966
2072	ENSG00000175595	ERCC4	ERCC4	1.0	1.0	0.4139829943881872	31.0	0.017999260625573357
151176	ENSG00000178752	ERFE	ERFE	1.0	8.0	0.7832563491236508	18.0	0.2724369909995307
2078	ENSG00000157554	ERG	ERG	0.0	0.0	0.2045178627871373	31.0	0.0
112479	ENSG00000196678	ERI2	ERI2	1.0	1.0	0.4994174458848067	49.0	0.021713801994991594
79033	ENSG00000117419	ERI3	ERI3	1.0	6.0	0.6936307887208654	33.0	0.18094716227500834
157697	ENSG00000104714	ERICH1	ERICH1	1.0	4.0	0.3967107078624175	16.0	0.06899316658476826
285141	ENSG00000204334	ERICH2	ERICH2	1.0	6.0	0.5905535415367864	60.0	0.1540574456182921
127254	ENSG00000178965	ERICH3	ERICH3	1.0	3.0	0.7382001878481017	33.0	0.09628698102366544
203111	ENSG00000177459	ERICH5	ERICH5	0.0	0.0	0.36260733582064825	32.0	0.0
10613	ENSG00000107566	ERLIN1	ERLIN1	1.0	9.0	0.7251545809930675	65.0	0.28375614038859165
11160	ENSG00000147475	ERLIN2	ERLIN2	1.0	7.0	0.4851226282460618	33.0	0.1476460172922797
79956	ENSG00000099219	ERMP1	ERMP1	0.0	0.0	0.18078792566757645	33.0	0.0
56605	ENSG00000086619	ERO1B	ERO1B	1.0	1.0	0.47260100764512875	31.0	0.020547869897614292
10961	ENSG00000089248	ERP29	ERP29	1.0	2.0	0.3521325808465293	55.0	0.03062022442143733
23071	ENSG00000023318	ERP44	ERP44	0.0	0.0	0.5606036022560169	52.0	0.0
54206	ENSG00000116285	ERRFI1	ERRFI1	0.0	0.0	0.3032780695765019	32.0	0.0
114799	ENSG00000141446	ESCO1	ESCO1	0.0	0.0	0.34596824671445187	59.0	0.0
51575	ENSG00000089048	ESF1	ESF1	0.0	0.0	0.39081238555743325	33.0	0.0
2101	ENSG00000173153	ESRRA	ESRRA	0.0	0.0	0.3070627174152133	10.0	0.0
2103	ENSG00000119715	ESRRB	ESRRB	0.0	0.0	0.31320962070086533	32.0	0.0
2104	ENSG00000196482	ESRRG	ESRRG	0.0	0.0	0.27131526059928524	7.0	0.0
23344	ENSG00000139641	ESYT1	ESYT1	0.0	0.0	0.30553182004080814	32.0	0.0
83850	ENSG00000158220	ESYT3	ESYT3	1.0	3.0	0.7420749185508582	33.0	0.09679238068054671
2109	ENSG00000105379	ETFB	ETFB	1.0	2.0	0.3679997626276199	33.0	0.03199997935892347
144363	ENSG00000205707	ETFRF1	ETFRF1	1.0	5.0	0.5536617724354942	42.0	0.12036125487728135
64850	ENSG00000164089	ETNPPL	ETNPPL	1.0	8.0	0.5928537567338942	9.0	0.20621000234222406
2114	ENSG00000157557	ETS2	ETS2	1.0	2.0	0.5601658664288747	2.0	0.048710075341641276
2119	ENSG00000244405	ETV5	ETV5	1.0	2.0	0.43624064743878843	33.0	0.03793396934250334
2120	ENSG00000139083	ETV6	ETV6	0.0	0.0	0.4543800807019669	32.0	0.0
55194	ENSG00000142694	EVA1B	EVA1B	1.0	1.0	0.3147772150428041	16.0	0.013685965871426264
2123	ENSG00000126860	EVI2A	EVI2A	0.0	0.0	0.2947440155899665	32.0	0.0
2124	ENSG00000185862	EVI2B	EVI2B	1.0	2.0	0.5062571363053586	51.0	0.044022359678726836
55218	ENSG00000081177	EXD2	EXD2	1.0	2.0	0.5296559812527297	49.0	0.04605704184806345
54932	ENSG00000187609	EXD3	EXD3	1.0	6.0	0.7415946164214264	40.0	0.19345946515341558
90332	ENSG00000283632	EXOC3L2	EXOC3L2	1.0	3.0	0.6321095513392889	9.0	0.0824490719138203
10640	ENSG00000070367	EXOC5	EXOC5	1.0	3.0	0.512991543273522	33.0	0.06691194042698113
54536	ENSG00000138190	EXOC6	EXOC6	1.0	6.0	0.8065814443068549	18.0	0.21041255068874473
23233	ENSG00000144036	EXOC6B	EXOC6B	0.0	0.0	0.3476713861038169	53.0	0.0
5394	ENSG00000171824	EXOSC10	EXOSC10	1.0	5.0	0.6672244997298539	33.0	0.14504880428909867
51010	ENSG00000107371	EXOSC3	EXOSC3	1.0	2.0	0.5288022121667676	33.0	0.04598280105797979
56915	ENSG00000077348	EXOSC5	EXOSC5	1.0	4.0	0.5473827320492951	33.0	0.09519699687813828
5393	ENSG00000123737	EXOSC9	EXOSC9	1.0	2.0	0.5163057082627287	33.0	0.0448961485445851
23086	ENSG00000110723	EXPH5	EXPH5	1.0	5.0	0.721838521211767	32.0	0.15692141765473194
2131	ENSG00000182197	EXT1	EXT1	1.0	8.0	0.7521102605790762	33.0	0.26160356889707
2134	ENSG00000158008	EXTL1	EXTL1	1.0	2.0	0.5990189998815085	49.0	0.052088608685348564
2135	ENSG00000162694	EXTL2	EXTL2	0.0	0.0	0.2904012845437501	40.0	0.0
2138	ENSG00000104313	EYA1	EYA1	1.0	1.0	0.4211479395107924	33.0	0.018310779978730103
2139	ENSG00000064655	EYA2	EYA2	1.0	4.0	0.5214948729787869	52.0	0.0906947605180499
2070	ENSG00000112319	EYA4	EYA4	1.0	1.0	0.3458602005816239	53.0	0.015037400025287997
2145	ENSG00000108799	EZH1	EZH1	1.0	3.0	0.5732836179064237	51.0	0.07477612407475091
7430	ENSG00000092820	EZR	EZR	1.0	6.0	0.5390588389968544	33.0	0.14062404495570113
2161	ENSG00000131187	F12	F12	1.0	9.0	0.7910323350782126	32.0	0.3095343919871267
2170	ENSG00000121769	FABP3	FABP3	1.0	6.0	0.7354799399623287	31.0	0.19186433216408574
2171	ENSG00000164687	FABP5	FABP5	1.0	7.0	0.5301218266082702	40.0	0.16134142548947356
220832	ENSG00000293165	FABP5P3	FABP5P3	1.0	4.0	0.5375493229692632	40.0	0.09348683877726316
2172	ENSG00000170231	FABP6	FABP6	0.0	0.0	0.20922518578372587	49.0	0.0
2173	ENSG00000164434	FABP7	FABP7	1.0	11.0	0.7695658020932477	18.0	0.36805320969677063
3992	ENSG00000149485	FADS1	FADS1	1.0	11.0	0.536615949129554	18.0	0.25664241045326497
9415	ENSG00000134824	FADS2	FADS2	1.0	8.0	0.548247387719202	33.0	0.19069474355450505
3995	ENSG00000221968	FADS3	FADS3	1.0	3.0	0.6265433977726206	40.0	0.08172305188338529
283985	ENSG00000172782	FADS6	FADS6	1.0	1.0	0.5045509603127346	32.0	0.021936998274466723
23017	ENSG00000135472	FAIM2	FAIM2	1.0	4.0	0.5214518246025702	33.0	0.09068727384392525
284611	ENSG00000162636	EEIG2	FAM102B	1.0	7.0	0.6617031291002166	33.0	0.20138790885658767
90736	ENSG00000182518	VCF2	FAM104B	0.0	0.0	0.3883411182948232	33.0	0.0
80039	ENSG00000273018	FAM106A	FAM106A	0.0	0.0	0.534357888093921	32.0	0.0
11170	ENSG00000168309	FAM107A	FAM107A	1.0	6.0	0.557882190847493	18.0	0.14553448456891122
83541	ENSG00000125898	FAM110A	FAM110A	1.0	1.0	0.5033104973733943	32.0	0.021883065103191057
642273	ENSG00000184731	FAM110C	FAM110C	1.0	7.0	0.7218893620234513	18.0	0.21970545800713737
63901	ENSG00000166801	FAM111A	FAM111A	1.0	6.0	0.4857651882966024	33.0	0.12672135346867888
92689	ENSG00000197712	FAM114A1	FAM114A1	1.0	3.0	0.49019701112879327	49.0	0.06393874058201651
81558	ENSG00000121104	FAM117A	FAM117A	1.0	9.0	0.6861687644880803	9.0	0.2685008208866401
150864	ENSG00000138439	FAM117B	FAM117B	0.0	0.0	0.6796674067697825	31.0	0.0
55007	ENSG00000100376	SIRAL2	FAM118A	1.0	1.0	0.41248658681578004	53.0	0.017934199426773045
79607	ENSG00000197798	SIRAL1	FAM118B	1.0	2.0	0.6090979006728455	33.0	0.052965034841117004
158293	ENSG00000188938	FAM120AOS	FAM120AOS	1.0	6.0	0.46102054528560604	52.0	0.1202662292049407
54954	ENSG00000184083	FAM120C	FAM120C	0.0	0.0	0.3083214680825187	33.0	0.0
285172	ENSG00000155744	HYCC2	FAM126B	0.0	0.0	0.5818149301977387	32.0	0.0
64855	ENSG00000136830	NIBAN2	FAM129B	1.0	6.0	0.5445048880966544	18.0	0.14204475341651854
131408	ENSG00000175182	FAM131A	FAM131A	1.0	7.0	0.6922219144081443	51.0	0.21067623481987002
9715	ENSG00000159784	FAM131B	FAM131B	1.0	1.0	0.4507708318256923	52.0	0.01959873181850836
286499	ENSG00000179083	FAM133A	FAM133A	0.0	0.0	0.5532977746766942	32.0	0.0
51059	ENSG00000147724	FAM135B	FAM135B	0.0	0.0	0.23476737111914392	31.0	0.0
84908	ENSG00000035141	TIMCC	FAM136A	0.0	0.0	0.33510383866771976	33.0	0.0
10144	ENSG00000138640	FAM13A	FAM13A	1.0	2.0	0.6986622188209937	2.0	0.06075323641921684
51306	ENSG00000031003	FAM13B	FAM13B	0.0	0.0	0.4726439488847479	31.0	0.0
25854	ENSG00000109794	FAM149A	FAM149A	1.0	8.0	0.7592542497767412	52.0	0.26408843470495347
167555	ENSG00000152380	FAM151B	FAM151B	1.0	9.0	0.7405316585105732	55.0	0.2897732576780504
285596	ENSG00000170074	FAM153A	FAM153A	1.0	4.0	0.7112726873493774	36.0	0.12369959779989172
728215	ENSG00000204442	NALF1	FAM155A	1.0	1.0	0.5060272340869562	32.0	0.022001184090737223
84067	ENSG00000051009	FHIP1B	FAM160A2	1.0	5.0	0.6814061994043893	40.0	0.14813178247921505
26355	ENSG00000114023	FAM162A	FAM162A	1.0	7.0	0.4611592376766002	31.0	0.14035281146679138
221303	ENSG00000183807	FAM162B	FAM162B	1.0	1.0	0.6079743220034807	32.0	0.026433666174064376
642968	ENSG00000196990	FAM163B	FAM163B	1.0	7.0	0.728083394905804	9.0	0.22159059844959253
83656	ENSG00000184608	FAM167A-AS1	FAM167A-AS1	1.0	5.0	0.49574452416963005	40.0	0.10777054873252827
84734	ENSG00000183615	FAM167B	FAM167B	1.0	1.0	0.44132757015728524	32.0	0.019188155224229793
221061	ENSG00000148468	FAM171A1	FAM171A1	0.0	0.0	0.27437001340743655	32.0	0.0
284069	ENSG00000161682	FAM171A2	FAM171A2	1.0	9.0	0.7840151210888274	31.0	0.3067885256434542
165215	ENSG00000144369	FAM171B	FAM171B	1.0	8.0	0.7456371827275181	32.0	0.2593520635573976
83989	ENSG00000113391	ARB2A	FAM172A	1.0	11.0	0.7058183816901336	49.0	0.3375653129822378
65990	ENSG00000103254	ANTKMT	FAM173A	1.0	4.0	0.6243694863602921	49.0	0.10858599762787688
283635	ENSG00000151327	FAM177A1	FAM177A1	0.0	0.0	0.34754410351825415	49.0	0.0
90050	ENSG00000140067	FAM181A	FAM181A	1.0	8.0	0.647248136157727	40.0	0.22512978648964418
220382	ENSG00000182103	FAM181B	FAM181B	1.0	6.0	0.43223418913842615	33.0	0.11275674499263291
27146	ENSG00000047662	FAM184B	FAM184B	1.0	3.0	0.4389834148484943	33.0	0.05725870628458621
100528020	ENSG00000214447	FAM187A	FAM187A	1.0	8.0	0.7073908694691072	18.0	0.2460489980762112
23359	ENSG00000273564	ENTREP2	FAM189A1	0.0	0.0	0.45365008405176965	53.0	0.0
9413	ENSG00000135063	ENTREP1	FAM189A2	1.0	2.0	0.501971211493516	33.0	0.04364967056465356
10712	ENSG00000160767	ENTREP3	FAM189B	0.0	0.0	0.22467048979194335	32.0	0.0
80011	ENSG00000172775	PSME3IP1	FAM192A	1.0	3.0	0.49990449125803904	7.0	0.06520493364235291
642938	ENSG00000188916	INSYN2A	FAM196A	1.0	1.0	0.5101899832146604	53.0	0.022182173183246102
139231	ENSG00000123575	FAM199X	FAM199X	1.0	4.0	0.4560598975434521	33.0	0.07931476479016558
407738	ENSG00000183662	TAFA1	FAM19A1	1.0	7.0	0.7802756045172966	33.0	0.23747518398352507
338811	ENSG00000198673	TAFA2	FAM19A2	1.0	3.0	0.7261988579331571	36.0	0.0947215901651944
63877	ENSG00000165669	FAM204A	FAM204A	1.0	1.0	0.5556651119063405	33.0	0.02415935269158002
54942	ENSG00000119328	ABITRAM	FAM206A	0.0	0.0	0.3338731905086274	31.0	0.0
85395	ENSG00000160256	SLX9	FAM207A	1.0	4.0	0.4869547085070709	32.0	0.08468777539253407
54757	ENSG00000108950	FAM20A	FAM20A	1.0	2.0	0.6304065970882681	31.0	0.05481796496419722
125228	ENSG00000177150	MIMS1	FAM210A	1.0	4.0	0.528023104751125	31.0	0.0918301051741087
116151	ENSG00000124098	MIMS2	FAM210B	1.0	1.0	0.43080252093151206	32.0	0.018730544388326612
55924	ENSG00000197852	INKA2	FAM212B	1.0	4.0	0.8101797927809966	53.0	0.14090083352712984
84293	ENSG00000122378	PRXL2A	FAM213A	0.0	0.0	0.2527805241984757	32.0	0.0
56204	ENSG00000047346	ATOSA	FAM214A	0.0	0.0	0.33223308896170145	31.0	0.0
23591	ENSG00000267496	FAM215A	FAM215A	0.0	0.0	0.28006273519738956	32.0	0.0
29902	ENSG00000204856	FAM216A	FAM216A	0.0	0.0	0.35237903543994686	32.0	0.0
63939	ENSG00000196227	FAM217B	FAM217B	0.0	0.0	0.5230756068948118	32.0	0.0
84792	ENSG00000178397	FAM220A	FAM220A	1.0	6.0	0.7510358131737219	31.0	0.19592238604531875
84915	ENSG00000139438	FAM222A	FAM222A	0.0	0.0	0.29924856957195817	32.0	0.0
55731	ENSG00000173065	FAM222B	FAM222B	0.0	0.0	0.3770235543441981	31.0	0.0
653140	ENSG00000186453	FAM228A	FAM228A	1.0	3.0	0.6245625768101953	16.0	0.0814646839317646
375190	ENSG00000219626	FAM228B	FAM228B	1.0	5.0	0.5425132172179815	52.0	0.1179376559169525
57613	ENSG00000084444	FAM234B	FAM234B	1.0	1.0	0.44841430093113155	33.0	0.019496273953527456
132720	ENSG00000174749	FAM241A	FAM241A	1.0	9.0	0.5863616157600727	18.0	0.22944584964524586
219738	ENSG00000171224	FAM241B	FAM241B	1.0	11.0	0.7971665637620172	49.0	0.3812535739731387
26017	ENSG00000105058	FAM32A	FAM32A	1.0	6.0	0.5976169758517329	31.0	0.1559000806569738
414241	ENSG00000165874	SHLD2P1	FAM35BP	0.0	0.0	0.44996959387904983	32.0	0.0
10447	ENSG00000196937	FAM3C	FAM3C	1.0	3.0	0.6632670283674971	51.0	0.08651309065663006
131583	ENSG00000185112	FAM43A	FAM43A	0.0	0.0	0.32791415332962986	31.0	0.0
163933	ENSG00000183114	FAM43B	FAM43B	0.0	0.0	0.24028954017141702	31.0	0.0
55603	ENSG00000112773	TENT5A	FAM46A	1.0	3.0	0.4552957743644528	33.0	0.05938640535188514
100129583	ENSG00000189157	FAM47E	FAM47E	1.0	6.0	0.6047064695382822	33.0	0.15774951379259536
81553	ENSG00000197872	CYRIA	FAM49A	1.0	4.0	0.7630991464705912	49.0	0.13271289503836367
51571	ENSG00000153310	CYRIB	FAM49B	0.0	0.0	0.4920779822094914	32.0	0.0
83723	ENSG00000149926	TLCD3B	FAM57B	0.0	0.0	0.3049747197858924	53.0	0.0
125704	ENSG00000187773	DIPK1C	FAM69C	1.0	4.0	0.46007427706330944	53.0	0.08001291775014077
112703	ENSG00000142530	GARIN5A	FAM71E1	0.0	0.0	0.2744441672492504	34.0	0.0
84691	ENSG00000135248	GARIN1B	FAM71F1	1.0	7.0	0.6578274463751365	49.0	0.20020835324460676
143684	ENSG00000077458	FAM76B	FAM76B	1.0	1.0	0.46219927882855977	32.0	0.020095620818633034
286336	ENSG00000126882	FAM78A	FAM78A	0.0	0.0	0.24897965445770573	31.0	0.0
149297	ENSG00000188859	FAM78B	FAM78B	0.0	0.0	0.47358682505620886	32.0	0.0
145773	ENSG00000157470	FAM81A	FAM81A	1.0	1.0	0.49522975668176633	32.0	0.021531728551381146
151354	ENSG00000162981	LRATD1	FAM84A	1.0	1.0	0.6419021619622515	32.0	0.027908789650532673
157638	ENSG00000168672	LRATD2	FAM84B	0.0	0.0	0.18168747979035127	32.0	0.0
286042	ENSG00000285119	FAM86B3P	FAM86B3P	1.0	5.0	0.5890909981984118	55.0	0.1280632604779156
55199	ENSG00000158483	FAM86C1P	FAM86C1	1.0	3.0	0.5191680979361203	33.0	0.06771757799166786
645332	ENSG00000290994	FAM86C2P	FAM86C2P	1.0	2.0	0.41403950338857515	53.0	0.0360034350772674
692099	ENSG00000288323	FAM86DP	FAM86DP	0.0	0.0	0.41614037883959715	32.0	0.0
348926	ENSG00000290374	FAM86EP	FAM86EP	1.0	5.0	0.4858856472160983	33.0	0.10562731461219528
653113	ENSG00000290940	FAM86FP	FAM86FP	1.0	4.0	0.47447401562578373	33.0	0.08251722010883195
729375	ENSG00000291081	FAM86HP	FAM86HP	0.0	0.0	0.40059574649045326	32.0	0.0
375061	ENSG00000182118	FAM89A	FAM89A	1.0	7.0	0.5094238548618958	33.0	0.15504204278405526
23625	ENSG00000176973	FAM89B	FAM89B	1.0	5.0	0.5895132943608946	2.0	0.1281550639914988
137392	ENSG00000188343	CIBAR1	FAM92A	1.0	1.0	0.5494713316589624	2.0	0.023890057898215758
25940	ENSG00000119812	TSLIG3A	FAM98A	1.0	2.0	0.4348549732893807	7.0	0.03781347593820702
283742	ENSG00000171262	TSLIG3B	FAM98B	1.0	3.0	0.6755447866209114	33.0	0.08811453738533627
147965	ENSG00000130244	TSLIG3C	FAM98C	1.0	1.0	0.5702382784573793	40.0	0.024792968628581706
55215	ENSG00000140525	FANCI	FANCI	0.0	0.0	0.3012146490320047	44.0	0.0
55120	ENSG00000115392	FANCL	FANCL	1.0	15.0	0.7131786276508814	60.0	0.46511649629405305
92565	ENSG00000203780	FANK1	FANK1	0.0	0.0	0.3656129126198711	32.0	0.0
2191	ENSG00000078098	FAP	FAP	1.0	3.0	0.5994725107948924	1.0	0.07819206662542075
55711	ENSG00000064763	FAR2	FAR2	0.0	0.0	0.2976148973699304	32.0	0.0
440905	ENSG00000286058	FAR2P1	FAR2P1	1.0	8.0	0.5285978436073696	18.0	0.18386011951560682
10160	ENSG00000152767	FARP1	FARP1	1.0	9.0	0.7275617894954739	18.0	0.28469809154170717
9855	ENSG00000006607	FARP2	FARP2	1.0	1.0	0.32507381058065066	55.0	0.01413364393828916
2193	ENSG00000179115	FARSA	FARSA	1.0	2.0	0.5705764936500276	33.0	0.04961534727391544
355	ENSG00000026103	FAS	FAS	1.0	8.0	0.6289056587975433	49.0	0.2187497943643629
79675	ENSG00000138399	FASTKD1	FASTKD1	0.0	0.0	0.35764068754458134	10.0	0.0
60493	ENSG00000215251	FASTKD5	FASTKD5	0.0	0.0	0.31217619859963325	32.0	0.0
2195	ENSG00000083857	FAT1	FAT1	1.0	6.0	0.4940244692628983	58.0	0.12887594850336476
2197	ENSG00000149806	FAU	FAU	1.0	5.0	0.5305626631045929	53.0	0.11533970937056366
84553	ENSG00000146267	FAXC	FAXC	1.0	2.0	0.5850082089733394	33.0	0.05087027904115995
2091	ENSG00000105202	FBL	FBL	1.0	6.0	0.6551298835571754	49.0	0.17090344788448053
2192	ENSG00000077942	FBLN1	FBLN1	1.0	3.0	0.4058093865087468	33.0	0.05293165910983654
2199	ENSG00000163520	FBLN2	FBLN2	1.0	2.0	0.5313860408741492	52.0	0.046207481815143406
10516	ENSG00000140092	FBLN5	FBLN5	1.0	2.0	0.5692101195300958	52.0	0.04949653213305181
129804	ENSG00000144152	FBLN7	FBLN7	0.0	0.0	0.5029068047445975	32.0	0.0
2200	ENSG00000166147	FBN1	FBN1	1.0	1.0	0.382248797332802	50.0	0.01661951292751313
57666	ENSG00000112787	FBRSL1	FBRSL1	1.0	3.0	0.7015275937440448	31.0	0.09150359918400584
54850	ENSG00000127452	FBXL12	FBXL12	1.0	2.0	0.6168978159635509	51.0	0.05364328834465659
79176	ENSG00000107872	FBXL15	FBXL15	1.0	2.0	0.4794342720986622	33.0	0.041689936704231496
146330	ENSG00000127585	FBXL16	FBXL16	1.0	4.0	0.7056242992613707	49.0	0.12271726943676012
80028	ENSG00000155034	FBXL18	FBXL18	1.0	2.0	0.6881982840490247	52.0	0.05984332904774128
25827	ENSG00000153558	FBXL2	FBXL2	1.0	6.0	0.6104873999809229	56.0	0.15925758260371903
84961	ENSG00000108306	FBXL20	FBXL20	1.0	3.0	0.7115260763500456	52.0	0.09280774908913639
26235	ENSG00000112234	FBXL4	FBXL4	1.0	1.0	0.4500309474160649	32.0	0.019566562931133256
23194	ENSG00000183580	FBXL7	FBXL7	1.0	1.0	0.363578541183333	32.0	0.015807762660144914
201456	ENSG00000141665	FBXO15	FBXO15	1.0	2.0	0.5093237269157738	53.0	0.04428901973180641
157574	ENSG00000214050	FBXO16	FBXO16	1.0	1.0	0.5829422151188068	16.0	0.025345313700817686
26232	ENSG00000116661	FBXO2	FBXO2	1.0	8.0	0.514995635283124	39.0	0.17912891662021704
26263	ENSG00000167196	FBXO22	FBXO22	1.0	3.0	0.5491913830132295	31.0	0.07163365865389949
26260	ENSG00000147364	FBXO25	FBXO25	1.0	2.0	0.5405695476843031	33.0	0.047006047624722005
126433	ENSG00000161243	FBXO27	FBXO27	1.0	6.0	0.723667525084266	31.0	0.18878283263067808
23219	ENSG00000143756	FBXO28	FBXO28	0.0	0.0	0.4072022554746736	32.0	0.0
26273	ENSG00000110429	FBXO3	FBXO3	1.0	3.0	0.6007219334861157	31.0	0.07835503480253683
84085	ENSG00000118496	FBXO30	FBXO30	1.0	1.0	0.4598485944896571	32.0	0.01999341715172422
79791	ENSG00000103264	FBXO31	FBXO31	0.0	0.0	0.5429034355262422	32.0	0.0
114907	ENSG00000156804	FBXO32	FBXO32	0.0	0.0	0.33040246233735504	7.0	0.0
254170	ENSG00000165355	FBXO33	FBXO33	0.0	0.0	0.3328540718089494	32.0	0.0
55030	ENSG00000178974	FBXO34	FBXO34	1.0	2.0	0.7130329911637041	40.0	0.06200286879684384
51725	ENSG00000163833	FBXO40	FBXO40	1.0	3.0	0.5359639997706727	33.0	0.06990834779617469
150726	ENSG00000163013	FBXO41	FBXO41	1.0	4.0	0.7008465708479036	8.0	0.12188636014746149
200933	ENSG00000174013	FBXO45	FBXO45	1.0	3.0	0.5413906280841382	2.0	0.07061616888053976
23403	ENSG00000177051	FBXO46	FBXO46	0.0	0.0	0.5874386744666426	31.0	0.0
26269	ENSG00000164117	FBXO8	FBXO8	0.0	0.0	0.4160150584682111	31.0	0.0
26268	ENSG00000112146	FBXO9	FBXO9	0.0	0.0	0.5749761783178886	19.0	0.0
26190	ENSG00000119402	FBXW2	FBXW2	1.0	3.0	0.6409362757122108	51.0	0.08360038378854923
54461	ENSG00000159069	FBXW5	FBXW5	1.0	3.0	0.5366980824151245	9.0	0.07000409770632059
55294	ENSG00000109670	FBXW7	FBXW7	1.0	3.0	0.5392284830688456	33.0	0.07033414996550161
84261	ENSG00000132004	FBXW9	FBXW9	1.0	5.0	0.7383083929082891	60.0	0.16050182454528023
8857	ENSG00000275395	FCGBP	FCGBP	1.0	3.0	0.49290408853204226	52.0	0.06429183763461421
2210	ENSG00000291135	FCGR1BP	FCGR1B	1.0	6.0	0.5060585760599167	33.0	0.1320152807112826
2212	ENSG00000143226	FCGR2A	FCGR2A	1.0	2.0	0.5125551226039382	33.0	0.044570010661212016
2214	ENSG00000203747	FCGR3A	FCGR3A	1.0	5.0	0.42089979113799714	49.0	0.09149995459521677
2217	ENSG00000104870	FCGRT	FCGRT	1.0	6.0	0.4564145764540987	40.0	0.11906467211846053
115548	ENSG00000157107	FCHO2	FCHO2	1.0	1.0	0.508693842891461	32.0	0.022117123603976566
9873	ENSG00000137478	FCHSD2	FCHSD2	1.0	6.0	0.6194428375362864	33.0	0.16159378370511818
127943	ENSG00000162746	FCRLB	FCRLB	1.0	3.0	0.5347984556437677	51.0	0.069756320301361
2222	ENSG00000079459	FDFT1	FDFT1	1.0	6.0	0.5999885892274243	18.0	0.15651876240715415
2224	ENSG00000160752	FDPS	FDPS	1.0	4.0	0.5390581746021178	33.0	0.09374924775689004
112812	ENSG00000267673	FDX2	FDX1L	1.0	2.0	0.5797726766186612	40.0	0.050415015358144445
2237	ENSG00000168496	FEN1	FEN1	1.0	2.0	0.47623178419676854	53.0	0.04141145949537118
80307	ENSG00000088340	FER1L4	FER1L4	0.0	0.0	0.23946149441051925	38.0	0.0
55612	ENSG00000101311	FERMT1	FERMT1	1.0	2.0	0.3011858669387149	52.0	0.02619007538597521
10979	ENSG00000073712	FERMT2	FERMT2	1.0	5.0	0.5493110099167757	8.0	0.1194154369384295
2242	ENSG00000182511	FES	FES	0.0	0.0	0.4673633604337525	32.0	0.0
9637	ENSG00000171055	FEZ2	FEZ2	1.0	6.0	0.5826187726943571	51.0	0.15198750592026708
55079	ENSG00000153266	FEZF2	FEZF2	1.0	4.0	0.6276119883838749	41.0	0.10914991102328259
89846	ENSG00000127084	FGD3	FGD3	1.0	11.0	0.5889266720850724	39.0	0.2816605823015564
121512	ENSG00000139132	FGD4	FGD4	1.0	3.0	0.43129273031534915	32.0	0.056255573519393365
2246	ENSG00000113578	FGF1	FGF1	0.0	0.0	0.34212704490497914	32.0	0.0
2257	ENSG00000114279	FGF12	FGF12	1.0	2.0	0.60391690110921	49.0	0.05251451313993131
2258	ENSG00000129682	FGF13	FGF13	0.0	0.0	0.4972768946129198	31.0	0.0
2259	ENSG00000102466	FGF14	FGF14	0.0	0.0	0.5566430763928265	32.0	0.0
283481	ENSG00000272143	FGF14-AS2	FGF14-AS2	1.0	1.0	0.40764704563141774	53.0	0.017723784592670336
8822	ENSG00000158815	FGF17	FGF17	1.0	5.0	0.6874731257587264	52.0	0.1494506795127666
8817	ENSG00000156427	FGF18	FGF18	0.0	0.0	0.4924223986457099	19.0	0.0
2247	ENSG00000138685	FGF2	FGF2	1.0	5.0	0.49090713758307697	33.0	0.10671894295284282
2254	ENSG00000102678	FGF9	FGF9	0.0	0.0	0.3847685261166094	32.0	0.0
2260	ENSG00000077782	FGFR1	FGFR1	1.0	1.0	0.4072352978257183	54.0	0.017705882514161667
26127	ENSG00000111790	FGFR1OP2	FGFR1OP2	1.0	3.0	0.5302983119948378	32.0	0.06916934504280493
2263	ENSG00000066468	FGFR2	FGFR2	0.0	0.0	0.17350314012503784	32.0	0.0
2261	ENSG00000068078	FGFR3	FGFR3	1.0	6.0	0.5643960617102102	55.0	0.14723375522875048
55277	ENSG00000172456	FGGY	FGGY	1.0	3.0	0.5140344378901248	40.0	0.0670479701595815
10875	ENSG00000127951	FGL2	FGL2	1.0	5.0	0.5300376818239956	33.0	0.11522558300521643
2273	ENSG00000022267	FHL1	FHL1	1.0	4.0	0.6462867648046647	18.0	0.11239769822689821
2274	ENSG00000115641	FHL2	FHL2	1.0	2.0	0.6221697163088223	33.0	0.054101714461636724
9457	ENSG00000112214	FHL5	FHL5	0.0	0.0	0.3249123603401728	49.0	0.0
29109	ENSG00000135723	FHOD1	FHOD1	1.0	4.0	0.44842290609246377	52.0	0.07798659236390675
80206	ENSG00000134775	FHOD3	FHOD3	1.0	7.0	0.6186516211847138	31.0	0.188285276012739
387758	ENSG00000176971	FIBIN	FIBIN	1.0	3.0	0.5218464384430691	52.0	0.0680669267534438
9158	ENSG00000172500	FIBP	FIBP	1.0	2.0	0.49075127406062946	9.0	0.042674023831359084
9896	ENSG00000112367	FIG4	FIG4	1.0	2.0	0.6831317713436097	40.0	0.05940276272553128
55137	ENSG00000182263	FIGN	FIGN	1.0	1.0	0.4492033465652928	33.0	0.01953058028544751
401720	ENSG00000261308	FIGNL2	FIGNL2	1.0	5.0	0.8130699514095239	33.0	0.17675433726293996
27145	ENSG00000118407	FILIP1	FILIP1	1.0	4.0	0.6678166613805737	41.0	0.11614202806618673
11259	ENSG00000168386	FILIP1L	FILIP1L	1.0	3.0	0.6581899455007663	41.0	0.08585086245662168
51024	ENSG00000214253	FIS1	FIS1	1.0	2.0	0.39950068566420477	33.0	0.034739190057756934
128486	ENSG00000197296	FITM2	FITM2	0.0	0.0	0.302494830851828	32.0	0.0
84922	ENSG00000179943	FIZ1	FIZ1	0.0	0.0	0.3710865772042837	33.0	0.0
24147	ENSG00000179431	FJX1	FJX1	1.0	1.0	0.5057657116142158	7.0	0.021989813548444165
55033	ENSG00000106080	FKBP14	FKBP14	1.0	4.0	0.5379278180696978	40.0	0.09355266401212135
2280	ENSG00000088832	FKBP1A	FKBP1A	1.0	6.0	0.6754485495694157	53.0	0.17620396945289105
2281	ENSG00000119782	FKBP1B	FKBP1B	1.0	9.0	0.6131812314380118	49.0	0.2399404818670481
2286	ENSG00000173486	FKBP2	FKBP2	0.0	0.0	0.17146417914325127	31.0	0.0
2287	ENSG00000100442	FKBP3	FKBP3	1.0	2.0	0.6038315810088343	31.0	0.052507094000768195
2289	ENSG00000096060	FKBP5	FKBP5	0.0	0.0	0.29384434000780274	32.0	0.0
79147	ENSG00000181027	FKRP	FKRP	1.0	7.0	0.5429750598711277	33.0	0.1652532790912128
2218	ENSG00000106692	FKTN	FKTN	1.0	1.0	0.4295620655216325	53.0	0.018676611544418804
80308	ENSG00000160688	FLAD1	FLAD1	1.0	4.0	0.49114431391078184	49.0	0.0854164024192664
285150	ENSG00000145063	FLJ33534	FLJ33534	1.0	4.0	0.5666864480667358	40.0	0.09855416488117145
10211	ENSG00000206480	FLOT1	FLOT1	1.0	3.0	0.5346495458077434	7.0	0.06973689727927088
2319	ENSG00000132589	FLOT2	FLOT2	1.0	4.0	0.6222265589894668	49.0	0.10821331460686379
23769	ENSG00000126500	FLRT1	FLRT1	1.0	7.0	0.5544863798858131	52.0	0.16875672431307356
23768	ENSG00000185070	FLRT2	FLRT2	1.0	1.0	0.5498406925314053	33.0	0.02390611706658284
23767	ENSG00000125848	FLRT3	FLRT3	1.0	3.0	0.5572439471181454	1.0	0.07268399310236678
2321	ENSG00000102755	FLT1	FLT1	0.0	0.0	0.21326233787934032	32.0	0.0
2322	ENSG00000122025	FLT3	FLT3	0.0	0.0	0.35208916291336767	32.0	0.0
2324	ENSG00000037280	FLT4	FLT4	0.0	0.0	0.318364115254555	32.0	0.0
28982	ENSG00000162769	FLVCR1	FLVCR1	1.0	2.0	0.5400459844667754	33.0	0.04696052038841526
642946	ENSG00000198468	FLVCR1-DT	FLVCR1-AS1	1.0	2.0	0.3675681077769565	60.0	0.031962444154517954
84256	ENSG00000059122	FLYWCH1	FLYWCH1	0.0	0.0	0.4992151231976086	32.0	0.0
114984	ENSG00000162076	FLYWCH2	FLYWCH2	1.0	1.0	0.43734675931895617	32.0	0.019015076492128528
342184	ENSG00000248905	FMN1	FMN1	0.0	0.0	0.4960316119699308	32.0	0.0
56776	ENSG00000155816	FMN2	FMN2	0.0	0.0	0.5922364705463665	39.0	0.0
752	ENSG00000184922	FMNL1	FMNL1	1.0	7.0	0.6599502778265057	31.0	0.20085443238198003
2327	ENSG00000094963	FMO2	FMO2	0.0	0.0	0.25066181403207016	55.0	0.0
2332	ENSG00000102081	FMR1	FMR1	0.0	0.0	0.4588517584087134	32.0	0.0
2335	ENSG00000115414	FN1	FN1	0.0	0.0	0.3156197752322713	31.0	0.0
79672	ENSG00000141560	FN3KRP	FN3KRP	1.0	5.0	0.5811442760835819	33.0	0.126335712192083
54874	ENSG00000137942	FNBP1L	FNBP1L	1.0	10.0	0.6418775993418857	49.0	0.2790772171051677
79025	ENSG00000125531	FNDC11	FNDC11	1.0	2.0	0.5928695027358036	40.0	0.051553869803113356
22862	ENSG00000102531	FNDC3A	FNDC3A	1.0	4.0	0.5356504111508158	33.0	0.09315659324362013
64778	ENSG00000075420	FNDC3B	FNDC3B	1.0	2.0	0.404335542185326	32.0	0.03515961236394139
64838	ENSG00000115226	FNDC4	FNDC4	0.0	0.0	0.47868777713633553	32.0	0.0
252995	ENSG00000160097	FNDC5	FNDC5	0.0	0.0	0.520104638880334	32.0	0.0
408263	ENSG00000172568	FNDC9	FNDC9	1.0	7.0	0.8058483305911408	52.0	0.24525818757121678
57600	ENSG00000052795	FNIP2	FNIP2	1.0	6.0	0.5863775111466915	40.0	0.15296804638609343
54914	ENSG00000188352	FOCAD	FOCAD	0.0	0.0	0.34042531214454386	59.0	0.0
2348	ENSG00000110195	FOLR1	FOLR1	1.0	4.0	0.5907837252724865	41.0	0.10274499569956286
2350	ENSG00000165457	FOLR2	FOLR2	1.0	5.0	0.5476270776480158	55.0	0.11904936470609039
2353	ENSG00000170345	FOS	FOS	0.0	0.0	0.326536287913364	32.0	0.0
2354	ENSG00000125740	FOSB	FOSB	0.0	0.0	0.5294778323190139	31.0	0.0
2355	ENSG00000075426	FOSL2	FOSL2	1.0	1.0	0.40137682122963136	32.0	0.017451166140418754
2296	ENSG00000054598	FOXC1	FOXC1	0.0	0.0	0.2154306790282007	32.0	0.0
2297	ENSG00000251493	FOXD1	FOXD1	0.0	0.0	0.22939078813343217	39.0	0.0
2294	ENSG00000103241	FOXF1	FOXF1	0.0	0.0	0.25874592616413117	32.0	0.0
2295	ENSG00000137273	FOXF2	FOXF2	1.0	1.0	0.24768871216146643	52.0	0.010769074441802888
2290	ENSG00000176165	FOXG1	FOXG1	1.0	5.0	0.7154164819424002	31.0	0.15552532216139134
668	ENSG00000183770	FOXL2	FOXL2	0.0	0.0	0.18070273890573638	32.0	0.0
3344	ENSG00000170802	FOXN2	FOXN2	0.0	0.0	0.3340362717068764	52.0	0.0
1112	ENSG00000053254	FOXN3	FOXN3	0.0	0.0	0.2750454942783535	33.0	0.0
400236	ENSG00000258920	FOXN3-AS1	FOXN3-AS1	1.0	6.0	0.5135715203969728	52.0	0.1339751792339929
2308	ENSG00000150907	FOXO1	FOXO1	1.0	5.0	0.4544976291515242	55.0	0.09880383242424438
27086	ENSG00000114861	FOXP1	FOXP1	0.0	0.0	0.5652333154141572	31.0	0.0
93986	ENSG00000128573	FOXP2	FOXP2	0.0	0.0	0.5900180680418774	32.0	0.0
55572	ENSG00000110074	FOXRED1	FOXRED1	1.0	1.0	0.49828514152192716	2.0	0.02166457137051857
80020	ENSG00000100350	FOXRED2	FOXRED2	1.0	11.0	0.7942064680917925	52.0	0.3798378760439008
2357	ENSG00000171051	FPR1	FPR1	1.0	3.0	0.4158357762413554	33.0	0.0542394490749594
10023	ENSG00000165879	FRAT1	FRAT1	0.0	0.0	0.3943184859202624	31.0	0.0
23401	ENSG00000181274	FRAT2	FRAT2	0.0	0.0	0.40390713095099995	31.0	0.0
166752	ENSG00000183090	FREM3	FREM3	1.0	4.0	0.5747633615145147	33.0	0.09995884548078515
2444	ENSG00000111816	FRK	FRK	0.0	0.0	0.16710804194649323	32.0	0.0
257019	ENSG00000172159	FRMD3	FRMD3	1.0	9.0	0.7278617501780489	52.0	0.28481546746097564
55691	ENSG00000151474	FRMD4A	FRMD4A	0.0	0.0	0.5269389072712145	31.0	0.0
84978	ENSG00000171877	FRMD5	FRMD5	0.0	0.0	0.29021676997702894	32.0	0.0
122786	ENSG00000139926	FRMD6	FRMD6	1.0	3.0	0.5915309932102779	33.0	0.07715621650568842
9758	ENSG00000169933	FRMPD4	FRMPD4	0.0	0.0	0.630639531336848	32.0	0.0
23732	ENSG00000260230	FRRS1L	FRRS1L	1.0	3.0	0.7169743694857832	49.0	0.09351839601988476
285527	ENSG00000075539	FRYL	FRYL	0.0	0.0	0.2678791718042368	32.0	0.0
2487	ENSG00000162998	FRZB	FRZB	1.0	2.0	0.578786304370923	52.0	0.05032924385834113
79187	ENSG00000105255	FSD1	FSD1	1.0	2.0	0.5932102129958581	36.0	0.05158349678224853
161835	ENSG00000150667	FSIP1	FSIP1	1.0	8.0	0.6941723581858246	33.0	0.24145125502115636
11167	ENSG00000163430	FSTL1	FSTL1	0.0	0.0	0.3330177758828068	32.0	0.0
23105	ENSG00000053108	FSTL4	FSTL4	0.0	0.0	0.5411490012087508	7.0	0.0
56884	ENSG00000168843	FSTL5	FSTL5	1.0	3.0	0.4102789323131275	24.0	0.05351464334519054
2495	ENSG00000167996	FTH1	FTH1	1.0	7.0	0.4845136937689346	52.0	0.14746068940793663
2512	ENSG00000087086	FTL	FTL	1.0	9.0	0.5382056291099899	32.0	0.21060220269521346
79068	ENSG00000140718	FTO	FTO	1.0	1.0	0.5002086106842603	53.0	0.021748200464533053
8939	ENSG00000107164	FUBP3	FUBP3	1.0	1.0	0.4374536497702472	53.0	0.019019723903054224
2519	ENSG00000001036	FUCA2	FUCA2	1.0	2.0	0.40192778379153765	53.0	0.03495024206882936
139341	ENSG00000069509	FUNDC1	FUNDC1	1.0	1.0	0.29489445748878523	39.0	0.012821498151686313
282969	ENSG00000148803	FUOM	FUOM	1.0	3.0	0.5274346678646543	52.0	0.06879582624321579
10690	ENSG00000172461	FUT9	FUT9	1.0	3.0	0.6484940970293558	40.0	0.0845861865690464
2395	ENSG00000165060	FXN	FXN	1.0	3.0	0.5233317430654592	31.0	0.06826066213897293
5348	ENSG00000266964	FXYD1	FXYD1	1.0	4.0	0.4688013998168028	1.0	0.08153067822900918
53826	ENSG00000137726	FXYD6	FXYD6	1.0	6.0	0.6734805758236376	8.0	0.17569058499747067
53822	ENSG00000221946	FXYD7	FXYD7	1.0	2.0	0.7004935039260615	49.0	0.060912478602266215
2533	ENSG00000082074	FYB1	FYB1	1.0	7.0	0.5146084458084365	33.0	0.156619961767785
79443	ENSG00000163820	FYCO1	FYCO1	1.0	5.0	0.34978525478754086	33.0	0.07604027277990018
2534	ENSG00000010810	FYN	FYN	1.0	6.0	0.6540580208245544	60.0	0.170623831519449
84248	ENSG00000122068	FYTTD1	FYTTD1	1.0	1.0	0.44478494878631625	32.0	0.019338476034187663
8321	ENSG00000157240	FZD1	FZD1	1.0	10.0	0.647658877570668	33.0	0.28159081633507305
2535	ENSG00000180340	FZD2	FZD2	1.0	4.0	0.5088808532828237	55.0	0.08850101796223021
7976	ENSG00000104290	FZD3	FZD3	1.0	3.0	0.625866945843201	33.0	0.08163481902302622
8323	ENSG00000164930	FZD6	FZD6	0.0	0.0	0.32035337814826004	31.0	0.0
8324	ENSG00000155760	FZD7	FZD7	1.0	2.0	0.587421846941709	39.0	0.05108016060362686
8326	ENSG00000188763	FZD9	FZD9	1.0	4.0	0.5029740025576849	55.0	0.08747373957524954
51343	ENSG00000105325	FZR1	FZR1	1.0	6.0	0.6746691452814894	54.0	0.17600064659517115
10146	ENSG00000145907	G3BP1	G3BP1	1.0	1.0	0.411578589349743	54.0	0.017894721276075783
2539	ENSG00000160211	G6PD	G6PD	1.0	1.0	0.5501586784552873	51.0	0.02391994254153423
2548	ENSG00000171298	GAA	GAA	0.0	0.0	0.3229074869185372	10.0	0.0
11337	ENSG00000170296	GABARAP	GABARAP	1.0	4.0	0.4915368267953782	40.0	0.085484665529631
23710	ENSG00000139112	GABARAPL1	GABARAPL1	1.0	4.0	0.6297872540693744	33.0	0.10952821809902163
23766	ENSG00000279980	GABARAPL3	GABARAPL3	1.0	2.0	0.5433925306490731	2.0	0.04725152440426723
2550	ENSG00000237112	GABBR1	GABBR1	1.0	7.0	0.6533009721276853	52.0	0.1988307306475564
9568	ENSG00000136928	GABBR2	GABBR2	1.0	6.0	0.6863219070757082	49.0	0.17904049749801082
2551	ENSG00000154727	GABPA	GABPA	0.0	0.0	0.38763810758006195	32.0	0.0
2553	ENSG00000104064	GABPB1	GABPB1	0.0	0.0	0.3775759195448402	32.0	0.0
55056	ENSG00000285410	GABPB1-IT1	GABPB1-IT1	1.0	1.0	0.4865632112848277	31.0	0.02115492222977512
2554	ENSG00000022355	GABRA1	GABRA1	0.0	0.0	0.3921726889511753	32.0	0.0
2555	ENSG00000151834	GABRA2	GABRA2	1.0	6.0	0.7310439263146765	49.0	0.19070711121252432
2556	ENSG00000011677	GABRA3	GABRA3	1.0	5.0	0.6759525387982923	40.0	0.1469462040865853
2557	ENSG00000109158	GABRA4	GABRA4	0.0	0.0	0.5502837775220848	32.0	0.0
2558	ENSG00000186297	GABRA5	GABRA5	1.0	7.0	0.7358926444691595	49.0	0.2239673265775703
2560	ENSG00000163288	GABRB1	GABRB1	1.0	7.0	0.7245550302443622	52.0	0.22051674833524068
2561	ENSG00000145864	GABRB2	GABRB2	1.0	1.0	0.5934401994994438	52.0	0.025801747804323642
2562	ENSG00000166206	GABRB3	GABRB3	1.0	15.0	0.7829835449044816	32.0	0.5106414423290098
2563	ENSG00000187730	GABRD	GABRD	1.0	1.0	0.44432947703060205	32.0	0.019318672914374002
2564	ENSG00000102287	GABRE	GABRE	1.0	15.0	0.7355475974289329	52.0	0.4797049548449563
2565	ENSG00000163285	GABRG1	GABRG1	1.0	9.0	0.6037141355877005	31.0	0.23623596609953498
2566	ENSG00000113327	GABRG2	GABRG2	0.0	0.0	0.5308978359160581	32.0	0.0
2572	ENSG00000136750	GAD2	GAD2	1.0	1.0	0.4006364633178914	33.0	0.017418976665995275
4616	ENSG00000099860	GADD45B	GADD45B	0.0	0.0	0.22659998586189342	44.0	0.0
51083	ENSG00000069482	GAL	GAL	0.0	0.0	0.2905147635872777	32.0	0.0
79690	ENSG00000197093	GAL3ST4	GAL3ST4	1.0	2.0	0.5469276975672038	33.0	0.04755893022323512
2585	ENSG00000156958	GALK2	GALK2	1.0	2.0	0.44899750930508386	33.0	0.039043261678702944
130589	ENSG00000143891	GALM	GALM	1.0	6.0	0.5272481917253693	40.0	0.13754300653705287
2589	ENSG00000141429	GALNT1	GALNT1	0.0	0.0	0.12967713703908493	32.0	0.0
55568	ENSG00000164574	GALNT10	GALNT10	1.0	5.0	0.5484737043827934	53.0	0.11923341399625943
63917	ENSG00000178234	GALNT11	GALNT11	1.0	5.0	0.6193573389346746	33.0	0.13464289976840751
79623	ENSG00000158089	GALNT14	GALNT14	1.0	5.0	0.7114650927101581	53.0	0.15466632450220827
117248	ENSG00000131386	GALNT15	GALNT15	0.0	0.0	0.20121976255793042	32.0	0.0
57452	ENSG00000100626	GALNT16	GALNT16	0.0	0.0	0.3775219814304349	32.0	0.0
64409	ENSG00000185274	GALNT17	GALNT17	1.0	3.0	0.6669994871020809	40.0	0.08699993310027142
51809	ENSG00000109586	GALNT7	GALNT7	1.0	6.0	0.48367167825222535	41.0	0.126175220413624
50614	ENSG00000182870	GALNT9	GALNT9	1.0	2.0	0.5004459163284243	33.0	0.04351703620247167
168391	ENSG00000106648	GALNTL5	GALNTL5	1.0	4.0	0.5538791805706146	9.0	0.0963268140122808
2587	ENSG00000166573	GALR1	GALR1	1.0	1.0	0.3347962339135392	32.0	0.014556357996240834
2592	ENSG00000213930	GALT	GALT	0.0	0.0	0.3274445238399656	31.0	0.0
2593	ENSG00000130005	GAMT	GAMT	1.0	2.0	0.41228091455551985	32.0	0.035850514309175636
2596	ENSG00000172020	GAP43	GAP43	1.0	7.0	0.5816859067849569	49.0	0.17703484119542168
54433	ENSG00000109534	GAR1	GAR1	1.0	5.0	0.5864944144883277	49.0	0.12749878575833212
150946	ENSG00000157833	GAREM2	GAREM2	1.0	5.0	0.5154786393751484	40.0	0.11206057377720617
84253	ENSG00000136895	GARNL3	GARNL3	0.0	0.0	0.5286052862460455	18.0	0.0
2618	ENSG00000262473	GART	GART	0.0	0.0	0.4279178019964071	31.0	0.0
2620	ENSG00000148935	GAS2	GAS2	0.0	0.0	0.30439196037725375	31.0	0.0
2621	ENSG00000183087	GAS6	GAS6	0.0	0.0	0.2985015504280833	32.0	0.0
8522	ENSG00000007237	GAS7	GAS7	1.0	3.0	0.6610323369544361	32.0	0.08622160916796992
2622	ENSG00000141013	DRC4	GAS8	1.0	1.0	0.5510167614548412	33.0	0.023957250498036577
2520	ENSG00000184502	GAST	GAST	1.0	3.0	0.5332189748479579	49.0	0.06955030106712494
54815	ENSG00000167491	GATAD2A	GATAD2A	0.0	0.0	0.26432870970710354	31.0	0.0
5188	ENSG00000059691	GATB	GATB	1.0	2.0	0.5057888220957479	33.0	0.04398163670397808
2629	ENSG00000262446	GBA1	GBA	1.0	5.0	0.510577076003891	40.0	0.110995016522585
57704	ENSG00000070610	GBA2	GBA2	1.0	3.0	0.5215690335417376	9.0	0.06803074350544402
2630	ENSG00000291137	GBA1LP	GBAP1	1.0	4.0	0.5242768523007427	18.0	0.09117858300882482
2632	ENSG00000114480	GBE1	GBE1	0.0	0.0	0.10350328311853126	32.0	0.0
8729	ENSG00000107862	GBF1	GBF1	1.0	2.0	0.5203072265989498	9.0	0.045244106660778244
2635	ENSG00000117226	GBP3	GBP3	0.0	0.0	0.3103970729132467	33.0	0.0
115361	ENSG00000162654	GBP4	GBP4	0.0	0.0	0.24775120763714498	59.0	0.0
9648	ENSG00000135968	GCC2	GCC2	1.0	1.0	0.5568984096896128	2.0	0.02421297433433099
2730	ENSG00000023909	GCLM	GCLM	0.0	0.0	0.3326342049724291	32.0	0.0
2650	ENSG00000187210	GCNT1	GCNT1	1.0	4.0	0.5871752806080975	32.0	0.10211744010575609
51301	ENSG00000176928	GCNT4	GCNT4	1.0	1.0	0.572753057625616	31.0	0.02490230685328765
9615	ENSG00000119125	GDA	GDA	1.0	6.0	0.6739909125349633	8.0	0.1758237163134687
78997	ENSG00000124194	GDAP1L1	GDAP1L1	1.0	5.0	0.6758039812898206	31.0	0.14691390897604795
54834	ENSG00000196505	GDAP2	GDAP2	0.0	0.0	0.3831335197071217	32.0	0.0
2662	ENSG00000266524	GDF10	GDF10	0.0	0.0	0.3649641607615769	32.0	0.0
10220	ENSG00000135414	GDF11	GDF11	1.0	4.0	0.4999066414517923	33.0	0.08694028546987692
284161	ENSG00000153982	GDPD1	GDPD1	1.0	1.0	0.46188777956600335	32.0	0.020082077372434927
54857	ENSG00000130055	GDPD2	GDPD2	1.0	6.0	0.5592476616433675	52.0	0.14589069434174803
81544	ENSG00000158555	GDPD5	GDPD5	0.0	0.0	0.24391693432439684	31.0	0.0
2669	ENSG00000164949	GEM	GEM	0.0	0.0	0.29517393807516806	32.0	0.0
8487	ENSG00000092208	GEMIN2	GEMIN2	1.0	5.0	0.6534043824896169	40.0	0.14204443097600367
25929	ENSG00000082516	GEMIN5	GEMIN5	1.0	2.0	0.4937147224754123	53.0	0.04293171499786194
79760	ENSG00000142252	GEMIN7	GEMIN7	0.0	0.0	0.46903243460659605	52.0	0.0
2670	ENSG00000131095	GFAP	GFAP	1.0	1.0	0.3962719405966457	31.0	0.017229214808549814
54438	ENSG00000145990	GFOD1	GFOD1	1.0	4.0	0.7189893691284491	33.0	0.12504162941364333
81577	ENSG00000141098	GFOD2	GFOD2	1.0	1.0	0.49647949211094894	33.0	0.021586064874389084
2673	ENSG00000198380	GFPT1	GFPT1	1.0	7.0	0.7276044012041546	31.0	0.22144481775778618
9945	ENSG00000131459	GFPT2	GFPT2	1.0	1.0	0.6536943398669759	33.0	0.028421493037694603
2674	ENSG00000151892	GFRA1	GFRA1	0.0	0.0	0.3447624072958455	49.0	0.0
2675	ENSG00000168546	GFRA2	GFRA2	0.0	0.0	0.4043502598524433	32.0	0.0
23062	ENSG00000103365	GGA2	GGA2	0.0	0.0	0.5177167289928765	31.0	0.0
23163	ENSG00000125447	GGA3	GGA3	1.0	2.0	0.5810567342385705	36.0	0.05052667254248439
79017	ENSG00000006625	GGCT	GGCT	1.0	6.0	0.647522819419424	18.0	0.1689189963702845
2677	ENSG00000115486	GGCX	GGCX	1.0	8.0	0.7561158983508073	31.0	0.26299683420897646
199720	ENSG00000179168	GGN	GGN	1.0	6.0	0.6591910375369687	33.0	0.1719628793574701
79893	ENSG00000275099	GGNBP2	GGNBP2	1.0	2.0	0.4366175445971123	3.0	0.03796674300844455
124975	ENSG00000167741	GGT6	GGT6	1.0	2.0	0.6233692002450248	51.0	0.05420601741261086
2686	ENSG00000131067	GGT7	GGT7	1.0	2.0	0.6071752006231893	51.0	0.05279784353245124
2690	ENSG00000112964	GHR	GHR	1.0	15.0	0.811247238525154	52.0	0.5290742859946657
100126793	ENSG00000240288	GHRLOS	GHRLOS	0.0	0.0	0.45931296412631556	31.0	0.0
54994	ENSG00000101193	GID8	GID8	1.0	1.0	0.6302694808728564	32.0	0.027403020907515493
64599	ENSG00000146830	GIGYF1	GIGYF1	0.0	0.0	0.5050643995194666	32.0	0.0
26157	ENSG00000106560	GIMAP2	GIMAP2	1.0	7.0	0.5142999346219043	33.0	0.15652606705884045
116254	ENSG00000055211	GINM1	GINM1	1.0	5.0	0.48017742096733407	33.0	0.10438639586246393
51659	ENSG00000131153	GINS2	GINS2	1.0	9.0	0.5367238206836812	32.0	0.2100223646153535
64785	ENSG00000181938	GINS3	GINS3	1.0	1.0	0.3954369120868095	32.0	0.01719290922116563
9815	ENSG00000139436	GIT2	GIT2	0.0	0.0	0.3609741945285831	31.0	0.0
2697	ENSG00000152661	GJA1	GJA1	1.0	8.0	0.5711695092559936	33.0	0.1986676553933891
2705	ENSG00000169562	GJB1	GJB1	0.0	0.0	0.15590211500312123	32.0	0.0
10804	ENSG00000121742	GJB6	GJB6	1.0	12.0	0.5482892954513406	32.0	0.2860639802354821
57165	ENSG00000198835	GJC2	GJC2	0.0	0.0	0.14564310950928466	32.0	0.0
2710	ENSG00000198814	GK	GK	0.0	0.0	0.4633710710527024	32.0	0.0
2717	ENSG00000102393	GLA	GLA	0.0	0.0	0.2674049761174278	49.0	0.0
2720	ENSG00000170266	GLB1	GLB1	1.0	1.0	0.48533015585658856	32.0	0.021101311124199502
113263	ENSG00000106415	GLCCI1	GLCCI1	0.0	0.0	0.551338328630648	32.0	0.0
2731	ENSG00000178445	GLDC	GLDC	1.0	6.0	0.5997222073992919	54.0	0.15644927149546745
2734	ENSG00000090863	GLG1	GLG1	1.0	1.0	0.33674415080653264	58.0	0.014641050035066636
2735	ENSG00000111087	GLI1	GLI1	1.0	9.0	0.6675109576595378	40.0	0.2611999399537322
2737	ENSG00000106571	GLI3	GLI3	1.0	5.0	0.5157884530775878	40.0	0.1121279245820843
11010	ENSG00000139278	GLIPR1	GLIPR1	0.0	0.0	0.5072045514729097	32.0	0.0
144321	ENSG00000180481	GLIPR1L2	GLIPR1L2	1.0	3.0	0.45663270876545337	33.0	0.05956078809984174
152007	ENSG00000122694	GLIPR2	GLIPR2	1.0	4.0	0.40098349070103545	36.0	0.069736259252354
148979	ENSG00000174332	GLIS1	GLIS1	1.0	3.0	0.7104254542425379	1.0	0.09266418968380928
169792	ENSG00000107249	GLIS3	GLIS3	0.0	0.0	0.3707219838750261	32.0	0.0
11146	ENSG00000174842	GLMN	GLMN	1.0	1.0	0.6500360802581073	16.0	0.02826243827209162
112770	ENSG00000198715	GLMP	GLMP	1.0	1.0	0.46593159503699194	52.0	0.020257895436390953
51031	ENSG00000167699	GLOD4	GLOD4	1.0	18.0	0.7763118562605468	49.0	0.6075484092473844
9340	ENSG00000065325	GLP2R	GLP2R	1.0	7.0	0.7790003477394877	33.0	0.23708706235549626
2742	ENSG00000101958	GLRA2	GLRA2	1.0	9.0	0.751711230929931	31.0	0.2941478729725817
8001	ENSG00000145451	GLRA3	GLRA3	1.0	6.0	0.6168995326560548	8.0	0.1609303128667969
2743	ENSG00000109738	GLRB	GLRB	1.0	1.0	0.4663515384320496	16.0	0.02027615384487172
2745	ENSG00000173221	GLRX	GLRX	0.0	0.0	0.4267536661893622	32.0	0.0
51022	ENSG00000023572	GLRX2	GLRX2	1.0	2.0	0.39270573552944615	3.0	0.03414832482864749
2744	ENSG00000115419	GLS	GLS	1.0	1.0	0.5317865075520636	33.0	0.023121152502263632
27165	ENSG00000135423	GLS2	GLS2	0.0	0.0	0.48978149542393484	32.0	0.0
144423	ENSG00000151948	GLT1D1	GLT1D1	1.0	3.0	0.6371583089552848	33.0	0.08310760551590671
83468	ENSG00000120820	GLT8D2	GLT8D2	1.0	15.0	0.8453661450942402	49.0	0.5513257468005914
2746	ENSG00000148672	GLUD1	GLUD1	1.0	5.0	0.5900455114715276	40.0	0.12827076336337556
2747	ENSG00000288118	GLUD2	GLUD2	1.0	9.0	0.5742581109478948	40.0	0.22470969558830667
2760	ENSG00000196743	GM2A	GM2A	0.0	0.0	0.2449148116145244	32.0	0.0
64395	ENSG00000087338	GMCL1	GMCL1	0.0	0.0	0.5799883592535302	32.0	0.0
2762	ENSG00000112699	GMDS	GMDS	1.0	4.0	0.6066223547887399	42.0	0.10549953996325911
2764	ENSG00000197045	GMFB	GMFB	1.0	7.0	0.6735829899592845	8.0	0.2050035186832605
9535	ENSG00000130755	GMFG	GMFG	1.0	4.0	0.5012958588132943	31.0	0.08718188848926857
51291	ENSG00000089639	GMIP	GMIP	1.0	8.0	0.6288632120762093	41.0	0.21873503028737715
51053	ENSG00000112312	GMNN	GMNN	0.0	0.0	0.35509710838030967	32.0	0.0
29925	ENSG00000173540	GMPPB	GMPPB	1.0	3.0	0.49560663180636716	40.0	0.06464434327909137
2766	ENSG00000137198	GMPR	GMPR	0.0	0.0	0.17112153186449247	32.0	0.0
51292	ENSG00000284752	GMPR2	GMPR2	1.0	2.0	0.37572158763564295	3.0	0.03267144240309939
2767	ENSG00000088256	GNA11	GNA11	1.0	3.0	0.5894855388614902	41.0	0.0768894181123683
2768	ENSG00000146535	GNA12	GNA12	1.0	5.0	0.5309337356975239	8.0	0.11542037732554866
10672	ENSG00000120063	GNA13	GNA13	1.0	3.0	0.4625335005358622	33.0	0.0603304565916342
9630	ENSG00000156049	GNA14	GNA14	0.0	0.0	0.2104877652296697	32.0	0.0
2774	ENSG00000141404	GNAL	GNAL	1.0	6.0	0.4829618612422223	22.0	0.1259900507588406
2775	ENSG00000087258	GNAO1	GNAO1	0.0	0.0	0.4543534447741544	33.0	0.0
2776	ENSG00000156052	GNAQ	GNAQ	1.0	7.0	0.6357704932480684	9.0	0.1934953675102817
2778	ENSG00000087460	GNAS	GNAS	0.0	0.0	0.27658300772929345	32.0	0.0
2781	ENSG00000128266	GNAZ	GNAZ	1.0	6.0	0.7204275291943231	54.0	0.18793761631156253
54584	ENSG00000185838	GNB1L	GNB1L	1.0	4.0	0.5847502276790363	33.0	0.10169569177026717
2783	ENSG00000172354	GNB2	GNB2	1.0	9.0	0.6113849910084304	52.0	0.23923760517721188
2784	ENSG00000111664	GNB3	GNB3	1.0	1.0	0.4721203069713677	32.0	0.020526969868320335
59345	ENSG00000114450	GNB4	GNB4	1.0	8.0	0.5655222770247513	18.0	0.19670340070426132
10681	ENSG00000069966	GNB5	GNB5	1.0	4.0	0.6124938986227888	2.0	0.10652067802135456
2790	ENSG00000242616	GNG10	GNG10	1.0	10.0	0.6803653164440503	49.0	0.2958110071495871
55970	ENSG00000172380	GNG12	GNG12	1.0	4.0	0.537197324465492	40.0	0.0934256216461725
51764	ENSG00000127588	GNG13	GNG13	0.0	0.0	0.4865338450767243	18.0	0.0
54331	ENSG00000186469	GNG2	GNG2	1.0	12.0	0.7783817891094067	31.0	0.4061122377962122
2785	ENSG00000162188	GNG3	GNG3	1.0	4.0	0.5691571464946956	33.0	0.09898385156429489
2786	ENSG00000168243	GNG4	GNG4	1.0	7.0	0.6302807327446607	3.0	0.19182457083533153
2788	ENSG00000176533	GNG7	GNG7	0.0	0.0	0.33819267629584837	32.0	0.0
94235	ENSG00000167414	GNG8	GNG8	1.0	2.0	0.5416317278335678	65.0	0.04709841111596242
2794	ENSG00000206412	GNL1	GNL1	0.0	0.0	0.49652543207480376	32.0	0.0
132789	ENSG00000163281	GNPDA2	GNPDA2	0.0	0.0	0.47552109930525804	32.0	0.0
64841	ENSG00000100522	GNPNAT1	GNPNAT1	1.0	2.0	0.6267004577959852	51.0	0.05449569198225958
79158	ENSG00000111670	GNPTAB	GNPTAB	1.0	9.0	0.7393126745091331	32.0	0.28929626393835645
2796	ENSG00000147437	GNRH1	GNRH1	0.0	0.0	0.3641964389303872	32.0	0.0
2799	ENSG00000135677	GNS	GNS	1.0	2.0	0.474041205947805	27.0	0.04122097443024391
2801	ENSG00000167110	GOLGA2	GOLGA2	1.0	3.0	0.47682676799910345	3.0	0.06219479582597001
647042	ENSG00000274042	GOLGA6L10	GOLGA6L10	0.0	0.0	0.5706473480514852	39.0	0.0
642402	ENSG00000290949	GOLGA6L17P	GOLGA6L17P	1.0	2.0	0.7032284547528034	33.0	0.06115030041328725
401647	ENSG00000155265	GOLGA7B	GOLGA7B	1.0	2.0	0.41561029057767557	3.0	0.036140025267623964
23015	ENSG00000291995	GOLGA8A	GOLGA8A	1.0	1.0	0.5913672023517432	31.0	0.02571161749355405
2804	ENSG00000173230	GOLGB1	GOLGB1	1.0	4.0	0.565794332608963	40.0	0.09839901436677616
51280	ENSG00000135052	GOLM1	GOLM1	1.0	6.0	0.6782376189732611	52.0	0.17693155277563333
64083	ENSG00000113384	GOLPH3	GOLPH3	0.0	0.0	0.3716315251835222	31.0	0.0
127845	ENSG00000174567	GOLT1A	GOLT1A	1.0	8.0	0.5804250043443274	33.0	0.20188695803280954
54856	ENSG00000116580	GON4L	GON4L	0.0	0.0	0.4960917120780089	32.0	0.0
57120	ENSG00000047932	GOPC	GOPC	0.0	0.0	0.5560805440212485	32.0	0.0
2805	ENSG00000120053	GOT1	GOT1	1.0	1.0	0.40666880470368744	32.0	0.01768125237842119
2806	ENSG00000125166	GOT2	GOT2	1.0	1.0	0.45609603502671925	2.0	0.019830262392466054
57678	ENSG00000119927	GPAM	GPAM	1.0	3.0	0.49978879235909496	40.0	0.06518984248162107
84803	ENSG00000138678	GPAT3	GPAT3	0.0	0.0	0.2668042995827376	33.0	0.0
253635	ENSG00000152133	GPATCH11	GPATCH11	1.0	1.0	0.5039522186774403	53.0	0.021910966029453926
63906	ENSG00000198746	GPATCH3	GPATCH3	0.0	0.0	0.5182352487386096	33.0	0.0
54865	ENSG00000160818	GPATCH4	GPATCH4	1.0	3.0	0.5017180514212841	5.0	0.06544148496799358
23131	ENSG00000186566	GPATCH8	GPATCH8	1.0	1.0	0.4738172062208699	10.0	0.02060074809655956
60313	ENSG00000159592	GPBP1L1	GPBP1L1	0.0	0.0	0.3327301357991911	32.0	0.0
2239	ENSG00000076716	GPC4	GPC4	1.0	13.0	0.7447467595331144	31.0	0.4209438206056733
2262	ENSG00000179399	GPC5	GPC5	1.0	6.0	0.5515927699915111	40.0	0.14389376608474203
10082	ENSG00000183098	GPC6	GPC6	1.0	2.0	0.5480865250917788	40.0	0.04765969783406772
56261	ENSG00000125772	GPCPD1	GPCPD1	0.0	0.0	0.30831694853202524	31.0	0.0
2819	ENSG00000167588	GPD1	GPD1	0.0	0.0	0.2929547750789597	32.0	0.0
23171	ENSG00000152642	GPD1L	GPD1L	1.0	1.0	0.5710189388010158	16.0	0.02482691038265286
2820	ENSG00000115159	GPD2	GPD2	1.0	9.0	0.7294558040802488	52.0	0.2854392276835756
10243	ENSG00000171723	GPHN	GPHN	1.0	1.0	0.5617093616587933	31.0	0.02442214615907797
2821	ENSG00000105220	GPI	GPI	1.0	6.0	0.6058576129515759	33.0	0.15804981207432414
27238	ENSG00000292204	GPKOW	GPKOW	1.0	2.0	0.5878577102796968	40.0	0.05111806176345189
2822	ENSG00000112293	GPLD1	GPLD1	1.0	1.0	0.5094248449126343	4.0	0.022148906300549318
2823	ENSG00000150625	GPM6A	GPM6A	1.0	9.0	0.7781895875362852	49.0	0.3045089690359377
2824	ENSG00000046653	GPM6B	GPM6B	1.0	8.0	0.5646758319538282	58.0	0.1964089850274185
10457	ENSG00000136235	GPNMB	GPNMB	1.0	5.0	0.6640006056099835	49.0	0.14434795774130077
57720	ENSG00000148358	GPR107	GPR107	1.0	2.0	0.533609992540509	33.0	0.046400868916566
56927	ENSG00000125734	GPR108	GPR108	0.0	0.0	0.20277002302928018	18.0	0.0
56834	ENSG00000173264	GPR137	GPR137	1.0	2.0	0.535573869354128	2.0	0.04657164081340243
7107	ENSG00000077585	GPR137B	GPR137B	1.0	2.0	0.5038748212016592	40.0	0.04381520184362254
283554	ENSG00000180998	GPR137C	GPR137C	0.0	0.0	0.5805321392616637	32.0	0.0
4935	ENSG00000101850	GPR143	GPR143	1.0	5.0	0.37081302448069237	7.0	0.08061152706102008
115330	ENSG00000164849	GPR146	GPR146	0.0	0.0	0.2846382668096661	31.0	0.0
344758	ENSG00000174948	GPR149	GPR149	1.0	1.0	0.3466969175654517	32.0	0.015073779024584856
285601	ENSG00000178015	GPR150	GPR150	0.0	0.0	0.6520461982010617	40.0	0.0
151556	ENSG00000163328	GPR155	GPR155	1.0	2.0	0.7246122965762374	49.0	0.06300976491967282
57512	ENSG00000151025	GPR158	GPR158	0.0	0.0	0.3347800578069085	10.0	0.0
23432	ENSG00000143147	GPR161	GPR161	0.0	0.0	0.4271919180159058	32.0	0.0
27239	ENSG00000250510	GPR162	GPR162	1.0	3.0	0.5841282162381787	40.0	0.076190636900632
29909	ENSG00000174946	GPR171	GPR171	1.0	1.0	0.5436493983597354	33.0	0.023636930363466754
1880	ENSG00000169508	GPR183	GPR183	1.0	1.0	0.46849555126682063	40.0	0.02036937179420959
2842	ENSG00000183150	GPR19	GPR19	1.0	1.0	0.478856864192599	31.0	0.02081986366054778
2843	ENSG00000291465	GPR20	GPR20	0.0	0.0	0.0632230157688293	32.0	0.0
2845	ENSG00000283812	GPR22	GPR22	1.0	4.0	0.5885630881487596	40.0	0.10235879793891471
2849	ENSG00000154478	GPR26	GPR26	1.0	1.0	0.4117902648907853	55.0	0.017903924560468926
2857	ENSG00000171659	GPR34	GPR34	1.0	5.0	0.49474618873551734	33.0	0.10755351929032986
2863	ENSG00000183840	GPR39	GPR39	1.0	6.0	0.5152347571988523	55.0	0.13440906709535275
2828	ENSG00000177464	GPR4	GPR4	0.0	0.0	0.262079404666768	32.0	0.0
9293	ENSG00000203737	GPR52	GPR52	1.0	1.0	0.4635536882770731	33.0	0.0201545081859597
2830	ENSG00000146360	GPR6	GPR6	1.0	7.0	0.8163179924224169	53.0	0.24844460638943125
83873	ENSG00000156097	GPR61	GPR61	1.0	1.0	0.5986507795546397	52.0	0.026028294763245207
8111	ENSG00000119714	GPR68	GPR68	1.0	8.0	0.49479388169419486	5.0	0.17210221971971995
10936	ENSG00000119737	GPR75	GPR75	0.0	0.0	0.48310142067258177	33.0	0.0
54329	ENSG00000164604	GPR85	GPR85	0.0	0.0	0.31479595253469644	31.0	0.0
54112	ENSG00000181656	GPR88	GPR88	1.0	13.0	0.726721587054544	49.0	0.41075567963952486
9737	ENSG00000198932	GPRASP1	GPRASP1	1.0	3.0	0.6542679403932126	33.0	0.08533929657302772
55890	ENSG00000291917	GPRC5C	GPRC5C	1.0	4.0	0.5117719532236185	42.0	0.08900381795193364
114787	ENSG00000169258	GPRIN1	GPRIN1	1.0	6.0	0.7853915201848133	49.0	0.20488474439603824
9721	ENSG00000204175	GPRIN2	GPRIN2	1.0	5.0	0.567413687469141	32.0	0.1233508016237263
2873	ENSG00000169727	GPS1	GPS1	1.0	2.0	0.5165356353471686	40.0	0.04491614220410162
26086	ENSG00000160360	GPSM1	GPSM1	1.0	8.0	0.7557992300827147	52.0	0.2628866887244225
29899	ENSG00000121957	GPSM2	GPSM2	0.0	0.0	0.2362946490042013	33.0	0.0
63940	ENSG00000234243	GPSM3	GPSM3	1.0	1.0	0.3748300612427071	55.0	0.016296959184465526
84706	ENSG00000166123	GPT2	GPT2	1.0	7.0	0.5857873167601885	52.0	0.17828309640527476
2876	ENSG00000233276	GPX1	GPX1	1.0	4.0	0.5909956389411677	16.0	0.10278185025063785
2878	ENSG00000211445	GPX3	GPX3	0.0	0.0	0.16903896088250378	32.0	0.0
2882	ENSG00000116157	GPX7	GPX7	1.0	2.0	0.4704949590502813	32.0	0.04091260513480707
57476	ENSG00000023171	GRAMD1B	GRAMD1B	1.0	1.0	0.35376153344914557	32.0	0.015380936236919373
54762	ENSG00000178075	GRAMD1C	GRAMD1C	1.0	4.0	0.49842587281292805	33.0	0.08668276048920488
65983	ENSG00000155324	GRAMD2B	GRAMD2B	1.0	3.0	0.49501689109973446	1.0	0.06456742057822623
23151	ENSG00000075240	GRAMD4	GRAMD4	1.0	7.0	0.8055854231345213	52.0	0.24517817225833258
160622	ENSG00000161835	TAMALIN	GRASP	1.0	5.0	0.6059671038177331	52.0	0.13173197909081155
2887	ENSG00000106070	GRB10	GRB10	1.0	1.0	0.34533440509170665	49.0	0.015014539351813332
2888	ENSG00000115290	GRB14	GRB14	1.0	7.0	0.5291807595086426	11.0	0.16105501376349993
80000	ENSG00000141449	GREB1L	GREB1L	1.0	1.0	0.5575438663309288	31.0	0.02424103766656212
2890	ENSG00000155511	GRIA1	GRIA1	1.0	8.0	0.778019579820813	54.0	0.27061550602463064
2891	ENSG00000120251	GRIA2	GRIA2	1.0	6.0	0.6755903648584397	40.0	0.1762409647456799
2892	ENSG00000125675	GRIA3	GRIA3	1.0	3.0	0.609584949996588	33.0	0.07951108043433756
2893	ENSG00000152578	GRIA4	GRIA4	1.0	5.0	0.6379976822427165	36.0	0.138695148313634
2895	ENSG00000152208	GRID2	GRID2	1.0	6.0	0.5380040728508041	32.0	0.14034888856977498
2897	ENSG00000171189	GRIK1	GRIK1	1.0	8.0	0.8061497892620679	49.0	0.2803999266998497
2898	ENSG00000164418	GRIK2	GRIK2	1.0	12.0	0.8227621430664549	49.0	0.42926720507815036
2899	ENSG00000163873	GRIK3	GRIK3	1.0	6.0	0.6568646662086988	52.0	0.1713559998805301
2900	ENSG00000149403	GRIK4	GRIK4	1.0	1.0	0.16408541040062574	33.0	0.007134148278288076
2902	ENSG00000176884	GRIN1	GRIN1	1.0	1.0	0.6835703906508559	16.0	0.029720451767428515
2903	ENSG00000183454	GRIN2A	GRIN2A	0.0	0.0	0.46419332649612466	32.0	0.0
116443	ENSG00000198785	GRIN3A	GRIN3A	1.0	6.0	0.6043496082892807	18.0	0.15765641955372542
80852	ENSG00000144596	GRIP2	GRIP2	1.0	2.0	0.4344418023382572	2.0	0.03777754802941367
56850	ENSG00000068400	GRIPAP1	GRIPAP1	1.0	3.0	0.6319970628689894	33.0	0.08243439950465078
156	ENSG00000173020	GRK2	GRK2	1.0	3.0	0.6126947151555806	54.0	0.07991670197681486
157	ENSG00000100077	GRK3	GRK3	1.0	4.0	0.5637616239363761	2.0	0.09804549981502192
2869	ENSG00000198873	GRK5	GRK5	1.0	7.0	0.7637369393527238	59.0	0.23244167719430725
2870	ENSG00000198055	GRK6	GRK6	1.0	5.0	0.8091311710144274	40.0	0.17589808065531032
2911	ENSG00000152822	GRM1	GRM1	1.0	11.0	0.8272959352815559	31.0	0.39566327339552676
2913	ENSG00000198822	GRM3	GRM3	1.0	2.0	0.44207701861349846	49.0	0.03844147987943465
2914	ENSG00000124493	GRM4	GRM4	0.0	0.0	0.45631899781716634	32.0	0.0
2915	ENSG00000168959	GRM5	GRM5	1.0	5.0	0.7430393236022171	49.0	0.16153028773961242
2918	ENSG00000179603	GRM8	GRM8	1.0	6.0	0.7964200912453303	8.0	0.2077617629335644
2896	ENSG00000030582	GRN	GRN	1.0	3.0	0.405809197553251	32.0	0.05293163446346752
2922	ENSG00000134443	GRP	GRP	1.0	7.0	0.754396273708927	53.0	0.2295988659114126
134266	ENSG00000164284	GRPEL2	GRPEL2	0.0	0.0	0.4017143468003671	32.0	0.0
2925	ENSG00000126010	GRPR	GRPR	1.0	7.0	0.6904011177789733	18.0	0.21012207932403537
2926	ENSG00000132463	GRSF1	GRSF1	1.0	4.0	0.5435392306998036	40.0	0.0945285618608354
493754	ENSG00000291136	RABGEF1P1	GS1-124K5.11	1.0	2.0	0.5977525641981016	51.0	0.05197848384331318
54103	ENSG00000186088	GSAP	GSAP	1.0	2.0	0.5702854735319105	63.0	0.04959004117668787
55876	ENSG00000073605	GSDMB	GSDMB	1.0	1.0	0.6323589520881506	32.0	0.027493867482093506
1687	ENSG00000105928	GSDME	GSDME	1.0	4.0	0.5224436251356813	51.0	0.09085976089316197
23199	ENSG00000131149	GSE1	GSE1	1.0	2.0	0.500971675483272	3.0	0.04356275438984974
146395	ENSG00000169181	GSG1L	GSG1L	1.0	4.0	0.6282321171483746	53.0	0.10925775950406513
2931	ENSG00000105723	GSK3A	GSK3A	1.0	5.0	0.7468608715818269	33.0	0.16236105903952758
2932	ENSG00000082701	GSK3B	GSK3B	1.0	2.0	0.5129948567115301	2.0	0.04460824840969827
51527	ENSG00000100744	GSKIP	GSKIP	1.0	6.0	0.6266169954246313	49.0	0.16346530315425165
2934	ENSG00000148180	GSN	GSN	0.0	0.0	0.2888830409907607	52.0	0.0
23708	ENSG00000189369	GSPT2	GSPT2	1.0	5.0	0.722652676997969	52.0	0.15709840804303674
2936	ENSG00000104687	GSR	GSR	0.0	0.0	0.4966509184157163	33.0	0.0
2941	ENSG00000170899	GSTA4	GSTA4	1.0	4.0	0.7185448528138656	33.0	0.12496432222849836
2944	ENSG00000134184	GSTM1	GSTM1	1.0	4.0	0.5492361887112294	53.0	0.09551933716717033
2946	ENSG00000213366	GSTM2	GSTM2	1.0	8.0	0.5429659382464633	52.0	0.18885771765094375
2947	ENSG00000134202	GSTM3	GSTM3	1.0	4.0	0.5628092638764182	52.0	0.0978798719785075
2949	ENSG00000134201	GSTM5	GSTM5	1.0	12.0	0.6836406001274766	1.0	0.3566820522404226
2950	ENSG00000084207	GSTP1	GSTP1	1.0	3.0	0.379541653377118	32.0	0.0495054330491893
2952	ENSG00000277656	GSTT1	GSTT1	0.0	0.0	0.19598963431528846	44.0	0.0
79712	ENSG00000121964	QTMAN	GTDC1	1.0	3.0	0.46531415692330585	33.0	0.060693150903039894
2963	ENSG00000188342	GTF2F2	GTF2F2	1.0	11.0	0.6332164448597053	49.0	0.3028426475415982
2968	ENSG00000236895	GTF2H4	GTF2H4	1.0	2.0	0.6502948665077708	40.0	0.05654737969632789
404672	ENSG00000272047	GTF2H5	GTF2H5	1.0	5.0	0.6079641560109457	1.0	0.1321661208719447
9569	ENSG00000006704	GTF2IRD1	GTF2IRD1	0.0	0.0	0.31306031228131553	31.0	0.0
9330	ENSG00000119041	GTF3C3	GTF3C3	0.0	0.0	0.35552387982209116	33.0	0.0
112495	ENSG00000155115	GTF3C6	GTF3C6	1.0	3.0	0.5600009138335565	33.0	0.07304359745655085
54676	ENSG00000172432	GTPBP2	GTPBP2	1.0	2.0	0.4955604525406961	51.0	0.043092213264408354
2979	ENSG00000112599	GUCA1B	GUCA1B	1.0	3.0	0.530902126313255	3.0	0.06924810343216369
2981	ENSG00000044012	GUCA2B	GUCA2B	0.0	0.0	0.28571974574670356	39.0	0.0
83606	ENSG00000138867	GUCD1	GUCD1	0.0	0.0	0.36398927548048554	31.0	0.0
2982	ENSG00000164116	GUCY1A1	GUCY1A1	1.0	6.0	0.6704116684638898	55.0	0.17489000046884082
2977	ENSG00000152402	GUCY1A2	GUCY1A2	0.0	0.0	0.2205325637719639	32.0	0.0
2987	ENSG00000143774	GUK1	GUK1	1.0	4.0	0.6430551762062866	40.0	0.11183568281848462
51454	ENSG00000144366	GULP1	GULP1	1.0	3.0	0.6439038728662654	52.0	0.08398746167820853
283464	ENSG00000151233	GXYLT1	GXYLT1	1.0	2.0	0.4982599755660504	35.0	0.04332695439704786
727936	ENSG00000172986	GXYLT2	GXYLT2	1.0	2.0	0.33878394803888634	32.0	0.029459473742511854
8908	ENSG00000056998	GYG2	GYG2	1.0	3.0	0.4473634767868023	31.0	0.05835175784175682
64412	ENSG00000125812	GZF1	GZF1	0.0	0.0	0.3499214359530552	32.0	0.0
3005	ENSG00000189060	H1-0	H1F0	1.0	1.0	0.5863317142167662	32.0	0.025492683226815922
8971	ENSG00000184897	H1-10	H1FX	1.0	4.0	0.737118302687262	40.0	0.12819448742387166
55766	ENSG00000246705	H2AJ	H2AFJ	1.0	2.0	0.40482495270339725	53.0	0.03520216980029541
94239	ENSG00000105968	H2AZ2	H2AFV	1.0	4.0	0.46941421081857754	33.0	0.08163725405540478
3015	ENSG00000164032	H2AZ1	H2AFZ	1.0	4.0	0.5843729465353018	33.0	0.10163007765831336
54145	ENSG00000234289	H2BC12L	H2BFS	1.0	3.0	0.5586403799788191	33.0	0.0728661365189764
440093	ENSG00000188375	H3-5	H3F3C	1.0	4.0	0.4999976649644726	49.0	0.08695611564599523
9563	ENSG00000049239	H6PD	H6PD	1.0	1.0	0.41085504395674594	31.0	0.017863262780728084
23498	ENSG00000162882	HAAO	HAAO	1.0	3.0	0.5460371478731825	32.0	0.07122223667911076
9200	ENSG00000165996	HACD1	HACD1	1.0	6.0	0.4692644260527733	41.0	0.12241680679637564
201562	ENSG00000206527	HACD2	HACD2	1.0	3.0	0.5722833375339657	59.0	0.07464565272182161
401494	ENSG00000188921	HACD4	HACD4	1.0	9.0	0.5623053948119973	57.0	0.22003254579599893
57531	ENSG00000085382	HACE1	HACE1	1.0	2.0	0.5056896416508012	33.0	0.04397301231746097
26061	ENSG00000131373	HACL1	HACL1	1.0	1.0	0.3785565344886983	34.0	0.016458979760378186
3033	ENSG00000138796	HADH	HADH	1.0	7.0	0.6135440376163291	53.0	0.18673079405714366
3030	ENSG00000084754	HADHA	HADHA	0.0	0.0	0.31121365197874	38.0	0.0
3032	ENSG00000138029	HADHB	HADHB	1.0	2.0	0.3978091496377639	33.0	0.03459209996850121
3029	ENSG00000063854	HAGH	HAGH	1.0	2.0	0.5518850311762371	40.0	0.047990002710977135
84264	ENSG00000103253	HAGHL	HAGHL	0.0	0.0	0.16190397224116468	32.0	0.0
60484	ENSG00000132702	HAPLN2	HAPLN2	0.0	0.0	0.19976601412071046	32.0	0.0
404037	ENSG00000187664	HAPLN4	HAPLN4	0.0	0.0	0.269964601703411	32.0	0.0
3035	ENSG00000170445	HARS1	HARS	0.0	0.0	0.43844103982309823	32.0	0.0
79441	ENSG00000214367	HAUS3	HAUS3	1.0	2.0	0.5710217831704091	31.0	0.0496540681017747
55559	ENSG00000213397	HAUS7	HAUS7	0.0	0.0	0.4539977586835678	32.0	0.0
84868	ENSG00000135077	HAVCR2	HAVCR2	1.0	6.0	0.51277241262823	33.0	0.13376671633779913
1839	ENSG00000113070	HBEGF	HBEGF	0.0	0.0	0.3777849679889496	32.0	0.0
26959	ENSG00000105856	HBP1	HBP1	0.0	0.0	0.3939786278125349	32.0	0.0
3049	ENSG00000086506	HBQ1	HBQ1	1.0	4.0	0.6279583792803008	32.0	0.1092101529183132
54985	ENSG00000103145	HCFC1R1	HCFC1R1	1.0	1.0	0.44585882936851334	32.0	0.01938516649428319
414764	ENSG00000225834	HCG23	HCG23	1.0	15.0	0.7911569058320745	31.0	0.5159718951078747
3055	ENSG00000101336	HCK	HCK	1.0	3.0	0.4307330606929921	33.0	0.056182573133868534
3059	ENSG00000180353	HCLS1	HCLS1	1.0	6.0	0.4712735406336429	33.0	0.12294092364355902
348980	ENSG00000164588	HCN1	HCN1	0.0	0.0	0.37986020758743705	32.0	0.0
610	ENSG00000099822	HCN2	HCN2	0.0	0.0	0.236220713245294	40.0	0.0
57657	ENSG00000263324	HCN3	HCN3	1.0	1.0	0.4867250781144442	32.0	0.021161959918019314
10021	ENSG00000138622	HCN4	HCN4	1.0	2.0	0.298894894307522	33.0	0.02599086037456713
10870	ENSG00000126264	HCST	HCST	1.0	4.0	0.5645922568203353	1.0	0.0981899577078844
3065	ENSG00000116478	HDAC1	HDAC1	1.0	5.0	0.49219186145368526	31.0	0.10699823075080114
83933	ENSG00000100429	HDAC10	HDAC10	1.0	5.0	0.7092209557664769	33.0	0.1541784686448863
3066	ENSG00000196591	HDAC2	HDAC2	1.0	5.0	0.5146913915294058	32.0	0.11188943294117518
9759	ENSG00000068024	HDAC4	HDAC4	1.0	1.0	0.5789298282164246	33.0	0.025170862096366285
51564	ENSG00000061273	HDAC7	HDAC7	1.0	1.0	0.45950011289128	32.0	0.01997826577788174
55869	ENSG00000147099	HDAC8	HDAC8	1.0	2.0	0.6353997903036155	16.0	0.055252155678575256
9734	ENSG00000048052	HDAC9	HDAC9	1.0	4.0	0.5603803534806849	33.0	0.09745745277924955
3067	ENSG00000140287	HDC	HDC	1.0	8.0	0.5794345676019951	58.0	0.2015424582963461
3068	ENSG00000143321	HDGF	HDGF	1.0	1.0	0.2778469074136708	3.0	0.012080300322333513
50810	ENSG00000166503	HDGFL3	HDGFL3	1.0	6.0	0.7704140951007301	31.0	0.2009775900262774
81932	ENSG00000119431	HDHD3	HDHD3	1.0	1.0	0.4523706865116946	53.0	0.019668290717899765
55127	ENSG00000119285	HEATR1	HEATR1	0.0	0.0	0.3870340310640277	53.0	0.0
55027	ENSG00000155393	HEATR3	HEATR3	1.0	1.0	0.49421722972719834	33.0	0.021487705640312972
50865	ENSG00000013583	HEBP1	HEBP1	1.0	2.0	0.5102659209374452	33.0	0.04437094964673436
23593	ENSG00000051620	HEBP2	HEBP2	1.0	1.0	0.4851781157303575	40.0	0.02109470068392859
51696	ENSG00000112406	HECA	HECA	0.0	0.0	0.4044576410237757	32.0	0.0
25831	ENSG00000092148	HECTD1	HECTD1	0.0	0.0	0.41087963336483757	7.0	0.0
143279	ENSG00000165338	HECTD2	HECTD2	1.0	8.0	0.7877569198738839	18.0	0.27400240691265526
23072	ENSG00000002746	HECW1	HECW1	0.0	0.0	0.5094538237605475	32.0	0.0
57520	ENSG00000138411	HECW2	HECW2	1.0	1.0	0.7025647577474311	33.0	0.0305462938151057
113510	ENSG00000163312	HELQ	HELQ	0.0	0.0	0.27549963815312445	39.0	0.0
220296	ENSG00000165478	HEPACAM	HEPACAM	1.0	4.0	0.500648941305596	31.0	0.08706938109662539
8925	ENSG00000103657	HERC1	HERC1	1.0	2.0	0.5493199674656538	51.0	0.04776695369266555
8924	ENSG00000128731	HERC2	HERC2	1.0	7.0	0.8202533532533814	52.0	0.24964232490320307
8916	ENSG00000138641	HERC3	HERC3	0.0	0.0	0.3874143218681935	31.0	0.0
51191	ENSG00000138646	HERC5	HERC5	1.0	5.0	0.47854053102758165	32.0	0.10403055022338731
55008	ENSG00000138642	HERC6	HERC6	0.0	0.0	0.42823932182523444	32.0	0.0
9709	ENSG00000051108	HERPUD1	HERPUD1	1.0	1.0	0.27989924430230423	49.0	0.01216953236096975
3280	ENSG00000114315	HES1	HES1	1.0	2.0	0.42002791590650596	32.0	0.03652416660056573
57801	ENSG00000188290	HES4	HES4	1.0	5.0	0.5314798291023708	52.0	0.11553909328312409
388585	ENSG00000273529	HES5	HES5	1.0	8.0	0.5785826681843813	40.0	0.20124614545543698
55502	ENSG00000144485	HES6	HES6	0.0	0.0	0.31069407251803327	32.0	0.0
3074	ENSG00000049860	HEXB	HEXB	0.0	0.0	0.45725611288512596	32.0	0.0
10614	ENSG00000186834	HEXIM1	HEXIM1	0.0	0.0	0.24836059893841717	40.0	0.0
23462	ENSG00000164683	HEY1	HEY1	1.0	3.0	0.5057107160226693	60.0	0.06596226730730469
23493	ENSG00000135547	HEY2	HEY2	1.0	4.0	0.45112254227136517	53.0	0.07845609430806351
26508	ENSG00000163909	HEYL	HEYL	1.0	4.0	0.5322671074084159	40.0	0.09256819259276798
3081	ENSG00000113924	HGD	HGD	1.0	2.0	0.5304752596757233	40.0	0.046128283450062896
3082	ENSG00000019991	HGF	HGF	1.0	5.0	0.6414602794503147	40.0	0.13944788683702494
51236	ENSG00000235173	HGH1	HGH1	1.0	8.0	0.6320927823402313	58.0	0.21985835907486304
9146	ENSG00000185359	HGS	HGS	1.0	1.0	0.5651628764115052	33.0	0.024572298974413268
138050	ENSG00000165102	HGSNAT	HGSNAT	1.0	2.0	0.6702277543205166	32.0	0.05828067428874058
3087	ENSG00000152804	HHEX	HHEX	1.0	5.0	0.46169046800000885	55.0	0.10036749304348018
646576	ENSG00000248890	HHIP-AS1	HHIP-AS1	1.0	1.0	0.39160925335456964	32.0	0.017026489276285636
84439	ENSG00000182218	HHIPL1	HHIPL1	1.0	6.0	0.6281698739304179	33.0	0.16387040189489163
11112	ENSG00000106049	HIBADH	HIBADH	0.0	0.0	0.24802031696335056	59.0	0.0
26275	ENSG00000198130	HIBCH	HIBCH	1.0	7.0	0.48984395551213444	33.0	0.14908294298195396
23119	ENSG00000169635	HIC2	HIC2	1.0	2.0	0.820239571792598	31.0	0.07132518015587809
51501	ENSG00000149196	HIKESHI	HIKESHI	1.0	5.0	0.6406399241059801	33.0	0.13926954871869132
373861	ENSG00000253730	H1-9P	HILS1	1.0	6.0	0.6619992056415069	52.0	0.17269544494995834
25988	ENSG00000172273	HINFP	HINFP	1.0	2.0	0.5727054925509252	33.0	0.04980047761312393
3094	ENSG00000169567	HINT1	HINT1	1.0	7.0	0.6104635949427215	33.0	0.18579326802604568
7290	ENSG00000100084	HIRA	HIRA	1.0	4.0	0.7582705864532727	31.0	0.13187314547013437
3024	ENSG00000124610	H1-1	HIST1H1A	1.0	2.0	0.7105965045706252	49.0	0.061791000397445665
3007	ENSG00000124575	H1-3	HIST1H1D	0.0	0.0	0.567365085549091	32.0	0.0
3013	ENSG00000196866	H2AC7	HIST1H2AD	1.0	2.0	0.43773488696516555	31.0	0.03806390321436222
8969	ENSG00000196787	H2AC11	HIST1H2AG	1.0	1.0	0.41525430569916766	49.0	0.018054535030398593
8330	ENSG00000275221	H2AC15	HIST1H2AK	1.0	1.0	0.385628630146856	49.0	0.016766462180298085
8336	ENSG00000278677	H2AC17	HIST1H2AM	1.0	3.0	0.4671896104503164	31.0	0.060937775276128224
387319	ENSG00000291193	H2AC2P	HIST1H2APS1	0.0	0.0	0.23986115502276242	32.0	0.0
3018	ENSG00000276410	H2BC3	HIST1H2BB	1.0	4.0	0.5037366465630075	49.0	0.08760637331530566
8345	ENSG00000275713	H2BC9	HIST1H2BH	1.0	3.0	0.5366233012204435	32.0	0.06999434363744916
85236	ENSG00000197903	H2BC12	HIST1H2BK	1.0	12.0	0.6955753165342821	53.0	0.362908860800495
8340	ENSG00000185130	H2BC13	HIST1H2BL	1.0	3.0	0.5211623211191735	53.0	0.06797769405902263
8348	ENSG00000274641	H2BC17	HIST1H2BO	1.0	5.0	0.5274610119453349	31.0	0.11466543737942063
8359	ENSG00000278637	H4C1	HIST1H4A	0.0	0.0	0.6572638934937006	1.0	0.0
8338	ENSG00000184260	H2AC20	HIST2H2AC	1.0	5.0	0.4797687320237131	33.0	0.10429755043993763
8349	ENSG00000184678	H2BC21	HIST2H2BE	1.0	2.0	0.3513618597056529	33.0	0.030553205191795905
92815	ENSG00000181218	H2AC25	HIST3H2A	1.0	2.0	0.46716370307710997	49.0	0.04062293070235739
121504	ENSG00000197837	H4C16	HIST4H4	0.0	0.0	0.28086053845187126	32.0	0.0
3096	ENSG00000095951	HIVEP1	HIVEP1	1.0	3.0	0.6060907158259287	33.0	0.07905531075990374
3097	ENSG00000010818	HIVEP2	HIVEP2	0.0	0.0	0.46740382994789575	32.0	0.0
3098	ENSG00000156515	HK1	HK1	1.0	4.0	0.6216325648070665	52.0	0.10811001127079417
3099	ENSG00000159399	HK2	HK2	1.0	4.0	0.4929882962350249	51.0	0.08573709499739562
284459	ENSG00000181666	ZNF875	HKR1	1.0	2.0	0.5582306351584443	32.0	0.04854179436160385
3107	ENSG00000206435	HLA-C	HLA-C	1.0	2.0	0.4181350216835869	33.0	0.0363595671029206
3108	ENSG00000243189	HLA-DMA	HLA-DMA	1.0	4.0	0.5154564991922116	40.0	0.08964460855516723
3109	ENSG00000234154	HLA-DMB	HLA-DMB	1.0	6.0	0.5543326359523736	33.0	0.14460851372670616
3111	ENSG00000232962	HLA-DOA	HLA-DOA	1.0	6.0	0.5121451527219718	1.0	0.13360308331877524
3112	ENSG00000243612	HLA-DOB	HLA-DOB	0.0	0.0	0.2804600943990807	32.0	0.0
3113	ENSG00000231389	HLA-DPA1	HLA-DPA1	1.0	3.0	0.40704074555019626	33.0	0.05309227115872125
3115	ENSG00000229295	HLA-DPB1	HLA-DPB1	0.0	0.0	0.4335619809954221	52.0	0.0
3116	ENSG00000226071	HLA-DPB2	HLA-DPB2	0.0	0.0	0.48190649734619784	52.0	0.0
3122	ENSG00000226260	HLA-DRA	HLA-DRA	1.0	5.0	0.43594881421643994	33.0	0.09477148135139998
3133	ENSG00000229252	HLA-E	HLA-E	0.0	0.0	0.30426401512942997	32.0	0.0
3134	ENSG00000137403	HLA-F	HLA-F	1.0	4.0	0.4249482000687654	33.0	0.07390403479456789
3135	ENSG00000230413	HLA-G	HLA-G	1.0	3.0	0.4281362510514734	33.0	0.05584385883280088
3136	ENSG00000310469	HLA-H	HLA-H	1.0	2.0	0.47534422987336733	40.0	0.04133428085855368
3141	ENSG00000159267	HLCS	HLCS	1.0	2.0	0.2769552795725368	40.0	0.02408306778891624
3131	ENSG00000108924	HLF	HLF	0.0	0.0	0.5215292561692989	32.0	0.0
6596	ENSG00000071794	HLTF	HLTF	0.0	0.0	0.3931342178503018	32.0	0.0
3145	ENSG00000256269	HMBS	HMBS	0.0	0.0	0.22908228389823718	44.0	0.0
56941	ENSG00000183624	HMCES	HMCES	0.0	0.0	0.5011134567240861	32.0	0.0
10363	ENSG00000140382	HMG20A	HMG20A	1.0	5.0	0.6442436330043017	36.0	0.14005296369658732
10362	ENSG00000064961	HMG20B	HMG20B	1.0	3.0	0.3627292403400258	33.0	0.04731250960956858
3159	ENSG00000137309	HMGA1	HMGA1	1.0	6.0	0.6243182827221461	8.0	0.16286563897099463
3146	ENSG00000189403	HMGB1	HMGB1	1.0	10.0	0.7065499697122204	60.0	0.3071956390053132
3156	ENSG00000113161	HMGCR	HMGCR	1.0	8.0	0.7837176268262451	58.0	0.2725974354178244
3157	ENSG00000112972	HMGCS1	HMGCS1	1.0	5.0	0.6707331212624782	18.0	0.14581154810053873
3150	ENSG00000205581	HMGN1	HMGN1	1.0	4.0	0.568393177965521	52.0	0.09885098747226452
22993	ENSG00000113716	HMGXB3	HMGXB3	0.0	0.0	0.39040884768530026	31.0	0.0
3176	ENSG00000150540	HNMT	HNMT	1.0	10.0	0.620088659190165	18.0	0.26960376486528914
144983	ENSG00000139675	HNRNPA1L2	HNRNPA1L2	0.0	0.0	0.360123678655074	31.0	0.0
220988	ENSG00000170144	HNRNPA3	HNRNPA3	1.0	1.0	0.5339206077562715	33.0	0.023213939467663976
3183	ENSG00000092199	HNRNPC	HNRNPC	1.0	11.0	0.7099195440445824	49.0	0.3395267384561046
3191	ENSG00000282947	HNRNPL	HNRNPL	0.0	0.0	0.501008034567978	32.0	0.0
3192	ENSG00000153187	HNRNPU	HNRNPU	1.0	2.0	0.4953842088962174	32.0	0.04307688773010586
11100	ENSG00000105323	HNRNPUL1	HNRNPUL1	1.0	3.0	0.41302046884056004	55.0	0.053872235066160006
221092	ENSG00000214753	HNRNPUL2	HNRNPUL2	0.0	0.0	0.44751009939897657	32.0	0.0
9456	ENSG00000152413	HOMER1	HOMER1	1.0	1.0	0.442020100600704	33.0	0.01921826524350887
9454	ENSG00000051128	HOMER3	HOMER3	0.0	0.0	0.16211917918058344	32.0	0.0
57594	ENSG00000290292	HOMEZ	HOMEZ	1.0	1.0	0.3693484776204757	53.0	0.016058629461759812
29911	ENSG00000095066	HOOK2	HOOK2	1.0	4.0	0.577105683854736	33.0	0.10036620588778018
84525	ENSG00000171476	HOPX	HOPX	1.0	9.0	0.7417494039080758	31.0	0.2902497667466383
3208	ENSG00000121905	HPCA	HPCA	1.0	5.0	0.7656298064450723	49.0	0.16644126227066788
3241	ENSG00000115756	HPCAL1	HPCAL1	1.0	6.0	0.6513180233575145	16.0	0.16990904957152553
51440	ENSG00000116983	HPCAL4	HPCAL4	1.0	12.0	0.8156160405866435	18.0	0.42553880378433573
3248	ENSG00000164120	HPGD	HPGD	1.0	2.0	0.42446868235388446	53.0	0.036910320204685605
27306	ENSG00000163106	HPGDS	HPGDS	1.0	1.0	0.5471733708422748	33.0	0.023790146558359773
3249	ENSG00000105707	HPN	HPN	0.0	0.0	0.24134934709309197	32.0	0.0
3251	ENSG00000165704	HPRT1	HPRT1	1.0	3.0	0.6211610584538172	51.0	0.08102100762441093
3257	ENSG00000107521	HPS1	HPS1	0.0	0.0	0.38647293517050507	39.0	0.0
89781	ENSG00000100099	HPS4	HPS4	1.0	2.0	0.5703099351314125	32.0	0.04959216827229673
79803	ENSG00000166189	HPS6	HPS6	1.0	2.0	0.5085194792870055	33.0	0.04421908515539178
60495	ENSG00000172987	HPSE2	HPSE2	0.0	0.0	0.33786585083426857	32.0	0.0
55806	ENSG00000168453	HR	HR	0.0	0.0	0.3783089086861061	32.0	0.0
3265	ENSG00000174775	HRAS	HRAS	1.0	6.0	0.59897759126087	33.0	0.15625502380718348
57110	ENSG00000127252	PLAAT1	HRASLS	1.0	5.0	0.6069868412565346	1.0	0.13195366114272492
3269	ENSG00000196639	HRH1	HRH1	1.0	8.0	0.6632266976396387	8.0	0.23068754700509173
3274	ENSG00000113749	HRH2	HRH2	1.0	1.0	0.6597590885769693	31.0	0.028685177764216054
11255	ENSG00000101180	HRH3	HRH3	0.0	0.0	0.3656029084322761	52.0	0.0
8739	ENSG00000135116	HRK	HRK	1.0	4.0	0.6222443993740621	16.0	0.10821641728244558
9653	ENSG00000153936	HS2ST1	HS2ST1	1.0	12.0	0.6091570510538996	31.0	0.31782107011507804
9957	ENSG00000002587	HS3ST1	HS3ST1	0.0	0.0	0.5653444214945386	31.0	0.0
9956	ENSG00000122254	HS3ST2	HS3ST2	1.0	3.0	0.5427725919351543	40.0	0.07079642503502012
9951	ENSG00000182601	HS3ST4	HS3ST4	1.0	5.0	0.7296610917429553	8.0	0.15862197646585985
222537	ENSG00000249853	HS3ST5	HS3ST5	0.0	0.0	0.15613274678379163	32.0	0.0
9394	ENSG00000136720	HS6ST1	HS6ST1	1.0	1.0	0.5657942986911759	33.0	0.02459975211700765
90161	ENSG00000171004	HS6ST2	HS6ST2	0.0	0.0	0.2639227438409997	32.0	0.0
266722	ENSG00000185352	HS6ST3	HS6ST3	1.0	2.0	0.5252907014766025	2.0	0.04567745230231326
3281	ENSG00000230989	HSBP1	HSBP1	1.0	6.0	0.4982699262217925	33.0	0.12998345901438066
440498	ENSG00000226742	HSBP1L1	HSBP1L1	0.0	0.0	0.20667866869202423	10.0	0.0
3290	ENSG00000117594	HSD11B1	HSD11B1	0.0	0.0	0.2009295049198467	10.0	0.0
374875	ENSG00000167733	HSD11B1L	HSD11B1L	1.0	6.0	0.6715002108165815	31.0	0.1751739680391082
3291	ENSG00000176387	HSD11B2	HSD11B2	1.0	1.0	0.4087338968615374	32.0	0.017771038993979887
3028	ENSG00000072506	HSD17B10	HSD17B10	1.0	4.0	0.42757676560437485	33.0	0.0743611766268478
51170	ENSG00000198189	HSD17B11	HSD17B11	1.0	3.0	0.6341330546337811	36.0	0.08271300712614536
84263	ENSG00000119471	HSDL2	HSDL2	1.0	6.0	0.4630333705362258	40.0	0.12079131405292846
3298	ENSG00000025156	HSF2	HSF2	1.0	2.0	0.5889438472792586	33.0	0.05121250845906597
3320	ENSG00000080824	HSP90AA1	HSP90AA1	0.0	0.0	0.35832466727870116	33.0	0.0
7184	ENSG00000166598	HSP90B1	HSP90B1	1.0	7.0	0.5321361662276288	52.0	0.16195448537362617
259217	ENSG00000165868	HSPA12A	HSPA12A	1.0	2.0	0.34928927389106157	8.0	0.03037298033835318
3303	ENSG00000234475	HSPA1A	HSPA1A	0.0	0.0	0.41290869123510865	32.0	0.0
3308	ENSG00000170606	HSPA4	HSPA4	1.0	1.0	0.2712947988488012	18.0	0.0117954260369044
22824	ENSG00000164070	HSPA4L	HSPA4L	0.0	0.0	0.28943787532876114	39.0	0.0
3309	ENSG00000044574	HSPA5	HSPA5	0.0	0.0	0.36578972479297445	31.0	0.0
3310	ENSG00000173110	HSPA6	HSPA6	1.0	1.0	0.4336565748121088	32.0	0.01885463368748299
3312	ENSG00000109971	HSPA8	HSPA8	1.0	2.0	0.5231857418585777	33.0	0.04549441233552849
3315	ENSG00000106211	HSPB1	HSPB1	0.0	0.0	0.29907759735041545	31.0	0.0
51668	ENSG00000081870	IFT25	HSPB11	1.0	11.0	0.8334217208368025	52.0	0.39859299692194905
3316	ENSG00000170276	HSPB2	HSPB2	0.0	0.0	0.06424591836243404	10.0	0.0
8988	ENSG00000169271	HSPB3	HSPB3	1.0	3.0	0.5668616414978211	40.0	0.07393847497797668
26353	ENSG00000152137	HSPB8	HSPB8	0.0	0.0	0.05655308147661973	32.0	0.0
94086	ENSG00000260325	HSPB9	HSPB9	0.0	0.0	0.3741471721220263	32.0	0.0
79663	ENSG00000169087	HSPBAP1	HSPBAP1	0.0	0.0	0.3829903049969854	32.0	0.0
3350	ENSG00000178394	HTR1A	HTR1A	1.0	9.0	0.809845886724017	31.0	0.3168962165441806
3354	ENSG00000168830	HTR1E	HTR1E	0.0	0.0	0.39931068778389706	32.0	0.0
3355	ENSG00000179097	HTR1F	HTR1F	1.0	1.0	0.5176395193576371	2.0	0.022506066059027698
3356	ENSG00000102468	HTR2A	HTR2A	1.0	4.0	0.6553814247607128	51.0	0.1139793782192544
3358	ENSG00000147246	HTR2C	HTR2C	1.0	6.0	0.6927492030857253	59.0	0.18071718341366746
3360	ENSG00000164270	HTR4	HTR4	1.0	5.0	0.7682506768831605	1.0	0.16701101671373053
3361	ENSG00000157219	HTR5A	HTR5A	1.0	1.0	0.591273123684765	31.0	0.025707527116728912
3363	ENSG00000148680	HTR7	HTR7	1.0	7.0	0.6113513611834172	54.0	0.1860634577514748
93164	ENSG00000293237	HTR7P1	HTR7P1	1.0	8.0	0.6699238506239893	49.0	0.23301699152138758
27429	ENSG00000115317	HTRA2	HTRA2	1.0	5.0	0.5305954403896208	8.0	0.11534683486730887
3064	ENSG00000197386	HTT	HTT	1.0	3.0	0.7179213986947165	49.0	0.09364192156887606
30811	ENSG00000142149	HUNK	HUNK	1.0	1.0	0.5442989089202788	32.0	0.0236651699530556
10075	ENSG00000086758	HUWE1	HUWE1	0.0	0.0	0.39842276886447353	59.0	0.0
84329	ENSG00000122986	HVCN1	HVCN1	0.0	0.0	0.3311351096150436	49.0	0.0
8692	ENSG00000068001	HYAL2	HYAL2	0.0	0.0	0.24448883699567478	31.0	0.0
8372	ENSG00000186792	HYAL3	HYAL3	1.0	2.0	0.4243968043608308	8.0	0.03690406994442007
54768	ENSG00000157423	HYDIN	HYDIN	1.0	5.0	0.621559478978986	9.0	0.13512162586499696
81888	ENSG00000178922	HYI	HYI	1.0	10.0	0.6255334023142568	1.0	0.27197104448445947
123688	ENSG00000188266	HYKK	HYKK	1.0	3.0	0.47732332013801965	52.0	0.06225956349626343
219844	ENSG00000198331	HYLS1	HYLS1	1.0	1.0	0.5630551378798591	2.0	0.024480658168689523
3376	ENSG00000291356	IARS1	IARS	1.0	4.0	0.5841595454276506	7.0	0.1015929644222001
3382	ENSG00000003147	ICA1	ICA1	1.0	1.0	0.6278798124693789	32.0	0.02729912228127734
130026	ENSG00000163596	ICA1L	ICA1L	1.0	6.0	0.8697142654301279	40.0	0.2268819822861203
3385	ENSG00000076662	ICAM3	ICAM3	1.0	10.0	0.5935075223884014	53.0	0.25804674886452234
7087	ENSG00000105376	ICAM5	ICAM5	1.0	8.0	0.8156488725794856	53.0	0.2837039556798211
23379	ENSG00000164151	ICE1	ICE1	1.0	5.0	0.7672082936214314	18.0	0.16678441165683291
79664	ENSG00000128915	ICE2	ICE2	0.0	0.0	0.3777296042212495	32.0	0.0
22858	ENSG00000112144	CILK1	ICK	1.0	1.0	0.2340291379055627	19.0	0.010175179908937508
3398	ENSG00000115738	ID2	ID2	1.0	4.0	0.6117652909021549	55.0	0.10639396363515738
3400	ENSG00000172201	ID4	ID4	1.0	6.0	0.49479240700053845	52.0	0.12907628008709698
3416	ENSG00000119912	IDE	IDE	0.0	0.0	0.3684129102468784	31.0	0.0
100507475	ENSG00000231908	IDH1-AS1	IDH1-AS1	1.0	3.0	0.39332329917243264	49.0	0.05130303902249121
3421	ENSG00000067829	IDH3G	IDH3G	0.0	0.0	0.23992009600017605	31.0	0.0
3422	ENSG00000067064	IDI1	IDI1	1.0	4.0	0.4809175447154524	31.0	0.08363783386355693
55853	ENSG00000232656	IDI2-AS1	IDI2-AS1	0.0	0.0	0.2553684736545255	1.0	0.0
414328	ENSG00000148057	IDNK	IDNK	1.0	5.0	0.6006334252471591	33.0	0.1305724837493824
3423	ENSG00000010404	IDS	IDS	0.0	0.0	0.5087287676220379	32.0	0.0
9592	ENSG00000160888	IER2	IER2	1.0	1.0	0.24839865088918564	3.0	0.01079994134300807
51124	ENSG00000134049	IER3IP1	IER3IP1	1.0	4.0	0.6315286623092212	1.0	0.10983107170595151
51278	ENSG00000162783	IER5	IER5	1.0	1.0	0.5327056597558414	33.0	0.02316111564155832
389792	ENSG00000188483	IER5L	IER5L	1.0	1.0	0.5198887554868624	32.0	0.02260385893421141
25900	ENSG00000010295	IFFO1	IFFO1	0.0	0.0	0.446274295508937	32.0	0.0
126917	ENSG00000169991	IFFO2	IFFO2	1.0	2.0	0.48037486533728685	31.0	0.04177172742063364
3428	ENSG00000163565	IFI16	IFI16	1.0	8.0	0.5583727043977863	1.0	0.19421659283401263
3429	ENSG00000275214	IFI27	IFI27	0.0	0.0	0.27060327659309225	32.0	0.0
122509	ENSG00000165948	IFI27L1	IFI27L1	1.0	10.0	0.5761841267702724	53.0	0.2505148377262054
83982	ENSG00000119632	IFI27L2	IFI27L2	1.0	6.0	0.5444225702179598	24.0	0.14202327918729385
10437	ENSG00000216490	IFI30	IFI30	1.0	5.0	0.41552435238820945	33.0	0.09033138095395857
10561	ENSG00000137965	IFI44	IFI44	1.0	3.0	0.37952779907796746	52.0	0.04950362596669141
10964	ENSG00000137959	IFI44L	IFI44L	1.0	1.0	0.35698824562514886	32.0	0.015521228070658645
64135	ENSG00000115267	IFIH1	IFIH1	0.0	0.0	0.11608148656802468	32.0	0.0
3434	ENSG00000185745	IFIT1	IFIT1	1.0	3.0	0.4567548489317078	33.0	0.05957671942587493
24138	ENSG00000152778	IFIT5	IFIT5	0.0	0.0	0.3141760937449581	32.0	0.0
402778	ENSG00000281618	IFITM10	IFITM10	1.0	2.0	0.385471039061308	4.0	0.03351922078793982
3455	ENSG00000159110	IFNAR2	IFNAR2	0.0	0.0	0.28450519536484	32.0	0.0
3459	ENSG00000027697	IFNGR1	IFNGR1	1.0	4.0	0.4553635982006785	60.0	0.07919366925229192
163702	ENSG00000185436	IFNLR1	IFNLR1	1.0	1.0	0.3577555585589792	31.0	0.015554589502564314
3475	ENSG00000006652	IFRD1	IFRD1	1.0	3.0	0.5653823531774311	60.0	0.07374552432749101
7866	ENSG00000214706	IFRD2	IFRD2	1.0	1.0	0.439323813455052	31.0	0.019101035367610954
55764	ENSG00000163913	IFT122	IFT122	1.0	1.0	0.6127300656443097	33.0	0.026640437636709115
26160	ENSG00000138002	IFT172	IFT172	1.0	1.0	0.504683281953224	52.0	0.02194275138927061
64792	ENSG00000128581	IFT22	IFT22	1.0	8.0	0.6265006653188864	39.0	0.2179132748935257
51098	ENSG00000101052	IFT52	IFT52	1.0	2.0	0.5288210313174491	53.0	0.04598443750586514
55081	ENSG00000114446	IFT57	IFT57	0.0	0.0	0.41795758596172994	33.0	0.0
80173	ENSG00000096872	IFT74	IFT74	1.0	5.0	0.5797125691140085	31.0	0.12602447154652358
28981	ENSG00000122970	IFT81	IFT81	1.0	1.0	0.5345030938694962	33.0	0.023239264950847664
8100	ENSG00000032742	IFT88	IFT88	1.0	2.0	0.3911181700111317	53.0	0.03401027565314189
3476	ENSG00000089289	IGBP1	IGBP1	1.0	6.0	0.6335745709850676	31.0	0.16528032286566982
9543	ENSG00000174498	IGDCC3	IGDCC3	1.0	6.0	0.7476934906469237	65.0	0.19505047582093663
57722	ENSG00000103742	IGDCC4	IGDCC4	1.0	8.0	0.5260596665369317	31.0	0.18297727531719363
3479	ENSG00000017427	IGF1	IGF1	1.0	8.0	0.7062223304239389	41.0	0.24564254971267438
10644	ENSG00000073792	IGF2BP2	IGF2BP2	0.0	0.0	0.4264295932528937	31.0	0.0
10643	ENSG00000136231	IGF2BP3	IGF2BP3	0.0	0.0	0.4817581688066402	32.0	0.0
3483	ENSG00000099769	IGFALS	IGFALS	0.0	0.0	0.35010514313839447	33.0	0.0
3485	ENSG00000115457	IGFBP2	IGFBP2	0.0	0.0	0.35350445749189463	32.0	0.0
3486	ENSG00000146674	IGFBP3	IGFBP3	1.0	2.0	0.6023944268829158	8.0	0.05238212407677528
3488	ENSG00000115461	IGFBP5	IGFBP5	1.0	9.0	0.6788877122943585	52.0	0.26565171350648814
3489	ENSG00000167779	IGFBP6	IGFBP6	1.0	1.0	0.4190978098338834	52.0	0.018221643905821018
347252	ENSG00000137142	IGFBPL1	IGFBPL1	1.0	2.0	0.4092492960460476	53.0	0.03558689530835196
79713	ENSG00000126246	IGFLR1	IGFLR1	0.0	0.0	0.18207146263608048	32.0	0.0
91156	ENSG00000163395	IGFN1	IGFN1	1.0	10.0	0.5726556379111677	40.0	0.2489807121352903
3508	ENSG00000132740	IGHMBP2	IGHMBP2	1.0	1.0	0.5813741936870732	40.0	0.025277138855959704
492311	ENSG00000182700	IGIP	IGIP	0.0	0.0	0.3608142328131398	32.0	0.0
3543	ENSG00000128322	IGLL1	IGLL1	0.0	0.0	0.5233791321467934	31.0	0.0
91353	ENSG00000285968	IGLL3P	IGLL3P	0.0	0.0	0.5096143634741381	32.0	0.0
402665	ENSG00000142549	IGLON5	IGLON5	1.0	1.0	0.3059241500673988	5.0	0.013301050002930383
3547	ENSG00000147255	IGSF1	IGSF1	0.0	0.0	0.20988920508949152	32.0	0.0
84966	ENSG00000117154	IGSF21	IGSF21	1.0	2.0	0.5026987791852229	40.0	0.043712937320454164
283284	ENSG00000179057	IGSF22	IGSF22	1.0	12.0	0.8210361913492944	49.0	0.42836670853006664
3321	ENSG00000143061	IGSF3	IGSF3	1.0	1.0	0.5788421922816691	18.0	0.02516705183833344
10261	ENSG00000283934	IGSF6	IGSF6	1.0	7.0	0.5080987841180421	49.0	0.15463876038375196
93185	ENSG00000162729	IGSF8	IGSF8	1.0	3.0	0.6172217160061679	33.0	0.0805071803486306
121457	ENSG00000166130	IKBIP	IKBIP	1.0	8.0	0.7413774607287623	53.0	0.25787042112304775
3551	ENSG00000104365	IKBKB	IKBKB	0.0	0.0	0.3751932809266185	33.0	0.0
22807	ENSG00000030419	IKZF2	IKZF2	0.0	0.0	0.3371203581582407	52.0	0.0
3588	ENSG00000243646	IL10RB	IL10RB	0.0	0.0	0.2826963068812347	32.0	0.0
3595	ENSG00000081985	IL12RB2	IL12RB2	1.0	7.0	0.7347342809401776	18.0	0.22361478115570624
3597	ENSG00000131724	IL13RA1	IL13RA1	1.0	6.0	0.448827803405348	33.0	0.11708551393182991
3598	ENSG00000123496	IL13RA2	IL13RA2	1.0	17.0	0.696575798584646	49.0	0.5148603728669122
53342	ENSG00000172458	IL17D	IL17D	1.0	8.0	0.470284245362155	33.0	0.16357712882161912
23765	ENSG00000177663	IL17RA	IL17RA	1.0	1.0	0.4865595221753753	53.0	0.02115476183371197
55540	ENSG00000056736	IL17RB	IL17RB	1.0	6.0	0.46618419806048017	35.0	0.1216132690592557
54756	ENSG00000144730	IL17RD	IL17RD	1.0	5.0	0.5082746139098032	7.0	0.11049448128473982
3553	ENSG00000125538	IL1B	IL1B	1.0	13.0	0.6736684658159476	31.0	0.3807691328524921
3556	ENSG00000196083	IL1RAP	IL1RAP	0.0	0.0	0.3901292208361589	32.0	0.0
26280	ENSG00000189108	IL1RAPL2	IL1RAPL2	1.0	4.0	0.7204786593903746	33.0	0.12530063641571731
9466	ENSG00000288185	IL27RA	IL27RA	1.0	4.0	0.5831239811768402	49.0	0.10141286629162437
9235	ENSG00000008517	IL32	IL32	0.0	0.0	0.25721495349071805	44.0	0.0
90865	ENSG00000137033	IL33	IL33	1.0	7.0	0.5902341732092564	55.0	0.17963648749846936
146433	ENSG00000157368	IL34	IL34	1.0	11.0	0.7907946361064705	31.0	0.37820613031179023
3563	ENSG00000185291	IL3RA	IL3RA	1.0	3.0	0.4167766856759953	32.0	0.054362176392521125
387597	ENSG00000143195	ILDR2	ILDR2	1.0	4.0	0.724333861375364	18.0	0.12597110632615027
3609	ENSG00000129351	ILF3	ILF3	1.0	1.0	0.6078522945377074	33.0	0.026428360632074235
10994	ENSG00000105135	HACL2	ILVBL	1.0	1.0	0.32151530068581896	55.0	0.013978926116774737
92856	ENSG00000136718	IMP4	IMP4	1.0	3.0	0.49165362153188935	33.0	0.06412873324328991
3612	ENSG00000133731	IMPA1	IMPA1	1.0	3.0	0.5284383154869212	53.0	0.0689267368026419
55364	ENSG00000154059	IMPACT	IMPACT	1.0	7.0	0.5324094402756857	53.0	0.16203765573607826
54928	ENSG00000104331	BPNT2	IMPAD1	0.0	0.0	0.22080279315251503	32.0	0.0
3615	ENSG00000178035	IMPDH2	IMPDH2	0.0	0.0	0.4181497209385226	53.0	0.0
9118	ENSG00000148798	INA	INA	0.0	0.0	0.2611007546408497	33.0	0.0
3619	ENSG00000149503	INCENP	INCENP	1.0	6.0	0.7106990199578347	53.0	0.18539974433682643
64423	ENSG00000203485	INF2	INF2	0.0	0.0	0.269442989305108	32.0	0.0
3621	ENSG00000153487	ING1	ING1	1.0	3.0	0.5677019700382565	36.0	0.07404808304846824
3622	ENSG00000168556	ING2	ING2	1.0	3.0	0.7668425154405626	33.0	0.10002293679659512
54556	ENSG00000071243	ING3	ING3	0.0	0.0	0.5501594801042298	31.0	0.0
3624	ENSG00000122641	INHBA	INHBA	0.0	0.0	0.2875763432476397	38.0	0.0
3625	ENSG00000163083	INHBB	INHBB	1.0	4.0	0.45884325849592417	52.0	0.07979882756450855
58493	ENSG00000148153	INIP	INIP	0.0	0.0	0.3067117986502075	32.0	0.0
3631	ENSG00000040933	INPP4A	INPP4A	1.0	6.0	0.6530565310033105	40.0	0.17036257330521143
8821	ENSG00000109452	INPP4B	INPP4B	1.0	7.0	0.6617023379497448	59.0	0.20138766807166147
3632	ENSG00000068383	INPP5A	INPP5A	0.0	0.0	0.37718628877818133	10.0	0.0
3633	ENSG00000204084	INPP5B	INPP5B	0.0	0.0	0.38430457249819355	59.0	0.0
3635	ENSG00000281614	INPP5D	INPP5D	0.0	0.0	0.3657211775710009	60.0	0.0
56623	ENSG00000148384	INPP5E	INPP5E	1.0	2.0	0.5645010147929035	31.0	0.0490870447646003
22876	ENSG00000198825	INPP5F	INPP5F	0.0	0.0	0.4072879617503303	44.0	0.0
27124	ENSG00000185133	INPP5J	INPP5J	1.0	1.0	0.47108677367568863	32.0	0.020482033638073417
3642	ENSG00000173404	INSM1	INSM1	1.0	9.0	0.7364445067001287	57.0	0.28817393740439823
84684	ENSG00000168348	INSM2	INSM2	0.0	0.0	0.6069634723705368	10.0	0.0
55174	ENSG00000104613	INTS10	INTS10	1.0	4.0	0.6845550034513865	33.0	0.11905304407850201
57117	ENSG00000138785	INTS12	INTS12	1.0	2.0	0.48886457600896177	53.0	0.042509963131214065
55726	ENSG00000064102	INTS13	INTS13	0.0	0.0	0.2641162644989909	40.0	0.0
81556	ENSG00000138614	INTS14	INTS14	1.0	1.0	0.42808050631593597	32.0	0.018612195926779825
92105	ENSG00000149262	INTS4	INTS4	1.0	4.0	0.49319772587772515	55.0	0.0857735175439522
285905	ENSG00000290545	INTS4P1	INTS4P1	0.0	0.0	0.48751021068540334	39.0	0.0
26512	ENSG00000102786	INTS6	INTS6	1.0	2.0	0.5867815487259835	49.0	0.05102448249791161
203522	ENSG00000165359	INTS6L	INTS6L	1.0	3.0	0.6415313850695916	33.0	0.0836780067482076
55656	ENSG00000164941	INTS8	INTS8	0.0	0.0	0.444292340618984	32.0	0.0
55756	ENSG00000104299	INTS9	INTS9	0.0	0.0	0.32917255574794063	31.0	0.0
27152	ENSG00000164066	INTU	INTU	1.0	7.0	0.6253973563861732	33.0	0.19033832585666144
51447	ENSG00000068745	IP6K2	IP6K2	0.0	0.0	0.2965169581064169	32.0	0.0
26034	ENSG00000074706	IPCEF1	IPCEF1	0.0	0.0	0.5275506195071978	32.0	0.0
3843	ENSG00000065150	IPO5	IPO5	1.0	3.0	0.6596433676452772	33.0	0.08604043925807964
55705	ENSG00000198700	IPO9	IPO9	1.0	3.0	0.7193184306263541	40.0	0.09382414312517663
79781	ENSG00000132321	DRC11	IQCA1	1.0	5.0	0.5787648409696527	52.0	0.12581844368905495
9657	ENSG00000173226	IQCB1	IQCB1	1.0	2.0	0.6468711685252942	40.0	0.05624966682828646
23288	ENSG00000106012	IQCE	IQCE	1.0	2.0	0.5857921795041634	31.0	0.05093845039166638
84223	ENSG00000114473	DRC9	IQCG	1.0	4.0	0.5447388975222917	53.0	0.0947371995690942
100506686	ENSG00000259673	IQCH-AS1	IQCH-AS1	0.0	0.0	0.23667755944619936	32.0	0.0
654502	ENSG00000214216	IQCJ	IQCJ	1.0	8.0	0.8514195007262606	49.0	0.29614591329609063
124152	ENSG00000174628	IQCK	IQCK	1.0	8.0	0.5225609585097452	52.0	0.18176033339469397
8826	ENSG00000140575	IQGAP1	IQGAP1	1.0	1.0	0.36014660311134133	54.0	0.015658547961362665
9922	ENSG00000144711	IQSEC1	IQSEC1	1.0	2.0	0.4770182166162663	3.0	0.04147984492315359
23096	ENSG00000124313	IQSEC2	IQSEC2	1.0	5.0	0.7891488385962261	53.0	0.17155409534700566
154865	ENSG00000164675	IQUB	IQUB	0.0	0.0	0.4099814224590359	31.0	0.0
134728	ENSG00000146243	IRAK1BP1	IRAK1BP1	0.0	0.0	0.5471679664698963	32.0	0.0
3660	ENSG00000168310	IRF2	IRF2	1.0	1.0	0.37611009549462415	49.0	0.016352612847592353
64207	ENSG00000119669	IRF2BPL	IRF2BPL	1.0	8.0	0.7218728997131907	35.0	0.25108622598719676
3663	ENSG00000128604	IRF5	IRF5	1.0	6.0	0.533677718438057	40.0	0.1392202743751453
3665	ENSG00000185507	IRF7	IRF7	1.0	5.0	0.4571432466340829	33.0	0.09937896665958323
3667	ENSG00000169047	IRS1	IRS1	0.0	0.0	0.49104871114632237	32.0	0.0
9636	ENSG00000187608	ISG15	ISG15	1.0	12.0	0.7089515516856304	53.0	0.36988776609685065
3671	ENSG00000129009	ISLR	ISLR	1.0	1.0	0.49020495127636415	32.0	0.02131325875114627
57611	ENSG00000167178	ISLR2	ISLR2	1.0	2.0	0.5883113480769366	33.0	0.05115750852842927
140862	ENSG00000101230	ISM1	ISM1	1.0	1.0	0.3596513499299387	53.0	0.01563701521434516
51015	ENSG00000066583	ISOC1	ISOC1	1.0	4.0	0.5938133289383843	3.0	0.10327188329363206
51477	ENSG00000105655	ISYNA1	ISYNA1	1.0	3.0	0.4656533711456496	32.0	0.060737396236389074
83737	ENSG00000289720	ITCH	ITCH	0.0	0.0	0.32761851544789045	31.0	0.0
3672	ENSG00000213949	ITGA1	ITGA1	0.0	0.0	0.2812133495685623	6.0	0.0
22801	ENSG00000137809	ITGA11	ITGA11	0.0	0.0	0.3388900252208035	10.0	0.0
3674	ENSG00000005961	ITGA2B	ITGA2B	0.0	0.0	0.6319969135042496	33.0	0.0
3678	ENSG00000161638	ITGA5	ITGA5	1.0	3.0	0.40060980866451107	16.0	0.05225345330406666
8516	ENSG00000077943	ITGA8	ITGA8	0.0	0.0	0.2584772786445548	32.0	0.0
3687	ENSG00000140678	ITGAX	ITGAX	1.0	8.0	0.4850263235394091	33.0	0.16870480818762054
3688	ENSG00000150093	ITGB1	ITGB1	0.0	0.0	0.31736506544880205	32.0	0.0
9270	ENSG00000119185	ITGB1BP1	ITGB1BP1	1.0	1.0	0.40470346515520994	33.0	0.017595802832835215
3689	ENSG00000160255	ITGB2	ITGB2	1.0	7.0	0.4953069333785815	49.0	0.15074558841956828
23421	ENSG00000142856	ITGB3BP	ITGB3BP	0.0	0.0	0.3908297156011588	32.0	0.0
3691	ENSG00000132470	ITGB4	ITGB4	0.0	0.0	0.2932969158168054	52.0	0.0
3695	ENSG00000139626	ITGB7	ITGB7	1.0	3.0	0.46334388153193035	55.0	0.06043615846068656
3696	ENSG00000105855	ITGB8	ITGB8	1.0	3.0	0.44088175645605976	31.0	0.05750631605948606
80760	ENSG00000123243	ITIH5	ITIH5	0.0	0.0	0.22539862266298027	32.0	0.0
9452	ENSG00000078596	ITM2A	ITM2A	0.0	0.0	0.28636204346222893	31.0	0.0
81618	ENSG00000135916	ITM2C	ITM2C	1.0	3.0	0.534829395037921	41.0	0.06976035587451143
3705	ENSG00000100605	ITPK1	ITPK1	1.0	1.0	0.5500177170020292	32.0	0.02391381378269692
3706	ENSG00000137825	ITPKA	ITPKA	1.0	3.0	0.6750133650035427	49.0	0.08804522152220122
3707	ENSG00000143772	ITPKB	ITPKB	1.0	3.0	0.37976922666156804	60.0	0.04953511652107409
80271	ENSG00000086544	ITPKC	ITPKC	1.0	2.0	0.680314478027926	36.0	0.05915778069808052
3708	ENSG00000150995	ITPR1	ITPR1	0.0	0.0	0.4570375729581317	32.0	0.0
3709	ENSG00000123104	ITPR2	ITPR2	0.0	0.0	0.26103916160459734	33.0	0.0
85450	ENSG00000148841	ITPRIP	ITPRIP	0.0	0.0	0.3070307398968237	32.0	0.0
162073	ENSG00000205730	ITPRIPL2	ITPRIPL2	1.0	12.0	0.6325192268621939	40.0	0.330010031406362
10625	ENSG00000116679	IVNS1ABP	IVNS1ABP	0.0	0.0	0.22555970926178623	52.0	0.0
55677	ENSG00000163166	IWS1	IWS1	1.0	1.0	0.3930963781497498	55.0	0.017091146876076078
79960	ENSG00000077684	JADE1	JADE1	1.0	1.0	0.5528790305650567	32.0	0.024038218720219856
9767	ENSG00000102221	JADE3	JADE3	0.0	0.0	0.3589014913524298	31.0	0.0
182	ENSG00000101384	JAG1	JAG1	1.0	1.0	0.45988581543257473	1.0	0.019995035453590205
3716	ENSG00000162434	JAK1	JAK1	1.0	2.0	0.43486272836092077	3.0	0.037814150292253976
3717	ENSG00000096968	JAK2	JAK2	0.0	0.0	0.5206543948848602	59.0	0.0
152789	ENSG00000152969	JAKMIP1	JAKMIP1	1.0	3.0	0.6506795773431487	33.0	0.08487124921867158
9832	ENSG00000176049	JAKMIP2	JAKMIP2	1.0	2.0	0.5526644247455705	5.0	0.04805777606483222
58494	ENSG00000154721	JAM2	JAM2	0.0	0.0	0.22678687076877949	32.0	0.0
83700	ENSG00000166086	JAM3	JAM3	0.0	0.0	0.31804305049818776	32.0	0.0
221895	ENSG00000153814	JAZF1	JAZF1	1.0	4.0	0.6801289395466509	3.0	0.11828329383420015
57608	ENSG00000165757	JCAD	JCAD	1.0	3.0	0.676155895274844	49.0	0.08819424720976225
122953	ENSG00000140044	JDP2	JDP2	0.0	0.0	0.43689743819826027	10.0	0.0
79864	ENSG00000109944	JHY	JHY	0.0	0.0	0.40035672242971393	31.0	0.0
221037	ENSG00000171988	JMJD1C	JMJD1C	0.0	0.0	0.5779182718745278	19.0	0.0
84989	ENSG00000272767	JMJD1C-AS1	JMJD1C-AS1	1.0	3.0	0.45495468743046047	40.0	0.05934191575179919
65094	ENSG00000081692	JMJD4	JMJD4	1.0	5.0	0.5543500104269151	18.0	0.12051087183193807
100137047	ENSG00000243789	JMJD7	JMJD7	1.0	12.0	0.6118264092369248	53.0	0.31921377873230855
9929	ENSG00000100221	JOSD1	JOSD1	1.0	2.0	0.6492822454516312	51.0	0.05645932569144618
126119	ENSG00000161677	JOSD2	JOSD2	0.0	0.0	0.24732574968046314	31.0	0.0
57338	ENSG00000154118	JPH3	JPH3	1.0	9.0	0.801195546673582	41.0	0.3135113008722712
84502	ENSG00000092051	JPH4	JPH4	1.0	10.0	0.7706481463129886	49.0	0.3350644114404298
51155	ENSG00000189159	JPT1	JPT1	1.0	10.0	0.8234623206801608	31.0	0.358027095947896
8629	ENSG00000234616	JRK	JRK	1.0	2.0	0.601594400707297	31.0	0.052312556583243214
10899	ENSG00000143543	JTB	JTB	1.0	3.0	0.6399054678262469	33.0	0.0834659305860322
3728	ENSG00000173801	JUP	JUP	1.0	2.0	0.4100281975984404	55.0	0.03565462587812525
8997	ENSG00000160145	KALRN	KALRN	0.0	0.0	0.5757704666929323	32.0	0.0
23189	ENSG00000107104	KANK1	KANK1	1.0	5.0	0.5123483101881915	33.0	0.11138006743221554
163782	ENSG00000132854	KANK4	KANK4	0.0	0.0	0.10231588410107603	38.0	0.0
284058	ENSG00000275867	KANSL1	KANSL1	0.0	0.0	0.39270230215269825	31.0	0.0
151050	ENSG00000144445	KANSL1L	KANSL1L	1.0	1.0	0.4203105684199059	33.0	0.018274372539995906
55683	ENSG00000114982	KANSL3	KANSL3	1.0	3.0	0.6415437329943501	33.0	0.08367961734708913
57325	ENSG00000149474	KAT14	KAT14	1.0	8.0	0.6690377258890203	40.0	0.23270877422226793
8850	ENSG00000114166	KAT2B	KAT2B	1.0	2.0	0.4375984053361473	40.0	0.038052035246621506
11143	ENSG00000136504	KAT7	KAT7	1.0	4.0	0.5823180649917025	40.0	0.10127270695507869
84148	ENSG00000103510	KAT8	KAT8	0.0	0.0	0.5384618343774585	1.0	0.0
84056	ENSG00000102781	KATNAL1	KATNAL1	1.0	1.0	0.2948198377665618	53.0	0.012818253815937469
10300	ENSG00000140854	KATNB1	KATNB1	1.0	2.0	0.6276451912852954	16.0	0.05457784272046047
79768	ENSG00000134152	KATNBL1	KATNBL1	1.0	3.0	0.6620141990985371	31.0	0.08634967814328745
81621	ENSG00000107821	KAZALD1	KAZALD1	0.0	0.0	0.3708008315963867	31.0	0.0
9920	ENSG00000176595	KBTBD11	KBTBD11	1.0	1.0	0.5253527110109644	33.0	0.022841422217868015
166348	ENSG00000187715	KBTBD12	KBTBD12	1.0	2.0	0.5877522234806324	32.0	0.05110888899831586
25948	ENSG00000170852	KBTBD2	KBTBD2	0.0	0.0	0.3890891536255676	32.0	0.0
143879	ENSG00000182359	KBTBD3	KBTBD3	1.0	1.0	0.2648519991351271	31.0	0.011515304310222916
55709	ENSG00000123444	KBTBD4	KBTBD4	1.0	1.0	0.5585365133488142	31.0	0.024284196232557138
89890	ENSG00000165572	KBTBD6	KBTBD6	1.0	9.0	0.7061652269656775	52.0	0.27632552359526513
84078	ENSG00000120696	KBTBD7	KBTBD7	1.0	2.0	0.6662703015075061	33.0	0.05793654795717444
56888	ENSG00000176407	KCMF1	KCMF1	1.0	7.0	0.6794245749218591	18.0	0.20678139236752235
3736	ENSG00000111262	KCNA1	KCNA1	0.0	0.0	0.38667897202041757	10.0	0.0
3737	ENSG00000177301	KCNA2	KCNA2	0.0	0.0	0.3620780994768914	32.0	0.0
3738	ENSG00000177272	KCNA3	KCNA3	1.0	8.0	0.6741132472644572	2.0	0.23447417296155032
3739	ENSG00000182255	KCNA4	KCNA4	1.0	10.0	0.7498774584186888	53.0	0.32603367757334295
3741	ENSG00000130037	KCNA5	KCNA5	1.0	2.0	0.43295076741333655	58.0	0.037647892818551
7881	ENSG00000169282	KCNAB1	KCNAB1	1.0	4.0	0.5707673943599256	63.0	0.09926389467129142
8514	ENSG00000069424	KCNAB2	KCNAB2	1.0	3.0	0.56757215123822	9.0	0.07403115016150696
9196	ENSG00000170049	KCNAB3	KCNAB3	0.0	0.0	0.41544560566964267	32.0	0.0
3745	ENSG00000158445	KCNB1	KCNB1	0.0	0.0	0.453701735020756	32.0	0.0
9312	ENSG00000182674	KCNB2	KCNB2	1.0	6.0	0.7685260152504204	62.0	0.2004850474566314
3746	ENSG00000129159	KCNC1	KCNC1	0.0	0.0	0.3286657623513884	10.0	0.0
3747	ENSG00000166006	KCNC2	KCNC2	1.0	1.0	0.4377092430965138	33.0	0.019030836656370165
3748	ENSG00000131398	KCNC3	KCNC3	0.0	0.0	0.3674496902613533	40.0	0.0
3749	ENSG00000116396	KCNC4	KCNC4	0.0	0.0	0.3574875215722652	1.0	0.0
3751	ENSG00000184408	KCND2	KCND2	0.0	0.0	0.4446447585176028	32.0	0.0
3752	ENSG00000171385	KCND3	KCND3	1.0	3.0	0.765894127274159	49.0	0.0998992339922816
23704	ENSG00000152049	KCNE4	KCNE4	1.0	5.0	0.5334911171492981	22.0	0.1159763298150648
23630	ENSG00000176076	KCNE5	KCNE5	1.0	1.0	0.371857559267889	55.0	0.016167719968169087
3754	ENSG00000162975	KCNF1	KCNF1	1.0	1.0	0.6175884832377392	33.0	0.02685167318424953
3755	ENSG00000026559	KCNG1	KCNG1	1.0	7.0	0.7422575511315874	58.0	0.22590447208352663
170850	ENSG00000171126	KCNG3	KCNG3	1.0	1.0	0.7080399290209514	40.0	0.030784344740041363
3756	ENSG00000143473	KCNH1	KCNH1	1.0	1.0	0.5886983952838704	52.0	0.025595582403646535
23416	ENSG00000135519	KCNH3	KCNH3	1.0	3.0	0.6617779241198408	53.0	0.08631885966780532
23415	ENSG00000089558	KCNH4	KCNH4	1.0	1.0	0.6416425228347883	32.0	0.027897500992816883
27133	ENSG00000140015	KCNH5	KCNH5	1.0	1.0	0.5346079224965113	33.0	0.023243822717239623
81033	ENSG00000173826	KCNH6	KCNH6	0.0	0.0	0.2740216951205879	7.0	0.0
90134	ENSG00000184611	KCNH7	KCNH7	1.0	4.0	0.6054931163144401	40.0	0.10530315066338089
30819	ENSG00000120049	KCNIP2	KCNIP2	0.0	0.0	0.5941362539739522	31.0	0.0
30818	ENSG00000115041	KCNIP3	KCNIP3	1.0	3.0	0.6031245419640762	31.0	0.0786684185170534
3766	ENSG00000177807	KCNJ10	KCNJ10	1.0	5.0	0.3983299574719647	53.0	0.08659346901564449
3767	ENSG00000187486	KCNJ11	KCNJ11	0.0	0.0	0.42608391345514396	31.0	0.0
3768	ENSG00000184185	KCNJ12	KCNJ12	1.0	3.0	0.527538603920714	33.0	0.06880938312009313
3770	ENSG00000182324	KCNJ14	KCNJ14	0.0	0.0	0.28487505711608285	31.0	0.0
3759	ENSG00000123700	KCNJ2	KCNJ2	0.0	0.0	0.4077168115177778	32.0	0.0
3760	ENSG00000162989	KCNJ3	KCNJ3	1.0	1.0	0.5318728243006821	33.0	0.02312490540437748
3761	ENSG00000168135	KCNJ4	KCNJ4	1.0	3.0	0.6001182695026891	2.0	0.07827629602208988
3763	ENSG00000157542	KCNJ6	KCNJ6	1.0	5.0	0.596290461191342	33.0	0.1296283611285526
3764	ENSG00000121361	KCNJ8	KCNJ8	1.0	1.0	0.4037986104987178	33.0	0.017556461326031208
3765	ENSG00000162728	KCNJ9	KCNJ9	1.0	4.0	0.6801737035309073	54.0	0.1182910788749404
3775	ENSG00000135750	KCNK1	KCNK1	1.0	4.0	0.6089776122820998	51.0	0.10590914996210431
54207	ENSG00000100433	KCNK10	KCNK10	1.0	2.0	0.6053031556151353	2.0	0.05263505701001176
56660	ENSG00000184261	KCNK12	KCNK12	1.0	3.0	0.5438383265803354	36.0	0.07093543390178288
3776	ENSG00000082482	KCNK2	KCNK2	1.0	9.0	0.6851065157124049	53.0	0.2680851583222454
3777	ENSG00000171303	KCNK3	KCNK3	1.0	3.0	0.5932911218074886	33.0	0.07738579849662894
9424	ENSG00000099337	KCNK6	KCNK6	1.0	4.0	0.6893215938900789	8.0	0.11988201632870936
3778	ENSG00000156113	KCNMA1	KCNMA1	1.0	3.0	0.5862349183958874	3.0	0.076465424138594
10242	ENSG00000197584	KCNMB2	KCNMB2	1.0	3.0	0.6582982433441356	40.0	0.08586498826227855
27345	ENSG00000135643	KCNMB4	KCNMB4	1.0	5.0	0.7231295112957878	18.0	0.15720206767299735
3780	ENSG00000105642	KCNN1	KCNN1	1.0	5.0	0.5931095759625614	31.0	0.12893686433968726
3781	ENSG00000080709	KCNN2	KCNN2	1.0	4.0	0.535114317077395	40.0	0.09306335949172087
3782	ENSG00000143603	KCNN3	KCNN3	1.0	8.0	0.576515909415728	49.0	0.20052727284025318
3783	ENSG00000104783	KCNN4	KCNN4	0.0	0.0	0.25776482316550486	52.0	0.0
3784	ENSG00000282076	KCNQ1	KCNQ1	1.0	7.0	0.5233911806824635	33.0	0.15929296803379325
55539	ENSG00000237941	KCNQ1DN	KCNQ1DN	0.0	0.0	0.27478707166667	52.0	0.0
3785	ENSG00000281151	KCNQ2	KCNQ2	1.0	5.0	0.7667867849480005	53.0	0.16669277933652182
56479	ENSG00000185760	KCNQ5	KCNQ5	0.0	0.0	0.3609669009208915	32.0	0.0
3787	ENSG00000124134	KCNS1	KCNS1	0.0	0.0	0.4575357455774372	32.0	0.0
3788	ENSG00000156486	KCNS2	KCNS2	1.0	1.0	0.5213587062207179	52.0	0.022667769835683384
3790	ENSG00000170745	KCNS3	KCNS3	1.0	1.0	0.3062631544606159	32.0	0.013315789324374605
57582	ENSG00000107147	KCNT1	KCNT1	0.0	0.0	0.3500666097536064	32.0	0.0
343450	ENSG00000162687	KCNT2	KCNT2	1.0	5.0	0.6374907891813172	33.0	0.13858495416985156
27012	ENSG00000164794	KCNV1	KCNV1	1.0	3.0	0.6248467256425076	49.0	0.08150174682293577
284252	ENSG00000134504	KCTD1	KCTD1	0.0	0.0	0.4518800093941019	32.0	0.0
83892	ENSG00000110906	KCTD10	KCTD10	1.0	9.0	0.6447429974112852	18.0	0.25229073811745945
115207	ENSG00000178695	KCTD12	KCTD12	1.0	11.0	0.5894026155369492	49.0	0.28188820743071485
79047	ENSG00000153885	KCTD15	KCTD15	1.0	8.0	0.7105221718314789	16.0	0.24713814672399267
57528	ENSG00000183775	KCTD16	KCTD16	1.0	2.0	0.6881319709907556	51.0	0.059837562694848315
130535	ENSG00000155729	KCTD18	KCTD18	0.0	0.0	0.41883734827185404	53.0	0.0
283219	ENSG00000188997	KCTD21	KCTD21	1.0	9.0	0.5613670963858315	53.0	0.2196653855422819
51133	ENSG00000136636	KCTD3	KCTD3	1.0	2.0	0.40990444253678304	32.0	0.035643864568415916
386618	ENSG00000180332	KCTD4	KCTD4	1.0	16.0	0.7725641242247184	53.0	0.5374359125041519
200845	ENSG00000168301	KCTD6	KCTD6	1.0	4.0	0.625389558748505	18.0	0.10876340152147912
386617	ENSG00000183783	KCTD8	KCTD8	1.0	1.0	0.635603033735842	52.0	0.027634914510254002
54793	ENSG00000104756	KCTD9	KCTD9	0.0	0.0	0.1904715297565614	32.0	0.0
10945	ENSG00000105438	KDELR1	KDELR1	1.0	3.0	0.4367699982266018	41.0	0.05696999976868719
11014	ENSG00000136240	KDELR2	KDELR2	1.0	5.0	0.4931704595853888	5.0	0.10721096947508452
126695	ENSG00000175707	KDF1	KDF1	0.0	0.0	0.4455894829932787	32.0	0.0
221656	ENSG00000165097	KDM1B	KDM1B	1.0	9.0	0.5935615857510829	49.0	0.23226322920694548
84678	ENSG00000089094	KDM2B	KDM2B	1.0	1.0	0.5708432789912115	31.0	0.02481927299961789
9682	ENSG00000066135	KDM4A	KDM4A	0.0	0.0	0.4923991108189413	32.0	0.0
5927	ENSG00000073614	KDM5A	KDM5A	0.0	0.0	0.3816608000839565	32.0	0.0
80853	ENSG00000006459	KDM7A	KDM7A	0.0	0.0	0.32954480485416787	32.0	0.0
2531	ENSG00000119537	KDSR	KDSR	1.0	5.0	0.3787298236914761	32.0	0.0823325703677122
80759	ENSG00000135314	KHDC1	KHDC1	1.0	2.0	0.48970412711073597	33.0	0.04258296757484661
100129128	ENSG00000256980	KHDC1L	KHDC1L	1.0	1.0	0.37988705494577074	33.0	0.016516828475903075
22889	ENSG00000132680	KHDC4	KHDC4	1.0	1.0	0.6263026896651803	34.0	0.027230551724573056
10657	ENSG00000121774	KHDRBS1	KHDRBS1	1.0	3.0	0.7194974016603868	33.0	0.09384748717309392
202559	ENSG00000112232	KHDRBS2	KHDRBS2	1.0	4.0	0.7301312328222678	51.0	0.12697934483865525
10656	ENSG00000131773	KHDRBS3	KHDRBS3	1.0	3.0	0.5776276516280701	33.0	0.0753427371688787
3795	ENSG00000138030	KHK	KHK	1.0	3.0	0.5961901594394552	51.0	0.07776393383992894
8570	ENSG00000088247	KHSRP	KHSRP	1.0	2.0	0.5468344214202605	33.0	0.04755081925393569
9856	ENSG00000137261	KIAA0319	KIAA0319	1.0	13.0	0.7809900216775336	31.0	0.4414291426873016
23392	ENSG00000136813	ECPAS	KIAA0368	1.0	1.0	0.4237363053010369	49.0	0.018423317621784212
9692	ENSG00000100890	PRORP	KIAA0391	0.0	0.0	0.40529247062659884	32.0	0.0
9764	ENSG00000135709	KIAA0513	KIAA0513	1.0	3.0	0.7579995716348493	52.0	0.098869509343676
9786	ENSG00000100578	KIAA0586	KIAA0586	1.0	1.0	0.3948311148391891	31.0	0.017166570210399527
9851	ENSG00000198920	KIAA0753	KIAA0753	0.0	0.0	0.6394863146095859	31.0	0.0
653319	ENSG00000196123	MATCAP1	KIAA0895L	1.0	4.0	0.7721625243749223	33.0	0.13428913467389952
23251	ENSG00000169330	MINAR1	KIAA1024	1.0	10.0	0.5666686488574071	41.0	0.24637767341626393
284697	ENSG00000189195	BTBD8	KIAA1107	0.0	0.0	0.5137568461497373	32.0	0.0
84162	ENSG00000138688	BLTP1	KIAA1109	0.0	0.0	0.39019660793642724	31.0	0.0
57482	ENSG00000109265	CRACD	KIAA1211	1.0	7.0	0.6229035792276079	66.0	0.18957935019970676
343990	ENSG00000196872	CRACDL	KIAA1211L	1.0	3.0	0.7484333551438845	8.0	0.09762174197528929
56243	ENSG00000120549	KIAA1217	KIAA1217	1.0	3.0	0.5557208200367642	33.0	0.07248532435262141
57501	ENSG00000114656	CFAP92	KIAA1257	1.0	1.0	0.6987021579532814	42.0	0.030378354693620928
57535	ENSG00000116299	ELAPOR1	KIAA1324	1.0	1.0	0.6822635842252264	32.0	0.02966363409674897
222223	ENSG00000164659	ELAPOR2	KIAA1324L	0.0	0.0	0.38038563462584196	32.0	0.0
57536	ENSG00000150477	KIAA1328	KIAA1328	1.0	2.0	0.5396128029932244	53.0	0.04692285243419343
57648	ENSG00000162522	NHSL3	KIAA1522	1.0	5.0	0.7180398275419443	36.0	0.15609561468303138
57670	ENSG00000122778	KIAA1549	KIAA1549	1.0	3.0	0.6414563346347372	33.0	0.08366821756105267
25758	ENSG00000110427	KIAA1549L	KIAA1549L	1.0	2.0	0.589399469547037	33.0	0.051252127786698874
57710	ENSG00000135835	KIAA1614	KIAA1614	0.0	0.0	0.41776859242067793	32.0	0.0
84542	ENSG00000162929	SANBR	KIAA1841	0.0	0.0	0.2820935545803218	31.0	0.0
158405	ENSG00000165185	KIAA1958	KIAA1958	0.0	0.0	0.3692095235755895	32.0	0.0
90231	ENSG00000116685	KIAA2013	KIAA2013	1.0	2.0	0.5180959221173476	33.0	0.04505181931455196
57576	ENSG00000117245	KIF17	KIF17	1.0	2.0	0.5677346151942527	33.0	0.04936822740819589
547	ENSG00000130294	KIF1A	KIF1A	1.0	7.0	0.6388329612907079	31.0	0.1944274230015198
55605	ENSG00000139116	KIF21A	KIF21A	1.0	1.0	0.2978482949050665	32.0	0.012949925865437672
23046	ENSG00000116852	KIF21B	KIF21B	1.0	9.0	0.7373353854722197	18.0	0.28852254214130335
3835	ENSG00000079616	KIF22	KIF22	1.0	7.0	0.6573217570328853	53.0	0.20005444779261727
55582	ENSG00000165115	KIF27	KIF27	1.0	3.0	0.405923559212372	31.0	0.052946551201613734
3796	ENSG00000068796	KIF2A	KIF2A	1.0	12.0	0.5884887171056186	49.0	0.3070375915333662
11127	ENSG00000131437	KIF3A	KIF3A	1.0	5.0	0.5616229093835002	8.0	0.12209193682250005
9371	ENSG00000101350	KIF3B	KIF3B	1.0	6.0	0.6330629810109728	9.0	0.16514686461155811
3797	ENSG00000084731	KIF3C	KIF3C	1.0	5.0	0.7180954600847007	49.0	0.15610770871406537
3798	ENSG00000155980	KIF5A	KIF5A	1.0	4.0	0.5996077901603584	2.0	0.10427961568006232
3800	ENSG00000276734	KIF5C	KIF5C	1.0	4.0	0.7061747897591952	51.0	0.12281300691464264
221458	ENSG00000164627	KIF6	KIF6	0.0	0.0	0.32162377955245586	31.0	0.0
64147	ENSG00000088727	KIF9	KIF9	0.0	0.0	0.2794433453279814	32.0	0.0
22920	ENSG00000075945	KIFAP3	KIFAP3	1.0	3.0	0.4421623519719428	40.0	0.05767335025720993
90990	ENSG00000167702	KIFC2	KIFC2	1.0	1.0	0.7136423030689835	33.0	0.031027926220390585
55243	ENSG00000183853	KIRREL1	KIRREL1	1.0	1.0	0.42962860401365655	33.0	0.018679504522332892
84063	ENSG00000126259	KIRREL2	KIRREL2	1.0	8.0	0.7242008321746728	40.0	0.2518959416259731
84623	ENSG00000149571	KIRREL3	KIRREL3	1.0	9.0	0.841707546970773	59.0	0.32936382272769377
3815	ENSG00000157404	KIT	KIT	0.0	0.0	0.4844924395314755	39.0	0.0
4254	ENSG00000049130	KITLG	KITLG	0.0	0.0	0.4440364686681966	32.0	0.0
55857	ENSG00000088970	KIZ	KIZ	1.0	1.0	0.3472770179034794	2.0	0.015099000778412149
64837	ENSG00000174996	KLC2	KLC2	0.0	0.0	0.4338575950384541	32.0	0.0
7071	ENSG00000155090	KLF10	KLF10	1.0	11.0	0.7475467013242297	9.0	0.357522335415936
8462	ENSG00000172059	KLF11	KLF11	1.0	1.0	0.5459985273051596	18.0	0.023739066404572157
11278	ENSG00000118922	KLF12	KLF12	0.0	0.0	0.535116780693212	32.0	0.0
51621	ENSG00000169926	KLF13	KLF13	1.0	2.0	0.6826615624337758	52.0	0.05936187499424138
51274	ENSG00000109787	KLF3	KLF3	0.0	0.0	0.37629013684876006	52.0	0.0
9314	ENSG00000136826	KLF4	KLF4	0.0	0.0	0.2959814077521364	39.0	0.0
1316	ENSG00000067082	KLF6	KLF6	1.0	5.0	0.5064183217482116	54.0	0.11009093951048077
11279	ENSG00000102349	KLF8	KLF8	1.0	4.0	0.6345071456000086	52.0	0.1103490688000015
687	ENSG00000119138	KLF9	KLF9	0.0	0.0	0.3844029756044911	32.0	0.0
122773	ENSG00000197776	KLHDC1	KLHDC1	0.0	0.0	0.458018963648677	53.0	0.0
23588	ENSG00000165516	KLHDC2	KLHDC2	1.0	1.0	0.6073364621548523	51.0	0.02640593313716749
116138	ENSG00000124702	KLHDC3	KLHDC3	1.0	3.0	0.5801288769810454	51.0	0.0756689839540494
55220	ENSG00000162873	KLHDC8A	KLHDC8A	1.0	3.0	0.4441208803399135	32.0	0.05792881047911915
200942	ENSG00000185909	KLHDC8B	KLHDC8B	1.0	10.0	0.6749458787855488	52.0	0.29345472990676036
126823	ENSG00000162755	KLHDC9	KLHDC9	1.0	2.0	0.6075594955940716	33.0	0.05283126048644101
57626	ENSG00000150361	KLHL1	KLHL1	1.0	7.0	0.6209467682422508	31.0	0.18898379903025025
90293	ENSG00000003096	KLHL13	KLHL13	1.0	3.0	0.4424429808911313	32.0	0.057709954029278
80311	ENSG00000174010	KLHL15	KLHL15	0.0	0.0	0.4281981257360649	1.0	0.0
23276	ENSG00000114648	KLHL18	KLHL18	1.0	2.0	0.6865478560995905	51.0	0.05969981357387743
11275	ENSG00000109466	KLHL2	KLHL2	1.0	3.0	0.7019184375889513	49.0	0.09155457881595017
27252	ENSG00000076321	KLHL20	KLHL20	0.0	0.0	0.2521653383285256	31.0	0.0
84861	ENSG00000099910	KLHL22	KLHL22	1.0	3.0	0.6216349266131638	33.0	0.08108281651476049
54800	ENSG00000114796	KLHL24	KLHL24	0.0	0.0	0.2821004616634571	32.0	0.0
64410	ENSG00000183655	KLHL25	KLHL25	0.0	0.0	0.6229072245531037	32.0	0.0
54813	ENSG00000179454	KLHL28	KLHL28	0.0	0.0	0.4316221924999247	32.0	0.0
114818	ENSG00000119771	KLHL29	KLHL29	0.0	0.0	0.3785865185394675	32.0	0.0
26249	ENSG00000146021	KLHL3	KLHL3	0.0	0.0	0.4501480617659784	32.0	0.0
283212	ENSG00000149243	KLHL35	KLHL35	1.0	4.0	0.5945845794148544	49.0	0.10340601381127904
79786	ENSG00000135686	KLHL36	KLHL36	1.0	1.0	0.6524919444821976	31.0	0.028369214977486852
57542	ENSG00000087448	KLHL42	KLHL42	1.0	4.0	0.6312813959981178	40.0	0.10978806886923788
51088	ENSG00000109790	KLHL5	KLHL5	1.0	6.0	0.6103088489321637	31.0	0.15921100406926011
57563	ENSG00000145332	KLHL8	KLHL8	1.0	3.0	0.6241801730159398	36.0	0.08141480517599214
55958	ENSG00000198642	KLHL9	KLHL9	0.0	0.0	0.4750042804485301	32.0	0.0
5655	ENSG00000129451	KLK10	KLK10	1.0	8.0	0.5431229701532948	31.0	0.18891233744462427
25818	ENSG00000167754	KLK5	KLK5	1.0	8.0	0.5881455524942809	39.0	0.20457236608496726
5653	ENSG00000167755	KLK6	KLK6	0.0	0.0	0.17008161258218898	32.0	0.0
5650	ENSG00000169035	KLK7	KLK7	1.0	5.0	0.5813292051154433	18.0	0.12637591415553115
3818	ENSG00000164344	KLKB1	KLKB1	1.0	2.0	0.4274021319820924	33.0	0.037165402781051515
3823	ENSG00000205810	KLRC3	KLRC3	1.0	4.0	0.5198576966442181	33.0	0.09041003419899445
10219	ENSG00000139187	KLRG1	KLRG1	1.0	12.0	0.7271367148110981	18.0	0.37937567729274685
4297	ENSG00000118058	KMT2A	KMT2A	0.0	0.0	0.47056079150720753	32.0	0.0
9757	ENSG00000272333	KMT2B	KMT2B	1.0	2.0	0.6386083087055227	33.0	0.0555311572787411
58508	ENSG00000055609	KMT2C	KMT2C	1.0	1.0	0.4623058186639267	53.0	0.020100252985388117
51111	ENSG00000110066	KMT5B	KMT5B	0.0	0.0	0.4819594112374066	18.0	0.0
85442	ENSG00000171798	KNDC1	KNDC1	1.0	2.0	0.6254738143087258	49.0	0.05438902733119355
3827	ENSG00000113889	KNG1	KNG1	0.0	0.0	0.16976492054029688	16.0	0.0
90417	ENSG00000128944	KNSTRN	KNSTRN	1.0	5.0	0.6307417711140916	49.0	0.13711777632915034
3838	ENSG00000182481	KPNA2	KPNA2	1.0	3.0	0.6523845779397449	49.0	0.0850936406008363
3840	ENSG00000186432	KPNA4	KPNA4	1.0	2.0	0.5455189236534547	33.0	0.047436428143778665
3845	ENSG00000133703	KRAS	KRAS	1.0	5.0	0.6632671585578082	33.0	0.14418851272995828
84626	ENSG00000133619	KRABD3	KRBA1	1.0	1.0	0.4810841952715114	2.0	0.020916704142239628
55634	ENSG00000147121	KRABD4	KRBOX4	1.0	11.0	0.7235054724941884	1.0	0.346024356410264
83999	ENSG00000183762	KREMEN1	KREMEN1	0.0	0.0	0.5138097812058728	32.0	0.0
889	ENSG00000001631	KRIT1	KRIT1	0.0	0.0	0.3443686991690211	39.0	0.0
3861	ENSG00000186847	KRT14	KRT14	1.0	3.0	0.6634311154704366	18.0	0.08653449332223087
3872	ENSG00000128422	KRT17	KRT17	1.0	5.0	0.6568272024537896	40.0	0.14278852227256295
3880	ENSG00000171345	KRT19	KRT19	1.0	1.0	0.3917700407982626	33.0	0.01703348003470707
3881	ENSG00000292029	KRT31	KRT31	0.0	0.0	0.43219971035706856	32.0	0.0
3856	ENSG00000170421	KRT8	KRT8	0.0	0.0	0.402529626970309	32.0	0.0
3892	ENSG00000170442	KRT86	KRT86	1.0	4.0	0.5415434450747757	54.0	0.09418146870865664
440021	ENSG00000281533	KRTAP5-2	KRTAP5-2	0.0	0.0	0.37349242670017524	31.0	0.0
440023	ENSG00000277389	KRTAP5-6	KRTAP5-6	1.0	2.0	0.4908521495937673	52.0	0.042682795616849324
200185	ENSG00000163463	KRTCAP2	KRTCAP2	0.0	0.0	0.33699888407819806	49.0	0.0
200634	ENSG00000157992	KRTCAP3	KRTCAP3	1.0	1.0	0.5717995025974146	31.0	0.02486084793901803
283455	ENSG00000171435	KSR2	KSR2	1.0	1.0	0.6526134361314546	51.0	0.028374497223106723
3895	ENSG00000126777	KTN1	KTN1	1.0	1.0	0.3759965059140532	32.0	0.016347674170176227
883	ENSG00000286112	KYAT1	KYAT1	0.0	0.0	0.4766239842048419	32.0	0.0
8942	ENSG00000115919	KYNU	KYNU	0.0	0.0	0.170410738202155	32.0	0.0
79944	ENSG00000087299	L2HGDH	L2HGDH	0.0	0.0	0.4427307139443709	32.0	0.0
91133	ENSG00000154655	L3MBTL4	L3MBTL4	1.0	6.0	0.5699020862019092	32.0	0.1486701094439763
51110	ENSG00000147592	LACTB2	LACTB2	1.0	1.0	0.36879899710236025	41.0	0.016034739004450446
3902	ENSG00000089692	LAG3	LAG3	0.0	0.0	0.3671825132998113	10.0	0.0
8270	ENSG00000196976	LAGE3	LAGE3	1.0	3.0	0.5761568146126919	51.0	0.07515088886252502
284217	ENSG00000101680	LAMA1	LAMA1	1.0	10.0	0.5432277613233909	52.0	0.236185983184083
3908	ENSG00000196569	LAMA2	LAMA2	0.0	0.0	0.08086395585064139	32.0	0.0
3909	ENSG00000053747	LAMA3	LAMA3	1.0	2.0	0.6131134890287694	62.0	0.05331421643728429
3910	ENSG00000112769	LAMA4	LAMA4	0.0	0.0	0.30170589649867924	32.0	0.0
3912	ENSG00000091136	LAMB1	LAMB1	1.0	4.0	0.6047210157792323	52.0	0.1051688723094317
3913	ENSG00000172037	LAMB2	LAMB2	1.0	2.0	0.35901226666854785	31.0	0.031218457971178074
3914	ENSG00000196878	LAMB3	LAMB3	1.0	1.0	0.5279978337012818	33.0	0.022956427552229645
3916	ENSG00000185896	LAMP1	LAMP1	1.0	2.0	0.3117364425200656	52.0	0.02710751674087527
3920	ENSG00000005893	LAMP2	LAMP2	0.0	0.0	0.3545267707291515	32.0	0.0
24141	ENSG00000125869	LAMP5	LAMP5	1.0	1.0	0.6568519928455039	59.0	0.028558782297630602
55004	ENSG00000149357	LAMTOR1	LAMTOR1	1.0	1.0	0.4183079130119929	33.0	0.01818730056573882
8649	ENSG00000109270	LAMTOR3	LAMTOR3	1.0	3.0	0.5987783240283755	8.0	0.07810152052544028
389541	ENSG00000188186	LAMTOR4	LAMTOR4	1.0	1.0	0.3499222072690322	32.0	0.015214009011697054
10542	ENSG00000134248	LAMTOR5	LAMTOR5	1.0	2.0	0.40643358350911674	9.0	0.03534205073992319
10314	ENSG00000115365	LANCL1	LANCL1	0.0	0.0	0.1883635447962568	32.0	0.0
55915	ENSG00000132434	LANCL2	LANCL2	1.0	8.0	0.7406575084889188	65.0	0.2576200029526674
347404	ENSG00000147036	LANCL3	LANCL3	0.0	0.0	0.5077315263781562	31.0	0.0
9741	ENSG00000068697	LAPTM4A	LAPTM4A	1.0	4.0	0.361754080406848	40.0	0.06291375311423443
55353	ENSG00000104341	LAPTM4B	LAPTM4B	0.0	0.0	0.23386913632654668	50.0	0.0
7805	ENSG00000162511	LAPTM5	LAPTM5	1.0	9.0	0.4131353094462162	52.0	0.16166164282678025
9215	ENSG00000133424	LARGE1	LARGE1	1.0	6.0	0.748348174721374	32.0	0.19522126297079323
23367	ENSG00000155506	LARP1	LARP1	1.0	8.0	0.6687303082393397	40.0	0.23260184634411812
55132	ENSG00000138709	LARP1B	LARP1B	1.0	2.0	0.6622163227572839	36.0	0.05758402806585077
113251	ENSG00000161813	LARP4	LARP4	0.0	0.0	0.2957583414912369	32.0	0.0
51574	ENSG00000174720	LARP7	LARP7	1.0	2.0	0.42948279126121425	33.0	0.03734632967488819
51520	ENSG00000133706	LARS1	LARS	0.0	0.0	0.3225016110038991	32.0	0.0
7462	ENSG00000086730	LAT2	LAT2	1.0	2.0	0.4903221335228365	33.0	0.042636707262855345
26524	ENSG00000150457	LATS2	LATS2	0.0	0.0	0.3675269934456125	32.0	0.0
143903	ENSG00000204381	LAYN	LAYN	0.0	0.0	0.20066905966719484	31.0	0.0
81606	ENSG00000213626	LBH	LBH	1.0	1.0	0.17840591136494882	10.0	0.007756778754997775
3930	ENSG00000143815	LBR	LBR	1.0	2.0	0.36368980549012303	32.0	0.031625200477402
167691	ENSG00000135338	LCA5	LCA5	0.0	0.0	0.27512445323965623	32.0	0.0
353144	ENSG00000244057	LCE3C	LCE3C	0.0	0.0	0.497676861412973	32.0	0.0
253558	ENSG00000172954	LCLAT1	LCLAT1	1.0	5.0	0.6333097822932097	9.0	0.1376760396289586
51451	ENSG00000205629	LCMT1	LCMT1	1.0	2.0	0.6560328566241358	33.0	0.057046335358620505
286256	ENSG00000184925	LCN12	LCN12	1.0	4.0	0.49212599932054346	33.0	0.08558713031661626
389812	ENSG00000177984	LCN15	LCN15	1.0	4.0	0.7008580634777307	16.0	0.1218883588656923
3936	ENSG00000136167	LCP1	LCP1	1.0	5.0	0.4931981782241362	33.0	0.10721699526611655
3937	ENSG00000043462	LCP2	LCP2	0.0	0.0	0.07004033593240945	32.0	0.0
197021	ENSG00000188501	LCTL	LCTL	1.0	6.0	0.5138492972494645	49.0	0.13404764276072986
60526	ENSG00000118961	LDAH	LDAH	1.0	2.0	0.5024453705550073	53.0	0.043690901787391934
9079	ENSG00000169744	LDB2	LDB2	1.0	1.0	0.568353471019537	32.0	0.024711020479110304
3939	ENSG00000134333	LDHA	LDHA	1.0	2.0	0.41624273777264675	40.0	0.036195020675882324
3945	ENSG00000111716	LDHB	LDHB	1.0	2.0	0.36171714331713045	32.0	0.031453664636272215
3948	ENSG00000166796	LDHC	LDHC	1.0	3.0	0.4430714035651389	40.0	0.057791922204148555
197257	ENSG00000166816	LDHD	LDHD	1.0	9.0	0.49079520277947364	32.0	0.19205029673979404
3949	ENSG00000130164	LDLR	LDLR	0.0	0.0	0.4424025982594745	32.0	0.0
753	ENSG00000168675	LDLRAD4	LDLRAD4	0.0	0.0	0.12265189896734911	32.0	0.0
116842	ENSG00000164406	LEAP2	LEAP2	0.0	0.0	0.32541980229251954	32.0	0.0
51176	ENSG00000138795	LEF1	LEF1	0.0	0.0	0.17891463644112354	32.0	0.0
641518	ENSG00000232021	LEF1-AS1	LEF1-AS1	1.0	3.0	0.3915993664677809	55.0	0.05107817823492794
3953	ENSG00000116678	LEPR	LEPR	0.0	0.0	0.33148563419060567	53.0	0.0
54741	ENSG00000213625	LEPROT	LEPROT	1.0	5.0	0.436070899461249	33.0	0.09479802162201065
23484	ENSG00000104660	LEPROTL1	LEPROTL1	0.0	0.0	0.2539387855113023	31.0	0.0
25875	ENSG00000050426	LETMD1	LETMD1	1.0	2.0	0.6601481105162599	7.0	0.05740418352315303
3955	ENSG00000106003	LFNG	LFNG	1.0	5.0	0.48764138426655756	52.0	0.10600899657968642
3956	ENSG00000100097	LGALS1	LGALS1	0.0	0.0	0.14317335435783113	32.0	0.0
3959	ENSG00000108679	LGALS3BP	LGALS3BP	1.0	2.0	0.33792767324266687	55.0	0.029385015064579727
654346	ENSG00000171916	LGALS9C	LGALS9C	1.0	4.0	0.47499548903950795	33.0	0.08260791113730573
9211	ENSG00000108231	LGI1	LGI1	0.0	0.0	0.4588356651707298	32.0	0.0
55203	ENSG00000153012	LGI2	LGI2	0.0	0.0	0.24858558295642952	33.0	0.0
203190	ENSG00000168481	LGI3	LGI3	0.0	0.0	0.1682452196917908	32.0	0.0
163175	ENSG00000153902	LGI4	LGI4	1.0	10.0	0.6222629401670337	52.0	0.2705491044204494
5641	ENSG00000100600	LGMN	LGMN	1.0	4.0	0.5683897057574989	40.0	0.09885038360999981
55366	ENSG00000205213	LGR4	LGR4	1.0	10.0	0.4973301130716595	33.0	0.21623048394419978
59352	ENSG00000133067	LGR6	LGR6	0.0	0.0	0.5930366555308809	31.0	0.0
10184	ENSG00000145685	LHFPL2	LHFPL2	1.0	3.0	0.5195151734452411	31.0	0.06776284871024885
375612	ENSG00000187416	LHFPL3	LHFPL3	1.0	4.0	0.5043410051297746	49.0	0.08771147915300428
375323	ENSG00000156959	LHFPL4	LHFPL4	1.0	3.0	0.7844024493080606	36.0	0.1023133629532253
10186	ENSG00000183722	LHFPL6	LHFPL6	1.0	8.0	0.3761504260670815	7.0	0.13083493080594139
64077	ENSG00000107902	LHPP	LHPP	1.0	6.0	0.5382418209950613	49.0	0.14041090982479862
3975	ENSG00000274577	LHX1	LHX1	1.0	1.0	0.37242406583848314	32.0	0.016192350688629703
9355	ENSG00000106689	LHX2	LHX2	1.0	9.0	0.7708825362279546	31.0	0.3016496880891996
26468	ENSG00000106852	LHX6	LHX6	1.0	2.0	0.6192295911503973	33.0	0.053846051404382374
431707	ENSG00000162624	LHX8	LHX8	1.0	1.0	0.39518312707648673	32.0	0.01718187509028203
11019	ENSG00000121897	LIAS	LIAS	0.0	0.0	0.3652111179334705	10.0	0.0
3977	ENSG00000113594	LIFR	LIFR	1.0	1.0	0.3718526588668477	32.0	0.01616750690725425
100506495	ENSG00000244968	LIFR-AS1	LIFR-AS1	1.0	1.0	0.4814198333693053	53.0	0.020931297103013273
11006	ENSG00000186818	LILRB4	LILRB4	1.0	3.0	0.4990072176008358	42.0	0.0650878979479351
79166	ENSG00000293070	LILRP2	LILRP2	1.0	1.0	0.3963254777265034	2.0	0.017231542509847972
80774	ENSG00000136490	LIMD2	LIMD2	1.0	6.0	0.7230835100330999	49.0	0.18863048087819997
3984	ENSG00000106683	LIMK1	LIMK1	1.0	2.0	0.4436184261971177	32.0	0.03857551532148849
3985	ENSG00000182541	LIMK2	LIMK2	1.0	4.0	0.5650160989848162	42.0	0.09826366938866368
3987	ENSG00000169756	LIMS1	LIMS1	1.0	1.0	0.31916307476256006	33.0	0.013876655424459133
55679	ENSG00000072163	LIMS2	LIMS2	0.0	0.0	0.35125028518377066	52.0	0.0
389421	ENSG00000187772	LIN28B	LIN28B	0.0	0.0	0.4019557456588412	10.0	0.0
8825	ENSG00000111052	LIN7A	LIN7A	1.0	1.0	0.5616705407011238	31.0	0.024420458291353208
64130	ENSG00000104863	LIN7B	LIN7B	1.0	9.0	0.6380170169515348	49.0	0.24965883272016579
286826	ENSG00000183814	LIN9	LIN9	1.0	1.0	0.4936045546858182	19.0	0.021461067595035573
378805	ENSG00000231721	LINC-PINT	LINC-PINT	1.0	3.0	0.46048075186947585	55.0	0.060062706765583805
54072	ENSG00000185433	LINC00158	LINC00158	1.0	4.0	0.6033992320628129	49.0	0.10493899688048919
283267	ENSG00000280798	LINC00294	LINC00294	1.0	8.0	0.6169319408746149	8.0	0.2145850229129095
387486	ENSG00000224924	LINC00320	LINC00320	1.0	8.0	0.5029683876941091	51.0	0.17494552615447273
84791	ENSG00000153363	LINC00467	LINC00467	1.0	3.0	0.4006149884505191	31.0	0.05225412892832858
100128782	ENSG00000175611	ERCC6L2-AS1	LINC00476	1.0	2.0	0.3830554636259721	52.0	0.03330917075008453
100129347	ENSG00000235641	LINC00484	LINC00484	1.0	9.0	0.462205872479635	58.0	0.1808631674920311
100862680	ENSG00000256193	LINC00507	LINC00507	1.0	3.0	0.6307332929562554	33.0	0.08226955995081592
282566	ENSG00000260583	LINC00515	LINC00515	0.0	0.0	0.30454981712184614	18.0	0.0
157627	ENSG00000253230	MIR124-1HG	LINC00599	0.0	0.0	0.5896224138350444	32.0	0.0
644242	ENSG00000260941	LINC00622	LINC00622	1.0	2.0	0.5469353427668244	51.0	0.047559595023202124
286411	ENSG00000203930	LINC00632	LINC00632	1.0	2.0	0.6620121160260721	51.0	0.05756627095878888
339290	ENSG00000263753	LINC00667	LINC00667	0.0	0.0	0.42022335476919176	19.0	0.0
100505576	ENSG00000263874	LASP1NB	LINC00672	1.0	2.0	0.5970484009780205	51.0	0.0519172522589583
106660612	ENSG00000290555	LINC00680	LINC00680	0.0	0.0	0.4356381200761081	32.0	0.0
84856	ENSG00000185904	LINC00839	LINC00839	1.0	2.0	0.44513135792892405	39.0	0.038707074602515136
643650	ENSG00000285294	LINC00842	LINC00842	0.0	0.0	0.5972336196500025	49.0	0.0
730091	ENSG00000243926	LINC00886	LINC00886	1.0	7.0	0.5666063303748538	8.0	0.17244540489669463
2258	ENSG00000129682	FGF13	LINC00889	0.0	0.0	0.44625330095355187	31.0	0.0
51754	ENSG00000137103	TMEM8B	LINC00950	1.0	6.0	0.8616140659801821	59.0	0.2247688867774388
100506305	ENSG00000251381	LINC00958	LINC00958	0.0	0.0	0.29581452633293315	32.0	0.0
401232	ENSG00000244041	LINC01011	LINC01011	1.0	4.0	0.6749101924363414	49.0	0.11737568564110286
338799	ENSG00000212694	LINC01089	LINC01089	1.0	1.0	0.6348166407127086	32.0	0.0276007235092482
150568	ENSG00000235597	LINC01102	LINC01102	0.0	0.0	0.33236613214259325	32.0	0.0
151009	ENSG00000175772	LINC01106	LINC01106	1.0	3.0	0.6657036065053487	51.0	0.08683090519634983
375295	ENSG00000163364	LINC01116	LINC01116	1.0	4.0	0.47664590104897053	51.0	0.08289493931286444
643837	ENSG00000228794	LINC01128	LINC01128	1.0	1.0	0.5808061114258546	32.0	0.02525243962721107
728431	ENSG00000233621	LITATS1	LINC01137	0.0	0.0	0.2176256033533273	32.0	0.0
339524	ENSG00000267272	LINC01140	LINC01140	1.0	6.0	0.5997344582124982	18.0	0.15645246735978213
100506421	ENSG00000233639	PANTR1	LINC01158	0.0	0.0	0.13097169937702616	7.0	0.0
400456	ENSG00000248441	LETR1	LINC01197	1.0	5.0	0.5766284169201443	18.0	0.12535400367829225
79015	ENSG00000244558	LINC01260	LINC01260	0.0	0.0	0.188413717147131	10.0	0.0
503638	ENSG00000293329	DUXAP9	LINC01296	1.0	4.0	0.42751461753278874	53.0	0.07435036826657196
102723775	ENSG00000229891	LINC01315	LINC01315	1.0	3.0	0.49869372041783766	40.0	0.0650470070110223
101928154	ENSG00000254211	LINC01485	LINC01485	1.0	7.0	0.5249366532798491	52.0	0.1597633292590845
84536	ENSG00000183250	LINC01547	LINC01547	1.0	10.0	0.6456266943380631	31.0	0.2807072584078535
387978	ENSG00000186960	LINC01551	LINC01551	1.0	6.0	0.6312101929568399	49.0	0.1646635285974365
101928891	ENSG00000237476	LINC01637	LINC01637	0.0	0.0	0.41233506319522345	33.0	0.0
100996342	ENSG00000235478	LINC01664	LINC01664	1.0	1.0	0.5962588846212445	31.0	0.02592429933135846
101927532	ENSG00000228058	LINC01736	LINC01736	1.0	4.0	0.5407627687819387	33.0	0.09404569891859804
643355	ENSG00000231437	LINC01750	LINC01750	1.0	7.0	0.8064398607499201	53.0	0.24543821848910613
284365	ENSG00000293414	TMEM277P	LINC01869	0.0	0.0	0.3307200978141958	32.0	0.0
150967	ENSG00000260804	LINC01963	LINC01963	1.0	2.0	0.51418997476848	3.0	0.044712171718998266
400579	ENSG00000220161	LINC02076	LINC02076	1.0	9.0	0.6880478923561456	49.0	0.26923613179153527
147081	ENSG00000290467	LINC02210	LINC02210	1.0	1.0	0.679795558368416	51.0	0.02955632862471374
101929544	ENSG00000248455	LINC02217	LINC02217	1.0	3.0	0.6049703652767219	40.0	0.07890917807957241
100996246	ENSG00000288291	LINC02361	LINC02361	1.0	3.0	0.7024248672952688	40.0	0.09162063486460027
400043	ENSG00000250742	LINC02381	LINC02381	1.0	3.0	0.4743319520871038	52.0	0.061869385054839625
84894	ENSG00000169783	LINGO1	LINGO1	1.0	3.0	0.7185207782550166	9.0	0.0937201015115239
158038	ENSG00000174482	LINGO2	LINGO2	1.0	4.0	0.795294501702661	49.0	0.1383120872526367
645191	ENSG00000220008	LINGO3	LINGO3	1.0	5.0	0.567147843197229	31.0	0.12329300939070195
55180	ENSG00000140471	LINS1	LINS1	1.0	3.0	0.700875678581526	2.0	0.09141856677150338
3991	ENSG00000079435	LIPE	LIPE	0.0	0.0	0.1810233611887792	3.0	0.0
9516	ENSG00000189067	LITAF	LITAF	0.0	0.0	0.25894367574616045	52.0	0.0
167410	ENSG00000145721	LIX1	LIX1	1.0	5.0	0.4249104372729368	33.0	0.09237183418976887
128077	ENSG00000271601	LIX1L	LIX1L	1.0	8.0	0.5504312815340884	33.0	0.1914543587944655
3998	ENSG00000074695	LMAN1	LMAN1	1.0	1.0	0.36961828826948745	32.0	0.016070360359542932
81562	ENSG00000114988	LMAN2L	LMAN2L	1.0	10.0	0.5312866802817507	52.0	0.2309942088181525
64327	ENSG00000105983	LMBR1	LMBR1	0.0	0.0	0.2652261106520498	32.0	0.0
29995	ENSG00000071282	LMCD1	LMCD1	1.0	2.0	0.41328512520638555	33.0	0.035937836974468305
64788	ENSG00000103227	LMF1	LMF1	1.0	6.0	0.5645944383603495	52.0	0.1472855056592216
89782	ENSG00000185621	LMLN	LMLN	0.0	0.0	0.30178650929389367	34.0	0.0
4000	ENSG00000160789	LMNA	LMNA	1.0	2.0	0.355338742301002	52.0	0.030899021069652345
4004	ENSG00000166407	LMO1	LMO1	1.0	13.0	0.6989133293326875	52.0	0.3950379687532581
4005	ENSG00000135363	LMO2	LMO2	0.0	0.0	0.32510812083089596	55.0	0.0
55885	ENSG00000048540	LMO3	LMO3	1.0	3.0	0.5585392387925535	24.0	0.07285294419033307
8543	ENSG00000143013	LMO4	LMO4	1.0	3.0	0.5541439947646949	33.0	0.07227965149104716
4008	ENSG00000136153	LMO7	LMO7	1.0	1.0	0.48322226933769485	32.0	0.0210096638842476
22853	ENSG00000164715	LMTK2	LMTK2	1.0	1.0	0.5829785447546577	2.0	0.025346893250202507
348801	ENSG00000206535	LNP1	LNP1	1.0	1.0	0.5564719653257791	2.0	0.024194433275033875
84708	ENSG00000072201	LNX1	LNX1	1.0	4.0	0.6805560383615814	8.0	0.11835757188897067
222484	ENSG00000139517	LNX2	LNX2	1.0	2.0	0.6671227209710578	33.0	0.05801067138878764
100129291	ENSG00000291017	LOC100129291	LOC100129291	1.0	16.0	0.8181500876572743	31.0	0.5691478870659299
100233156	ENSG00000301761	LOC100233156	LOC100233156	1.0	2.0	0.3264778885774489	31.0	0.02838938161543034
100240735	ENSG00000291180	LOC100240735	LOC100240735	1.0	4.0	0.5198415336845742	33.0	0.09040722324949116
100289230	ENSG00000248489	LOC100289230	LOC100289230	1.0	3.0	0.6201722418220615	31.0	0.08089203154200802
100505915	ENSG00000282091	LOC100505915	LOC100505915	1.0	10.0	0.7478608528170778	18.0	0.32515689252916424
100506271	ENSG00000237862	LOC100506271	LOC100506271	1.0	12.0	0.7916223444983889	60.0	0.4130203536513333
100996385	ENSG00000248469	LOC100996385	LOC100996385	1.0	3.0	0.596717367402951	49.0	0.07783270009603709
101928087	ENSG00000277332	LOC101928087	LOC101928087	1.0	1.0	0.5339605990648629	52.0	0.023215678220211432
105274304	ENSG00000261335	LOC105274304	LOC105274304	0.0	0.0	0.25324963454156846	32.0	0.0
105372480	ENSG00000283103	LOC105372480	LOC105372480	1.0	4.0	0.6626243787887611	32.0	0.11523902239804541
105372990	ENSG00000273428	LOC105372990	LOC105372990	0.0	0.0	0.30333566462106076	2.0	0.0
105373383	ENSG00000293160	LOC105373383	LOC105373383	1.0	7.0	0.6692933478365304	32.0	0.20369797542850926
285097	ENSG00000280119	LOC285097	LOC285097	1.0	13.0	0.7103875246204465	52.0	0.40152338348112193
440300	ENSG00000291211	LOC440300	LOC440300	1.0	4.0	0.6033618271723038	51.0	0.10493249168213979
441666	ENSG00000291065	LOC441666	LOC441666	1.0	3.0	0.6384422044705415	31.0	0.08327507014833149
642929	ENSG00000290971	LOC642929	LOC642929	1.0	1.0	0.463414082578769	53.0	0.020148438372989956
728554	ENSG00000291113	LOC728554	LOC728554	0.0	0.0	0.7008386773351489	52.0	0.0
728743	ENSG00000284691	LOC728743	LOC728743	0.0	0.0	0.4940474995388274	31.0	0.0
730098	ENSG00000187186	LOC730098	LOC730098	0.0	0.0	0.5849258459908819	19.0	0.0
503693	ENSG00000281234	LOH12CR2	LOH12CR2	1.0	12.0	0.6831822542508428	52.0	0.3564429152613093
9361	ENSG00000196365	LONP1	LONP1	1.0	1.0	0.4142774056330246	32.0	0.01801206111447933
164832	ENSG00000170500	LONRF2	LONRF2	1.0	8.0	0.693671185999847	57.0	0.24127693426081634
79836	ENSG00000175556	LONRF3	LONRF3	0.0	0.0	0.45101998756162587	32.0	0.0
4016	ENSG00000129038	LOXL1	LOXL1	1.0	6.0	0.6124956665099157	58.0	0.159781478219978
84695	ENSG00000115318	LOXL3	LOXL3	1.0	10.0	0.5624085183140217	60.0	0.24452544274522683
10161	ENSG00000139679	LPAR6	LPAR6	1.0	4.0	0.5110565074990208	40.0	0.08887939260852534
79888	ENSG00000153395	LPCAT1	LPCAT1	1.0	7.0	0.6537734185930987	33.0	0.19897451870224744
54947	ENSG00000087253	LPCAT2	LPCAT2	1.0	4.0	0.37751036107183167	39.0	0.06565397583857942
254531	ENSG00000176454	LPCAT4	LPCAT4	0.0	0.0	0.4650545587947796	31.0	0.0
9926	ENSG00000123684	LPGAT1	LPGAT1	0.0	0.0	0.3484537260571697	10.0	0.0
23175	ENSG00000134324	LPIN1	LPIN1	1.0	1.0	0.4706570886729036	33.0	0.02046335168143059
9663	ENSG00000101577	LPIN2	LPIN2	0.0	0.0	0.43430866305171906	31.0	0.0
4023	ENSG00000175445	LPL	LPL	0.0	0.0	0.4730348675522553	40.0	0.0
4026	ENSG00000145012	LPP	LPP	1.0	1.0	0.4043719744135504	52.0	0.017581390191893493
9404	ENSG00000110031	LPXN	LPXN	0.0	0.0	0.32140763328435085	53.0	0.0
23143	ENSG00000136141	LRCH1	LRCH1	0.0	0.0	0.5189357222171284	32.0	0.0
57631	ENSG00000130224	LRCH2	LRCH2	1.0	10.0	0.6835649478188809	41.0	0.2972021512256004
100507055	ENSG00000204583	LRCOL1	LRCOL1	1.0	6.0	0.6349820926653174	49.0	0.1656475024344306
57497	ENSG00000156564	LRFN2	LRFN2	1.0	6.0	0.7351903727111498	33.0	0.1917887928811695
78999	ENSG00000173621	LRFN4	LRFN4	1.0	10.0	0.75913998935933	53.0	0.3300608649388391
145581	ENSG00000165379	LRFN5	LRFN5	1.0	2.0	0.6485065751233453	1.0	0.056391876097682196
121227	ENSG00000139263	LRIG3	LRIG3	0.0	0.0	0.3902980838345816	49.0	0.0
83938	ENSG00000148655	LRMDA	LRMDA	1.0	4.0	0.5424954029882887	55.0	0.0943470266066589
26020	ENSG00000197324	LRP10	LRP10	1.0	4.0	0.43830099394200117	31.0	0.0762262598160002
29967	ENSG00000147650	LRP12	LRP12	1.0	1.0	0.446214887261377	32.0	0.01940064727223378
53353	ENSG00000168702	LRP1B	LRP1B	1.0	6.0	0.6588422683923478	18.0	0.1718718961023516
4038	ENSG00000134569	LRP4	LRP4	1.0	2.0	0.4595526817159407	33.0	0.03996110275790789
7804	ENSG00000157193	LRP8	LRP8	1.0	3.0	0.5243568948500541	40.0	0.0683943775891375
4043	ENSG00000163956	LRPAP1	LRPAP1	1.0	1.0	0.2771398895846955	31.0	0.01204956041672589
55227	ENSG00000137269	LRRC1	LRRC1	0.0	0.0	0.2904822136304881	31.0	0.0
9684	ENSG00000160959	LRRC14	LRRC14	1.0	2.0	0.4865874501297613	49.0	0.042311952185196636
10234	ENSG00000128606	LRRC17	LRRC17	0.0	0.0	0.43459190716524426	32.0	0.0
79442	ENSG00000163827	LRRC2	LRRC2	1.0	7.0	0.6880805559120621	8.0	0.20941582136454065
55222	ENSG00000172731	LRRC20	LRRC20	1.0	1.0	0.5260319486079063	2.0	0.022870954287300273
123355	ENSG00000168904	LRRC28	LRRC28	1.0	5.0	0.7753626445639293	51.0	0.16855709664433247
151827	ENSG00000171757	LRRC34	LRRC34	1.0	1.0	0.4519876855160881	32.0	0.01965163850069948
55282	ENSG00000159708	LRRC36	LRRC36	1.0	6.0	0.582715377130766	33.0	0.15201270707759112
114659	ENSG00000185158	LRRC37B	LRRC37B	1.0	8.0	0.6241272031616416	60.0	0.21708772283883185
126755	ENSG00000162494	LRRC38	LRRC38	0.0	0.0	0.3651459285248411	32.0	0.0
116135	ENSG00000179796	LRRC3B	LRRC3B	1.0	7.0	0.6959192179853793	52.0	0.211801501125985
64101	ENSG00000128594	LRRC4	LRRC4	1.0	1.0	0.546469997031535	2.0	0.02375956508832761
55631	ENSG00000066557	LRRC40	LRRC40	1.0	2.0	0.6484947061426987	3.0	0.05639084401240858
90506	ENSG00000141294	LRRC46	LRRC46	1.0	1.0	0.4294577924165682	31.0	0.018672077931155138
54839	ENSG00000137821	LRRC49	LRRC49	0.0	0.0	0.35138965788976395	31.0	0.0
94030	ENSG00000131409	LRRC4B	LRRC4B	1.0	2.0	0.5267624635257714	40.0	0.04580543161093664
57689	ENSG00000148948	LRRC4C	LRRC4C	1.0	2.0	0.5339638199914374	33.0	0.04643163652099455
115399	ENSG00000161328	LRRC56	LRRC56	1.0	11.0	0.7638301525093775	52.0	0.3653100729392675
255252	ENSG00000180979	LRRC57	LRRC57	1.0	6.0	0.7632576910530767	49.0	0.1991107020138461
55379	ENSG00000108829	LRRC59	LRRC59	0.0	0.0	0.3994205505566657	32.0	0.0
65999	ENSG00000127399	LRRC61	LRRC61	1.0	6.0	0.6258585986384501	53.0	0.16326746051437827
220416	ENSG00000173988	LRRC63	LRRC63	0.0	0.0	0.2704013367128521	32.0	0.0
57554	ENSG00000033122	LRRC7	LRRC7	1.0	8.0	0.7520812326913483	1.0	0.26159347224046897
221424	ENSG00000204052	LRRC73	LRRC73	1.0	4.0	0.6969132878349786	33.0	0.12120231092782237
388341	ENSG00000181350	LRRC75A	LRRC75A	1.0	3.0	0.6773943723527641	2.0	0.08835578769818662
125144	ENSG00000175061	SNHG29	LRRC75A-AS1	1.0	6.0	0.5261834923389997	33.0	0.1372652588710434
56262	ENSG00000136802	LRRC8A	LRRC8A	1.0	2.0	0.42702313359845756	53.0	0.037132446399865876
23507	ENSG00000197147	LRRC8B	LRRC8B	1.0	2.0	0.5740421852712204	40.0	0.04991671176271482
55144	ENSG00000171492	LRRC8D	LRRC8D	1.0	1.0	0.2876851092652466	1.0	0.012508048228923764
9208	ENSG00000124831	LRRFIP1	LRRFIP1	0.0	0.0	0.5198124219401548	3.0	0.0
9209	ENSG00000093167	LRRFIP2	LRRFIP2	0.0	0.0	0.4926411715418012	31.0	0.0
84125	ENSG00000133640	LRRIQ1	LRRIQ1	1.0	6.0	0.6755675205518586	52.0	0.17623500536135442
79705	ENSG00000154237	LRRK1	LRRK1	1.0	2.0	0.6570823330353074	2.0	0.05713759417698325
120892	ENSG00000188906	LRRK2	LRRK2	0.0	0.0	0.5917553185433408	32.0	0.0
57633	ENSG00000175928	LRRN1	LRRN1	1.0	5.0	0.45861477273373835	32.0	0.0996988636377692
10446	ENSG00000170382	LRRN2	LRRN2	1.0	5.0	0.5266320508484728	31.0	0.11448522844532016
54674	ENSG00000173114	LRRN3	LRRN3	0.0	0.0	0.43785630927092467	32.0	0.0
347730	ENSG00000162951	LRRTM1	LRRTM1	1.0	9.0	0.7063366004078673	1.0	0.2763925827682959
26045	ENSG00000146006	LRRTM2	LRRTM2	1.0	1.0	0.5211364181146944	58.0	0.022658105135421495
347731	ENSG00000198739	LRRTM3	LRRTM3	0.0	0.0	0.6538878935214107	32.0	0.0
80059	ENSG00000176204	LRRTM4	LRRTM4	1.0	2.0	0.6735555913783957	33.0	0.05857005142420832
90678	ENSG00000148356	LRSAM1	LRSAM1	1.0	3.0	0.5490723883305487	33.0	0.07161813760833244
4045	ENSG00000185565	LSAMP	LSAMP	1.0	2.0	0.3643785977244526	53.0	0.031685095454300226
84967	ENSG00000181817	LSM10	LSM10	1.0	1.0	0.5998152526217958	40.0	0.0260789240270346
134353	ENSG00000155858	LSM11	LSM11	1.0	2.0	0.5317907059874452	2.0	0.046242670085864794
26065	ENSG00000262860	LSM14A	LSM14A	1.0	4.0	0.43648608242089276	32.0	0.07591062302972047
27258	ENSG00000170860	LSM3	LSM3	1.0	10.0	0.6996436558932849	32.0	0.3041928938666456
25804	ENSG00000130520	LSM4	LSM4	1.0	8.0	0.6893011779444885	18.0	0.23975693145895252
51690	ENSG00000130332	LSM7	LSM7	1.0	5.0	0.5192454503466631	49.0	0.11287944572753546
286006	ENSG00000181016	LSMEM1	LSMEM1	0.0	0.0	0.5735802316301363	32.0	0.0
4046	ENSG00000130592	LSP1	LSP1	1.0	9.0	0.7762650387535985	18.0	0.303755884729669
4047	ENSG00000281289	LSS	LSS	0.0	0.0	0.23376398952025082	32.0	0.0
7940	ENSG00000223465	LST1	LST1	1.0	6.0	0.5265552772979248	55.0	0.13736224625163257
4050	ENSG00000236925	LTB	LTB	0.0	0.0	0.3821279560051687	32.0	0.0
8425	ENSG00000090006	LTBP4	LTBP4	1.0	13.0	0.7156251698044942	49.0	0.40448379162862713
4056	ENSG00000213316	LTC4S	LTC4S	1.0	4.0	0.5248864592107506	55.0	0.09128460160186967
4058	ENSG00000062524	LTK	LTK	1.0	3.0	0.709188385429907	51.0	0.09250283288216178
26046	ENSG00000198862	LTN1	LTN1	0.0	0.0	0.3047509882475233	3.0	0.0
286343	ENSG00000153714	LURAP1L	LURAP1L	1.0	1.0	0.3158644757406826	32.0	0.013733238075681851
7798	ENSG00000169641	LUZP1	LUZP1	0.0	0.0	0.3572869884846107	32.0	0.0
338645	ENSG00000187398	LUZP2	LUZP2	1.0	7.0	0.5937829164450825	24.0	0.18071653978763383
56925	ENSG00000079257	LXN	LXN	1.0	2.0	0.6469170574638349	28.0	0.056253657170768245
8581	ENSG00000167656	LY6D	LY6D	1.0	1.0	0.5190905964234624	52.0	0.0225691563662375
4061	ENSG00000160932	LY6E	LY6E	1.0	4.0	0.6849107708069512	49.0	0.11911491666207846
4062	ENSG00000176956	LY6H	LY6H	1.0	13.0	0.7541911500959925	18.0	0.42628195440208266
9450	ENSG00000112799	LY86	LY86	1.0	4.0	0.5279698015694002	33.0	0.09182083505554786
285780	ENSG00000216863	LY86-AS1	LY86-AS1	1.0	3.0	0.6588641094663876	49.0	0.08593879688692012
23643	ENSG00000154589	LY96	LY96	1.0	4.0	0.5932836268811994	31.0	0.10317976119673032
55646	ENSG00000145220	LYAR	LYAR	1.0	1.0	0.38701334729027687	32.0	0.016826667273490296
66004	ENSG00000180155	LYNX1	LYNX1	1.0	1.0	0.4785079208736487	3.0	0.02080469221189777
116372	ENSG00000150551	LYPD1	LYPD1	1.0	11.0	0.5874302543655794	5.0	0.28094490426179886
284348	ENSG00000159871	LYPD5	LYPD5	0.0	0.0	0.36189929766510576	39.0	0.0
130574	ENSG00000187123	LYPD6	LYPD6	1.0	6.0	0.44848727012903433	4.0	0.11699667916409591
646627	ENSG00000259823	LYPD8	LYPD8	1.0	5.0	0.6600397654251199	49.0	0.14348690552719998
10434	ENSG00000120992	LYPLA1	LYPLA1	1.0	1.0	0.36873267423676037	32.0	0.016031855401598277
127018	ENSG00000143353	LYPLAL1	LYPLAL1	1.0	6.0	0.5503389919413804	33.0	0.1435666935499253
57149	ENSG00000102897	LYRM1	LYRM1	1.0	6.0	0.6225098635268513	31.0	0.1623938774417873
57128	ENSG00000214113	LYRM4	LYRM4	1.0	2.0	0.49424182461788735	52.0	0.04297754996677281
90624	ENSG00000186687	LYRM7	LYRM7	1.0	1.0	0.44923898232281123	53.0	0.019532129666209184
201229	ENSG00000232859	LYRM9	LYRM9	1.0	9.0	0.8400484889243927	18.0	0.32871462610084934
388695	ENSG00000163155	LYSMD1	LYSMD1	1.0	5.0	0.6228558843277474	9.0	0.1354034531147277
145748	ENSG00000183060	LYSMD4	LYSMD4	0.0	0.0	0.5462128852626832	19.0	0.0
1130	ENSG00000143669	LYST	LYST	0.0	0.0	0.5306893677745098	31.0	0.0
84328	ENSG00000162441	LZIC	LZIC	1.0	2.0	0.3308125633142178	16.0	0.028766309853410246
54585	ENSG00000163818	LZTFL1	LZTFL1	1.0	2.0	0.6538025032146175	33.0	0.05685239158387978
11178	ENSG00000061337	LZTS1	LZTS1	1.0	1.0	0.4341473536403497	49.0	0.01887597189740651
9762	ENSG00000088899	LZTS3	LZTS3	0.0	0.0	0.470619265563005	31.0	0.0
4074	ENSG00000003056	M6PR	M6PR	0.0	0.0	0.5433516806828507	31.0	0.0
89876	ENSG00000183833	CFAP91	MAATS1	1.0	2.0	0.6399386439968111	31.0	0.055646838608418354
23499	ENSG00000127603	MACF1	MACF1	1.0	1.0	0.47211959200970693	31.0	0.020526938783030736
55219	ENSG00000204178	MACO1	MACO1	1.0	3.0	0.6255262416106107	52.0	0.08159037934051443
140733	ENSG00000172264	MACROD2	MACROD2	1.0	6.0	0.6669770926789458	55.0	0.1739940241771163
8379	ENSG00000002822	MAD1L1	MAD1L1	0.0	0.0	0.2209278341114655	32.0	0.0
8174	ENSG00000099866	MADCAM1	MADCAM1	0.0	0.0	0.4360973441724199	32.0	0.0
8567	ENSG00000110514	MADD	MADD	1.0	2.0	0.5901068975054978	33.0	0.05131364326134764
84944	ENSG00000143194	MAEL	MAEL	1.0	5.0	0.6610968208260098	33.0	0.14371670017956736
9935	ENSG00000204103	MAFB	MAFB	1.0	1.0	0.566122761224265	33.0	0.02461403309670717
4097	ENSG00000197063	MAFG	MAFG	1.0	9.0	0.7119770166470852	31.0	0.27859970216625074
7975	ENSG00000198517	MAFK	MAFK	1.0	7.0	0.6339673076712388	7.0	0.19294657189994224
9500	ENSG00000179222	MAGED1	MAGED1	1.0	6.0	0.6792837168334874	52.0	0.1772044478696054
64110	ENSG00000177383	MAGEF1	MAGEF1	1.0	4.0	0.6396148787438247	33.0	0.11123737021631734
28986	ENSG00000187601	MAGEH1	MAGEH1	1.0	9.0	0.7088768323036151	52.0	0.2773865865535885
54551	ENSG00000254585	MAGEL2	MAGEL2	0.0	0.0	0.3299950716103322	40.0	0.0
9223	ENSG00000151276	MAGI1	MAGI1	1.0	2.0	0.4192807708488781	33.0	0.03645919746511984
9863	ENSG00000187391	MAGI2	MAGI2	1.0	3.0	0.6049024689193796	9.0	0.07890032203296256
100505881	ENSG00000234456	MAGI2-AS3	MAGI2-AS3	0.0	0.0	0.35321398661127823	31.0	0.0
260425	ENSG00000081026	MAGI3	MAGI3	1.0	1.0	0.5025987347782638	52.0	0.021852118903402773
84061	ENSG00000102158	MAGT1	MAGT1	1.0	1.0	0.3902439077139299	53.0	0.01696712642234478
114569	ENSG00000147676	MAL2	MAL2	1.0	1.0	0.622294909571542	33.0	0.027056300416154
378938	ENSG00000251562	MALAT1	MALAT1	1.0	2.0	0.5471185732079292	52.0	0.047575528105037325
7851	ENSG00000144063	MALL	MALL	1.0	4.0	0.6679760039567949	52.0	0.11616973981857302
115416	ENSG00000156928	MALSU1	MALSU1	1.0	2.0	0.4712311717531457	33.0	0.04097662363070832
84441	ENSG00000184384	MAML2	MAML2	1.0	5.0	0.41914718852210664	33.0	0.09111895402654492
55534	ENSG00000196782	MAML3	MAML3	1.0	1.0	0.39094185001811943	53.0	0.016997471739918234
10046	ENSG00000013619	MAMLD1	MAMLD1	1.0	3.0	0.6120575933882711	53.0	0.07983359913760059
4121	ENSG00000111885	MAN1A1	MAN1A1	1.0	8.0	0.7202272089193298	58.0	0.25051381179802773
100289341	ENSG00000268996	MAN1B1-DT	MAN1B1-AS1	1.0	4.0	0.531388149554162	53.0	0.09241533035724557
57134	ENSG00000117643	MAN1C1	MAN1C1	1.0	3.0	0.5614777580062743	33.0	0.07323622930516621
4124	ENSG00000112893	MAN2A1	MAN2A1	0.0	0.0	0.19806267438415887	32.0	0.0
79694	ENSG00000172469	MANEA	MANEA	1.0	1.0	0.4077893222336569	32.0	0.017729970531898124
149175	ENSG00000185090	MANEAL	MANEAL	1.0	5.0	0.6388578403836546	58.0	0.13888213921383794
7873	ENSG00000145050	MANF	MANF	1.0	3.0	0.4443780568086509	58.0	0.057962355235910985
4128	ENSG00000189221	MAOA	MAOA	1.0	2.0	0.5609104483677191	40.0	0.048774821597192965
4129	ENSG00000069535	MAOB	MAOB	1.0	6.0	0.5742106726883084	52.0	0.1497940885273848
4130	ENSG00000166963	MAP1A	MAP1A	1.0	1.0	0.5176863319220965	32.0	0.022508101387917236
4131	ENSG00000131711	MAP1B	MAP1B	0.0	0.0	0.31390659564962226	53.0	0.0
81631	ENSG00000140941	MAP1LC3B	MAP1LC3B	0.0	0.0	0.3844044735977776	31.0	0.0
5604	ENSG00000169032	MAP2K1	MAP2K1	1.0	6.0	0.6714328480982763	49.0	0.17515639515607206
5606	ENSG00000034152	MAP2K3	MAP2K3	0.0	0.0	0.2163102703590113	44.0	0.0
6416	ENSG00000065559	MAP2K4	MAP2K4	1.0	3.0	0.47608065411019185	49.0	0.0620974766230685
5607	ENSG00000137764	MAP2K5	MAP2K5	1.0	4.0	0.47451434738003856	2.0	0.08252423432696322
4214	ENSG00000095015	MAP3K1	MAP3K1	1.0	2.0	0.41969889016267475	49.0	0.03649555566631954
4294	ENSG00000130758	MAP3K10	MAP3K10	1.0	2.0	0.7093835267016108	31.0	0.061685524061009626
7786	ENSG00000139625	MAP3K12	MAP3K12	1.0	3.0	0.629613171183398	33.0	0.082123457110878
9175	ENSG00000073803	MAP3K13	MAP3K13	0.0	0.0	0.5122856116868657	32.0	0.0
9020	ENSG00000006062	MAP3K14	MAP3K14	0.0	0.0	0.4771172189798372	32.0	0.0
10746	ENSG00000169967	MAP3K2	MAP3K2	0.0	0.0	0.450448049516619	33.0	0.0
51776	ENSG00000091436	MAP3K20	MAP3K20	0.0	0.0	0.3491144463199187	32.0	0.0
84451	ENSG00000143674	MAP3K21	MAP3K21	1.0	1.0	0.5808764383140225	33.0	0.025255497318000975
4215	ENSG00000198909	MAP3K3	MAP3K3	0.0	0.0	0.38432605346389653	39.0	0.0
4217	ENSG00000197442	MAP3K5	MAP3K5	1.0	8.0	0.7012115696481263	49.0	0.24389967639934826
9064	ENSG00000142733	MAP3K6	MAP3K6	0.0	0.0	0.2900915287808851	40.0	0.0
4293	ENSG00000006432	MAP3K9	MAP3K9	1.0	2.0	0.5454018016911764	33.0	0.047426243625319685
4134	ENSG00000047849	MAP4	MAP4	1.0	4.0	0.40901789550741224	6.0	0.07113354704476735
5871	ENSG00000168067	MAP4K2	MAP4K2	0.0	0.0	0.4048185397120189	32.0	0.0
79929	ENSG00000180834	MAP6D1	MAP6D1	0.0	0.0	0.2536976963714302	10.0	0.0
79649	ENSG00000129680	MAP7D3	MAP7D3	1.0	2.0	0.38994346854496165	49.0	0.033908127699561884
79884	ENSG00000164114	MAP9	MAP9	0.0	0.0	0.2780152830068197	10.0	0.0
5594	ENSG00000100030	MAPK1	MAPK1	1.0	13.0	0.7722366603458072	53.0	0.4364815906302388
5602	ENSG00000109339	MAPK10	MAPK10	0.0	0.0	0.44593861179892397	32.0	0.0
5600	ENSG00000185386	MAPK11	MAPK11	1.0	2.0	0.6454569774176245	33.0	0.05612669368848909
6300	ENSG00000188130	MAPK12	MAPK12	1.0	4.0	0.6103003610536997	33.0	0.10613919322673038
5603	ENSG00000156711	MAPK13	MAPK13	1.0	1.0	0.5648153761967944	33.0	0.024557190269425846
1432	ENSG00000112062	MAPK14	MAPK14	1.0	3.0	0.6786390985813487	33.0	0.0885181432932194
93487	ENSG00000168175	MAPK1IP1L	MAPK1IP1L	1.0	7.0	0.5878549186850051	32.0	0.1789123665563059
5595	ENSG00000102882	MAPK3	MAPK3	1.0	12.0	0.7478705564563712	32.0	0.3901933338033241
5596	ENSG00000141639	MAPK4	MAPK4	0.0	0.0	0.29747480704746176	32.0	0.0
5598	ENSG00000166484	MAPK7	MAPK7	1.0	2.0	0.49168725582171224	53.0	0.04275541354971411
5599	ENSG00000107643	MAPK8	MAPK8	1.0	3.0	0.6025587803089053	40.0	0.07859462351855287
23542	ENSG00000008735	MAPK8IP2	MAPK8IP2	1.0	7.0	0.6575696544875961	33.0	0.200129894844051
5601	ENSG00000050748	MAPK9	MAPK9	1.0	1.0	0.5797532435862881	2.0	0.02520666276462122
79109	ENSG00000119487	MAPKAP1	MAPKAP1	1.0	4.0	0.5136731703674178	42.0	0.08933446441172482
51275	ENSG00000234608	MAPKAPK5-AS1	MAPKAPK5-AS1	1.0	6.0	0.6412964798093626	33.0	0.16729473386331198
23005	ENSG00000137802	MAPKBP1	MAPKBP1	1.0	2.0	0.6119204476770849	31.0	0.05321047371105086
10982	ENSG00000166974	MAPRE2	MAPRE2	1.0	2.0	0.5034309513781041	58.0	0.043776604467661226
4137	ENSG00000186868	MAPT	MAPT	1.0	5.0	0.636538660807911	49.0	0.1383779697408502
55016	ENSG00000145416	MARCHF1	MARCH1	1.0	5.0	0.6713947323539754	33.0	0.1459553765986903
441061	ENSG00000183654	MARCHF11	MARCH11	1.0	4.0	0.664723042555233	40.0	0.11560400740091008
51257	ENSG00000099785	MARCHF2	MARCH2	0.0	0.0	0.2840312556596834	10.0	0.0
115123	ENSG00000173926	MARCHF3	MARCH3	1.0	7.0	0.5936207489818999	53.0	0.18066718447275215
54708	ENSG00000198060	MARCHF5	MARCH5	1.0	10.0	0.681158176615489	31.0	0.2961557289632561
10299	ENSG00000145495	MARCHF6	MARCH6	0.0	0.0	0.43953811962078254	32.0	0.0
64844	ENSG00000136536	MARCHF7	MARCH7	1.0	2.0	0.4591099579787508	31.0	0.039922605041630504
220972	ENSG00000278545	MARCHF8	MARCH8	1.0	3.0	0.4419194106599868	32.0	0.057641662259998276
4082	ENSG00000277443	MARCKS	MARCKS	1.0	14.0	0.7212260990749125	52.0	0.4390071907412511
9665	ENSG00000277140	MARF1	MARF1	0.0	0.0	0.38730120343155555	32.0	0.0
23031	ENSG00000099308	MAST3	MAST3	1.0	4.0	0.7233505712224553	53.0	0.1258000993430357
375449	ENSG00000069020	MAST4	MAST4	0.0	0.0	0.4550979159138636	32.0	0.0
27430	ENSG00000038274	MAT2B	MAT2B	0.0	0.0	0.5051666909873553	32.0	0.0
4145	ENSG00000007264	MATK	MATK	1.0	1.0	0.4570175646156043	4.0	0.01987032889633062
4147	ENSG00000132561	MATN2	MATN2	1.0	4.0	0.5949835035298713	55.0	0.10347539191823849
8785	ENSG00000124159	MATN4	MATN4	0.0	0.0	0.6381228456349997	32.0	0.0
4150	ENSG00000103495	MAZ	MAZ	1.0	6.0	0.7722891832899191	31.0	0.2014667434669354
151963	ENSG00000180611	MB21D2	MB21D2	1.0	4.0	0.6664576306617269	40.0	0.11590567489769163
4152	ENSG00000141644	MBD1	MBD1	1.0	4.0	0.6212403520178074	33.0	0.10804180035092302
8932	ENSG00000134046	MBD2	MBD2	0.0	0.0	0.2917509178847141	44.0	0.0
53615	ENSG00000071655	MBD3	MBD3	1.0	4.0	0.5715668187848566	51.0	0.09940292500606202
114785	ENSG00000166987	MBD6	MBD6	0.0	0.0	0.3892405591582407	32.0	0.0
8512	ENSG00000293431	MBL1P	MBL1P	0.0	0.0	0.6899393025380195	32.0	0.0
255374	ENSG00000214309	MBLAC1	MBLAC1	1.0	1.0	0.5501580794638617	2.0	0.02391991649842877
153364	ENSG00000176055	MBLAC2	MBLAC2	1.0	14.0	0.8341423566168927	57.0	0.5077388257668043
4154	ENSG00000152601	MBNL1	MBNL1	0.0	0.0	0.3586263144533828	53.0	0.0
10150	ENSG00000139793	MBNL2	MBNL2	0.0	0.0	0.36116980281461025	32.0	0.0
55796	ENSG00000076770	MBNL3	MBNL3	1.0	3.0	0.5107670364909066	40.0	0.06662178736837912
154141	ENSG00000172197	MBOAT1	MBOAT1	0.0	0.0	0.11368104225585603	53.0	0.0
129642	ENSG00000143797	MBOAT2	MBOAT2	1.0	7.0	0.5386910953162755	58.0	0.16394946379190994
79143	ENSG00000278322	MBOAT7	MBOAT7	1.0	7.0	0.7837828125033939	32.0	0.23854259510972858
4155	ENSG00000197971	MBP	MBP	1.0	2.0	0.726245082830583	60.0	0.06315174633309417
4157	ENSG00000258839	MC1R	MC1R	0.0	0.0	0.4284304648368667	44.0	0.0
4162	ENSG00000076706	MCAM	MCAM	0.0	0.0	0.23834604342035218	32.0	0.0
64087	ENSG00000131844	MCCC2	MCCC2	1.0	2.0	0.5205127270931404	53.0	0.04526197626896873
4168	ENSG00000101977	MCF2	MCF2	0.0	0.0	0.3518892137922789	31.0	0.0
23263	ENSG00000126217	MCF2L	MCF2L	1.0	2.0	0.4927439462898816	32.0	0.04284729967738101
23101	ENSG00000053524	MCF2L2	MCF2L2	0.0	0.0	0.5739725643731898	3.0	0.0
2847	ENSG00000128285	MCHR1	MCHR1	1.0	1.0	0.5571840907231684	40.0	0.02422539524883341
84539	ENSG00000152034	MCHR2	MCHR2	1.0	3.0	0.6408577287251066	33.0	0.08359013852936173
4170	ENSG00000143384	MCL1	MCL1	0.0	0.0	0.49269590875445596	33.0	0.0
4172	ENSG00000112118	MCM3	MCM3	1.0	4.0	0.5127255647778578	55.0	0.08916966343962744
114044	ENSG00000215424	MCM3AP-AS1	MCM3AP-AS1	0.0	0.0	0.27226204021278305	32.0	0.0
4173	ENSG00000104738	MCM4	MCM4	1.0	4.0	0.6403761906042922	51.0	0.11136977227900734
4175	ENSG00000076003	MCM6	MCM6	1.0	4.0	0.7424691243129645	24.0	0.12912506509790686
4176	ENSG00000166508	MCM7	MCM7	0.0	0.0	0.29311246790230033	9.0	0.0
254394	ENSG00000111877	MCM9	MCM9	1.0	1.0	0.48535747675282964	31.0	0.02110249898925346
79892	ENSG00000197771	MCMBP	MCMBP	1.0	2.0	0.4804441051722686	49.0	0.041777748275849444
57192	ENSG00000090674	MCOLN1	MCOLN1	0.0	0.0	0.41502126519889954	32.0	0.0
348262	ENSG00000288213	MCRIP1	MCRIP1	1.0	5.0	0.6316798676707509	33.0	0.13732171036320673
10445	ENSG00000187778	MCRS1	MCRS1	1.0	1.0	0.603085354744373	33.0	0.02622110238019013
79772	ENSG00000175471	MCTP1	MCTP1	1.0	4.0	0.6424946678366996	32.0	0.11173820310203471
28985	ENSG00000232119	MCTS1	MCTS1	1.0	1.0	0.6298308374179545	32.0	0.027383949452954543
90550	ENSG00000156026	MCU	MCU	1.0	1.0	0.43224438206092153	32.0	0.018793234002648762
55013	ENSG00000005059	MCUB	MCUB	1.0	9.0	0.5663581791511829	39.0	0.22161841792872375
63933	ENSG00000050393	MCUR1	MCUR1	1.0	8.0	0.5456739390179255	41.0	0.18979963096275668
266727	ENSG00000112139	MDGA1	MDGA1	1.0	4.0	0.4174525385989213	52.0	0.07260044149546457
161357	ENSG00000139915	MDGA2	MDGA2	1.0	2.0	0.5341986323206046	33.0	0.0464520549844004
4190	ENSG00000014641	MDH1	MDH1	1.0	2.0	0.43345291008497305	3.0	0.03769155739869331
4191	ENSG00000146701	MDH2	MDH2	1.0	4.0	0.6129820169611521	33.0	0.10660556816715688
4192	ENSG00000110492	MDK	MDK	1.0	3.0	0.4524879972828662	40.0	0.059020173558634724
4193	ENSG00000135679	MDM2	MDM2	0.0	0.0	0.3206714751782131	31.0	0.0
4194	ENSG00000198625	MDM4	MDM4	0.0	0.0	0.475125151294182	32.0	0.0
4199	ENSG00000065833	ME1	ME1	1.0	4.0	0.5239557285213498	52.0	0.09112273539501735
4200	ENSG00000082212	ME2	ME2	1.0	3.0	0.5294955922487867	33.0	0.06906464246723305
10873	ENSG00000151376	ME3	ME3	1.0	8.0	0.5460408202302612	49.0	0.1899272418192213
4201	ENSG00000124733	MEA1	MEA1	1.0	5.0	0.6957746973590092	33.0	0.15125536899108896
2122	ENSG00000085276	MECOM	MECOM	0.0	0.0	0.19271117551108374	32.0	0.0
84246	ENSG00000133398	MED10	MED10	1.0	8.0	0.5647229037125978	33.0	0.1964253578130775
400569	ENSG00000161920	MED11	MED11	0.0	0.0	0.1946523290872685	10.0	0.0
9969	ENSG00000108510	MED13	MED13	0.0	0.0	0.4707234773876957	33.0	0.0
9282	ENSG00000180182	MED14	MED14	1.0	1.0	0.4781294743340158	35.0	0.020788238014522425
10025	ENSG00000175221	MED16	MED16	1.0	4.0	0.6556196095528172	18.0	0.1140208016613595
9442	ENSG00000160563	MED27	MED27	1.0	5.0	0.5505632298906034	40.0	0.1196876586718703
51003	ENSG00000108590	MED31	MED31	1.0	2.0	0.604660104169829	51.0	0.0525791394930286
112950	ENSG00000159479	MED8	MED8	1.0	6.0	0.6945659317494848	40.0	0.18119111263030038
84935	ENSG00000102802	MEDAG	MEDAG	1.0	1.0	0.40051995281320046	33.0	0.017413910991878282
4205	ENSG00000068305	MEF2A	MEF2A	0.0	0.0	0.6963615934862032	32.0	0.0
4208	ENSG00000081189	MEF2C	MEF2C	1.0	5.0	0.7017497193119601	9.0	0.15255428680694783
55384	ENSG00000214548	MEG3	MEG3	1.0	2.0	0.6554234161140411	33.0	0.056993340531655744
84466	ENSG00000145794	MEGF10	MEGF10	0.0	0.0	0.31971431449828663	32.0	0.0
84465	ENSG00000277848	MEGF11	MEGF11	1.0	6.0	0.5388764956876873	33.0	0.14057647713591842
1954	ENSG00000105429	MEGF8	MEGF8	1.0	3.0	0.6436700763796037	33.0	0.08395696648429614
150365	ENSG00000167077	MEI1	MEI1	1.0	1.0	0.4103534321466732	1.0	0.017841453571594487
728637	ENSG00000239642	MEIKIN	MEIKIN	1.0	4.0	0.5959552401158911	33.0	0.10364438958537235
4211	ENSG00000143995	MEIS1	MEIS1	0.0	0.0	0.309982220576498	31.0	0.0
4212	ENSG00000134138	MEIS2	MEIS2	0.0	0.0	0.4363874389713695	32.0	0.0
56917	ENSG00000105419	MEIS3	MEIS3	1.0	6.0	0.7027531658416153	18.0	0.18332691282824745
4241	ENSG00000163975	MELTF	MELTF	1.0	2.0	0.6415997212607415	40.0	0.05579128010962969
56257	ENSG00000289690	MEPCE	MEPCE	0.0	0.0	0.4965796002640623	32.0	0.0
23184	ENSG00000117899	MESD	MESD	1.0	2.0	0.45657163912020665	32.0	0.03970188166262666
55897	ENSG00000166823	MESP1	MESP1	1.0	10.0	0.7741011292606331	49.0	0.3365657083741883
4232	ENSG00000106484	MEST	MEST	1.0	10.0	0.7773955193753852	31.0	0.3379980519023414
4233	ENSG00000105976	MET	MET	1.0	7.0	0.7714159500064816	52.0	0.23477876739327702
23173	ENSG00000164024	METAP1	METAP1	1.0	5.0	0.613114642889627	33.0	0.1332857919325276
79006	ENSG00000103260	METRN	METRN	1.0	7.0	0.43715797788520655	3.0	0.13304808022593242
284207	ENSG00000275031	METRNL	METRNL	1.0	3.0	0.35203844061122863	33.0	0.04591805747102982
4234	ENSG00000037897	METTL1	METTL1	1.0	3.0	0.4977672103635619	53.0	0.06492615787350807
51603	ENSG00000010165	METTL13	METTL13	0.0	0.0	0.3774943312514094	32.0	0.0
196074	ENSG00000169519	METTL15	METTL15	1.0	1.0	0.5096077063660138	32.0	0.02215685679852234
64745	ENSG00000165792	METTL17	METTL17	0.0	0.0	0.3168848137079707	32.0	0.0
151194	ENSG00000144401	METTL21A	METTL21A	1.0	1.0	0.458173498886759	4.0	0.019920586908119955
728464	ENSG00000053328	METTL24	METTL24	0.0	0.0	0.5001993132992575	17.0	0.0
29081	ENSG00000138382	METTL5	METTL5	1.0	7.0	0.7656124325271202	18.0	0.2330124794647757
131965	ENSG00000206562	METTL6	METTL6	1.0	8.0	0.6678674371763631	52.0	0.232301717278735
79828	ENSG00000123600	METTL8	METTL8	1.0	1.0	0.38717831544889714	60.0	0.016833839802125963
51108	ENSG00000284548	METTL9	METTL9	1.0	3.0	0.6164156597672421	45.0	0.08040204257833593
92312	ENSG00000254726	MEX3A	MEX3A	1.0	9.0	0.5135985711061073	35.0	0.20097335391108548
84206	ENSG00000183496	MEX3B	MEX3B	1.0	3.0	0.7783995532120871	40.0	0.1015303765059244
51320	ENSG00000176624	MEX3C	MEX3C	0.0	0.0	0.34637453940905066	32.0	0.0
4236	ENSG00000140259	MFAP1	MFAP1	1.0	5.0	0.5615974011519074	33.0	0.12208639155476247
4238	ENSG00000037749	MFAP3	MFAP3	0.0	0.0	0.4645286079308741	32.0	0.0
4240	ENSG00000140545	MFGE8	MFGE8	0.0	0.0	0.315708293112933	32.0	0.0
9258	ENSG00000285022	MFHAS1	MFHAS1	1.0	1.0	0.6663061231487186	55.0	0.028969831441248636
4242	ENSG00000100060	MFNG	MFNG	1.0	1.0	0.3705199300884815	33.0	0.016109562177760064
64747	ENSG00000118855	MFSD1	MFSD1	1.0	1.0	0.3815263079631976	53.0	0.01658810034622598
126321	ENSG00000161091	MFSD12	MFSD12	1.0	4.0	0.5378943094066181	18.0	0.09354683641854228
79847	ENSG00000138111	SLC68A1	MFSD13A	1.0	1.0	0.6520460710120318	53.0	0.028349829174436167
113655	ENSG00000167700	SLC33A2	MFSD3	1.0	3.0	0.5533111581752617	33.0	0.07217102063155587
148808	ENSG00000174514	SLC60A1	MFSD4A	1.0	5.0	0.7020396501268956	49.0	0.1526173152449773
54842	ENSG00000151690	MFSD6	MFSD6	1.0	1.0	0.47864260861491936	7.0	0.020810548200648666
256471	ENSG00000164073	MFSD8	MFSD8	0.0	0.0	0.4864903562465305	32.0	0.0
84804	ENSG00000135953	SLC67A2	MFSD9	0.0	0.0	0.27613928443932917	31.0	0.0
84709	ENSG00000137463	MGARP	MGARP	0.0	0.0	0.36905778131767847	31.0	0.0
4245	ENSG00000131446	MGAT1	MGAT1	1.0	2.0	0.4338821912048357	2.0	0.03772888619172484
11320	ENSG00000071073	MGAT4A	MGAT4A	0.0	0.0	0.46337591056166577	32.0	0.0
11282	ENSG00000284501	MGAT4B	MGAT4B	1.0	14.0	0.7508306670500995	52.0	0.4570273625522345
25834	ENSG00000182050	MGAT4C	MGAT4C	0.0	0.0	0.2861685341027593	10.0	0.0
4249	ENSG00000152127	MGAT5	MGAT5	0.0	0.0	0.17886532987146006	49.0	0.0
146664	ENSG00000167889	MGAT5B	MGAT5B	1.0	4.0	0.717019032281169	51.0	0.12469896213585548
85001	ENSG00000246731	MGC16275	MGC16275	1.0	7.0	0.44248963169805267	33.0	0.13467075747332038
11343	ENSG00000074416	MGLL	MGLL	1.0	3.0	0.5294703167753081	9.0	0.06906134566634453
92667	ENSG00000125871	MGME1	MGME1	1.0	3.0	0.3508101183364864	49.0	0.0457578415221504
4255	ENSG00000170430	MGMT	MGMT	1.0	6.0	0.5303203885423106	32.0	0.1383444491849506
4256	ENSG00000111341	MGP	MGP	1.0	2.0	0.6571659775058083	49.0	0.05714486760920072
4257	ENSG00000008394	MGST1	MGST1	1.0	12.0	0.5521198524420765	32.0	0.2880625317089095
4258	ENSG00000085871	MGST2	MGST2	0.0	0.0	0.2158234393782057	32.0	0.0
4259	ENSG00000143198	MGST3	MGST3	1.0	4.0	0.42226692216758727	8.0	0.073437725594363
440823	ENSG00000225783	MIAT	MIAT	1.0	1.0	0.5833283952414945	1.0	0.02536210414093454
57534	ENSG00000101752	MIB1	MIB1	0.0	0.0	0.40987853644698224	31.0	0.0
64780	ENSG00000135596	MICAL1	MICAL1	1.0	1.0	0.6043721886752474	32.0	0.026277051681532496
9645	ENSG00000133816	MICAL2	MICAL2	1.0	2.0	0.6208616964466916	2.0	0.053987973604060144
57553	ENSG00000243156	MICAL3	MICAL3	1.0	2.0	0.7175748203695694	52.0	0.06239781046691908
85377	ENSG00000100139	MICALL1	MICALL1	0.0	0.0	0.27550332860113863	32.0	0.0
4277	ENSG00000224378	MICB	MICB	0.0	0.0	0.3282009679682768	32.0	0.0
286097	ENSG00000155970	MICU3	MICU3	0.0	0.0	0.41047312022901916	32.0	0.0
11043	ENSG00000080561	MID2	MID2	0.0	0.0	0.32106797840190837	32.0	0.0
54471	ENSG00000100335	MIEF1	MIEF1	1.0	3.0	0.5332459002361714	33.0	0.06955381307428322
125170	ENSG00000284495	MIEF2	MIEF2	1.0	4.0	0.7194316241611246	49.0	0.1251185433323695
4282	ENSG00000240972	MIF	MIF	1.0	7.0	0.698877871435071	24.0	0.21270196087154336
374986	ENSG00000180488	MIGA1	MIGA1	1.0	1.0	0.3804622100739387	4.0	0.01654183522060603
284021	ENSG00000271605	MILR1	MILR1	1.0	9.0	0.5758693588676113	33.0	0.22534018390471747
54629	ENSG00000128923	MINDY2	MINDY2	0.0	0.0	0.2759785750754207	60.0	0.0
80013	ENSG00000148481	MINDY3	MINDY3	0.0	0.0	0.22941342985773583	31.0	0.0
50488	ENSG00000141503	MINK1	MINK1	1.0	4.0	0.549882835626306	42.0	0.09563179750022713
440574	ENSG00000173436	MICOS10	MINOS1	1.0	4.0	0.518362753060635	8.0	0.0901500440105452
54468	ENSG00000164654	MIOS	MIOS	0.0	0.0	0.5421549603205984	32.0	0.0
84981	ENSG00000186594	MIR22HG	MIR22HG	1.0	1.0	0.47251959818763384	16.0	0.02054433035598408
541471	ENSG00000172965	MIR4435-2HG	MIR4435-2HG	1.0	4.0	0.7661834253743526	58.0	0.13324929136945263
22997	ENSG00000080854	IGSF9B	MIR4697HG	0.0	0.0	0.5889773766014916	31.0	0.0
81571	ENSG00000236901	MIR600HG	MIR600HG	0.0	0.0	0.4519892230042305	32.0	0.0
284424	ENSG00000176840	MIR7-3HG	MIR7-3HG	1.0	5.0	0.6309534509753633	49.0	0.13716379369029635
254559	ENSG00000255571	MIR9-3HG	MIR9-3HG	1.0	1.0	0.47217194677312824	52.0	0.02052921507709253
388815	ENSG00000215386	MIR99AHG	MIR99AHG	1.0	6.0	0.47041896179754755	52.0	0.12271799003414284
54069	ENSG00000159055	MIS18A	MIS18A	1.0	1.0	0.640640825612012	31.0	0.027853948939652692
55320	ENSG00000129534	MIS18BP1	MIS18BP1	0.0	0.0	0.5417277571104889	31.0	0.0
4286	ENSG00000187098	MITF	MITF	0.0	0.0	0.12386086153384145	3.0	0.0
8195	ENSG00000125863	MKKS	MKKS	0.0	0.0	0.468499990241493	33.0	0.0
57591	ENSG00000196588	MRTFA	MKL1	1.0	5.0	0.6819563236402594	33.0	0.14825137470440422
57496	ENSG00000186260	MRTFB	MKL2	1.0	7.0	0.7127634142643849	32.0	0.21692799564568238
4289	ENSG00000128585	MKLN1	MKLN1	0.0	0.0	0.30540645766920593	32.0	0.0
8569	ENSG00000079277	MKNK1	MKNK1	1.0	16.0	0.8503716849673744	52.0	0.5915629112816517
2872	ENSG00000099875	MKNK2	MKNK2	0.0	0.0	0.48708212851277954	32.0	0.0
23608	ENSG00000133606	MKRN1	MKRN1	0.0	0.0	0.4049744004844434	32.0	0.0
23609	ENSG00000075975	MKRN2	MKRN2	0.0	0.0	0.4660383716661726	32.0	0.0
283078	ENSG00000150051	MKX	MKX	0.0	0.0	0.4755701356320838	32.0	0.0
23209	ENSG00000100427	MLC1	MLC1	1.0	9.0	0.5522559701729061	33.0	0.21610016224157194
9761	ENSG00000110917	MLEC	MLEC	1.0	4.0	0.5071560582896188	53.0	0.08820105361558589
4291	ENSG00000178053	MLF1	MLF1	1.0	4.0	0.6088894882238604	42.0	0.10589382403893223
8079	ENSG00000089693	MLF2	MLF2	1.0	2.0	0.5763025567914399	2.0	0.0501132658079513
90523	ENSG00000146147	MLIP	MLIP	1.0	6.0	0.7381177889922037	33.0	0.19255246669361836
4298	ENSG00000130382	MLLT1	MLLT1	1.0	4.0	0.42793067345465463	45.0	0.07442272581820081
8028	ENSG00000078403	MLLT10	MLLT10	0.0	0.0	0.5769282330126744	32.0	0.0
10962	ENSG00000213190	MLLT11	MLLT11	1.0	8.0	0.6505318455365589	49.0	0.22627194627358568
4300	ENSG00000171843	MLLT3	MLLT3	1.0	2.0	0.5756624878952843	33.0	0.0500576076430682
4302	ENSG00000275023	MLLT6	MLLT6	1.0	5.0	0.6818934527716953	9.0	0.14823770712428158
64223	ENSG00000167965	MLST8	MLST8	1.0	2.0	0.4702372706020346	38.0	0.04089019744365518
22877	ENSG00000175727	MLXIP	MLXIP	1.0	1.0	0.5526076525366521	3.0	0.024026419675506613
51085	ENSG00000009950	MLXIPL	MLXIPL	1.0	3.0	0.5344099843327893	33.0	0.06970565013036382
27249	ENSG00000168288	MMADHC	MMADHC	1.0	6.0	0.5521980324356898	9.0	0.14405166063539732
23531	ENSG00000108960	MMD	MMD	1.0	7.0	0.6922992592533362	49.0	0.2106997745553632
93380	ENSG00000169446	MMGT1	MMGT1	0.0	0.0	0.43703324217254774	32.0	0.0
4323	ENSG00000157227	MMP14	MMP14	0.0	0.0	0.35497628603276943	32.0	0.0
4324	ENSG00000102996	MMP15	MMP15	1.0	1.0	0.2661197965544229	49.0	0.011570425937148823
4325	ENSG00000156103	MMP16	MMP16	1.0	4.0	0.7438000052170547	52.0	0.1293565226464443
79148	ENSG00000271447	MMP28	MMP28	1.0	6.0	0.5734999052196819	9.0	0.14960867092687352
64210	ENSG00000155229	MMS19	MMS19	1.0	5.0	0.6957955761787138	9.0	0.1512599078649378
4332	ENSG00000163563	MNDA	MNDA	1.0	2.0	0.485628247750333	33.0	0.04222854328263765
55329	ENSG00000138587	MNS1	MNS1	0.0	0.0	0.3925747076946358	32.0	0.0
4335	ENSG00000070444	MNT	MNT	1.0	8.0	0.783785019475699	1.0	0.27262087633937354
64112	ENSG00000165943	MOAP1	MOAP1	1.0	2.0	0.5720195921542223	9.0	0.04974083410036715
55233	ENSG00000114978	MOB1A	MOB1A	1.0	1.0	0.4560586021549885	33.0	0.019828634876303847
92597	ENSG00000173542	MOB1B	MOB1B	1.0	10.0	0.7887471314691564	18.0	0.34293353542137234
81532	ENSG00000291442	MOB2	MOB2	0.0	0.0	0.371734788491723	19.0	0.0
126308	ENSG00000172081	MOB3A	MOB3A	1.0	2.0	0.5620687163438981	55.0	0.04887554055164331
79817	ENSG00000120162	MOB3B	MOB3B	0.0	0.0	0.21308854091395366	31.0	0.0
4337	ENSG00000124615	MOCS1	MOCS1	1.0	1.0	0.24381195971465897	32.0	0.010600519987593867
116255	ENSG00000124003	MOGAT1	MOGAT1	0.0	0.0	0.25527643730789273	33.0	0.0
80168	ENSG00000166391	MOGAT2	MOGAT2	0.0	0.0	0.3053702834786799	10.0	0.0
5891	ENSG00000080823	MOK	MOK	0.0	0.0	0.6649587115499124	10.0	0.0
84315	ENSG00000164077	MON1A	MON1A	1.0	1.0	0.576861891866363	40.0	0.025080951820276653
150291	ENSG00000235989	MORC2-AS1	MORC2-AS1	0.0	0.0	0.4758434587675058	32.0	0.0
79710	ENSG00000133131	MORC4	MORC4	1.0	5.0	0.45378409358541005	33.0	0.09864871599682827
10933	ENSG00000185787	MORF4L1	MORF4L1	1.0	2.0	0.4181748702982524	3.0	0.03636303219984803
283385	ENSG00000139714	MORN3	MORN3	1.0	4.0	0.6869608663625446	54.0	0.11947145501957297
118812	ENSG00000171160	MORN4	MORN4	1.0	3.0	0.770840905588927	18.0	0.10054446594638178
254956	ENSG00000185681	MORN5	MORN5	1.0	6.0	0.556820458977559	3.0	0.1452575110376241
56180	ENSG00000101928	MOSPD1	MOSPD1	0.0	0.0	0.49035421095849513	32.0	0.0
158747	ENSG00000130150	MOSPD2	MOSPD2	1.0	6.0	0.5803818311105658	49.0	0.15140395594188674
4343	ENSG00000155363	MOV10	MOV10	1.0	4.0	0.48590042477838286	31.0	0.08450442170058832
26002	ENSG00000079931	MOXD1	MOXD1	1.0	2.0	0.4725280886743318	52.0	0.04108939901515929
51660	ENSG00000060762	MPC1	MPC1	0.0	0.0	0.036599755889450775	41.0	0.0
25874	ENSG00000143158	MPC2	MPC2	1.0	2.0	0.43089198675258994	40.0	0.03746886841326869
9526	ENSG00000129255	MPDU1	MPDU1	0.0	0.0	0.2722215570701182	52.0	0.0
219972	ENSG00000197629	MPEG1	MPEG1	1.0	4.0	0.5204381340868278	49.0	0.09051097984118744
4350	ENSG00000103152	MPG	MPG	1.0	2.0	0.5572579863656394	16.0	0.048457216205707775
10199	ENSG00000124383	MPHOSPH10	MPHOSPH10	0.0	0.0	0.39079706456349605	32.0	0.0
10200	ENSG00000135698	MPHOSPH6	MPHOSPH6	1.0	8.0	0.6410430043943632	52.0	0.22297147978934373
10198	ENSG00000051825	MPHOSPH9	MPHOSPH9	0.0	0.0	0.4440449231443294	10.0	0.0
4351	ENSG00000178802	MPI	MPI	1.0	3.0	0.3912978263751104	39.0	0.05103884691849266
84954	ENSG00000008382	MPND	MPND	1.0	5.0	0.5866589403578384	9.0	0.127534552251704
4354	ENSG00000130830	MPP1	MPP1	0.0	0.0	0.28313492187813477	10.0	0.0
4355	ENSG00000108852	MPP2	MPP2	1.0	8.0	0.6749850249373058	49.0	0.23477739997819333
64398	ENSG00000072415	PALS1	MPP5	0.0	0.0	0.30216291318809246	32.0	0.0
143098	ENSG00000150054	MPP7	MPP7	0.0	0.0	0.5781622608585691	1.0	0.0
65258	ENSG00000154889	MPPE1	MPPE1	1.0	1.0	0.478621359622246	53.0	0.020809624331402
758	ENSG00000186732	MPPED1	MPPED1	1.0	3.0	0.5279073786241368	33.0	0.06885748416836568
744	ENSG00000066382	MPPED2	MPPED2	0.0	0.0	0.5131934901178603	32.0	0.0
4357	ENSG00000128309	MPST	MPST	1.0	2.0	0.46094696557384846	49.0	0.04008234483250856
84769	ENSG00000254858	MPV17L2	MPV17L2	1.0	12.0	0.6351789775968979	31.0	0.33139772744185975
9019	ENSG00000197965	MPZL1	MPZL1	1.0	4.0	0.44941041880970567	49.0	0.07815833370603577
196264	ENSG00000160588	MPZL3	MPZL3	0.0	0.0	0.39676889913205154	32.0	0.0
3140	ENSG00000153029	MR1	MR1	1.0	7.0	0.5956720241081469	3.0	0.18129148559813169
112609	ENSG00000135324	MRAP2	MRAP2	0.0	0.0	0.38236477427274307	32.0	0.0
22808	ENSG00000158186	MRAS	MRAS	1.0	10.0	0.6806004020399804	52.0	0.29591321827825234
4361	ENSG00000020922	MRE11	MRE11	1.0	3.0	0.5389714034496699	33.0	0.07030061784126129
55686	ENSG00000118242	MREG	MREG	0.0	0.0	0.24072415210202522	32.0	0.0
93621	ENSG00000179010	MRFAP1	MRFAP1	1.0	4.0	0.6142103119767917	33.0	0.10681918469161594
116535	ENSG00000172935	MRGPRF	MRGPRF	0.0	0.0	0.3574328625856643	32.0	0.0
51149	ENSG00000283918	MRNIP	MRNIP	1.0	1.0	0.5964976261909645	33.0	0.02593467939960715
83876	ENSG00000134042	MRO	MRO	1.0	5.0	0.40085794187307494	39.0	0.08714303084197281
389690	ENSG00000291473	MROH5	MROH5	0.0	0.0	0.18344651689354227	2.0	0.0
642475	ENSG00000204839	MROH6	MROH6	0.0	0.0	0.36924170970775005	31.0	0.0
140699	ENSG00000101353	MROH8	MROH8	0.0	0.0	0.6079302947370677	19.0	0.0
28998	ENSG00000172172	MRPL13	MRPL13	1.0	1.0	0.362986137950969	50.0	0.015782005997868217
64928	ENSG00000180992	MRPL14	MRPL14	1.0	4.0	0.6164340725265804	53.0	0.1072059256567966
54948	ENSG00000166902	MRPL16	MRPL16	1.0	1.0	0.46135985887474784	4.0	0.020059124298902078
9801	ENSG00000115364	MRPL19	MRPL19	0.0	0.0	0.3492597171829575	32.0	0.0
6150	ENSG00000288141	MRPL23	MRPL23	1.0	3.0	0.482155490504564	31.0	0.06288984658755183
10573	ENSG00000086504	MRPL28	MRPL28	1.0	6.0	0.6995506921087066	49.0	0.18249148489792344
51263	ENSG00000185414	MRPL30	MRPL30	1.0	6.0	0.6207695554518051	2.0	0.16193988403090567
9553	ENSG00000243147	MRPL33	MRPL33	1.0	2.0	0.5567728731192703	2.0	0.04841503244515393
64981	ENSG00000130312	MRPL34	MRPL34	0.0	0.0	0.36670963668241274	8.0	0.0
51318	ENSG00000132313	MRPL35	MRPL35	0.0	0.0	0.3475732812890496	32.0	0.0
51253	ENSG00000116221	MRPL37	MRPL37	1.0	6.0	0.6198474623031562	2.0	0.1616993379921277
51073	ENSG00000105364	MRPL4	MRPL4	1.0	3.0	0.48334605742860265	9.0	0.06304513792546991
28977	ENSG00000198015	MRPL42	MRPL42	0.0	0.0	0.2808274895267737	38.0	0.0
84545	ENSG00000055950	MRPL43	MRPL43	1.0	3.0	0.4509382756203898	33.0	0.058818035950485625
84311	ENSG00000278845	MRPL45	MRPL45	1.0	2.0	0.6462461154930327	2.0	0.05619531439069849
65005	ENSG00000143436	MRPL9	MRPL9	1.0	2.0	0.547237556712292	31.0	0.047585874496721046
64963	ENSG00000181991	MRPS11	MRPS11	1.0	1.0	0.5543863758718591	52.0	0.024103755472689527
51021	ENSG00000182180	MRPS16	MRPS16	1.0	3.0	0.4644743516489282	39.0	0.06058361108464281
55168	ENSG00000096080	MRPS18A	MRPS18A	1.0	2.0	0.5664073689555744	33.0	0.049252814691789076
51023	ENSG00000163319	MRPS18C	MRPS18C	1.0	4.0	0.5036689719961273	8.0	0.08759460382541344
10884	ENSG00000112996	MRPS30	MRPS30	0.0	0.0	0.503513428280326	32.0	0.0
100506674	ENSG00000251141	MRPS30-DT	MRPS30-DT	0.0	0.0	0.4023926200745649	32.0	0.0
51650	ENSG00000090263	MRPS33	MRPS33	1.0	2.0	0.4816518374265214	40.0	0.041882768471871425
64968	ENSG00000243927	MRPS6	MRPS6	1.0	11.0	0.7934155948610011	31.0	0.3794596323248266
51081	ENSG00000125445	MRPS7	MRPS7	1.0	4.0	0.5522575934426158	9.0	0.09604479885958536
51154	ENSG00000053372	MRTO4	MRTO4	1.0	7.0	0.6795612244072743	33.0	0.20682298134134436
10335	ENSG00000072952	IRAG1	MRVI1	1.0	2.0	0.49810284113059167	42.0	0.04331329053309493
219995	ENSG00000166961	MS4A15	MS4A15	0.0	0.0	0.1811210581513038	52.0	0.0
58475	ENSG00000166927	MS4A7	MS4A7	1.0	5.0	0.424083596091682	33.0	0.0921920861068874
345222	ENSG00000188981	MSANTD1	MSANTD1	1.0	9.0	0.6709826937270351	52.0	0.2625584453714485
4436	ENSG00000095002	MSH2	MSH2	0.0	0.0	0.45825871284079756	31.0	0.0
4437	ENSG00000113318	MSH3	MSH3	1.0	4.0	0.5420444262297661	22.0	0.09426859586604627
55167	ENSG00000174579	MSL2	MSL2	0.0	0.0	0.2768640619637942	49.0	0.0
10943	ENSG00000005302	MSL3	MSL3	1.0	4.0	0.7457398119177102	54.0	0.1296938803335148
151507	ENSG00000293137	MSL3B	MSL3P1	1.0	5.0	0.6774280003153682	2.0	0.14726695659029743
6307	ENSG00000052802	MSMO1	MSMO1	1.0	6.0	0.6063942424875997	18.0	0.15818980238806948
4478	ENSG00000147065	MSN	MSN	1.0	6.0	0.39526438243900447	33.0	0.10311244759278378
4482	ENSG00000175806	MSRA	MSRA	1.0	5.0	0.6248264410947924	41.0	0.13583183502060703
22921	ENSG00000148450	MSRB2	MSRB2	1.0	3.0	0.34586582368422186	55.0	0.04511293352402894
253827	ENSG00000174099	MSRB3	MSRB3	0.0	0.0	0.2691219459437834	19.0	0.0
4486	ENSG00000164078	MST1R	MST1R	1.0	3.0	0.6570710441823789	32.0	0.08570491880639725
4487	ENSG00000163132	MSX1	MSX1	1.0	5.0	0.6584313087662496	49.0	0.1431372410361412
4489	ENSG00000205362	MT1A	MT1A	1.0	4.0	0.47582815186319144	33.0	0.08275272206316373
4490	ENSG00000169688	MT1B	MT1B	1.0	5.0	0.48904369282640264	33.0	0.10631384626660927
4493	ENSG00000169715	MT1E	MT1E	1.0	5.0	0.47004880015262906	58.0	0.10218452177231066
4494	ENSG00000198417	MT1F	MT1F	1.0	3.0	0.47182579194892676	58.0	0.061542494602033926
4495	ENSG00000125144	MT1G	MT1G	1.0	7.0	0.4872580959196116	33.0	0.14829594223640355
4498	ENSG00000290662	MT1JP	MT1JP	1.0	3.0	0.45760842339603125	33.0	0.05968805522556929
4499	ENSG00000205364	MT1M	MT1M	1.0	9.0	0.47428706150320954	33.0	0.1855905892838646
4501	ENSG00000187193	MT1X	MT1X	1.0	7.0	0.45651484885101085	33.0	0.1389393018242207
4502	ENSG00000125148	MT2A	MT2A	1.0	5.0	0.49821759225733614	40.0	0.10830817222985568
9219	ENSG00000149480	MTA2	MTA2	1.0	2.0	0.3844314288869948	49.0	0.03342881990321694
57504	ENSG00000057935	MTA3	MTA3	1.0	4.0	0.7778963416589687	18.0	0.13528632028851628
4507	ENSG00000099810	MTAP	MTAP	0.0	0.0	0.30360901212895136	10.0	0.0
27085	ENSG00000172167	MTBP	MTBP	1.0	2.0	0.6485932953982387	32.0	0.05639941699115119
23787	ENSG00000137409	MTCH1	MTCH1	1.0	5.0	0.6783482244445259	33.0	0.14746700531402737
23788	ENSG00000285121	MTCH2	MTCH2	1.0	3.0	0.4691322702743272	33.0	0.06119116568795572
23255	ENSG00000168502	MTCL1	MTCL1	0.0	0.0	0.44032741601425485	32.0	0.0
92140	ENSG00000147649	MTDH	MTDH	0.0	0.0	0.5049537464760232	32.0	0.0
80298	ENSG00000120832	MTERF2	MTERF2	1.0	3.0	0.5912190211938942	53.0	0.07711552450355143
51001	ENSG00000156469	MTERF3	MTERF3	0.0	0.0	0.37984839676142046	32.0	0.0
22823	ENSG00000143033	MTF2	MTF2	0.0	0.0	0.5743175586618047	31.0	0.0
51537	ENSG00000242114	MTFP1	MTFP1	0.0	0.0	0.22423587842899234	33.0	0.0
9650	ENSG00000066855	MTFR1	MTFR1	1.0	1.0	0.37131909899952203	55.0	0.016144308652153133
56181	ENSG00000117640	MTFR1L	MTFR1L	1.0	2.0	0.4578467431892528	49.0	0.039812760277326324
92170	ENSG00000148824	MTG1	MTG1	0.0	0.0	0.453921091529992	32.0	0.0
25902	ENSG00000120254	MTHFD1L	MTHFD1L	1.0	6.0	0.6627534876757135	54.0	0.1728922141762731
10797	ENSG00000065911	MTHFD2	MTHFD2	1.0	1.0	0.2999354030570844	32.0	0.013040669698134104
441024	ENSG00000163738	MTHFD2L	MTHFD2L	1.0	1.0	0.5174283978008841	42.0	0.022496886860908005
4534	ENSG00000171100	MTM1	MTM1	1.0	8.0	0.5112433561213321	52.0	0.17782377604220245
54893	ENSG00000277086	MTMR10	MTMR10	0.0	0.0	0.24167119244047125	32.0	0.0
10903	ENSG00000014914	MTMR11	MTMR11	1.0	1.0	0.5182560640494501	52.0	0.022532872349976092
54545	ENSG00000150712	MTMR12	MTMR12	1.0	4.0	0.7575806211644049	53.0	0.13175315150685302
8898	ENSG00000087053	MTMR2	MTMR2	0.0	0.0	0.2137639914765481	32.0	0.0
66036	ENSG00000104643	MTMR9	MTMR9	1.0	3.0	0.6288285333848677	40.0	0.08202111305020013
2475	ENSG00000198793	MTOR	MTOR	1.0	2.0	0.5497708669484852	31.0	0.04780616234334654
55149	ENSG00000107951	MTPAP	MTPAP	0.0	0.0	0.5370722641919065	32.0	0.0
4548	ENSG00000116984	MTR	MTR	1.0	2.0	0.657439887217581	33.0	0.05716868584500704
9788	ENSG00000170873	MTSS1	MTSS1	1.0	1.0	0.34501706909426844	32.0	0.01500074213453341
4547	ENSG00000138823	MTTP	MTTP	1.0	1.0	0.2661629968912742	32.0	0.011572304212664095
23281	ENSG00000132938	MTUS2	MTUS2	0.0	0.0	0.5757293899027599	32.0	0.0
10651	ENSG00000128654	MTX2	MTX2	1.0	4.0	0.4839389567428258	51.0	0.08416329682483926
79594	ENSG00000090432	MUL1	MUL1	0.0	0.0	0.20160689079333455	32.0	0.0
139221	ENSG00000157502	PWWP3B	MUM1L1	1.0	4.0	0.5699472032903474	3.0	0.09912125274614737
80198	ENSG00000172732	MUS81	MUS81	1.0	4.0	0.6680465961631137	7.0	0.11618201672401977
4594	ENSG00000146085	MMUT	MUT	1.0	2.0	0.5727185669004964	40.0	0.049801614513086644
89853	ENSG00000196814	MVB12B	MVB12B	0.0	0.0	0.39363774522044476	32.0	0.0
4597	ENSG00000167508	MVD	MVD	1.0	5.0	0.6382233992355321	18.0	0.13874421722511565
9961	ENSG00000013364	MVP	MVP	0.0	0.0	0.21021789219421866	32.0	0.0
4599	ENSG00000157601	MX1	MX1	0.0	0.0	0.1277245565798108	32.0	0.0
4084	ENSG00000059728	MXD1	MXD1	1.0	2.0	0.6110855085391821	32.0	0.053137870307754964
10608	ENSG00000123933	MXD4	MXD4	1.0	3.0	0.6967106377929447	8.0	0.09087530058168844
4601	ENSG00000119950	MXI1	MXI1	1.0	1.0	0.4044935051523315	49.0	0.017586674137057893
439921	ENSG00000182534	MXRA7	MXRA7	0.0	0.0	0.2940919050253155	39.0	0.0
54587	ENSG00000162576	MXRA8	MXRA8	1.0	2.0	0.43341905659819246	52.0	0.03768861361723413
91663	ENSG00000179820	MYADM	MYADM	1.0	6.0	0.6155406349170035	18.0	0.1605758178044357
4602	ENSG00000118513	MYB	MYB	1.0	9.0	0.6431701443825499	53.0	0.2516752738888239
10514	ENSG00000132382	MYBBP1A	MYBBP1A	0.0	0.0	0.47846936223241204	32.0	0.0
4603	ENSG00000185697	MYBL1	MYBL1	0.0	0.0	0.07774661074975993	60.0	0.0
4604	ENSG00000196091	MYBPC1	MYBPC1	1.0	6.0	0.5187462619482608	39.0	0.13532511181258977
4608	ENSG00000133055	MYBPH	MYBPH	1.0	1.0	0.48766647331410345	52.0	0.021202890144091453
343263	ENSG00000221986	MYBPHL	MYBPHL	1.0	1.0	0.5254960939310493	31.0	0.02284765625787171
4609	ENSG00000136997	MYC	MYC	1.0	1.0	0.3093767770363202	31.0	0.013451164218970444
23077	ENSG00000005810	MYCBP2	MYCBP2	1.0	5.0	0.6843178033739542	36.0	0.1487647398639031
4610	ENSG00000116990	MYCL	MYCL	0.0	0.0	0.528158566735319	31.0	0.0
10408	ENSG00000233718	MYCNOS	MYCNOS	1.0	3.0	0.5426140085400384	40.0	0.07077574024435283
80177	ENSG00000120279	MYCT1	MYCT1	0.0	0.0	0.24150372183010052	53.0	0.0
50804	ENSG00000104177	MYEF2	MYEF2	1.0	2.0	0.6464317454018886	40.0	0.056211456121903355
4628	ENSG00000133026	MYH10	MYH10	1.0	5.0	0.5901817093183741	49.0	0.1283003715909509
22989	ENSG00000144821	MYH15	MYH15	1.0	3.0	0.4488116517436445	40.0	0.05854065022743189
4625	ENSG00000092054	MYH7	MYH7	1.0	6.0	0.6917806331034337	52.0	0.18046451298350444
57644	ENSG00000078814	MYH7B	MYH7B	0.0	0.0	0.2942607425250049	32.0	0.0
10627	ENSG00000101608	MYL12A	MYL12A	0.0	0.0	0.24554933322446515	32.0	0.0
103910	ENSG00000118680	MYL12B	MYL12B	1.0	8.0	0.5951435428762337	40.0	0.20700644969608128
4636	ENSG00000215375	MYL5	MYL5	1.0	10.0	0.6334607281962414	60.0	0.2754177079114093
4637	ENSG00000092841	MYL6	MYL6	1.0	6.0	0.42463363852203956	41.0	0.11077399265792336
29116	ENSG00000007944	MYLIP	MYLIP	1.0	10.0	0.6463625428474494	49.0	0.2810271925423693
4638	ENSG00000065534	MYLK	MYLK	0.0	0.0	0.12988844493789464	19.0	0.0
51168	ENSG00000091536	MYO15A	MYO15A	0.0	0.0	0.4686860912353809	34.0	0.0
23026	ENSG00000041515	MYO16	MYO16	1.0	7.0	0.7098000569989888	31.0	0.2160261043040401
80179	ENSG00000278259	MYO19	MYO19	1.0	1.0	0.43345850200464575	2.0	0.018846021826288945
4430	ENSG00000128641	MYO1B	MYO1B	0.0	0.0	0.3962002140655664	32.0	0.0
4542	ENSG00000142347	MYO1F	MYO1F	1.0	4.0	0.4791975843055324	55.0	0.08333871031400562
4644	ENSG00000197535	MYO5A	MYO5A	1.0	2.0	0.503025075195137	3.0	0.043741310886533644
4645	ENSG00000167306	MYO5B	MYO5B	1.0	2.0	0.5204616132964868	16.0	0.04525753159099885
55930	ENSG00000128833	MYO5C	MYO5C	1.0	2.0	0.6424864012318714	31.0	0.0558683827158149
4647	ENSG00000137474	MYO7A	MYO7A	1.0	6.0	0.7167994827682664	65.0	0.18699116941780863
8736	ENSG00000101605	MYOM1	MYOM1	1.0	3.0	0.46721991111648825	33.0	0.06094172753693325
9172	ENSG00000036448	MYOM2	MYOM2	1.0	2.0	0.48864391491004056	33.0	0.042490775209568746
57462	ENSG00000164976	MYORG	MYORG	0.0	0.0	0.36255723343134966	32.0	0.0
91977	ENSG00000164591	MYOZ3	MYOZ3	1.0	1.0	0.2510259308350734	31.0	0.010914170905872756
339344	ENSG00000176182	MYPOP	MYPOP	1.0	2.0	0.5281737380435095	36.0	0.04592815113421822
25924	ENSG00000170011	MYRIP	MYRIP	1.0	8.0	0.7076216239983119	31.0	0.24612926052115194
114803	ENSG00000162601	MYSM1	MYSM1	0.0	0.0	0.4156645875823439	32.0	0.0
4661	ENSG00000276876	MYT1	MYT1	1.0	3.0	0.4786151607185672	33.0	0.06242806444155224
23040	ENSG00000186487	MYT1L	MYT1L	1.0	1.0	0.6123483468996345	33.0	0.026623841169549325
653784	ENSG00000173272	MZT2A	MZT2A	1.0	4.0	0.6690524865814467	18.0	0.11635695418807768
80097	ENSG00000292119	MZT2B	MZT2B	1.0	6.0	0.6959810166211747	18.0	0.18156026520552385
55728	ENSG00000078177	N4BP2	N4BP2	1.0	1.0	0.5414907925228423	55.0	0.02354307793577575
90634	ENSG00000139597	N4BP2L1	N4BP2L1	1.0	4.0	0.826019647972071	36.0	0.1436555909516645
10443	ENSG00000244754	N4BP2L2	N4BP2L2	0.0	0.0	0.32516177017783443	19.0	0.0
29104	ENSG00000156239	HEMK2	N6AMT1	0.0	0.0	0.35912238877471536	32.0	0.0
8260	ENSG00000102030	NAA10	NAA10	1.0	6.0	0.6143783372034781	49.0	0.16027260970525517
79612	ENSG00000172766	NAA16	NAA16	0.0	0.0	0.39459776487735143	31.0	0.0
51126	ENSG00000173418	NAA20	NAA20	1.0	2.0	0.5526058878620397	2.0	0.04805268590104693
27163	ENSG00000138744	NAAA	NAAA	0.0	0.0	0.3935262411804514	31.0	0.0
10003	ENSG00000077616	NAALAD2	NAALAD2	1.0	1.0	0.4530785140863245	31.0	0.019699065829840195
4664	ENSG00000138386	NAB1	NAB1	1.0	1.0	0.5242131286302	32.0	0.02279187515783478
64859	ENSG00000173559	NABP1	NABP1	1.0	6.0	0.6347992548992476	31.0	0.16559980562589066
79035	ENSG00000139579	NABP2	NABP2	1.0	5.0	0.607699747633119	33.0	0.13210864078980847
138151	ENSG00000148411	NACC2	NACC2	1.0	2.0	0.3264350553616935	60.0	0.028385656987973344
133686	ENSG00000152620	NADK2	NADK2	1.0	9.0	0.6074621111328985	18.0	0.23770256522591682
4668	ENSG00000198951	NAGA	NAGA	1.0	4.0	0.4784393170814175	49.0	0.08320683775329
55577	ENSG00000124357	NAGK	NAGK	1.0	4.0	0.5008857211402181	18.0	0.0871105601982988
4669	ENSG00000108784	NAGLU	NAGLU	1.0	1.0	0.3513400974858453	49.0	0.015275656412428057
51172	ENSG00000103174	NAGPA	NAGPA	0.0	0.0	0.5336281756928303	32.0	0.0
101928483	ENSG00000237886	NALT1	NALT1	1.0	4.0	0.47167914592805865	33.0	0.08203115581357541
10135	ENSG00000105835	NAMPT	NAMPT	1.0	2.0	0.5370833619981482	33.0	0.04670290104331724
340719	ENSG00000188613	NANOS1	NANOS1	1.0	10.0	0.6335827408264894	49.0	0.2754707568810823
342977	ENSG00000187556	NANOS3	NANOS3	1.0	4.0	0.5618601019953067	40.0	0.09771480034700986
4673	ENSG00000187109	NAP1L1	NAP1L1	0.0	0.0	0.35632094546411436	32.0	0.0
4674	ENSG00000186462	NAP1L2	NAP1L2	0.0	0.0	0.47431617032857265	32.0	0.0
8775	ENSG00000105402	NAPA	NAPA	1.0	2.0	0.5053338961481119	8.0	0.04394207792592277
222236	ENSG00000161048	NAPEPLD	NAPEPLD	1.0	2.0	0.5070863074183819	32.0	0.0440944615146419
9476	ENSG00000131400	NAPSA	NAPSA	0.0	0.0	0.35082069368484653	33.0	0.0
256236	ENSG00000291230	NAPSB	NAPSB	1.0	1.0	0.31682666407526233	32.0	0.013775072351098362
26502	ENSG00000141562	NARF	NARF	1.0	3.0	0.561275033080942	7.0	0.07320978692360113
4677	ENSG00000134440	NARS1	NARS	0.0	0.0	0.30448680902122116	31.0	0.0
339983	ENSG00000185818	ASPNAT	NAT8L	0.0	0.0	0.3358761334474116	40.0	0.0
89796	ENSG00000134369	NAV1	NAV1	1.0	8.0	0.5973693012645563	24.0	0.2077806265268022
89797	ENSG00000166833	NAV2	NAV2	1.0	3.0	0.4690834050345586	1.0	0.061184791961029376
89795	ENSG00000067798	NAV3	NAV3	1.0	10.0	0.8071424019339112	18.0	0.3509314791017005
128240	ENSG00000163382	NAXE	NAXE	1.0	4.0	0.5206276883485768	40.0	0.09054394579975247
51594	ENSG00000151779	NBAS	NBAS	1.0	4.0	0.6164625666631476	33.0	0.10721088115880827
550643	ENSG00000204272	NBDY	NBDY	1.0	14.0	0.7320967472330113	55.0	0.4456241070113982
26960	ENSG00000172915	NBEA	NBEA	1.0	3.0	0.6216316195061546	33.0	0.0810823851529767
65065	ENSG00000144426	NBEAL1	NBEAL1	1.0	4.0	0.4393415632610379	33.0	0.07640722839322397
84224	ENSG00000142794	NBPF3	NBPF3	1.0	1.0	0.4465656702992413	33.0	0.019415898708662664
4077	ENSG00000188554	NBR1	NBR1	1.0	1.0	0.39648713830332966	60.0	0.01723857123057955
83988	ENSG00000104490	NCALD	NCALD	1.0	1.0	0.659608760477591	16.0	0.02867864175989526
4685	ENSG00000154654	NCAM2	NCAM2	1.0	10.0	0.7185036343335556	31.0	0.31239288449285024
1463	ENSG00000130287	NCAN	NCAN	1.0	9.0	0.6966863951818271	52.0	0.27261641550593235
9918	ENSG00000010292	NCAPD2	NCAPD2	0.0	0.0	0.34725386465335834	32.0	0.0
4686	ENSG00000136937	NCBP1	NCBP1	1.0	2.0	0.32898460360269727	32.0	0.028607356835017153
22916	ENSG00000114503	NCBP2	NCBP2	1.0	2.0	0.4801643788657167	40.0	0.041753424249192754
152217	ENSG00000270170	NCBP2AS2	NCBP2-AS2	1.0	5.0	0.5597924420614081	33.0	0.12169400914378437
57552	ENSG00000144959	NCEH1	NCEH1	0.0	0.0	0.3103649646033285	52.0	0.0
654817	ENSG00000296524	NCF1C	NCF1C	1.0	3.0	0.39289600917057055	4.0	0.05124730554398746
4690	ENSG00000158092	NCK1	NCK1	0.0	0.0	0.3923707055071128	33.0	0.0
8440	ENSG00000071051	NCK2	NCK2	1.0	2.0	0.525195130034554	16.0	0.04566914174213513
10787	ENSG00000061676	NCKAP1	NCKAP1	1.0	4.0	0.5883507041901072	40.0	0.1023218615982795
344148	ENSG00000176771	NCKAP5	NCKAP5	1.0	3.0	0.31266221789410176	53.0	0.04078202842096979
51517	ENSG00000213672	NCKIPSD	NCKIPSD	1.0	2.0	0.43118032870968986	31.0	0.03749394162692955
8202	ENSG00000124151	NCOA3	NCOA3	0.0	0.0	0.34518301816221214	31.0	0.0
8031	ENSG00000266412	NCOA4	NCOA4	0.0	0.0	0.351284084160634	32.0	0.0
9611	ENSG00000141027	NCOR1	NCOR1	1.0	4.0	0.696162269753082	51.0	0.12107169908749253
9612	ENSG00000196498	NCOR2	NCOR2	1.0	2.0	0.6714676507044643	31.0	0.058388491365605595
9436	ENSG00000096264	NCR2	NCR2	1.0	3.0	0.41236149894386664	52.0	0.053786282470939126
23413	ENSG00000107130	NCS1	NCS1	1.0	3.0	0.6480627208214511	31.0	0.0845299201071458
23385	ENSG00000162736	NCSTN	NCSTN	1.0	3.0	0.4037417285163642	32.0	0.05266196458909098
81565	ENSG00000166579	NDEL1	NDEL1	0.0	0.0	0.42023122046915506	32.0	0.0
54602	ENSG00000102471	NDFIP2	NDFIP2	1.0	2.0	0.47668132562981985	33.0	0.041450550054766944
57447	ENSG00000165795	NDRG2	NDRG2	1.0	4.0	0.4596897943599938	55.0	0.07994605119304239
57446	ENSG00000101079	NDRG3	NDRG3	0.0	0.0	0.32238018009973823	40.0	0.0
65009	ENSG00000103034	NDRG4	NDRG4	1.0	2.0	0.5745678716009223	3.0	0.049962423617471496
3340	ENSG00000070614	NDST1	NDST1	1.0	3.0	0.5019272489732383	33.0	0.06546877160520499
8509	ENSG00000166507	NDST2	NDST2	1.0	5.0	0.6876586955923764	51.0	0.1494910207809514
9348	ENSG00000164100	NDST3	NDST3	0.0	0.0	0.4867009035422153	32.0	0.0
4705	ENSG00000130414	NDUFA10	NDUFA10	1.0	1.0	0.5924798772911364	32.0	0.025759994664832017
55967	ENSG00000184752	NDUFA12	NDUFA12	1.0	2.0	0.3332784380158784	38.0	0.028980733740511168
4696	ENSG00000170906	NDUFA3	NDUFA3	1.0	2.0	0.42006882180442384	40.0	0.03652772363516729
100132273	ENSG00000237037	NDUFA6-DT	NDUFA6-AS1	1.0	6.0	0.7036248409279385	18.0	0.18355430632902744
4702	ENSG00000119421	NDUFA8	NDUFA8	1.0	1.0	0.4641061215236201	33.0	0.02017852702276609
4704	ENSG00000139180	NDUFA9	NDUFA9	1.0	3.0	0.49381071687820344	9.0	0.06441009350585263
4706	ENSG00000004779	NDUFAB1	NDUFAB1	1.0	2.0	0.5030276391423503	40.0	0.04374153383846524
51103	ENSG00000137806	NDUFAF1	NDUFAF1	1.0	6.0	0.5779134045068571	33.0	0.15076001856700622
91942	ENSG00000164182	NDUFAF2	NDUFAF2	0.0	0.0	0.43248138600664443	53.0	0.0
29078	ENSG00000123545	NDUFAF4	NDUFAF4	1.0	2.0	0.3816140264978932	3.0	0.03318382839112115
284184	ENSG00000224877	NDUFAF8	NDUFAF8	1.0	13.0	0.5254293083277791	32.0	0.29698178296787514
4709	ENSG00000119013	NDUFB3	NDUFB3	1.0	4.0	0.4998067439079119	49.0	0.08692291198398468
4714	ENSG00000166136	NDUFB8	NDUFB8	1.0	3.0	0.5315788300089141	40.0	0.06933636913159749
4718	ENSG00000151366	NDUFC2	NDUFC2	1.0	9.0	0.7791627873372599	18.0	0.3048897863493626
4720	ENSG00000158864	NDUFS2	NDUFS2	1.0	3.0	0.5433098403101525	8.0	0.07086650091001989
4723	ENSG00000167792	NDUFV1	NDUFV1	1.0	1.0	0.5158226265587965	33.0	0.022427070719947675
4729	ENSG00000178127	NDUFV2	NDUFV2	1.0	1.0	0.41182707782162764	32.0	0.017905525122679462
283131	ENSG00000245532	NEAT1	NEAT1	0.0	0.0	0.1702851927819403	32.0	0.0
4703	ENSG00000183091	NEB	NEB	0.0	0.0	0.2970798360526665	52.0	0.0
10529	ENSG00000078114	NEBL	NEBL	1.0	1.0	0.34956583726236085	49.0	0.015198514663580905
64168	ENSG00000123119	NECAB1	NECAB1	1.0	2.0	0.5307766429424653	33.0	0.046154490690649155
54550	ENSG00000103154	NECAB2	NECAB2	1.0	17.0	0.8076058517810849	49.0	0.5969260643599322
63941	ENSG00000125967	NECAB3	NECAB3	0.0	0.0	0.49922536995100414	32.0	0.0
55707	ENSG00000157191	NECAP2	NECAP2	1.0	3.0	0.4318605132226384	53.0	0.05632963215947458
5818	ENSG00000110400	NECTIN1	NECTIN1	1.0	5.0	0.7180874078657923	60.0	0.15610595823169396
5819	ENSG00000130202	NECTIN2	NECTIN2	1.0	4.0	0.5179887720929374	33.0	0.09008500384224997
25945	ENSG00000177707	NECTIN3	NECTIN3	1.0	5.0	0.5850779414511315	40.0	0.1271908568372025
4734	ENSG00000069869	NEDD4	NEDD4	1.0	2.0	0.4196971010981953	33.0	0.03649540009549524
23327	ENSG00000049759	NEDD4L	NEDD4L	1.0	6.0	0.7921124877388844	53.0	0.20663804027970897
4738	ENSG00000285246	NEDD8	NEDD8	1.0	1.0	0.5853170426007541	40.0	0.025448567069598006
4744	ENSG00000100285	NEFH	NEFH	0.0	0.0	0.19558104710735907	39.0	0.0
4747	ENSG00000277586	NEFL	NEFL	1.0	1.0	0.2438888455391204	53.0	0.010603862849526973
4741	ENSG00000104722	NEFM	NEFM	0.0	0.0	0.14595101239498387	39.0	0.0
257194	ENSG00000172260	NEGR1	NEGR1	1.0	2.0	0.6375136580125498	51.0	0.05543597026196085
79661	ENSG00000140398	NEIL1	NEIL1	0.0	0.0	0.636847873624	31.0	0.0
4750	ENSG00000137601	NEK1	NEK1	0.0	0.0	0.2929209511767983	31.0	0.0
152110	ENSG00000163491	NEK10	NEK10	1.0	3.0	0.7109941333242923	53.0	0.09273836521621204
79858	ENSG00000114670	NEK11	NEK11	0.0	0.0	0.34175409320106576	33.0	0.0
10783	ENSG00000119408	NEK6	NEK6	1.0	11.0	0.6677789022862548	52.0	0.3193725184847306
140609	ENSG00000151414	NEK7	NEK7	1.0	5.0	0.4859903034130158	5.0	0.10565006595935125
7936	ENSG00000206357	NELFE	NELFE	1.0	8.0	0.4774427625479827	53.0	0.16606704784277657
4745	ENSG00000165973	NELL1	NELL1	1.0	4.0	0.7390407622579913	49.0	0.1285288282187811
4753	ENSG00000184613	NELL2	NELL2	1.0	5.0	0.7792764397823682	33.0	0.16940792169181915
29937	ENSG00000117691	NENF	NENF	1.0	2.0	0.3979874172198383	32.0	0.034607601497377245
4756	ENSG00000067141	NEO1	NEO1	1.0	1.0	0.33907455140175874	54.0	0.014742371800076466
81832	ENSG00000166342	NETO1	NETO1	1.0	1.0	0.5847915833372247	31.0	0.025425721014661944
81831	ENSG00000171208	NETO2	NETO2	1.0	1.0	0.44048322590600664	1.0	0.019151444604608985
4758	ENSG00000234343	NEU1	NEU1	1.0	1.0	0.5652401511315118	33.0	0.02457565874484834
129807	ENSG00000277926	NEU4	NEU4	0.0	0.0	0.24805132176640607	32.0	0.0
9148	ENSG00000107954	NEURL1	NEURL1	1.0	5.0	0.7534859062620589	49.0	0.1638012839700128
54492	ENSG00000214357	NEURL1B	NEURL1B	1.0	12.0	0.8232444398551066	52.0	0.42951883818527303
93082	ENSG00000163121	NEURL3	NEURL3	1.0	3.0	0.6166183831779498	33.0	0.08042848476234128
84461	ENSG00000288301	NEURL4	NEURL4	1.0	4.0	0.6207853621671922	40.0	0.1079626716812508
4760	ENSG00000162992	NEUROD1	NEUROD1	1.0	6.0	0.7710834202575673	54.0	0.20115219658893058
4761	ENSG00000171532	NEUROD2	NEUROD2	1.0	3.0	0.7232274533198517	8.0	0.09433401565041544
63974	ENSG00000164600	NEUROD6	NEUROD6	1.0	8.0	0.7392993857953211	31.0	0.25714761245054646
340533	ENSG00000050030	NEXMIF	NEXMIF	1.0	5.0	0.7845369787671023	55.0	0.1705515171232831
91624	ENSG00000162614	NEXN	NEXN	0.0	0.0	0.30670812469679604	10.0	0.0
4771	ENSG00000186575	NF2	NF2	1.0	1.0	0.5341411518232926	32.0	0.023223528340143153
10725	ENSG00000102908	NFAT5	NFAT5	1.0	2.0	0.6020250194412824	3.0	0.052350001690546294
4772	ENSG00000131196	NFATC1	NFATC1	1.0	2.0	0.3932140247322432	32.0	0.034192523889760275
84901	ENSG00000176953	NFATC2IP	NFATC2IP	0.0	0.0	0.48981533597109306	52.0	0.0
4780	ENSG00000116044	NFE2L2	NFE2L2	0.0	0.0	0.37996482994645425	55.0	0.0
9603	ENSG00000050344	NFE2L3	NFE2L3	1.0	1.0	0.30465553376196014	31.0	0.013245892772259136
4774	ENSG00000162599	NFIA	NFIA	1.0	1.0	0.43745119914937836	40.0	0.019019617354320797
4781	ENSG00000147862	NFIB	NFIB	1.0	8.0	0.7125150043793954	53.0	0.24783130587109406
4782	ENSG00000141905	NFIC	NFIC	1.0	2.0	0.3545204562880512	31.0	0.030827865764178362
4783	ENSG00000165030	NFIL3	NFIL3	1.0	1.0	0.3875940416516504	32.0	0.016851914854419583
4784	ENSG00000008441	NFIX	NFIX	1.0	1.0	0.4456383991430055	32.0	0.019375582571435023
4790	ENSG00000109320	NFKB1	NFKB1	0.0	0.0	0.34472098220040737	59.0	0.0
4792	ENSG00000100906	NFKBIA	NFKBIA	0.0	0.0	0.3094771588301459	38.0	0.0
4794	ENSG00000146232	NFKBIE	NFKBIE	1.0	5.0	0.6609015203927673	18.0	0.14367424356364505
64332	ENSG00000144802	NFKBIZ	NFKBIZ	0.0	0.0	0.3194434053714002	32.0	0.0
27247	ENSG00000169599	NFU1	NFU1	1.0	5.0	0.6321520230193199	40.0	0.13742435283028695
4799	ENSG00000086102	NFX1	NFX1	1.0	1.0	0.6297835372974231	31.0	0.027381892925974916
4802	ENSG00000066136	NFYC	NFYC	0.0	0.0	0.4455065212426951	31.0	0.0
58157	ENSG00000165553	NGB	NGB	0.0	0.0	0.5063423369480644	58.0	0.0
25791	ENSG00000066248	NGEF	NGEF	0.0	0.0	0.48990898055365517	32.0	0.0
55768	ENSG00000151092	NGLY1	NGLY1	0.0	0.0	0.351030388519111	32.0	0.0
51335	ENSG00000182768	NGRN	NGRN	1.0	2.0	0.5852458620669188	9.0	0.05089094452755815
374354	ENSG00000196865	NHLRC2	NHLRC2	1.0	1.0	0.5108210669846476	32.0	0.022209611608028156
55651	ENSG00000145912	NHP2	NHP2	1.0	5.0	0.6667951800346422	53.0	0.1449554739205744
57224	ENSG00000135540	NHSL1	NHSL1	1.0	6.0	0.5551828980330067	33.0	0.14483032122600173
84276	ENSG00000145029	NICN1	NICN1	1.0	5.0	0.6885228402905359	49.0	0.14967887832402954
60491	ENSG00000196290	NIF3L1	NIF3L1	1.0	1.0	0.4975353839718145	33.0	0.021631973216165848
84365	ENSG00000155438	NIFK	NIFK	0.0	0.0	0.4671593680923236	60.0	0.0
167359	ENSG00000177453	NIM1K	NIM1K	1.0	1.0	0.7219869551243153	33.0	0.031390737179318055
22981	ENSG00000101004	NINL	NINL	1.0	3.0	0.44537265683323746	52.0	0.058092085673900534
123606	ENSG00000288478	NIPA1	NIPA1	0.0	0.0	0.3488161165534436	32.0	0.0
79815	ENSG00000104361	NIPAL2	NIPAL2	1.0	1.0	0.4981520947493082	2.0	0.02165878672823079
57185	ENSG00000001461	NIPAL3	NIPAL3	0.0	0.0	0.19666815328963222	32.0	0.0
25836	ENSG00000164190	NIPBL	NIPBL	1.0	1.0	0.4387503376236327	32.0	0.019076101635810118
2631	ENSG00000146729	NIPSNAP2	NIPSNAP2	1.0	1.0	0.40671384492039575	33.0	0.01768321064871286
25934	ENSG00000136783	NIPSNAP3A	NIPSNAP3A	1.0	9.0	0.6120449964944497	31.0	0.23949586819348032
11188	ENSG00000010322	NISCH	NISCH	1.0	8.0	0.7252007352553799	52.0	0.2522437340018713
56954	ENSG00000114021	NIT2	NIT2	1.0	12.0	0.746650691774341	49.0	0.38955688266487354
154215	ENSG00000188580	NKAIN2	NKAIN2	1.0	10.0	0.6454460958536613	18.0	0.28062873732767885
286183	ENSG00000185942	NKAIN3	NKAIN3	1.0	8.0	0.5626621305789173	5.0	0.1957085671578843
128414	ENSG00000101198	NKAIN4	NKAIN4	1.0	7.0	0.6021665984266752	5.0	0.18326809517333595
158801	ENSG00000293328	NKAPP1	NKAPP1	0.0	0.0	0.38329875916092915	33.0	0.0
85409	ENSG00000145506	NKD2	NKD2	1.0	5.0	0.7226916123664352	18.0	0.15710687225357287
390010	ENSG00000229544	NKX1-2	NKX1-2	0.0	0.0	0.4331921396085517	32.0	0.0
4824	ENSG00000167034	NKX3-1	NKX3-1	0.0	0.0	0.1934717772174264	10.0	0.0
84504	ENSG00000148826	NKX6-2	NKX6-2	0.0	0.0	0.2662440343407592	32.0	0.0
157848	ENSG00000165066	NKX6-3	NKX6-3	0.0	0.0	0.485302762823421	32.0	0.0
54475	ENSG00000073536	NLE1	NLE1	1.0	8.0	0.6210606195668401	39.0	0.216021085066727
22871	ENSG00000169760	NLGN1	NLGN1	1.0	4.0	0.6698589310499983	52.0	0.11649720539999969
54413	ENSG00000196338	NLGN3	NLGN3	1.0	4.0	0.6237417686202338	9.0	0.10847682932525804
57502	ENSG00000146938	NLGN4X	NLGN4X	0.0	0.0	0.5329279637846664	33.0	0.0
51701	ENSG00000087095	NLK	NLK	1.0	3.0	0.5918516812098442	55.0	0.07719804537519707
57486	ENSG00000123213	NLN	NLN	0.0	0.0	0.37816127968823166	32.0	0.0
4832	ENSG00000103024	NME3	NME3	1.0	2.0	0.41616333101922437	53.0	0.03618811574080212
8382	ENSG00000112981	NME5	NME5	1.0	1.0	0.6312592862517091	32.0	0.027446055923987352
29922	ENSG00000143156	NME7	NME7	1.0	2.0	0.4931452611579614	40.0	0.04288219662243143
23057	ENSG00000157064	NMNAT2	NMNAT2	1.0	3.0	0.5934399972082651	33.0	0.07740521702716502
349565	ENSG00000163864	NMNAT3	NMNAT3	1.0	10.0	0.624185895603457	18.0	0.2713851720015031
54981	ENSG00000106733	NMRK1	NMRK1	1.0	1.0	0.49416082039887854	31.0	0.021485253060820806
4836	ENSG00000136448	NMT1	NMT1	1.0	4.0	0.727393689390582	33.0	0.12650325032879686
9397	ENSG00000152465	NMT2	NMT2	1.0	2.0	0.7409615209287275	2.0	0.06443143660249803
10874	ENSG00000109255	NMU	NMU	1.0	1.0	0.6326455663462712	31.0	0.02750632897157701
4826	ENSG00000053438	NNAT	NNAT	1.0	11.0	0.7099369396293969	49.0	0.3395350580836246
4837	ENSG00000166741	NNMT	NNMT	1.0	1.0	0.5201386121131472	52.0	0.022614722265789006
28987	ENSG00000141101	NOB1	NOB1	0.0	0.0	0.31932261704782294	31.0	0.0
64318	ENSG00000173145	NOC3L	NOC3L	0.0	0.0	0.3694428676763664	31.0	0.0
8996	ENSG00000140939	NOL3	NOL3	1.0	4.0	0.3178788434689181	59.0	0.05528327712502923
8715	ENSG00000101746	NOL4	NOL4	1.0	7.0	0.8108967921926079	18.0	0.24679467588470677
140688	ENSG00000197183	NOL4L	NOL4L	1.0	4.0	0.7138600270398984	18.0	0.12414956991998233
55035	ENSG00000291347	NOL8	NOL8	1.0	1.0	0.4339063345818459	32.0	0.018865492807906344
79707	ENSG00000162408	NOL9	NOL9	1.0	11.0	0.7507025341149686	49.0	0.35903164675063715
23420	ENSG00000274779	NOMO1	NOMO1	1.0	2.0	0.6695762113182164	31.0	0.05822401837549708
4841	ENSG00000147140	NONO	NONO	1.0	1.0	0.5029800181162782	31.0	0.021868696439838183
8602	ENSG00000087269	NOP14	NOP14	0.0	0.0	0.35210981960784965	32.0	0.0
51491	ENSG00000048162	NOP16	NOP16	1.0	3.0	0.5309094371416602	40.0	0.06924905701847742
29997	ENSG00000105373	NOP53	NOP53	0.0	0.0	0.3669134856857374	32.0	0.0
51602	ENSG00000055044	NOP58	NOP58	0.0	0.0	0.5505148202084869	32.0	0.0
4842	ENSG00000089250	NOS1	NOS1	0.0	0.0	0.4439981639079058	32.0	0.0
9722	ENSG00000198929	NOS1AP	NOS1AP	1.0	4.0	0.7057816551324435	33.0	0.12274463567520756
4843	ENSG00000007171	NOS2	NOS2	1.0	1.0	0.5117068461128333	2.0	0.022248123744036234
4846	ENSG00000164867	NOS3	NOS3	1.0	1.0	0.269072094382373	49.0	0.011698786712277087
115677	ENSG00000163072	NOSTRIN	NOSTRIN	0.0	0.0	0.24718753471580543	32.0	0.0
4857	ENSG00000139910	NOVA1	NOVA1	0.0	0.0	0.4165622903371	32.0	0.0
4858	ENSG00000104967	NOVA2	NOVA2	1.0	8.0	0.7741051488753242	49.0	0.26925396482619973
124056	ENSG00000196408	NOXO1	NOXO1	0.0	0.0	0.6229321082008694	32.0	0.0
23742	ENSG00000185823	NPAP1	NPAP1	1.0	1.0	0.47018115467150673	49.0	0.02044265889876116
4861	ENSG00000130751	NPAS1	NPAS1	1.0	2.0	0.5589918879879935	16.0	0.04860799025982552
64067	ENSG00000151322	NPAS3	NPAS3	1.0	5.0	0.5834489264631516	49.0	0.1268367231441634
4863	ENSG00000149308	NPAT	NPAT	0.0	0.0	0.46178183781828575	32.0	0.0
4864	ENSG00000141458	NPC1	NPC1	0.0	0.0	0.2870836791428671	32.0	0.0
10577	ENSG00000119655	NPC2	NPC2	1.0	6.0	0.40507825909673817	32.0	0.10567258932958387
56654	ENSG00000107281	NPDC1	NPDC1	1.0	12.0	0.8365726205466646	18.0	0.4364726715895641
10886	ENSG00000056291	NPFFR2	NPFFR2	1.0	3.0	0.438989042152356	52.0	0.057259440280742084
4867	ENSG00000144061	NPHP1	NPHP1	1.0	5.0	0.680296501688927	53.0	0.14789054384541891
4868	ENSG00000161270	NPHS1	NPHS1	1.0	2.0	0.5879053258316157	58.0	0.051122202246227454
101059953	ENSG00000214940	NPIPA8	NPIPA8	1.0	2.0	0.703103343909928	51.0	0.06113942120955895
728888	ENSG00000284454	NPIPB11	NPIPB11	1.0	3.0	0.6381324235922345	33.0	0.0832346639468132
440348	ENSG00000196436	NPIPB15	NPIPB15	1.0	2.0	0.6025676980434301	32.0	0.05239719113421131
80896	ENSG00000135838	NPL	NPL	0.0	0.0	0.4162209923637734	31.0	0.0
55666	ENSG00000182446	NPLOC4	NPLOC4	1.0	4.0	0.537285168716739	55.0	0.09344089890725896
10361	ENSG00000158806	NPM2	NPM2	1.0	2.0	0.5813859709823183	40.0	0.05055530182454941
10360	ENSG00000107833	NPM3	NPM3	1.0	10.0	0.7780643232026893	33.0	0.33828883617508226
255743	ENSG00000168743	NPNT	NPNT	1.0	2.0	0.546206983652681	33.0	0.04749625944805922
4878	ENSG00000175206	NPPA	NPPA	1.0	11.0	0.7952828233682419	49.0	0.38035265465437657
4879	ENSG00000120937	NPPB	NPPB	1.0	1.0	0.4142672697585934	49.0	0.01801162042428667
4882	ENSG00000159899	NPR2	NPR2	0.0	0.0	0.4379209700247956	32.0	0.0
4883	ENSG00000113389	NPR3	NPR3	1.0	2.0	0.5966002149552516	52.0	0.05187827956132623
4884	ENSG00000171246	NPTX1	NPTX1	1.0	6.0	0.7457914908511633	49.0	0.19455430196117302
4885	ENSG00000106236	NPTX2	NPTX2	1.0	8.0	0.8201757805045088	65.0	0.2852785323493944
23467	ENSG00000221890	NPTXR	NPTXR	1.0	10.0	0.8317781518521216	31.0	0.36164267471831374
4852	ENSG00000122585	NPY	NPY	1.0	4.0	0.4962751731062262	52.0	0.08630872575760455
4886	ENSG00000164128	NPY1R	NPY1R	1.0	7.0	0.6410626999395336	49.0	0.19510603911203198
4889	ENSG00000164129	NPY5R	NPY5R	1.0	6.0	0.6117454400397693	49.0	0.15958576696689633
1728	ENSG00000181019	NQO1	NQO1	1.0	3.0	0.40329203233551186	2.0	0.05260330856550154
9572	ENSG00000126368	NR1D1	NR1D1	1.0	1.0	0.698386438418453	31.0	0.030364627757324045
9975	ENSG00000174738	NR1D2	NR1D2	0.0	0.0	0.5534027536071087	32.0	0.0
10062	ENSG00000025434	NR1H3	NR1H3	1.0	3.0	0.38061927893275455	32.0	0.04964599290427233
7181	ENSG00000120798	NR2C1	NR2C1	1.0	1.0	0.443528003834286	38.0	0.019283826253664607
126382	ENSG00000184162	NR2C2AP	NR2C2AP	1.0	8.0	0.7259748443940179	24.0	0.252512989354441
7101	ENSG00000112333	NR2E1	NR2E1	1.0	7.0	0.6129521369413081	33.0	0.18655065037344162
7025	ENSG00000175745	NR2F1	NR2F1	1.0	4.0	0.759351120626974	53.0	0.13206106445686502
441094	ENSG00000237187	NR2F1-AS1	NR2F1-AS1	1.0	4.0	0.6380968891522454	40.0	0.11097337202647746
7026	ENSG00000185551	NR2F2	NR2F2	1.0	6.0	0.6264651363087748	31.0	0.16342568773272384
2063	ENSG00000160113	NR2F6	NR2F6	1.0	4.0	0.6036871575693975	33.0	0.10498907088163434
2908	ENSG00000113580	NR3C1	NR3C1	0.0	0.0	0.3278691341124443	32.0	0.0
4306	ENSG00000151623	NR3C2	NR3C2	0.0	0.0	0.3715207386896612	31.0	0.0
4929	ENSG00000153234	NR4A2	NR4A2	1.0	6.0	0.566202641358545	51.0	0.14770503687614217
8013	ENSG00000119508	NR4A3	NR4A3	1.0	7.0	0.6217011789615403	24.0	0.18921340229264272
4892	ENSG00000197893	NRAP	NRAP	1.0	4.0	0.5463132366524637	32.0	0.09501099767868933
441478	ENSG00000198435	NRARP	NRARP	1.0	3.0	0.4469137548874894	32.0	0.058293098463585574
29982	ENSG00000148572	NRBF2	NRBF2	1.0	1.0	0.42651344541675834	4.0	0.018544062844206885
29959	ENSG00000115216	NRBP1	NRBP1	1.0	4.0	0.6175375442305615	33.0	0.10739783377922808
4897	ENSG00000091129	NRCAM	NRCAM	1.0	4.0	0.595993589109046	33.0	0.10365105897548625
4898	ENSG00000078618	NRDC	NRDC	1.0	4.0	0.5376170349414476	51.0	0.09349861477242567
9315	ENSG00000134986	NREP	NREP	0.0	0.0	0.4844887082743929	19.0	0.0
3084	ENSG00000157168	NRG1	NRG1	0.0	0.0	0.126481596184304	41.0	0.0
9542	ENSG00000158458	NRG2	NRG2	1.0	1.0	0.5639359204011942	31.0	0.024518953060921486
10718	ENSG00000185737	NRG3	NRG3	1.0	3.0	0.7301038875342231	51.0	0.09523094185228996
4900	ENSG00000154146	NRGN	NRGN	1.0	1.0	0.4684886375460723	33.0	0.020369071197655315
8204	ENSG00000180530	NRIP1	NRIP1	1.0	1.0	0.5023913134839367	33.0	0.02184310058625812
56675	ENSG00000175352	NRIP3	NRIP3	1.0	2.0	0.4162129566158086	49.0	0.03619243101007031
51299	ENSG00000124785	NRN1	NRN1	1.0	1.0	0.59685206613759	2.0	0.02595008983206913
123904	ENSG00000188038	NRN1L	NRN1L	0.0	0.0	0.37655677719147396	32.0	0.0
8829	ENSG00000099250	NRP1	NRP1	1.0	1.0	0.25037914559420144	53.0	0.01088604980844354
9378	ENSG00000179915	NRXN1	NRXN1	1.0	2.0	0.6166815174784419	2.0	0.05362447978073408
9379	ENSG00000110076	NRXN2	NRXN2	1.0	12.0	0.9011039167664667	31.0	0.47014117396511307
9369	ENSG00000021645	NRXN3	NRXN3	1.0	5.0	0.6714832145066771	49.0	0.14597461184927762
7468	ENSG00000109685	NSD2	NSD2	1.0	3.0	0.6095785307686645	51.0	0.07951024314373885
54904	ENSG00000147548	NSD3	NSD3	1.0	2.0	0.7435922236693601	40.0	0.06466019336255305
50814	ENSG00000147383	NSDHL	NSDHL	1.0	6.0	0.5644748372947337	40.0	0.14725430538123488
55968	ENSG00000088833	NSFL1C	NSFL1C	1.0	10.0	0.5951067365689986	18.0	0.25874205937782546
27065	ENSG00000168824	NSG1	NSG1	0.0	0.0	0.16036223470491298	32.0	0.0
51617	ENSG00000170091	NSG2	NSG2	1.0	5.0	0.6673295210785477	53.0	0.1450716350170756
8439	ENSG00000035681	NSMAF	NSMAF	1.0	1.0	0.606381458363254	31.0	0.026364411233184955
197370	ENSG00000169189	NSMCE1	NSMCE1	1.0	4.0	0.5071897987075524	40.0	0.08820692151435694
56160	ENSG00000185115	NSMCE3	NSMCE3	0.0	0.0	0.3284789321648632	32.0	0.0
54780	ENSG00000107672	NSMCE4A	NSMCE4A	1.0	1.0	0.42737742620411484	53.0	0.018581627226265864
26012	ENSG00000165802	NSMF	NSMF	1.0	6.0	0.7546995042908308	31.0	0.19687813155412975
84081	ENSG00000126653	NSRP1	NSRP1	0.0	0.0	0.23654949650540422	32.0	0.0
54888	ENSG00000037474	NSUN2	NSUN2	0.0	0.0	0.4232377346619163	31.0	0.0
22978	ENSG00000076685	NT5C2	NT5C2	0.0	0.0	0.47943137428340826	33.0	0.0
221294	ENSG00000178425	NT5DC1	NT5DC1	0.0	0.0	0.19642633300219364	10.0	0.0
64943	ENSG00000168268	NT5DC2	NT5DC2	1.0	5.0	0.5176674807828131	54.0	0.11253640886582893
51559	ENSG00000111696	NT5DC3	NT5DC3	1.0	6.0	0.6466950058030155	18.0	0.16870304499209102
4907	ENSG00000135318	NT5E	NT5E	1.0	5.0	0.47941625165246415	49.0	0.1042209242722748
56953	ENSG00000205309	NT5M	NT5M	0.0	0.0	0.4241661646508154	32.0	0.0
50863	ENSG00000182667	NTM	NTM	1.0	1.0	0.5993498565635513	3.0	0.02605868941580658
28989	ENSG00000148335	NTMT1	NTMT1	1.0	3.0	0.4822790790122344	40.0	0.06290596682768275
9423	ENSG00000065320	NTN1	NTN1	1.0	1.0	0.45634508881859076	32.0	0.019841090818199597
59277	ENSG00000074527	NTN4	NTN4	1.0	2.0	0.4993687612030101	33.0	0.04342337053939218
22854	ENSG00000162631	NTNG1	NTNG1	1.0	3.0	0.5925054180947106	36.0	0.0772833154036579
84628	ENSG00000196358	NTNG2	NTNG2	1.0	4.0	0.6337600782925114	49.0	0.11021914405087153
4915	ENSG00000148053	NTRK2	NTRK2	1.0	4.0	0.6128398575717489	33.0	0.10658084479508675
4923	ENSG00000101188	NTSR1	NTSR1	1.0	6.0	0.6843916806242516	41.0	0.17853696016284823
23620	ENSG00000169006	NTSR2	NTSR2	1.0	6.0	0.5182244148603399	40.0	0.13518897778965389
9891	ENSG00000074590	NUAK1	NUAK1	1.0	1.0	0.5294503610374396	33.0	0.023019580914671284
51667	ENSG00000013374	NUB1	NUB1	1.0	1.0	0.34270301806133563	32.0	0.014900131220058071
80224	ENSG00000151413	NUBPL	NUBPL	1.0	4.0	0.6208360463282934	40.0	0.10797148631796406
4925	ENSG00000070081	NUCB2	NUCB2	1.0	7.0	0.5400491688020168	55.0	0.16436279050496164
64710	ENSG00000069275	NUCKS1	NUCKS1	1.0	2.0	0.44343603157733485	32.0	0.038559654919768246
10726	ENSG00000090273	NUDC	NUDC	1.0	5.0	0.608519482762775	51.0	0.13228684407886412
84955	ENSG00000120526	NUDCD1	NUDCD1	1.0	4.0	0.6660384399201641	33.0	0.11583277216002853
23386	ENSG00000015676	NUDCD3	NUDCD3	1.0	1.0	0.6242728217074759	33.0	0.027142296595977212
170685	ENSG00000122824	NUDT10	NUDT10	1.0	5.0	0.6291288920795016	18.0	0.13676715045206556
55190	ENSG00000196368	NUDT11	NUDT11	1.0	8.0	0.7083426948041199	18.0	0.24638006775795476
83594	ENSG00000112874	NUDT12	NUDT12	0.0	0.0	0.27281174533020364	31.0	0.0
256281	ENSG00000183828	NUDT14	NUDT14	1.0	4.0	0.5655598170246822	18.0	0.0983582290477708
200035	ENSG00000186364	NUDT17	NUDT17	1.0	11.0	0.6363237093004136	53.0	0.30432873053498044
318	ENSG00000164978	NUDT2	NUDT2	1.0	9.0	0.7340222332391263	52.0	0.2872260912674842
11051	ENSG00000167005	NUDT21	NUDT21	1.0	1.0	0.5235044621548923	41.0	0.022761063571951838
84304	ENSG00000149761	NUDT22	NUDT22	0.0	0.0	0.25534083157353166	32.0	0.0
11163	ENSG00000173598	NUDT4	NUDT4	1.0	3.0	0.6165695842288544	33.0	0.08042211968202449
11164	ENSG00000165609	NUDT5	NUDT5	0.0	0.0	0.18215329616584003	19.0	0.0
254552	ENSG00000167799	NUDT8	NUDT8	0.0	0.0	0.18622790002212658	10.0	0.0
8650	ENSG00000133961	NUMB	NUMB	1.0	1.0	0.4973214068848624	16.0	0.021622669864559234
9253	ENSG00000105245	NUMBL	NUMBL	1.0	9.0	0.8136121337685025	49.0	0.3183699653876749
23165	ENSG00000155561	NUP205	NUP205	0.0	0.0	0.37375993999189683	32.0	0.0
79023	ENSG00000075188	NUP37	NUP37	1.0	4.0	0.46113741065673525	33.0	0.08019781054899743
53371	ENSG00000138750	NUP54	NUP54	0.0	0.0	0.4321849333202027	32.0	0.0
79902	ENSG00000125450	NUP85	NUP85	1.0	5.0	0.6741286731379813	33.0	0.14654971155173507
4927	ENSG00000108559	NUP88	NUP88	1.0	2.0	0.5588500274449706	49.0	0.048595654560432223
9688	ENSG00000102900	NUP93	NUP93	0.0	0.0	0.3732519398007406	32.0	0.0
11097	ENSG00000136243	NUP42	NUPL2	1.0	1.0	0.6282905350835535	7.0	0.027316979786241456
26471	ENSG00000176046	NUPR1	NUPR1	1.0	6.0	0.5449052234948992	58.0	0.1421491887377998
389493	ENSG00000185290	NUPR2	NUPR2	1.0	12.0	0.8452167233580433	49.0	0.4409826382737617
10204	ENSG00000102898	NUTF2	NUTF2	1.0	3.0	0.5714638960533119	53.0	0.074538769050432
57495	ENSG00000174145	NWD2	NWD2	1.0	6.0	0.7640817679121203	33.0	0.19932567858577052
64359	ENSG00000167693	NXN	NXN	1.0	2.0	0.478852856582961	33.0	0.041639378833300954
91775	ENSG00000144815	NXPE3	NXPE3	0.0	0.0	0.27795991656771446	39.0	0.0
11249	ENSG00000144227	NXPH2	NXPH2	1.0	3.0	0.5571625949972572	40.0	0.07267338195616398
11248	ENSG00000182575	NXPH3	NXPH3	1.0	1.0	0.4071882700921968	33.0	0.017703837830095513
220323	ENSG00000184232	OAF	OAF	1.0	10.0	0.6991362187138304	32.0	0.3039722690060132
4940	ENSG00000111331	OAS3	OAS3	0.0	0.0	0.3603785658094289	52.0	0.0
4942	ENSG00000065154	OAT	OAT	1.0	1.0	0.48889410552852197	3.0	0.021256265457761825
4946	ENSG00000104904	OAZ1	OAZ1	1.0	8.0	0.6310518005196937	49.0	0.21949627844163258
4947	ENSG00000180304	OAZ2	OAZ2	1.0	5.0	0.5220388887401819	33.0	0.1134867149435178
84033	ENSG00000154358	OBSCN	OBSCN	1.0	5.0	0.5383470507254597	53.0	0.11703196754901299
4948	ENSG00000277361	OCA2	OCA2	1.0	3.0	0.7768686485613707	52.0	0.10133069329061357
79629	ENSG00000099330	OCEL1	OCEL1	0.0	0.0	0.40455628470239924	32.0	0.0
54953	ENSG00000157181	ODR4	ODR4	1.0	5.0	0.47043715485692106	49.0	0.10226894670802632
8481	ENSG00000046651	OFD1	OFD1	0.0	0.0	0.44347651099027763	32.0	0.0
4967	ENSG00000105953	OGDH	OGDH	0.0	0.0	0.3354435348661224	32.0	0.0
55753	ENSG00000197444	OGDHL	OGDHL	0.0	0.0	0.3193647201102169	39.0	0.0
4968	ENSG00000114026	OGG1	OGG1	1.0	7.0	0.7806507818877497	18.0	0.2375893684006195
8473	ENSG00000147162	OGT	OGT	1.0	3.0	0.7195593636857038	33.0	0.09385556917639615
729082	ENSG00000247556	OIP5-AS1	OIP5-AS1	1.0	1.0	0.4751776456790416	2.0	0.0206598976382192
29789	ENSG00000138430	OLA1	OLA1	1.0	1.0	0.6254046732272446	2.0	0.02719150753161933
10439	ENSG00000130558	OLFM1	OLFM1	1.0	4.0	0.654442713450482	36.0	0.1138161240783447
118427	ENSG00000118733	OLFM3	OLFM3	1.0	1.0	0.6184016728142868	33.0	0.02688702925279508
10562	ENSG00000102837	OLFM4	OLFM4	0.0	0.0	0.27792042280595053	32.0	0.0
25903	ENSG00000162745	OLFML2B	OLFML2B	1.0	4.0	0.7298266678335802	52.0	0.12692637701453569
115209	ENSG00000162600	OMA1	OMA1	0.0	0.0	0.23570081713631552	32.0	0.0
3175	ENSG00000169856	ONECUT1	ONECUT1	1.0	14.0	0.6786465637853408	56.0	0.41308921273890314
9480	ENSG00000119547	ONECUT2	ONECUT2	0.0	0.0	0.22145248752579386	32.0	0.0
4978	ENSG00000183715	OPCML	OPCML	1.0	3.0	0.5203910562037039	33.0	0.06787709428743963
4983	ENSG00000079482	OPHN1	OPHN1	1.0	9.0	0.6455206593073862	52.0	0.25259504059854243
23596	ENSG00000054277	OPN3	OPN3	1.0	1.0	0.529111988291577	32.0	0.023004869056155522
94233	ENSG00000122375	OPN4	OPN4	0.0	0.0	0.3704660917187347	49.0	0.0
4986	ENSG00000082556	OPRK1	OPRK1	1.0	2.0	0.40779469476043956	49.0	0.035460408240038224
4988	ENSG00000112038	OPRM1	OPRM1	1.0	4.0	0.4587426506721843	52.0	0.07978133055168422
10133	ENSG00000123240	OPTN	OPTN	1.0	4.0	0.6306616133618332	51.0	0.10968028058466665
401994	ENSG00000292014	OR14I1	OR14I1	1.0	5.0	0.6094951316454014	49.0	0.13249894166204376
391191	ENSG00000187080	OR2AK2	OR2AK2	0.0	0.0	0.5068547613507888	32.0	0.0
284521	ENSG00000196071	OR2L13	OR2L13	0.0	0.0	0.4160110348611762	32.0	0.0
391192	ENSG00000198128	OR2L3	OR2L3	0.0	0.0	0.4981238685070653	32.0	0.0
391190	ENSG00000279263	OR2L8	OR2L8	0.0	0.0	0.5273644859349232	32.0	0.0
119774	ENSG00000181963	OR52K2	OR52K2	1.0	5.0	0.6096328686496163	51.0	0.132528884489047
26338	ENSG00000205030	OR5L2	OR5L2	1.0	1.0	0.29145925588756966	31.0	0.012672141560329114
10819	ENSG00000184669	OR7E14P	OR7E14P	1.0	5.0	0.39973233837257827	31.0	0.08689833442882136
26648	ENSG00000237521	OR7E24	OR7E24	1.0	1.0	0.33133293814566506	55.0	0.014405779919376742
80228	ENSG00000160991	ORAI2	ORAI2	1.0	2.0	0.5838733734023256	31.0	0.05077159768715875
5000	ENSG00000115947	ORC4	ORC4	1.0	1.0	0.5523862105472367	32.0	0.024016791762923335
23594	ENSG00000091651	ORC6	ORC6	1.0	10.0	0.6722811613253687	18.0	0.2922961570979864
5007	ENSG00000110048	OSBP	OSBP	1.0	2.0	0.4713392574636808	33.0	0.04098602238814616
23762	ENSG00000184792	OSBP2	OSBP2	0.0	0.0	0.5868819308369021	33.0	0.0
114884	ENSG00000144645	OSBPL10	OSBPL10	1.0	5.0	0.673451107185237	49.0	0.1464024146054863
114885	ENSG00000144909	OSBPL11	OSBPL11	1.0	4.0	0.5185680911810099	32.0	0.09018575498800172
114876	ENSG00000141447	OSBPL1A	OSBPL1A	1.0	2.0	0.4288703507091474	3.0	0.03729307397470847
9885	ENSG00000130703	OSBPL2	OSBPL2	0.0	0.0	0.2676952650462837	32.0	0.0
26031	ENSG00000070882	OSBPL3	OSBPL3	0.0	0.0	0.3992374889252585	32.0	0.0
114879	ENSG00000021762	OSBPL5	OSBPL5	0.0	0.0	0.38342893245072607	33.0	0.0
114880	ENSG00000079156	OSBPL6	OSBPL6	0.0	0.0	0.354057758547174	31.0	0.0
114882	ENSG00000091039	OSBPL8	OSBPL8	1.0	2.0	0.48614977554636557	32.0	0.04227389352577092
114883	ENSG00000117859	OSBPL9	OSBPL9	1.0	1.0	0.38139266821998924	53.0	0.016582289922608226
126014	ENSG00000170909	OSCAR	OSCAR	1.0	4.0	0.6210060726405054	8.0	0.10800105611139225
64172	ENSG00000128694	OSGEPL1	OSGEPL1	0.0	0.0	0.340324009382646	52.0	0.0
100128731	ENSG00000228474	OST4	OST4	1.0	8.0	0.5549795190891852	55.0	0.19303635446580353
58505	ENSG00000198856	OSTC	OSTC	1.0	1.0	0.4723826171260016	49.0	0.020538374657652243
202459	ENSG00000293101	OSTCP1	OSTCP1	1.0	3.0	0.47272988911625724	16.0	0.06166042031951181
26578	ENSG00000134996	OSTF1	OSTF1	1.0	1.0	0.4703165841926909	32.0	0.020448547138812646
344901	ENSG00000188729	OSTN	OSTN	1.0	1.0	0.4807941029240004	33.0	0.020904091431478276
9381	ENSG00000115155	OTOF	OTOF	1.0	3.0	0.515379654782796	52.0	0.06722343323253861
150677	ENSG00000178602	OTOS	OTOS	1.0	3.0	0.4471412275639629	53.0	0.058322768812690814
55611	ENSG00000167770	OTUB1	OTUB1	1.0	4.0	0.5118689431532368	40.0	0.08902068576578032
78990	ENSG00000277276	OTUB2	OTUB2	1.0	7.0	0.7573639850673828	53.0	0.23050208241181216
220213	ENSG00000165312	OTUD1	OTUD1	1.0	6.0	0.8311582231768283	49.0	0.21682388430699867
139562	ENSG00000189401	OTUD6A	OTUD6A	1.0	3.0	0.35688021776862777	31.0	0.04654959362199493
51633	ENSG00000155100	OTUD6B	OTUD6B	1.0	2.0	0.49334586585889106	33.0	0.04289964050946879
56957	ENSG00000264522	OTUD7B	OTUD7B	0.0	0.0	0.3316460347564651	32.0	0.0
5016	ENSG00000085465	OVGP1	OVGP1	0.0	0.0	0.5202867122062573	32.0	0.0
58495	ENSG00000125850	OVOL2	OVOL2	1.0	2.0	0.5826430648539532	40.0	0.05066461433512637
5019	ENSG00000083720	OXCT1	OXCT1	1.0	8.0	0.7323468632548449	31.0	0.25472934374081563
92106	ENSG00000154814	OXNAD1	OXNAD1	0.0	0.0	0.28743346034470646	40.0	0.0
55074	ENSG00000164830	OXR1	OXR1	1.0	1.0	0.4760415284773864	16.0	0.020697457759886365
5020	ENSG00000101405	OXT	OXT	1.0	2.0	0.3626880401604947	52.0	0.03153809044873867
5021	ENSG00000180914	OXTR	OXTR	1.0	9.0	0.6108541589757299	32.0	0.23902988829485086
5026	ENSG00000083454	P2RX5	P2RX5	1.0	6.0	0.6904617566659849	49.0	0.1801204582606917
9127	ENSG00000099957	P2RX6	P2RX6	0.0	0.0	0.3337426609359607	32.0	0.0
5028	ENSG00000169860	P2RY1	P2RY1	1.0	3.0	0.4441570285862058	33.0	0.05793352546776597
64805	ENSG00000169313	P2RY12	P2RY12	1.0	14.0	0.595328870658148	33.0	0.36237409518322056
53829	ENSG00000181631	P2RY13	P2RY13	1.0	12.0	0.5981670373425734	55.0	0.31208714991786435
5031	ENSG00000171631	P2RY6	P2RY6	1.0	13.0	0.6448744658595679	52.0	0.36449426331192963
10536	ENSG00000110811	P3H3	P3H3	0.0	0.0	0.5532068284658688	32.0	0.0
5033	ENSG00000122884	P4HA1	P4HA1	1.0	3.0	0.4862351971281797	33.0	0.0634219822341104
8974	ENSG00000072682	P4HA2	P4HA2	1.0	4.0	0.7014397224524463	16.0	0.12198951694825154
54681	ENSG00000178467	P4HTM	P4HTM	1.0	2.0	0.5815459899072399	51.0	0.050569216513673035
26986	ENSG00000070756	PABPC1	PABPC1	1.0	3.0	0.5093514765954715	31.0	0.06643714912114845
80336	ENSG00000101104	PABPC1L	PABPC1L	1.0	4.0	0.6626076669589135	53.0	0.11523611599285452
340529	ENSG00000186288	PABPC1L2A	PABPC1L2A	0.0	0.0	0.5383348999759554	32.0	0.0
140886	ENSG00000174740	PABPC5	PABPC5	1.0	4.0	0.5251505944610723	55.0	0.091330538167143
135138	ENSG00000112530	PACRG	PACRG	1.0	13.0	0.7136156418168386	49.0	0.4033479714616913
55690	ENSG00000175115	PACS1	PACS1	1.0	4.0	0.6792645746590633	33.0	0.11813296950592406
29993	ENSG00000124507	PACSIN1	PACSIN1	1.0	4.0	0.6860767670956128	8.0	0.11931769862532397
11252	ENSG00000100266	PACSIN2	PACSIN2	1.0	2.0	0.41486178817315295	42.0	0.0360749381020133
11240	ENSG00000117115	PADI2	PADI2	0.0	0.0	0.2222706963274601	32.0	0.0
54623	ENSG00000006712	PAF1	PAF1	1.0	4.0	0.470339794626717	40.0	0.08179822515247252
5048	ENSG00000007168	PAFAH1B1	PAFAH1B1	1.0	4.0	0.5648656543842893	3.0	0.09823750511031118
5050	ENSG00000079462	PAFAH1B3	PAFAH1B3	1.0	9.0	0.6977937168589479	49.0	0.2730497152926318
5051	ENSG00000158006	PAFAH2	PAFAH2	1.0	4.0	0.38843766279781616	53.0	0.06755437613875064
55824	ENSG00000076641	PAG1	PAG1	0.0	0.0	0.28710916908594014	32.0	0.0
79447	ENSG00000280789	PAGR1	PAGR1	1.0	1.0	0.4141756826798414	31.0	0.018007638377384408
10606	ENSG00000128050	PAICS	PAICS	1.0	2.0	0.5271509428896397	53.0	0.04583921242518606
10605	ENSG00000172239	PAIP1	PAIP1	0.0	0.0	0.5256412410908087	32.0	0.0
51247	ENSG00000120727	PAIP2	PAIP2	1.0	3.0	0.5282794966737963	9.0	0.06890602130527777
5058	ENSG00000149269	PAK1	PAK1	1.0	3.0	0.6808563447088297	54.0	0.08880734930984735
5062	ENSG00000180370	PAK2	PAK2	1.0	1.0	0.35510328541618785	32.0	0.015439273278964688
5063	ENSG00000077264	PAK3	PAK3	1.0	6.0	0.7416437020755514	18.0	0.1934722701066656
57144	ENSG00000101349	PAK5	PAK5	1.0	4.0	0.6369083000740599	33.0	0.11076666088244519
27143	ENSG00000107719	PALD1	PALD1	1.0	1.0	0.44377854547786993	33.0	0.01929471936860304
23022	ENSG00000129116	PALLD	PALLD	1.0	3.0	0.5126452793830885	42.0	0.06686677557170718
5064	ENSG00000099864	PALM	PALM	1.0	10.0	0.7640798611527242	52.0	0.33220863528379313
342979	ENSG00000187867	PALM3	PALM3	1.0	5.0	0.5161376467446708	18.0	0.11220383624884148
54873	ENSG00000099260	PALMD	PALMD	1.0	9.0	0.7100385755478967	53.0	0.27784118173613354
5066	ENSG00000145730	PAM	PAM	1.0	3.0	0.5784980440063843	31.0	0.07545626660952838
9924	ENSG00000135473	PAN2	PAN2	0.0	0.0	0.36382571805433733	10.0	0.0
53354	ENSG00000152782	PANK1	PANK1	0.0	0.0	0.4900406604209265	32.0	0.0
80025	ENSG00000125779	PANK2	PANK2	1.0	4.0	0.6754163103535148	31.0	0.11746370614843735
55229	ENSG00000157881	PANK4	PANK4	1.0	1.0	0.5812042102859994	33.0	0.025269748273304322
56666	ENSG00000073150	PANX2	PANX2	1.0	9.0	0.8201859018425984	52.0	0.32094230941666896
116337	ENSG00000154143	PANX3	PANX3	1.0	1.0	0.31302095446743694	32.0	0.013609606715975518
11044	ENSG00000112941	TENT4A	PAPD7	1.0	4.0	0.6343609041174948	51.0	0.11032363549869474
10914	ENSG00000090060	PAPOLA	PAPOLA	1.0	3.0	0.45771979588535155	33.0	0.05970258207200237
9061	ENSG00000138801	PAPSS1	PAPSS1	1.0	2.0	0.42126632778630313	51.0	0.03663185459011332
9060	ENSG00000198682	PAPSS2	PAPSS2	1.0	2.0	0.5700176354434701	33.0	0.04956675090812783
85315	ENSG00000170915	PAQR8	PAQR8	0.0	0.0	0.08180279172204526	32.0	0.0
344838	ENSG00000188582	PAQR9	PAQR9	0.0	0.0	0.32758830674386064	31.0	0.0
56288	ENSG00000148498	PARD3	PARD3	1.0	3.0	0.5304145942150755	42.0	0.06918451228892289
117583	ENSG00000116117	PARD3B	PARD3B	1.0	7.0	0.5000300062191126	33.0	0.1521830453710343
50855	ENSG00000102981	PARD6A	PARD6A	0.0	0.0	0.44755217300580485	33.0	0.0
25849	ENSG00000169116	PARM1	PARM1	1.0	1.0	0.671929806795856	33.0	0.02921433942590678
142	ENSG00000143799	PARP1	PARP1	1.0	4.0	0.37731190250446656	52.0	0.06561946130512461
54625	ENSG00000173193	PARP14	PARP14	1.0	2.0	0.4454198066962574	33.0	0.038732157104022384
54956	ENSG00000138617	PARP16	PARP16	1.0	2.0	0.6904801896652811	33.0	0.060041755623067926
10038	ENSG00000291803	PARP2	PARP2	1.0	2.0	0.7450696734678116	33.0	0.06478866725807057
10039	ENSG00000041880	PARP3	PARP3	0.0	0.0	0.29547940172593296	32.0	0.0
56965	ENSG00000137817	PARP6	PARP6	1.0	4.0	0.6820581651029283	53.0	0.11861881132224839
79668	ENSG00000151883	PARP8	PARP8	1.0	1.0	0.4830289970624496	32.0	0.021001260741845634
25859	ENSG00000152931	PART1	PART1	1.0	2.0	0.5583759998171749	33.0	0.04855443476671086
55742	ENSG00000197702	PARVA	PARVA	1.0	4.0	0.6158222770072053	53.0	0.1070995264360357
29780	ENSG00000188677	PARVB	PARVB	1.0	5.0	0.7779576385765359	52.0	0.1691212257775078
23178	ENSG00000115687	PASK	PASK	0.0	0.0	0.3909314910448275	31.0	0.0
399967	ENSG00000196844	PATE2	PATE2	0.0	0.0	0.6016963412220198	31.0	0.0
10207	ENSG00000132849	PATJ	PATJ	0.0	0.0	0.41056199703302215	31.0	0.0
219988	ENSG00000166889	PATL1	PATL1	0.0	0.0	0.3830166211615203	32.0	0.0
23598	ENSG00000100105	PATZ1	PATZ1	1.0	2.0	0.5042134622261792	52.0	0.04384464888923298
5074	ENSG00000177425	PAWR	PAWR	1.0	3.0	0.4342604970334839	33.0	0.05664267352610659
5080	ENSG00000007372	PAX6	PAX6	1.0	6.0	0.4192665040276262	33.0	0.1093738706159025
654433	ENSG00000189223	PAX8-AS1	PAX8-AS1	1.0	2.0	0.8178360146045414	31.0	0.07111617518300359
94104	ENSG00000263141	PAXBP1	PAXBP1	0.0	0.0	0.40710586784981934	32.0	0.0
22976	ENSG00000157212	PAXIP1	PAXIP1	1.0	1.0	0.5764072546586658	32.0	0.02506118498515938
51260	ENSG00000102390	PBDC1	PBDC1	1.0	1.0	0.47859052611870245	53.0	0.02080828374429141
64081	ENSG00000108187	PBLD	PBLD	1.0	5.0	0.5293247106388713	33.0	0.11507058926931985
5090	ENSG00000167081	PBX3	PBX3	0.0	0.0	0.206982656385664	32.0	0.0
80714	ENSG00000105717	PBX4	PBX4	1.0	16.0	0.7687524991507365	58.0	0.534784347235295
57326	ENSG00000163346	PBXIP1	PBXIP1	1.0	6.0	0.5017910108953569	52.0	0.13090200284226702
5091	ENSG00000173599	PC	PC	0.0	0.0	0.15804934061719136	32.0	0.0
100505495	ENSG00000267107	PCAT19	PCAT19	0.0	0.0	0.23984294699569073	32.0	0.0
5092	ENSG00000166228	PCBD1	PCBD1	1.0	6.0	0.4654027393378347	32.0	0.12140941026204384
84105	ENSG00000132570	PCBD2	PCBD2	1.0	3.0	0.4731531455681742	55.0	0.061715627682805335
54039	ENSG00000183570	PCBP3	PCBP3	1.0	6.0	0.5408839177479694	16.0	0.141100152455992
57575	ENSG00000138650	PCDH10	PCDH10	0.0	0.0	0.36283840601121947	32.0	0.0
27328	ENSG00000102290	PCDH11X	PCDH11X	1.0	5.0	0.68177720755951	53.0	0.14821243642598042
83259	ENSG00000099715	PCDH11Y	PCDH11Y	1.0	2.0	0.6538669989401503	53.0	0.05685799990783916
51294	ENSG00000113555	PCDH12	PCDH12	0.0	0.0	0.12376156656855943	41.0	0.0
65217	ENSG00000150275	PCDH15	PCDH15	1.0	15.0	0.6643029144537891	9.0	0.4332410311655146
27253	ENSG00000118946	PCDH17	PCDH17	1.0	6.0	0.41295971004753707	18.0	0.10772862001240097
57526	ENSG00000165194	PCDH19	PCDH19	1.0	7.0	0.7755643093057332	31.0	0.23604131152783184
64881	ENSG00000197991	PCDH20	PCDH20	1.0	6.0	0.6680005796834931	58.0	0.1742610207869982
5099	ENSG00000169851	PCDH7	PCDH7	1.0	3.0	0.5403821639598052	52.0	0.07048463008171373
5100	ENSG00000136099	PCDH8	PCDH8	1.0	1.0	0.46125570415308326	33.0	0.02005459583274275
5101	ENSG00000184226	PCDH9	PCDH9	1.0	2.0	0.472555204910346	55.0	0.04109175694872574
56147	ENSG00000204970	PCDHA1	PCDHA1	1.0	5.0	0.6828882923300695	33.0	0.14845397659349338
56138	ENSG00000249158	PCDHA11	PCDHA11	1.0	3.0	0.6119982291519648	33.0	0.07982585597634323
56134	ENSG00000291668	PCDHAC2	PCDHAC2	1.0	4.0	0.5700866303429514	49.0	0.09914550092920893
56126	ENSG00000120324	PCDHB10	PCDHB10	1.0	2.0	0.6093206600251807	32.0	0.05298440521958093
56125	ENSG00000197479	PCDHB11	PCDHB11	1.0	1.0	0.6040981166174896	52.0	0.026265135505108242
56124	ENSG00000291691	PCDHB12	PCDHB12	0.0	0.0	0.6892961655972688	52.0	0.0
56122	ENSG00000120327	PCDHB14	PCDHB14	1.0	2.0	0.7437992442898674	33.0	0.06467819515564065
54661	ENSG00000291702	PCDHB17P	PCDHB17P	0.0	0.0	0.4754510761650073	32.0	0.0
54660	ENSG00000290894	PCDHB18P	PCDHB18P	0.0	0.0	0.5477357173643005	10.0	0.0
56127	ENSG00000177839	PCDHB9	PCDHB9	1.0	2.0	0.48548420657672614	39.0	0.042216017963193575
56112	ENSG00000254245	PCDHGA3	PCDHGA3	0.0	0.0	0.4670168748291268	33.0	0.0
8641	ENSG00000253953	PCDHGB4	PCDHGB4	1.0	1.0	0.4606736663796693	31.0	0.020029289842594316
5098	ENSG00000240184	PCDHGC3	PCDHGC3	1.0	5.0	0.5534727515309714	52.0	0.12032016337629813
91523	ENSG00000179715	PCED1B	PCED1B	1.0	5.0	0.4926200489806788	40.0	0.10709131499579974
84759	ENSG00000115289	PCGF1	PCGF1	0.0	0.0	0.3404663646107477	40.0	0.0
55795	ENSG00000126226	PCID2	PCID2	1.0	3.0	0.5788109868743131	33.0	0.07549708524447563
5106	ENSG00000100889	PCK2	PCK2	1.0	11.0	0.776056176341	26.0	0.37115730172830436
27445	ENSG00000186472	PCLO	PCLO	1.0	9.0	0.7963121621244764	53.0	0.3116004112660995
5110	ENSG00000120265	PCMT1	PCMT1	1.0	2.0	0.5961319105187193	49.0	0.05183755743641037
57092	ENSG00000081154	PCNP	PCNP	1.0	3.0	0.485069260844266	8.0	0.06326990358838253
5116	ENSG00000160299	PCNT	PCNT	1.0	1.0	0.4162675833693665	32.0	0.018098590581276802
80003	ENSG00000135749	PCNX2	PCNX2	1.0	1.0	0.5393298812186784	32.0	0.023449125270377322
64430	ENSG00000126773	PCNX4	PCNX4	1.0	2.0	0.551956769335575	31.0	0.04799624081178913
26577	ENSG00000163710	PCOLCE2	PCOLCE2	1.0	8.0	0.7338703332486628	32.0	0.25525924634736097
5121	ENSG00000291560	PCP4	PCP4	0.0	0.0	0.11748971393109131	41.0	0.0
654790	ENSG00000248485	PCP4L1	PCP4L1	0.0	0.0	0.251748274358801	39.0	0.0
5122	ENSG00000175426	PCSK1	PCSK1	0.0	0.0	0.44723295373905214	32.0	0.0
5125	ENSG00000099139	PCSK5	PCSK5	1.0	5.0	0.5420627682351115	52.0	0.11783973222502422
5046	ENSG00000140479	PCSK6	PCSK6	0.0	0.0	0.15110976429902737	33.0	0.0
255738	ENSG00000169174	PCSK9	PCSK9	1.0	4.0	0.49295952007577437	32.0	0.08573209044796076
58488	ENSG00000141179	PCTP	PCTP	0.0	0.0	0.39878876742191754	32.0	0.0
51449	ENSG00000116005	PCYOX1	PCYOX1	1.0	2.0	0.3948035690525519	51.0	0.03433074513500451
5133	ENSG00000188389	PDCD1	PDCD1	0.0	0.0	0.37245365608804915	32.0	0.0
11235	ENSG00000114209	PDCD10	PDCD10	0.0	0.0	0.4077888333621668	32.0	0.0
84306	ENSG00000126249	PDCD2L	PDCD2L	1.0	4.0	0.7846902118733675	33.0	0.1364678629344987
27250	ENSG00000150593	PDCD4	PDCD4	1.0	3.0	0.5361641831654153	41.0	0.06993445867374981
10016	ENSG00000249915	PDCD6	PDCD6	1.0	4.0	0.5634152204661671	7.0	0.09798525573324644
10081	ENSG00000090470	PDCD7	PDCD7	0.0	0.0	0.5752191585758465	32.0	0.0
5082	ENSG00000136940	PDCL	PDCL	0.0	0.0	0.29102506816894785	32.0	0.0
79031	ENSG00000115539	PDCL3	PDCL3	0.0	0.0	0.34112861320632154	32.0	0.0
10846	ENSG00000112541	PDE10A	PDE10A	1.0	1.0	0.3544568228715995	53.0	0.015411166211808673
50940	ENSG00000128655	PDE11A	PDE11A	1.0	1.0	0.30962561566995295	31.0	0.013461983289997953
5136	ENSG00000115252	PDE1A	PDE1A	1.0	6.0	0.7239552483568954	31.0	0.18885789087571184
5153	ENSG00000123360	PDE1B	PDE1B	1.0	1.0	0.4928235329213877	31.0	0.021427110127016855
5138	ENSG00000186642	PDE2A	PDE2A	1.0	13.0	0.7730747677161381	32.0	0.43695530349173023
5139	ENSG00000172572	PDE3A	PDE3A	1.0	4.0	0.5056962562356164	53.0	0.0879471749974985
5141	ENSG00000065989	PDE4A	PDE4A	0.0	0.0	0.5021527189133227	32.0	0.0
5142	ENSG00000184588	PDE4B	PDE4B	1.0	5.0	0.5627169049276667	2.0	0.1223297619407971
8654	ENSG00000138735	PDE5A	PDE5A	1.0	1.0	0.4367999178618991	33.0	0.018991300776604308
5158	ENSG00000133256	PDE6B	PDE6B	1.0	4.0	0.5027479854749697	57.0	0.08743443225651647
27115	ENSG00000171408	PDE7B	PDE7B	0.0	0.0	0.5442837051527034	32.0	0.0
8622	ENSG00000284762	PDE8B	PDE8B	1.0	2.0	0.5458685011800009	33.0	0.04746682618956529
5152	ENSG00000160191	PDE9A	PDE9A	1.0	3.0	0.47290029343050927	5.0	0.06168264696919686
56034	ENSG00000145431	PDGFC	PDGFC	1.0	5.0	0.6249383095423765	49.0	0.13585615424834271
80310	ENSG00000170962	PDGFD	PDGFD	1.0	1.0	0.735176924201221	59.0	0.03196421409570526
5156	ENSG00000134853	PDGFRA	PDGFRA	1.0	14.0	0.6302818229974219	9.0	0.38364980530277853
5157	ENSG00000104213	PDGFRL	PDGFRL	1.0	3.0	0.4687657102935843	31.0	0.06114335351655448
64714	ENSG00000185615	PDIA2	PDIA2	0.0	0.0	0.47396518098699203	32.0	0.0
2923	ENSG00000167004	PDIA3	PDIA3	1.0	1.0	0.5204417048885547	49.0	0.022627900212545855
10954	ENSG00000065485	PDIA5	PDIA5	0.0	0.0	0.7131364003873567	31.0	0.0
149420	ENSG00000175087	PDIK1L	PDIK1L	0.0	0.0	0.5927169875444825	32.0	0.0
5163	ENSG00000152256	PDK1	PDK1	1.0	1.0	0.7708321646346274	33.0	0.03351444194063598
5165	ENSG00000067992	PDK3	PDK3	1.0	1.0	0.581846763778505	33.0	0.02529768538167413
5166	ENSG00000004799	PDK4	PDK4	1.0	2.0	0.41708823315654936	32.0	0.03626854201361299
27295	ENSG00000154553	PDLIM3	PDLIM3	1.0	4.0	0.44683845093098307	33.0	0.0777110349445188
10611	ENSG00000163110	PDLIM5	PDLIM5	1.0	5.0	0.5331706753065611	55.0	0.1159066685449046
9260	ENSG00000196923	PDLIM7	PDLIM7	0.0	0.0	0.23606120222820753	32.0	0.0
54704	ENSG00000164951	PDP1	PDP1	0.0	0.0	0.5121695863153041	32.0	0.0
57546	ENSG00000172840	PDP2	PDP2	1.0	2.0	0.4534505484632892	2.0	0.039430482475068626
5170	ENSG00000140992	PDPK1	PDPK1	1.0	4.0	0.6647925200413232	31.0	0.11561609044196924
10630	ENSG00000162493	PDPN	PDPN	0.0	0.0	0.3160686251602897	32.0	0.0
81572	ENSG00000088356	PDRG1	PDRG1	1.0	7.0	0.6041588841118477	40.0	0.18387444299056235
23244	ENSG00000121892	PDS5A	PDS5A	1.0	8.0	0.7222833763400784	33.0	0.25122900046611424
23047	ENSG00000083642	PDS5B	PDS5B	1.0	1.0	0.4886487900871733	33.0	0.021245599569007536
283970	ENSG00000196696	PDXDC2P-NPIPB14P	PDXDC2P-NPIPB14P	1.0	3.0	0.6418184311754579	32.0	0.08371544754462494
8566	ENSG00000160209	PDXK	PDXK	1.0	3.0	0.5972907328277235	55.0	0.07790748689057263
57026	ENSG00000241360	PDXP	PDXP	1.0	4.0	0.6569525326838647	33.0	0.11425261437980255
5173	ENSG00000101327	PDYN	PDYN	1.0	11.0	0.7818051641075691	1.0	0.3739068176166635
23037	ENSG00000133401	PDZD2	PDZD2	1.0	4.0	0.6766505815394331	49.0	0.11767836200685794
57595	ENSG00000067840	PDZD4	PDZD4	1.0	3.0	0.7845030608652955	51.0	0.10232648619982115
79955	ENSG00000186862	PDZD7	PDZD7	1.0	1.0	0.5496748309749291	32.0	0.023898905694562135
118987	ENSG00000165650	PDZD8	PDZD8	0.0	0.0	0.3144889101170766	32.0	0.0
23024	ENSG00000121440	PDZRN3	PDZRN3	1.0	2.0	0.7226837571175201	33.0	0.0628420658363061
29951	ENSG00000165966	PDZRN4	PDZRN4	1.0	4.0	0.6995514381353224	33.0	0.12166111967570824
8682	ENSG00000162734	PEA15	PEA15	1.0	15.0	0.678163503656906	18.0	0.4422805458631996
79834	ENSG00000173517	PEAK1	PEAK1	0.0	0.0	0.4076625981283357	32.0	0.0
157310	ENSG00000134020	PEBP4	PEBP4	0.0	0.0	0.19719880680246019	49.0	0.0
5175	ENSG00000261371	PECAM1	PECAM1	0.0	0.0	0.2627248360127402	32.0	0.0
55825	ENSG00000115425	PECR	PECR	0.0	0.0	0.21073932873460494	44.0	0.0
553115	ENSG00000162517	PEF1	PEF1	1.0	3.0	0.6023978144712966	7.0	0.07857362797451695
23089	ENSG00000242265	PEG10	PEG10	1.0	7.0	0.6022557465119904	31.0	0.18329522719930144
5178	ENSG00000198300	PEG3	PEG3	0.0	0.0	0.38318230001510134	52.0	0.0
57162	ENSG00000197329	PELI1	PELI1	1.0	9.0	0.6081281008212337	55.0	0.2379631698865697
57161	ENSG00000139946	PELI2	PELI2	1.0	2.0	0.4361382654698092	33.0	0.037925066562592105
246330	ENSG00000174516	PELI3	PELI3	0.0	0.0	0.45097828075611013	32.0	0.0
5179	ENSG00000181195	PENK	PENK	1.0	1.0	0.4073606706600001	31.0	0.017711333506956525
5184	ENSG00000124299	PEPD	PEPD	0.0	0.0	0.27133969547012476	31.0	0.0
5187	ENSG00000179094	PER1	PER1	0.0	0.0	0.5812796955100383	19.0	0.0
8864	ENSG00000132326	PER2	PER2	0.0	0.0	0.5421731325928703	32.0	0.0
8863	ENSG00000049246	PER3	PER3	0.0	0.0	0.4395918941703081	32.0	0.0
84808	ENSG00000187642	PERM1	PERM1	1.0	6.0	0.6748715958893282	40.0	0.17605345979721604
64065	ENSG00000112378	PERP	PERP	0.0	0.0	0.24970016687153884	32.0	0.0
5189	ENSG00000127980	PEX1	PEX1	1.0	4.0	0.545138770100527	32.0	0.09480674262617861
5192	ENSG00000157911	PEX10	PEX10	1.0	2.0	0.4951966855575625	31.0	0.04306058135283152
5193	ENSG00000108733	PEX12	PEX12	0.0	0.0	0.23917610707593462	31.0	0.0
5824	ENSG00000162735	PEX19	PEX19	1.0	9.0	0.607427148359585	40.0	0.23768888414070719
5828	ENSG00000164751	PEX2	PEX2	1.0	3.0	0.4725561700236887	52.0	0.06163776130743766
5830	ENSG00000288217	PEX5	PEX5	1.0	2.0	0.6114265565479957	31.0	0.053167526656347455
51555	ENSG00000114757	PEX5L	PEX5L	1.0	1.0	0.40820519570297814	32.0	0.017748051987086004
5198	ENSG00000178921	PFAS	PFAS	0.0	0.0	0.6454943216935181	32.0	0.0
5204	ENSG00000291834	PFDN5	PFDN5	1.0	3.0	0.49809888492582405	32.0	0.06496941977293356
5209	ENSG00000170525	PFKFB3	PFKFB3	1.0	1.0	0.4632957093079321	33.0	0.020143291709040525
5214	ENSG00000067057	PFKP	PFKP	1.0	2.0	0.4941960604102737	2.0	0.042973570470458584
5217	ENSG00000070087	PFN2	PFN2	1.0	4.0	0.6482557860311118	9.0	0.11274013670106292
5223	ENSG00000171314	PGAM1	PGAM1	1.0	3.0	0.5023038449205371	7.0	0.06551789281572223
192111	ENSG00000247077	PGAM5	PGAM5	1.0	4.0	0.5447190687331075	41.0	0.09473375108401869
80055	ENSG00000197121	PGAP1	PGAP1	1.0	8.0	0.669901886314499	8.0	0.23300935176156487
93210	ENSG00000161395	PGAP3	PGAP3	1.0	8.0	0.8563494994759767	49.0	0.29786069546990496
161779	ENSG00000182405	PGBD4	PGBD4	1.0	1.0	0.4269710488258152	32.0	0.01856395864460066
79605	ENSG00000177614	PGBD5	PGBD5	1.0	7.0	0.7650401241691455	31.0	0.23283829866017472
5226	ENSG00000142657	PGD	PGD	1.0	2.0	0.44252818029760016	3.0	0.0384807113302261
5229	ENSG00000164219	PGGT1B	PGGT1B	0.0	0.0	0.4461786506399528	33.0	0.0
5230	ENSG00000102144	PGK1	PGK1	1.0	1.0	0.4449675547024981	33.0	0.019346415421847743
283209	ENSG00000165434	PGM2L1	PGM2L1	1.0	9.0	0.7901148900567555	18.0	0.3091753917613391
5238	ENSG00000013375	PGM3	PGM3	0.0	0.0	0.3899447048985524	32.0	0.0
283871	ENSG00000184207	PGP	PGP	0.0	0.0	0.3709384089930203	32.0	0.0
10857	ENSG00000101856	PGRMC1	PGRMC1	1.0	5.0	0.6119221254674081	40.0	0.13302654901465394
221692	ENSG00000112137	PHACTR1	PHACTR1	1.0	4.0	0.700026565224488	32.0	0.121743750473824
9749	ENSG00000112419	PHACTR2	PHACTR2	1.0	2.0	0.5419068029109058	40.0	0.04712233068790485
116154	ENSG00000087495	PHACTR3	PHACTR3	1.0	6.0	0.7092209745182075	52.0	0.18501416726561934
51808	ENSG00000164902	PHAX	PHAX	1.0	3.0	0.5531405132181202	2.0	0.07214876259366784
5245	ENSG00000167085	PHB1	PHB	1.0	4.0	0.4509134284699681	8.0	0.07841972669042924
11331	ENSG00000215021	PHB2	PHB2	1.0	3.0	0.5702487779800326	33.0	0.0743802753886999
80012	ENSG00000173889	PHC3	PHC3	1.0	2.0	0.48362874226283314	33.0	0.04205467324024636
57649	ENSG00000109118	PHF12	PHF12	1.0	1.0	0.312291427585903	31.0	0.013577888155908826
148479	ENSG00000116273	PHF13	PHF13	1.0	9.0	0.7972830965121195	49.0	0.31198034211343806
51230	ENSG00000025293	PHF20	PHF20	1.0	4.0	0.5835652493138929	7.0	0.10148960857632919
51105	ENSG00000129292	PHF20L1	PHF20L1	1.0	7.0	0.7406585546767329	49.0	0.2254178209885709
79142	ENSG00000040633	PHF23	PHF23	1.0	2.0	0.25623646210174383	4.0	0.02228143148710816
23349	ENSG00000122733	PHF24	PHF24	1.0	5.0	0.6777829879172008	33.0	0.14734412780808714
26227	ENSG00000092621	PHGDH	PHGDH	1.0	4.0	0.4216094369703654	32.0	0.07332338034267225
5255	ENSG00000067177	PHKA1	PHKA1	0.0	0.0	0.46958629518240974	42.0	0.0
5256	ENSG00000044446	PHKA2	PHKA2	0.0	0.0	0.4459794258103698	32.0	0.0
5257	ENSG00000102893	PHKB	PHKB	0.0	0.0	0.26390459246785153	44.0	0.0
5261	ENSG00000156873	PHKG2	PHKG2	1.0	3.0	0.5025055883336447	40.0	0.06554420717395365
7262	ENSG00000274538	PHLDA2	PHLDA2	1.0	1.0	0.381283749149939	32.0	0.016577554310866913
23612	ENSG00000174307	PHLDA3	PHLDA3	0.0	0.0	0.22607374368706282	32.0	0.0
90102	ENSG00000144824	PHLDB2	PHLDB2	1.0	1.0	0.39505823405844603	32.0	0.01717644495906287
653583	ENSG00000176531	PHLDB3	PHLDB3	1.0	2.0	0.5571642289585278	31.0	0.04844906338769807
29085	ENSG00000054148	PHPT1	PHPT1	1.0	5.0	0.5799048365836973	32.0	0.12606626882254288
10745	ENSG00000116793	PHTF1	PHTF1	1.0	2.0	0.630693057130019	31.0	0.05484287453304513
57157	ENSG00000006576	PHTF2	PHTF2	1.0	1.0	0.5804441106761673	33.0	0.025236700464181187
5264	ENSG00000107537	PHYH	PHYH	1.0	1.0	0.38077104494771064	10.0	0.016555262823813505
254295	ENSG00000175287	PHYHD1	PHYHD1	1.0	5.0	0.5056049365447344	55.0	0.10991411664015964
84457	ENSG00000165443	PHYHIPL	PHYHIPL	1.0	3.0	0.6120915297628772	36.0	0.07983802562124484
221476	ENSG00000164530	PI16	PI16	0.0	0.0	0.2584049629032112	55.0	0.0
55361	ENSG00000155252	PI4K2A	PI4K2A	0.0	0.0	0.27796791341745264	31.0	0.0
5297	ENSG00000241973	PI4KA	PI4KA	1.0	3.0	0.6101773938247878	40.0	0.07958835571627666
375133	ENSG00000293427	PI4KAP2	PI4KAP2	1.0	5.0	0.7021951222429321	40.0	0.1526511135310722
196500	ENSG00000139200	PIANP	PIANP	1.0	7.0	0.6959182678805181	52.0	0.21180121196363597
9063	ENSG00000078043	PIAS2	PIAS2	1.0	1.0	0.5905028449066612	31.0	0.025674036735072223
9463	ENSG00000100151	PICK1	PICK1	1.0	1.0	0.35736426576015173	33.0	0.01553757677218051
55022	ENSG00000153823	PID1	PID1	1.0	13.0	0.8013213641385712	52.0	0.45292077103484457
55367	ENSG00000177595	PIDD1	PIDD1	1.0	1.0	0.48699901436300697	52.0	0.021173870189695954
80119	ENSG00000140451	PIF1	PIF1	0.0	0.0	0.27433150932314104	59.0	0.0
128344	ENSG00000173947	CIMAP3	PIFO	1.0	4.0	0.5036334580052325	31.0	0.08758842747917087
5279	ENSG00000135845	PIGC	PIGC	0.0	0.0	0.37197432276737674	10.0	0.0
9487	ENSG00000108474	PIGL	PIGL	1.0	1.0	0.5485193764845943	19.0	0.023848668542808444
51227	ENSG00000185808	PIGP	PIGP	1.0	6.0	0.44574687916231115	53.0	0.11628179456408116
80235	ENSG00000119227	PIGZ	PIGZ	1.0	5.0	0.7160366926887684	52.0	0.15566015058451485
55011	ENSG00000104872	PIH1D1	PIH1D1	1.0	3.0	0.6092808857099998	33.0	0.07947141987521737
120379	ENSG00000150773	PIH1D2	PIH1D2	1.0	1.0	0.38334499562665775	60.0	0.016667173722898162
5286	ENSG00000011405	PIK3C2A	PIK3C2A	1.0	2.0	0.44765287343897076	33.0	0.03892633682078007
5289	ENSG00000078142	PIK3C3	PIK3C3	1.0	1.0	0.3642954322671274	31.0	0.01583893183770119
5290	ENSG00000121879	PIK3CA	PIK3CA	0.0	0.0	0.30667129254081754	31.0	0.0
5291	ENSG00000051382	PIK3CB	PIK3CB	0.0	0.0	0.3516149442328862	39.0	0.0
5293	ENSG00000171608	PIK3CD	PIK3CD	1.0	6.0	0.5899781081140656	49.0	0.15390733255149536
5295	ENSG00000145675	PIK3R1	PIK3R1	1.0	2.0	0.5552433624080728	33.0	0.04828203151374546
29992	ENSG00000085514	PILRA	PILRA	1.0	1.0	0.6024610199439325	31.0	0.02619395738886663
5292	ENSG00000137193	PIM1	PIM1	0.0	0.0	0.3314136912623517	32.0	0.0
415116	ENSG00000198355	PIM3	PIM3	0.0	0.0	0.29188477958755205	31.0	0.0
5300	ENSG00000127445	PIN1	PIN1	1.0	5.0	0.5727976047094779	33.0	0.1245212184151039
5301	ENSG00000293134	PIN1P1	PIN1P1	1.0	3.0	0.57367877637778	33.0	0.07482766648405825
5303	ENSG00000102309	PIN4	PIN4	1.0	4.0	0.651691253798004	9.0	0.1133376093561746
65018	ENSG00000158828	PINK1	PINK1	1.0	6.0	0.5309573949626745	33.0	0.1385106247728716
390940	ENSG00000234465	PINLYP	PINLYP	1.0	10.0	0.599767659547458	49.0	0.26076854762932955
5305	ENSG00000150867	PIP4K2A	PIP4K2A	0.0	0.0	0.19721765323738227	32.0	0.0
8396	ENSG00000277292	PIP4K2B	PIP4K2B	1.0	7.0	0.7526018873675482	31.0	0.22905274832925382
79837	ENSG00000166908	PIP4K2C	PIP4K2C	1.0	1.0	0.42957443651812355	33.0	0.01867714941383146
90809	ENSG00000165782	PIP4P1	PIP4P1	1.0	3.0	0.5975420043784458	40.0	0.07794026144066685
55529	ENSG00000155099	PIP4P2	PIP4P2	0.0	0.0	0.30650733267213265	32.0	0.0
8395	ENSG00000107242	PIP5K1B	PIP5K1B	1.0	1.0	0.4417565193605308	32.0	0.019206805189588293
23396	ENSG00000186111	PIP5K1C	PIP5K1C	1.0	2.0	0.6225998031128317	2.0	0.05413911331415928
138429	ENSG00000167103	PIP5KL1	PIP5KL1	0.0	0.0	0.26795560969977467	7.0	0.0
8544	ENSG00000087842	PIR	PIR	1.0	6.0	0.3860520234133379	49.0	0.10070922349913163
644139	ENSG00000233670	PIRT	PIRT	1.0	2.0	0.3978723611776165	33.0	0.03459759662414056
23761	ENSG00000241878	PISD	PISD	1.0	3.0	0.7029716882456074	7.0	0.09169195933638358
5306	ENSG00000174238	PITPNA	PITPNA	0.0	0.0	0.35447587351927623	32.0	0.0
23760	ENSG00000180957	PITPNB	PITPNB	1.0	3.0	0.5530717841063836	3.0	0.0721397979269196
26207	ENSG00000154217	PITPNC1	PITPNC1	0.0	0.0	0.3674404685578698	36.0	0.0
9600	ENSG00000110697	PITPNM1	PITPNM1	1.0	3.0	0.5899592351522158	9.0	0.07695120458507163
57605	ENSG00000090975	PITPNM2	PITPNM2	1.0	6.0	0.8234924419027392	33.0	0.21482411527897544
10531	ENSG00000107959	PITRM1	PITRM1	1.0	3.0	0.5407076384237351	9.0	0.0705270832726611
143689	ENSG00000134627	PIWIL4	PIWIL4	1.0	8.0	0.5989237473656008	52.0	0.20832130343151334
64219	ENSG00000181191	PJA1	PJA1	1.0	9.0	0.7742319075377464	33.0	0.30296031164520515
9867	ENSG00000198961	PJA2	PJA2	0.0	0.0	0.5698768032617514	5.0	0.0
494513	ENSG00000204311	PJVK	PJVK	0.0	0.0	0.4437880881701033	32.0	0.0
5310	ENSG00000008710	PKD1	PKD1	0.0	0.0	0.5783959112410361	31.0	0.0
105369154	ENSG00000290394	PKD1P6-NPIPP1	PKD1P6-NPIPP1	1.0	3.0	0.6397882789958305	51.0	0.08345064508641267
5311	ENSG00000118762	PKD2	PKD2	0.0	0.0	0.36291361692618984	32.0	0.0
9033	ENSG00000107593	PKD2L1	PKD2L1	1.0	2.0	0.6732322953562572	33.0	0.058541938726631056
91461	ENSG00000162878	PKDCC	PKDCC	1.0	2.0	0.5464971102840198	33.0	0.04752148785078433
5569	ENSG00000171033	PKIA	PKIA	1.0	15.0	0.6914292643404338	49.0	0.45093212891767426
5570	ENSG00000135549	PKIB	PKIB	1.0	13.0	0.7578940948575974	53.0	0.4283749231803811
11142	ENSG00000168734	PKIG	PKIG	1.0	4.0	0.7345613181661841	33.0	0.12774979446368417
5585	ENSG00000123143	PKN1	PKN1	1.0	6.0	0.4093756984813996	49.0	0.10679366047340859
5586	ENSG00000065243	PKN2	PKN2	0.0	0.0	0.4042461163533204	64.0	0.0
5316	ENSG00000160199	PKNOX1	PKNOX1	1.0	3.0	0.559290025726162	33.0	0.07295087292080374
63876	ENSG00000165495	PKNOX2	PKNOX2	1.0	1.0	0.5911793406094106	33.0	0.0257034495917135
11187	ENSG00000184363	PKP3	PKP3	1.0	3.0	0.580133282016018	40.0	0.07566955852382844
8502	ENSG00000144283	PKP4	PKP4	1.0	4.0	0.41829783543796134	60.0	0.07274744964138458
81579	ENSG00000123739	PLA2G12A	PLA2G12A	1.0	1.0	0.4865462644887264	33.0	0.02115418541255332
5321	ENSG00000116711	PLA2G4A	PLA2G4A	1.0	1.0	0.45094232840673076	52.0	0.01960618819159699
7941	ENSG00000146070	PLA2G7	PLA2G7	1.0	4.0	0.43475950962991894	49.0	0.07561034950085546
22925	ENSG00000153246	PLA2R1	PLA2R1	0.0	0.0	0.25683755313390333	10.0	0.0
219348	ENSG00000189129	PLAC9	PLAC9	1.0	6.0	0.5832943887131504	52.0	0.15216375357734357
5325	ENSG00000118495	PLAGL1	PLAGL1	0.0	0.0	0.5026375553157497	32.0	0.0
5326	ENSG00000126003	PLAGL2	PLAGL2	0.0	0.0	0.5633825540088314	31.0	0.0
5327	ENSG00000104368	PLAT	PLAT	0.0	0.0	0.2803525185463087	32.0	0.0
5328	ENSG00000122861	PLAU	PLAU	1.0	2.0	0.6349975496656942	31.0	0.055217178231799495
5329	ENSG00000011422	PLAUR	PLAUR	0.0	0.0	0.3814303849791285	32.0	0.0
151056	ENSG00000163803	PLB1	PLB1	1.0	9.0	0.7170602567280367	49.0	0.28058879611097093
79887	ENSG00000121316	PLBD1	PLBD1	0.0	0.0	0.1544088733635761	32.0	0.0
23236	ENSG00000182621	PLCB1	PLCB1	0.0	0.0	0.3789292826601086	32.0	0.0
5330	ENSG00000137841	PLCB2	PLCB2	1.0	6.0	0.6100283032070202	31.0	0.1591378182279183
5332	ENSG00000101333	PLCB4	PLCB4	0.0	0.0	0.1834389571027118	50.0	0.0
113026	ENSG00000161714	PLCD3	PLCD3	1.0	7.0	0.6146936055838828	40.0	0.1870806625690078
84812	ENSG00000115556	PLCD4	PLCD4	1.0	1.0	0.2947031549496185	31.0	0.012813180649983413
5336	ENSG00000197943	PLCG2	PLCG2	1.0	4.0	0.5045953141772511	49.0	0.08775570681343497
23007	ENSG00000114805	PLCH1	PLCH1	1.0	2.0	0.37645058973988826	54.0	0.032734833890425065
9651	ENSG00000149527	PLCH2	PLCH2	1.0	9.0	0.8005832316115581	49.0	0.31327169932626187
5334	ENSG00000115896	PLCL1	PLCL1	0.0	0.0	0.2899631400164397	32.0	0.0
55344	ENSG00000182378	PLCXD1	PLCXD1	1.0	2.0	0.5031083375523643	2.0	0.043748551091509935
345557	ENSG00000182836	PLCXD3	PLCXD3	1.0	4.0	0.6397380000673973	42.0	0.11125878262041693
23646	ENSG00000105223	PLD3	PLD3	1.0	8.0	0.6407918791536044	33.0	0.22288413187951456
201164	ENSG00000179598	PLD6	PLD6	1.0	5.0	0.5716683779917981	55.0	0.12427573434604307
59338	ENSG00000107679	PLEKHA1	PLEKHA1	0.0	0.0	0.4638162418395889	32.0	0.0
59339	ENSG00000169499	PLEKHA2	PLEKHA2	1.0	3.0	0.6455557947007041	52.0	0.0842029297435701
57664	ENSG00000105559	PLEKHA4	PLEKHA4	1.0	4.0	0.41238340519903516	33.0	0.07171885307809307
54477	ENSG00000052126	PLEKHA5	PLEKHA5	0.0	0.0	0.5333702806060736	32.0	0.0
22874	ENSG00000143850	PLEKHA6	PLEKHA6	1.0	1.0	0.39413235354170467	32.0	0.01713618928442194
144100	ENSG00000166689	PLEKHA7	PLEKHA7	1.0	4.0	0.4265280472361678	32.0	0.07417879082368135
79156	ENSG00000166289	PLEKHF1	PLEKHF1	0.0	0.0	0.2927425717231087	32.0	0.0
57449	ENSG00000171680	PLEKHG5	PLEKHG5	1.0	2.0	0.5688310960275874	33.0	0.0494635735676163
130271	ENSG00000152527	PLEKHH2	PLEKHH2	1.0	4.0	0.47040411157155465	54.0	0.08180941070809646
79990	ENSG00000068137	PLEKHH3	PLEKHH3	0.0	0.0	0.3001711903985246	33.0	0.0
9842	ENSG00000276358	PLEKHM1	PLEKHM1	1.0	1.0	0.4620564600390409	31.0	0.020089411306045257
440456	ENSG00000293669	PLEKHM1P1	PLEKHM1P1	0.0	0.0	0.3976257039648778	32.0	0.0
23207	ENSG00000116786	PLEKHM2	PLEKHM2	1.0	3.0	0.5831238252030557	2.0	0.07605962937431161
389072	ENSG00000178385	PLEKHM3	PLEKHM3	0.0	0.0	0.5421872194385993	32.0	0.0
51177	ENSG00000023902	PLEKHO1	PLEKHO1	1.0	1.0	0.6263887535024873	31.0	0.027234293630542927
80301	ENSG00000241839	PLEKHO2	PLEKHO2	1.0	6.0	0.5435783856102504	40.0	0.1418030571157175
10226	ENSG00000105355	PLIN3	PLIN3	0.0	0.0	0.353324324187869	32.0	0.0
440503	ENSG00000214456	PLIN5	PLIN5	1.0	3.0	0.5157170879504924	54.0	0.06726744625441206
10769	ENSG00000145632	PLK2	PLK2	1.0	2.0	0.6381732882127418	33.0	0.05549332940980363
126520	ENSG00000185988	PLK5	PLK5	0.0	0.0	0.6633658496084505	32.0	0.0
5352	ENSG00000152952	PLOD2	PLOD2	1.0	3.0	0.5212221230274885	49.0	0.06798549430793328
5354	ENSG00000123560	PLP1	PLP1	0.0	0.0	0.2172982771707666	32.0	0.0
11212	ENSG00000147471	PLPBP	PLPBP	1.0	7.0	0.663150262019242	52.0	0.20182834061455193
196051	ENSG00000203805	PLPP4	PLPP4	1.0	11.0	0.5981355676390075	8.0	0.2860648366969167
84513	ENSG00000147535	PLPP5	PLPP5	1.0	6.0	0.6820655169348151	53.0	0.17793013485256046
84814	ENSG00000160539	PLPP7	PLPP7	0.0	0.0	0.4618131245421322	34.0	0.0
64748	ENSG00000105520	PLPPR2	PLPPR2	1.0	16.0	0.79509316043896	32.0	0.5531082855227547
79948	ENSG00000282283	PLPPR3	PLPPR3	1.0	6.0	0.6713556961863945	32.0	0.17513626857036377
9890	ENSG00000117600	PLPPR4	PLPPR4	1.0	14.0	0.7616552571014541	49.0	0.463616243453059
163404	ENSG00000117598	PLPPR5	PLPPR5	1.0	13.0	0.9619213081049689	31.0	0.5436946524071563
5358	ENSG00000102024	PLS3	PLS3	1.0	13.0	0.5738789238459314	31.0	0.32436634826074384
57088	ENSG00000114698	PLSCR4	PLSCR4	1.0	4.0	0.5363807360561743	33.0	0.093283606270639
5360	ENSG00000100979	PLTP	PLTP	1.0	5.0	0.5004629358477433	52.0	0.10879629040168332
57125	ENSG00000161381	PLXDC1	PLXDC1	0.0	0.0	0.37688258165547367	32.0	0.0
84898	ENSG00000120594	PLXDC2	PLXDC2	1.0	4.0	0.585798452574506	55.0	0.101877991752088
5361	ENSG00000114554	PLXNA1	PLXNA1	1.0	7.0	0.7413659336226632	53.0	0.22563311023298446
5362	ENSG00000076356	PLXNA2	PLXNA2	1.0	4.0	0.6116475281667303	9.0	0.10637348315943135
55558	ENSG00000130827	PLXNA3	PLXNA3	1.0	3.0	0.5248009652941339	8.0	0.06845229982097398
91584	ENSG00000221866	PLXNA4	PLXNA4	1.0	2.0	0.5655574359161281	32.0	0.049178907470967655
5365	ENSG00000198753	PLXNB3	PLXNB3	0.0	0.0	0.36517904663355055	32.0	0.0
10154	ENSG00000136040	PLXNC1	PLXNC1	1.0	15.0	0.8231163282691304	3.0	0.536814996697259
23129	ENSG00000004399	PLXND1	PLXND1	1.0	6.0	0.7304897837229812	53.0	0.19056255227556032
135293	ENSG00000146281	PM20D2	PM20D2	1.0	1.0	0.5782632022652467	49.0	0.025141878359358553
56937	ENSG00000124225	PMEPA1	PMEPA1	0.0	0.0	0.25621171664466014	32.0	0.0
5372	ENSG00000100417	PMM1	PMM1	1.0	5.0	0.651866920289196	33.0	0.1417102000628687
5375	ENSG00000147588	PMP2	PMP2	1.0	3.0	0.3788410909362839	55.0	0.04941405533951529
23203	ENSG00000165688	PMPCA	PMPCA	1.0	2.0	0.48710030114499603	33.0	0.04235654792565183
9512	ENSG00000105819	PMPCB	PMPCB	1.0	2.0	0.478268654349102	33.0	0.04158857863905235
5378	ENSG00000064933	PMS1	PMS1	1.0	1.0	0.5859824855414242	33.0	0.02547749937136627
5395	ENSG00000122512	PMS2	PMS2	1.0	3.0	0.5352690820746394	51.0	0.06981770635756165
10654	ENSG00000163344	PMVK	PMVK	1.0	8.0	0.5366561996733497	53.0	0.186663025973339
139728	ENSG00000130822	PNCK	PNCK	1.0	7.0	0.8062658180015477	32.0	0.2453852489569928
25957	ENSG00000132424	PNISR	PNISR	0.0	0.0	0.594475830169787	19.0	0.0
25953	ENSG00000127838	PNKD	PNKD	0.0	0.0	0.34550856953890546	10.0	0.0
154197	ENSG00000146453	PNLDC1	PNLDC1	0.0	0.0	0.3620231742425851	32.0	0.0
9240	ENSG00000176903	PNMA1	PNMA1	1.0	3.0	0.6450071415967618	33.0	0.0841313662952298
10687	ENSG00000240694	PNMA2	PNMA2	1.0	3.0	0.6947080811326525	33.0	0.09061409753904162
29944	ENSG00000183837	PNMA3	PNMA3	1.0	2.0	0.5074515597302525	33.0	0.04412622258523934
114824	ENSG00000292194	PNMA5	PNMA5	1.0	5.0	0.620699033525354	33.0	0.13493457250551175
84968	ENSG00000235961	PNMA6A	PNMA6A	1.0	3.0	0.5411104485626733	33.0	0.07057962372556609
649238	ENSG00000214897	PNMA6E	PNMA6E	1.0	2.0	0.5578400674196214	32.0	0.0485078319495323
55228	ENSG00000182013	PNMA8A	PNMA8A	1.0	9.0	0.7637563226726891	18.0	0.2988611697414871
57469	ENSG00000204851	PNMA8B	PNMA8B	1.0	2.0	0.4924839115801815	33.0	0.04282468796349404
5409	ENSG00000141744	PNMT	PNMT	1.0	11.0	0.665341427298178	49.0	0.3182067695773895
56902	ENSG00000115946	PNO1	PNO1	1.0	2.0	0.5578802658618099	52.0	0.04851132746624434
5368	ENSG00000168081	PNOC	PNOC	1.0	8.0	0.6873204521228723	40.0	0.239067983347086
4860	ENSG00000198805	PNP	PNP	1.0	6.0	0.4880230529298488	52.0	0.1273103616338736
80339	ENSG00000100344	PNPLA3	PNPLA3	1.0	7.0	0.6624441202409815	24.0	0.20161342789942918
8228	ENSG00000006757	PNPLA4	PNPLA4	1.0	4.0	0.5695881189144126	40.0	0.09905880328946307
375775	ENSG00000130653	PNPLA7	PNPLA7	1.0	3.0	0.7472924588926574	52.0	0.0974729294207814
55163	ENSG00000108439	PNPO	PNPO	0.0	0.0	0.3059863507854438	32.0	0.0
25886	ENSG00000164087	POC1A	POC1A	1.0	7.0	0.709778045179283	24.0	0.2160194050545644
5420	ENSG00000128567	PODXL	PODXL	0.0	0.0	0.40023464477395426	53.0	0.0
23275	ENSG00000186866	POFUT2	POFUT2	1.0	2.0	0.466470735906124	33.0	0.04056267268748904
54107	ENSG00000148229	POLE3	POLE3	1.0	2.0	0.6431842863951188	16.0	0.05592906838218424
56655	ENSG00000115350	POLE4	POLE4	1.0	3.0	0.5364754379962614	49.0	0.06997505712994714
5428	ENSG00000140521	POLG	POLG	1.0	4.0	0.6266439250169553	33.0	0.10898155217686178
11232	ENSG00000256525	POLG2	POLG2	1.0	4.0	0.5668192998761397	31.0	0.09857726954367646
353497	ENSG00000130997	POLN	POLN	1.0	3.0	0.663910729893557	33.0	0.08659705172524657
51082	ENSG00000186184	POLR1D	POLR1D	1.0	2.0	0.666598251392714	33.0	0.057965065338496866
5431	ENSG00000047315	POLR2B	POLR2B	1.0	4.0	0.5541527739945967	51.0	0.09637439547732117
5434	ENSG00000099817	POLR2E	POLR2E	1.0	3.0	0.4513348284315437	39.0	0.05886976023020135
5436	ENSG00000168002	POLR2G	POLR2G	1.0	8.0	0.4874803508896362	60.0	0.16955838291813433
5437	ENSG00000163882	POLR2H	POLR2H	1.0	3.0	0.5451433830599381	33.0	0.07110565865999192
5439	ENSG00000005075	POLR2J	POLR2J	1.0	3.0	0.4674804138609461	55.0	0.06097570615577557
5440	ENSG00000147669	POLR2K	POLR2K	1.0	5.0	0.5625956074101093	8.0	0.12230339291524114
5441	ENSG00000177700	POLR2L	POLR2L	1.0	7.0	0.6012807374965474	53.0	0.18299848532503618
11128	ENSG00000148606	POLR3A	POLR3A	1.0	2.0	0.7203526230754795	36.0	0.06263935852830256
661	ENSG00000168495	POLR3D	POLR3D	0.0	0.0	0.32436120866631935	32.0	0.0
10622	ENSG00000113356	POLR3G	POLR3G	1.0	1.0	0.47076359753528496	31.0	0.02046798250153413
84265	ENSG00000121851	POLR3GL	POLR3GL	1.0	8.0	0.6435531543746461	60.0	0.22384457543465952
171568	ENSG00000100413	POLR3H	POLR3H	1.0	8.0	0.5460996540998923	31.0	0.18994770577387557
51728	ENSG00000161980	POLR3K	POLR3K	1.0	4.0	0.6321402431431256	33.0	0.1099374335901088
5443	ENSG00000115138	POMC	POMC	1.0	1.0	0.36207681193265306	32.0	0.015742470084028393
10585	ENSG00000130714	POMT1	POMT1	1.0	6.0	0.6483070997736847	41.0	0.16912359124530904
5445	ENSG00000105854	PON2	PON2	1.0	10.0	0.5316777428940875	33.0	0.2311642360409076
5446	ENSG00000105852	PON3	PON3	1.0	3.0	0.5421206729316962	40.0	0.07071139212152559
10248	ENSG00000172336	POP7	POP7	1.0	2.0	0.536808866122023	33.0	0.04667903183669766
64208	ENSG00000132429	POPDC3	POPDC3	1.0	1.0	0.3566322602066555	5.0	0.01550575044376763
5452	ENSG00000028277	POU2F2	POU2F2	0.0	0.0	0.6742395855166434	31.0	0.0
5453	ENSG00000185668	POU3F1	POU3F1	0.0	0.0	0.11954673083815738	32.0	0.0
5454	ENSG00000184486	POU3F2	POU3F2	0.0	0.0	0.23986229665283224	31.0	0.0
5455	ENSG00000198914	POU3F3	POU3F3	0.0	0.0	0.22642617265448645	32.0	0.0
5456	ENSG00000196767	POU3F4	POU3F4	0.0	0.0	0.2609751148302515	32.0	0.0
5463	ENSG00000184271	POU6F1	POU6F1	0.0	0.0	0.5366712501052225	32.0	0.0
11281	ENSG00000106536	POU6F2	POU6F2	1.0	2.0	0.513646661376893	33.0	0.04466492707625156
100192379	ENSG00000226757	PP12613	PP12613	1.0	1.0	0.525492165818211	33.0	0.022847485470357
27068	ENSG00000138777	PPA2	PPA2	1.0	3.0	0.4897441787202386	2.0	0.06387967548524852
5465	ENSG00000186951	PPARA	PPARA	1.0	4.0	0.4333908864384025	40.0	0.07537232807624392
5467	ENSG00000112033	PPARD	PPARD	0.0	0.0	0.41804886673082653	32.0	0.0
5468	ENSG00000132170	PPARG	PPARG	1.0	4.0	0.5040651573243161	33.0	0.08766350562162019
10891	ENSG00000109819	PPARGC1A	PPARGC1A	0.0	0.0	0.24384724402910396	48.0	0.0
133522	ENSG00000155846	PPARGC1B	PPARGC1B	0.0	0.0	0.4979228638419361	32.0	0.0
79144	ENSG00000125534	PPDPF	PPDPF	1.0	7.0	0.49020729945096336	31.0	0.14919352591985843
5475	ENSG00000086717	PPEF1	PPEF1	1.0	4.0	0.5862024836212101	18.0	0.10194825802108001
8541	ENSG00000177380	PPFIA3	PPFIA3	1.0	4.0	0.6898950824458548	51.0	0.11998175346884432
8497	ENSG00000143847	PPFIA4	PPFIA4	1.0	2.0	0.7962339396347624	49.0	0.06923773388128368
8496	ENSG00000110841	PPFIBP1	PPFIBP1	1.0	1.0	0.4183541864550893	32.0	0.0181893124545691
5478	ENSG00000196262	PPIA	PPIA	1.0	1.0	0.5921130473608947	31.0	0.0257440455374302
653505	ENSG00000291978	PPIAL4A	PPIAL4A	1.0	3.0	0.5114135298345488	3.0	0.06670611258711506
644591	ENSG00000236334	PPIAL4G	PPIAL4G	1.0	2.0	0.577616687959702	33.0	0.050227538083452344
5479	ENSG00000166794	PPIB	PPIB	1.0	3.0	0.5189346017589755	33.0	0.06768712196856203
5480	ENSG00000168938	PPIC	PPIC	1.0	1.0	0.22063455736626683	31.0	0.009592806842011602
10450	ENSG00000084072	PPIE	PPIE	0.0	0.0	0.5038939606314398	31.0	0.0
728448	ENSG00000291129	PPIEL	PPIEL	0.0	0.0	0.40334177830882045	19.0	0.0
10465	ENSG00000171960	PPIH	PPIH	1.0	7.0	0.7076396225763475	31.0	0.21536858078410578
23759	ENSG00000100023	PPIL2	PPIL2	1.0	3.0	0.6508434828082288	54.0	0.08489262819237767
53938	ENSG00000240344	PPIL3	PPIL3	0.0	0.0	0.23939578519788213	32.0	0.0
285755	ENSG00000185250	PPIL6	PPIL6	1.0	6.0	0.7520660645728451	39.0	0.19619114727987264
9677	ENSG00000168781	PPIP5K1	PPIP5K1	1.0	4.0	0.7033381944063472	51.0	0.12231968598371254
23262	ENSG00000145725	PPIP5K2	PPIP5K2	0.0	0.0	0.4028339460227393	32.0	0.0
5493	ENSG00000118898	PPL	PPL	1.0	3.0	0.6279229679430203	7.0	0.08190299581865482
5494	ENSG00000100614	PPM1A	PPM1A	0.0	0.0	0.40247879961512345	32.0	0.0
5495	ENSG00000138032	PPM1B	PPM1B	1.0	2.0	0.556108987757944	32.0	0.04835730328329948
8493	ENSG00000170836	PPM1D	PPM1D	0.0	0.0	0.45176597997243734	32.0	0.0
22843	ENSG00000175175	PPM1E	PPM1E	1.0	2.0	0.5675826983518213	52.0	0.04935501724798446
57460	ENSG00000111110	PPM1H	PPM1H	1.0	3.0	0.5898115298686686	32.0	0.07693193867852198
333926	ENSG00000155367	PPM1J	PPM1J	1.0	3.0	0.7736914894925913	31.0	0.10091628123816407
152926	ENSG00000163644	PPM1K	PPM1K	1.0	4.0	0.6848619218340181	33.0	0.11910642118852488
151742	ENSG00000163590	PPM1L	PPM1L	1.0	1.0	0.5393221140378862	33.0	0.023448787566864616
132160	ENSG00000164088	PPM1M	PPM1M	1.0	11.0	0.7146974644376848	58.0	0.3418118308180232
147699	ENSG00000213889	PPM1N	PPM1N	1.0	12.0	0.7142111456429096	53.0	0.3726319020745615
51400	ENSG00000214517	PPME1	PPME1	1.0	2.0	0.5396344184286922	51.0	0.04692473203727758
5501	ENSG00000186298	PPP1CC	PPP1CC	0.0	0.0	0.34474837055896257	32.0	0.0
6992	ENSG00000237403	PPP1R11	PPP1R11	1.0	4.0	0.6325113275730816	52.0	0.11000197001270984
4659	ENSG00000058272	PPP1R12A	PPP1R12A	1.0	3.0	0.6071245390923709	3.0	0.07919015727291794
4660	ENSG00000077157	PPP1R12B	PPP1R12B	1.0	4.0	0.6295741082942501	33.0	0.10949114926856524
54776	ENSG00000125503	PPP1R12C	PPP1R12C	1.0	6.0	0.6051141118978468	8.0	0.15785585527769916
94274	ENSG00000167641	PPP1R14A	PPP1R14A	0.0	0.0	0.2177091860593834	44.0	0.0
81706	ENSG00000198729	PPP1R14C	PPP1R14C	1.0	3.0	0.6611568971433669	33.0	0.0862378561491348
84919	ENSG00000158615	PPP1R15B	PPP1R15B	0.0	0.0	0.38060795783826573	31.0	0.0
26051	ENSG00000101445	PPP1R16B	PPP1R16B	0.0	0.0	0.5589771396335285	31.0	0.0
10842	ENSG00000106341	PPP1R17	PPP1R17	1.0	3.0	0.44976180071003496	32.0	0.05866458270130891
5502	ENSG00000135447	PPP1R1A	PPP1R1A	1.0	4.0	0.623983149551337	53.0	0.10851880861762384
84152	ENSG00000131771	PPP1R1B	PPP1R1B	1.0	7.0	0.6378186790571305	49.0	0.1941187284086919
129285	ENSG00000162869	PPP1R21	PPP1R21	1.0	5.0	0.6209736320031406	3.0	0.13499426782676968
9858	ENSG00000196422	PPP1R26	PPP1R26	1.0	8.0	0.7662502022049182	31.0	0.26652180946258025
220004	ENSG00000162148	SAXO4	PPP1R32	1.0	6.0	0.6184663071712083	49.0	0.1613390366533587
284352	ENSG00000104866	PPP1R37	PPP1R37	1.0	6.0	0.8176756844171186	49.0	0.21330670028272658
79660	ENSG00000285343	PPP1R3B	PPP1R3B	0.0	0.0	0.10190969547097789	10.0	0.0
5509	ENSG00000132825	PPP1R3D	PPP1R3D	0.0	0.0	0.2554520979773088	53.0	0.0
90673	ENSG00000235194	PPP1R3E	PPP1R3E	0.0	0.0	0.4245027837899981	32.0	0.0
89801	ENSG00000049769	PPP1R3F	PPP1R3F	1.0	3.0	0.5815900451609592	51.0	0.0758595711079512
286187	ENSG00000178125	PPP1R42	PPP1R42	1.0	7.0	0.6548033573575525	53.0	0.19928797832621162
5511	ENSG00000117751	PPP1R8	PPP1R8	1.0	3.0	0.4888446157761139	53.0	0.06376234118818877
55607	ENSG00000158528	PPP1R9A	PPP1R9A	0.0	0.0	0.45322027778005924	52.0	0.0
5519	ENSG00000137713	PPP2R1B	PPP2R1B	0.0	0.0	0.30425167256328084	32.0	0.0
5520	ENSG00000221914	PPP2R2A	PPP2R2A	0.0	0.0	0.40502229160559405	40.0	0.0
5521	ENSG00000156475	PPP2R2B	PPP2R2B	1.0	3.0	0.4960994377617784	53.0	0.0647086223167537
5522	ENSG00000074211	PPP2R2C	PPP2R2C	1.0	3.0	0.5973921469764778	32.0	0.07792071482301884
55844	ENSG00000175470	PPP2R2D	PPP2R2D	0.0	0.0	0.6168250662506067	33.0	0.0
28227	ENSG00000167393	PPP2R3B	PPP2R3B	1.0	3.0	0.5371864795321217	1.0	0.07006780167810284
55012	ENSG00000092020	PPP2R3C	PPP2R3C	1.0	6.0	0.5360685259275004	40.0	0.13984396328543489
5525	ENSG00000066027	PPP2R5A	PPP2R5A	1.0	5.0	0.5132618046917381	52.0	0.11157865319385611
5526	ENSG00000068971	PPP2R5B	PPP2R5B	1.0	1.0	0.5114367283187868	32.0	0.022236379492121167
5529	ENSG00000154001	PPP2R5E	PPP2R5E	1.0	1.0	0.5781601459183142	33.0	0.025137397648622356
5530	ENSG00000138814	PPP3CA	PPP3CA	0.0	0.0	0.43693511608113356	52.0	0.0
5532	ENSG00000107758	PPP3CB	PPP3CB	1.0	6.0	0.6495568920356911	49.0	0.1694496240093107
5533	ENSG00000120910	PPP3CC	PPP3CC	0.0	0.0	0.4943019152862223	32.0	0.0
5534	ENSG00000221823	PPP3R1	PPP3R1	1.0	1.0	0.6194247364075698	55.0	0.02693151027858999
55671	ENSG00000100796	PPP4R3A	PPP4R3A	0.0	0.0	0.46583429965868506	53.0	0.0
57718	ENSG00000119698	PPP4R4	PPP4R4	1.0	13.0	0.8088440421509622	52.0	0.45717271947663074
9701	ENSG00000100239	PPP6R2	PPP6R2	1.0	2.0	0.6169456332907439	40.0	0.053647446373108164
55291	ENSG00000110075	PPP6R3	PPP6R3	1.0	1.0	0.40118852949426903	49.0	0.017442979543229088
23082	ENSG00000148840	PPRC1	PPRC1	1.0	1.0	0.523628714136696	51.0	0.02276646583203026
5538	ENSG00000131238	PPT1	PPT1	0.0	0.0	0.40826251071330777	32.0	0.0
160760	ENSG00000196850	PPTC7	PPTC7	0.0	0.0	0.22463648311431716	10.0	0.0
10084	ENSG00000292208	PQBP1	PQBP1	1.0	4.0	0.6099271085336346	40.0	0.10607427974497993
80148	ENSG00000122490	SLC66A2	PQLC1	1.0	5.0	0.6032417187260084	31.0	0.13113950407087138
84279	ENSG00000135617	PRADC1	PRADC1	1.0	2.0	0.5267572234999207	2.0	0.045804975956514844
11230	ENSG00000243279	PRAF2	PRAF2	1.0	5.0	0.5260636842172394	18.0	0.11436167048200856
157285	ENSG00000275342	PRAG1	PRAG1	0.0	0.0	0.3746121057522205	32.0	0.0
9055	ENSG00000198901	PRC1	PRC1	1.0	1.0	0.5950938736459096	2.0	0.025873646680256938
56981	ENSG00000019485	PRDM11	PRDM11	1.0	1.0	0.582703078830018	31.0	0.02533491647087035
7799	ENSG00000116731	PRDM2	PRDM2	1.0	2.0	0.49599349077870886	2.0	0.04312986876336598
11107	ENSG00000138738	PRDM5	PRDM5	0.0	0.0	0.27610458861540704	32.0	0.0
56978	ENSG00000152784	PRDM8	PRDM8	1.0	2.0	0.5683109117368453	51.0	0.04941834015103003
5052	ENSG00000117450	PRDX1	PRDX1	1.0	8.0	0.4562389588200466	18.0	0.15869181176349448
10549	ENSG00000123131	PRDX4	PRDX4	1.0	6.0	0.4502616596941413	49.0	0.11745956339847163
25824	ENSG00000126432	PRDX5	PRDX5	1.0	2.0	0.48763748455721717	40.0	0.04240325952671454
9588	ENSG00000117592	PRDX6	PRDX6	1.0	3.0	0.48314728318678246	49.0	0.06301921085044988
27166	ENSG00000169230	PRELID1	PRELID1	1.0	3.0	0.5918386264155406	9.0	0.07719634257594007
153768	ENSG00000186314	PRELID2	PRELID2	1.0	1.0	0.5590827463322238	19.0	0.02430794549270538
51012	ENSG00000101166	PRELID3B	PRELID3B	0.0	0.0	0.2617179261144692	49.0	0.0
5550	ENSG00000085377	PREP	PREP	0.0	0.0	0.4755928594132697	32.0	0.0
80243	ENSG00000046889	PREX2	PREX2	0.0	0.0	0.3668548194998077	33.0	0.0
144165	ENSG00000139174	PRICKLE1	PRICKLE1	0.0	0.0	0.4114348980033629	32.0	0.0
166336	ENSG00000163637	PRICKLE2	PRICKLE2	1.0	7.0	0.7737391254662352	51.0	0.2354858207940716
29964	ENSG00000278224	PRICKLE4	PRICKLE4	1.0	2.0	0.3576338224792516	3.0	0.031098593259065353
5557	ENSG00000198056	PRIM1	PRIM1	1.0	1.0	0.3872178770617357	32.0	0.016835559872249377
5562	ENSG00000132356	PRKAA1	PRKAA1	0.0	0.0	0.3797461037512463	32.0	0.0
5563	ENSG00000162409	PRKAA2	PRKAA2	1.0	6.0	0.6878237016479055	8.0	0.17943226999510578
5564	ENSG00000111725	PRKAB1	PRKAB1	1.0	1.0	0.4589848285812167	52.0	0.019955862112226812
5565	ENSG00000131791	PRKAB2	PRKAB2	1.0	1.0	0.586644152874048	31.0	0.02550626751626296
51422	ENSG00000106617	PRKAG2	PRKAG2	0.0	0.0	0.38552639530227006	33.0	0.0
5575	ENSG00000188191	PRKAR1B	PRKAR1B	1.0	2.0	0.6103167325392959	16.0	0.05307102022080833
5576	ENSG00000114302	PRKAR2A	PRKAR2A	1.0	2.0	0.42310567040273656	8.0	0.036791797426324914
5577	ENSG00000005249	PRKAR2B	PRKAR2B	0.0	0.0	0.6302734062956686	33.0	0.0
5578	ENSG00000154229	PRKCA	PRKCA	1.0	1.0	0.4521664328144196	32.0	0.019659410122366067
5579	ENSG00000166501	PRKCB	PRKCB	0.0	0.0	0.30305143475912716	32.0	0.0
5580	ENSG00000163932	PRKCD	PRKCD	1.0	11.0	0.6563157403602172	49.0	0.31389013669401694
5581	ENSG00000171132	PRKCE	PRKCE	1.0	2.0	0.6158094675115703	7.0	0.053548649348832196
5582	ENSG00000126583	PRKCG	PRKCG	1.0	7.0	0.7303739648820919	32.0	0.22228772844237582
5583	ENSG00000027075	PRKCH	PRKCH	0.0	0.0	0.3050485584365513	31.0	0.0
5584	ENSG00000163558	PRKCI	PRKCI	1.0	3.0	0.7585428506977887	36.0	0.09894037183014635
439949	ENSG00000237943	PRKCQ-AS1	PRKCQ-AS1	0.0	0.0	0.19543179021825968	32.0	0.0
23683	ENSG00000115825	PRKD3	PRKD3	0.0	0.0	0.3803471245465585	32.0	0.0
5592	ENSG00000185532	PRKG1	PRKG1	1.0	12.0	0.728760296435441	2.0	0.3802227633576214
5071	ENSG00000185345	PRKN	PRKN	1.0	5.0	0.7633176108944164	53.0	0.16593861106400357
8575	ENSG00000180228	PRKRA	PRKRA	1.0	6.0	0.6605406543292424	31.0	0.17231495330328062
79706	ENSG00000128563	PRKRIP1	PRKRIP1	1.0	4.0	0.5726843230838825	49.0	0.09959727357980565
3275	ENSG00000160310	PRMT2	PRMT2	1.0	4.0	0.5296738610732777	16.0	0.09211719323013526
10419	ENSG00000100462	PRMT5	PRMT5	1.0	3.0	0.5672977100006668	33.0	0.07399535347834783
55170	ENSG00000198890	PRMT6	PRMT6	1.0	9.0	0.6171004688865871	53.0	0.24147409652083843
54496	ENSG00000132600	PRMT7	PRMT7	0.0	0.0	0.2990238823587722	32.0	0.0
5621	ENSG00000171867	PRNP	PRNP	1.0	4.0	0.6726606043636131	33.0	0.11698445293280227
100133319	ENSG00000278873	PRO1804	PRO1804	0.0	0.0	0.5112122073793249	32.0	0.0
5627	ENSG00000184500	PROS1	PROS1	1.0	1.0	0.3943892738491525	16.0	0.017147359732571848
254427	ENSG00000148426	PROSER2	PROSER2	1.0	2.0	0.37722432520633153	33.0	0.032802115235333176
27339	ENSG00000110107	PRPF19	PRPF19	1.0	3.0	0.6107077263487559	51.0	0.07965752952375077
55119	ENSG00000134186	PRPF38B	PRPF38B	1.0	1.0	0.5303495733530277	33.0	0.02305867710230555
55660	ENSG00000196504	PRPF40A	PRPF40A	1.0	3.0	0.4747008001527603	49.0	0.061917495672099164
8899	ENSG00000112739	PRP4K	PRPF4B	0.0	0.0	0.3928732117054077	32.0	0.0
24148	ENSG00000101161	PRPF6	PRPF6	1.0	3.0	0.5534486519616956	33.0	0.07218895460369942
10594	ENSG00000274442	PRPF8	PRPF8	1.0	2.0	0.5217099197137988	33.0	0.04536607997511293
5630	ENSG00000135406	PRPH	PRPH	1.0	3.0	0.41838948753088034	52.0	0.05457254185185396
5961	ENSG00000112619	PRPH2	PRPH2	1.0	9.0	0.7744213318198162	18.0	0.30303443419036286
5631	ENSG00000147224	PRPS1	PRPS1	1.0	8.0	0.66073222292409	31.0	0.2298199036257704
5634	ENSG00000101911	PRPS2	PRPS2	0.0	0.0	0.5239944864551989	32.0	0.0
5635	ENSG00000161542	PRPSAP1	PRPSAP1	1.0	2.0	0.37555195838232874	3.0	0.032656692033245976
51334	ENSG00000184838	PRR16	PRR16	0.0	0.0	0.5942482333883299	59.0	0.0
92340	ENSG00000224383	PRR29	PRR29	1.0	6.0	0.4929878371968534	33.0	0.12860552274700524
55615	ENSG00000186654	PRR5	PRR5	1.0	6.0	0.550966585274014	33.0	0.14373041354974278
7916	ENSG00000206427	PRRC2A	PRRC2A	1.0	6.0	0.6484296824498267	8.0	0.16915556933473738
84726	ENSG00000288701	PRRC2B	PRRC2B	1.0	11.0	0.8801648436055682	52.0	0.4209484034635326
79057	ENSG00000130032	PRRG3	PRRG3	1.0	9.0	0.8172441459903182	52.0	0.3197911875614289
80863	ENSG00000229071	PRRT1	PRRT1	1.0	3.0	0.7350258056855478	33.0	0.0958729311763758
112476	ENSG00000167371	PRRT2	PRRT2	1.0	2.0	0.6964578716740657	31.0	0.06056155405861441
285368	ENSG00000163704	PRRT3	PRRT3	0.0	0.0	0.4372441563275567	31.0	0.0
401399	ENSG00000224940	PRRT4	PRRT4	0.0	0.0	0.598505853002588	19.0	0.0
5396	ENSG00000116132	PRRX1	PRRX1	0.0	0.0	0.14355020049092487	32.0	0.0
5644	ENSG00000204983	PRSS1	PRSS1	1.0	6.0	0.6349165126510498	49.0	0.16563039460462167
10279	ENSG00000112812	PRSS16	PRSS16	0.0	0.0	0.4359046689875377	32.0	0.0
5645	ENSG00000275896	PRSS2	PRSS2	1.0	3.0	0.6668473694258896	54.0	0.08698009166424647
11098	ENSG00000150687	PRSS23	PRSS23	1.0	10.0	0.6721220918894613	52.0	0.2922269964736788
5646	ENSG00000010438	PRSS3	PRSS3	1.0	3.0	0.6529540342451022	49.0	0.08516791751023073
167681	ENSG00000146250	PRSS35	PRSS35	1.0	7.0	0.6274082291856719	58.0	0.19095033062172623
646960	ENSG00000237412	PRSS56	PRSS56	0.0	0.0	0.2299684772176466	10.0	0.0
56952	ENSG00000099256	PRTFDC1	PRTFDC1	1.0	1.0	0.45213846650910483	33.0	0.019658194196048036
283659	ENSG00000166450	PRTG	PRTG	1.0	1.0	0.3677684794339835	49.0	0.015989933888434064
158471	ENSG00000106772	PRUNE2	PRUNE2	0.0	0.0	0.1435559653373451	32.0	0.0
5660	ENSG00000197746	PSAP	PSAP	1.0	4.0	0.5531555341326765	33.0	0.09620096245785678
29968	ENSG00000135069	PSAT1	PSAT1	1.0	3.0	0.5330176123747876	5.0	0.06952403639671142
5662	ENSG00000059915	PSD	PSD	1.0	7.0	0.7131981924130733	52.0	0.2170603194300658
23362	ENSG00000156011	PSD3	PSD3	1.0	6.0	0.7729716353843128	8.0	0.2016447744480816
55851	ENSG00000205155	PSENEN	PSENEN	1.0	6.0	0.49554852796785165	60.0	0.12927352903509173
11168	ENSG00000164985	PSIP1	PSIP1	1.0	4.0	0.6174495685820254	53.0	0.1073825336664392
379025	ENSG00000257621	PSMA3-AS1	PSMA3-AS1	1.0	2.0	0.5568535771035097	49.0	0.04842205018291389
5687	ENSG00000100902	PSMA6	PSMA6	1.0	6.0	0.6441520258062884	40.0	0.16803965890598827
5689	ENSG00000008018	PSMB1	PSMB1	1.0	3.0	0.45774000595641784	52.0	0.059705218168228415
5699	ENSG00000205220	PSMB10	PSMB10	1.0	3.0	0.40064038157230214	33.0	0.0522574410746481
5693	ENSG00000100804	PSMB5	PSMB5	1.0	5.0	0.5061241855053312	33.0	0.11002699684898505
5695	ENSG00000136930	PSMB7	PSMB7	1.0	6.0	0.590851892252575	18.0	0.15413527623980217
5702	ENSG00000165916	PSMC3	PSMC3	1.0	2.0	0.509682475375661	40.0	0.04432021525005748
5706	ENSG00000100519	PSMC6	PSMC6	1.0	5.0	0.5743883561986628	49.0	0.12486703395623104
5707	ENSG00000173692	PSMD1	PSMD1	1.0	5.0	0.5951874963263464	40.0	0.1293885861579014
5717	ENSG00000108671	PSMD11	PSMD11	1.0	2.0	0.6138567310770843	33.0	0.05337884618061602
5718	ENSG00000197170	PSMD12	PSMD12	0.0	0.0	0.26717135386924484	32.0	0.0
5708	ENSG00000175166	PSMD2	PSMD2	1.0	4.0	0.5196133183373847	9.0	0.09036753362389298
5710	ENSG00000159352	PSMD4	PSMD4	1.0	5.0	0.5233936715554856	33.0	0.11378123294684468
9861	ENSG00000163636	PSMD6	PSMD6	0.0	0.0	0.28284047430408155	10.0	0.0
5713	ENSG00000103035	PSMD7	PSMD7	1.0	4.0	0.5688908428079701	51.0	0.09893753787964697
5720	ENSG00000092010	PSME1	PSME1	1.0	10.0	0.5832103996393173	57.0	0.25356973897361623
10197	ENSG00000131467	PSME3	PSME3	1.0	2.0	0.5017390652225793	9.0	0.0436294839323982
8624	ENSG00000183527	PSMG1	PSMG1	1.0	3.0	0.6023364265382771	40.0	0.07856562085281875
56984	ENSG00000128789	PSMG2	PSMG2	0.0	0.0	0.42057640483633657	32.0	0.0
84262	ENSG00000157778	PSMG3	PSMG3	0.0	0.0	0.5352053025518152	31.0	0.0
114796	ENSG00000230487	PSMG3-AS1	PSMG3-AS1	1.0	8.0	0.7971498581072353	32.0	0.27726951586338616
170679	ENSG00000206458	PSORS1C1	PSORS1C1	1.0	6.0	0.6532591022069227	32.0	0.1704154179670233
55269	ENSG00000121390	PSPC1	PSPC1	1.0	3.0	0.6935827217419137	33.0	0.09046731153155396
5723	ENSG00000146733	PSPH	PSPH	1.0	1.0	0.4508659729736639	53.0	0.0196028683901593
84722	ENSG00000134222	PSRC1	PSRC1	1.0	6.0	0.5747408180819527	40.0	0.14993238732572678
9051	ENSG00000140368	PSTPIP1	PSTPIP1	0.0	0.0	0.2246460982808201	32.0	0.0
375743	ENSG00000188647	PTAR1	PTAR1	1.0	3.0	0.3974335411720807	33.0	0.05183915754418444
9991	ENSG00000119314	PTBP3	PTBP3	1.0	4.0	0.6947560118289811	49.0	0.1208271324919967
5727	ENSG00000185920	PTCH1	PTCH1	1.0	10.0	0.6368980578178682	52.0	0.27691219905124703
139411	ENSG00000165186	PTCHD1	PTCHD1	1.0	15.0	0.7294577132614477	2.0	0.4757332912574659
442213	ENSG00000244694	PTCHD4	PTCHD4	1.0	2.0	0.5209538259953155	33.0	0.045300332695244826
5728	ENSG00000171862	PTEN	PTEN	1.0	5.0	0.6233524245569886	31.0	0.1355113966428236
9317	ENSG00000165983	PTER	PTER	1.0	8.0	0.699689215402244	8.0	0.2433701618790414
5730	ENSG00000107317	PTGDS	PTGDS	1.0	2.0	0.33858048065022933	49.0	0.029441780926106897
5733	ENSG00000050628	PTGER3	PTGER3	1.0	9.0	0.6663875033393747	49.0	0.2607603273936684
5734	ENSG00000171522	PTGER4	PTGER4	1.0	13.0	0.667761068928891	52.0	0.3774301693945905
9536	ENSG00000148344	PTGES	PTGES	1.0	5.0	0.5803940816531417	52.0	0.12617262644633515
80142	ENSG00000148334	PTGES2	PTGES2	1.0	3.0	0.5886712496757996	40.0	0.07678320647945212
5740	ENSG00000124212	PTGIS	PTGIS	1.0	1.0	0.6251100920780193	33.0	0.027178699655566053
5743	ENSG00000073756	PTGS2	PTGS2	1.0	3.0	0.5769141086323634	51.0	0.07524966634335174
5745	ENSG00000160801	PTH1R	PTH1R	0.0	0.0	0.22519983320795484	38.0	0.0
5744	ENSG00000087494	PTHLH	PTHLH	1.0	12.0	0.7920647703140875	18.0	0.41325118451169784
2185	ENSG00000120899	PTK2B	PTK2B	1.0	2.0	0.5411837151528378	33.0	0.04705945349155111
5757	ENSG00000187514	PTMA	PTMA	1.0	4.0	0.4278101826083754	49.0	0.07440177088841311
5764	ENSG00000105894	PTN	PTN	1.0	9.0	0.5256235997471603	33.0	0.20567879990106275
7803	ENSG00000112245	PTP4A1	PTP4A1	1.0	1.0	0.20749936644587494	53.0	0.009021711584603258
5524	ENSG00000119383	PTPA	PTPA	1.0	5.0	0.63701017958088	33.0	0.13848047382193043
138639	ENSG00000158079	PTPDC1	PTPDC1	1.0	1.0	0.36083736579534487	32.0	0.015688581121536732
5781	ENSG00000179295	PTPN11	PTPN11	1.0	2.0	0.36544005251758366	32.0	0.03177739587109423
5782	ENSG00000127947	PTPN12	PTPN12	0.0	0.0	0.27497861665853124	32.0	0.0
5784	ENSG00000152104	PTPN14	PTPN14	1.0	1.0	0.4885211041333728	32.0	0.021240048005798817
5771	ENSG00000175354	PTPN2	PTPN2	0.0	0.0	0.5603930215966428	31.0	0.0
5774	ENSG00000070159	PTPN3	PTPN3	1.0	3.0	0.8555948487026429	28.0	0.11159932809164907
5775	ENSG00000088179	PTPN4	PTPN4	1.0	2.0	0.6250552565489078	49.0	0.054352631004252853
84867	ENSG00000110786	PTPN5	PTPN5	1.0	2.0	0.6282370264386314	2.0	0.05462930664683752
5786	ENSG00000132670	PTPRA	PTPRA	1.0	11.0	0.7377642860812946	32.0	0.3528437889954018
5788	ENSG00000081237	PTPRC	PTPRC	1.0	3.0	0.5278485555111252	33.0	0.06884981158840764
101929407	ENSG00000225706	PTPRD-AS1	PTPRD-AS1	0.0	0.0	0.15204684137295377	41.0	0.0
5791	ENSG00000132334	PTPRE	PTPRE	0.0	0.0	0.3806827745885353	39.0	0.0
5792	ENSG00000142949	PTPRF	PTPRF	1.0	9.0	0.6753325918998827	52.0	0.26426057943908454
5794	ENSG00000080031	PTPRH	PTPRH	0.0	0.0	0.21538575405835536	32.0	0.0
5795	ENSG00000149177	PTPRJ	PTPRJ	1.0	5.0	0.6306110112671337	31.0	0.13708935027546384
5796	ENSG00000152894	PTPRK	PTPRK	1.0	2.0	0.35673868200047104	32.0	0.031020754956562698
5800	ENSG00000151490	PTPRO	PTPRO	1.0	8.0	0.7407025788554206	53.0	0.2576356796018854
5801	ENSG00000153233	PTPRR	PTPRR	1.0	15.0	0.8446516590467611	31.0	0.550859777639192
11122	ENSG00000196090	PTPRT	PTPRT	1.0	2.0	0.5840992329387965	33.0	0.05079123764685187
5803	ENSG00000106278	PTPRZ1	PTPRZ1	1.0	9.0	0.5826547920491182	31.0	0.22799535341052451
138428	ENSG00000187024	PTRH1	PTRH1	1.0	10.0	0.6899551572460908	39.0	0.29998050315047425
51651	ENSG00000141378	PTRH2	PTRH2	1.0	4.0	0.4771921359425469	41.0	0.08298993668566032
5805	ENSG00000150787	PTS	PTS	1.0	5.0	0.5190960071157712	18.0	0.1128469580686459
9232	ENSG00000164611	PTTG1	PTTG1	1.0	5.0	0.7094479642990836	39.0	0.15422781832588775
754	ENSG00000183255	PTTG1IP	PTTG1IP	1.0	2.0	0.5060029753750909	33.0	0.04400025872826877
10744	ENSG00000250254	PTTG2	PTTG2	1.0	5.0	0.6631917062054388	31.0	0.1441721100446606
5806	ENSG00000163661	PTX3	PTX3	1.0	1.0	0.4093441394295537	32.0	0.017797571279545815
23369	ENSG00000055917	PUM2	PUM2	1.0	2.0	0.5956792813229155	16.0	0.05179819837590569
5814	ENSG00000146676	PURB	PURB	1.0	1.0	0.6604978569544584	19.0	0.02871729812845471
126789	ENSG00000169972	PUSL1	PUSL1	1.0	6.0	0.6727667975628587	18.0	0.17550438197291968
5816	ENSG00000100362	PVALB	PVALB	0.0	0.0	0.3244262163598282	32.0	0.0
5817	ENSG00000073008	PVR	PVR	0.0	0.0	0.5573476562635185	32.0	0.0
114825	ENSG00000170234	PWWP2A	PWWP2A	0.0	0.0	0.42629297538367306	32.0	0.0
170394	ENSG00000171813	PWWP2B	PWWP2B	1.0	2.0	0.5721604362757682	55.0	0.04975308141528419
7837	ENSG00000130508	PXDN	PXDN	1.0	5.0	0.7054333291486606	32.0	0.15335507155405664
5829	ENSG00000089159	PXN	PXN	0.0	0.0	0.37232752778749767	32.0	0.0
92370	ENSG00000155893	PXYLP1	PXYLP1	1.0	2.0	0.5879218779300058	31.0	0.05112364155913094
29108	ENSG00000103490	PYCARD	PYCARD	1.0	7.0	0.5356339477011357	55.0	0.16301902756121522
5831	ENSG00000183010	PYCR1	PYCR1	1.0	5.0	0.5471983542798583	53.0	0.11895616397388224
65263	ENSG00000276657	PYCR3	PYCR3	1.0	10.0	0.695546787131423	18.0	0.3024116465788796
260434	ENSG00000169900	PYDC1	PYDC1	1.0	11.0	0.7731296993482838	49.0	0.3697576822970053
5836	ENSG00000100504	PYGL	PYGL	1.0	9.0	0.624880036654549	33.0	0.24451827521264963
26108	ENSG00000171016	PYGO1	PYGO1	1.0	5.0	0.4790276158877307	32.0	0.1041364382364632
5860	ENSG00000151552	QDPR	QDPR	0.0	0.0	0.15225827537313016	32.0	0.0
9444	ENSG00000112531	QKI	QKI	1.0	1.0	0.40629873459477317	53.0	0.01766516237368579
84109	ENSG00000186867	QRFPR	QRFPR	0.0	0.0	0.49938858602710245	39.0	0.0
79832	ENSG00000060749	QSER1	QSER1	0.0	0.0	0.4150384028176756	53.0	0.0
5768	ENSG00000116260	QSOX1	QSOX1	0.0	0.0	0.2783165252952054	44.0	0.0
79691	ENSG00000151576	QTRT2	QTRT2	0.0	0.0	0.3806033061500385	32.0	0.0
23518	ENSG00000048991	R3HDM1	R3HDM1	1.0	4.0	0.657488806521532	33.0	0.11434587939504903
22864	ENSG00000179912	R3HDM2	R3HDM2	1.0	3.0	0.6318366840606022	2.0	0.08241348052964377
91300	ENSG00000198858	R3HDM4	R3HDM4	1.0	10.0	0.7454053973199313	52.0	0.3240893031825788
10890	ENSG00000084733	RAB10	RAB10	1.0	7.0	0.5128907622766127	55.0	0.1560971885189691
9230	ENSG00000185236	RAB11B	RAB11B	0.0	0.0	0.33931323983322836	52.0	0.0
80223	ENSG00000156675	RAB11FIP1	RAB11FIP1	1.0	5.0	0.7903448125026948	9.0	0.17181408967449888
22841	ENSG00000107560	RAB11FIP2	RAB11FIP2	0.0	0.0	0.5120068234417611	32.0	0.0
9727	ENSG00000275338	RAB11FIP3	RAB11FIP3	1.0	4.0	0.6023465033861443	3.0	0.10475591363237291
84440	ENSG00000131242	RAB11FIP4	RAB11FIP4	1.0	5.0	0.762415439465943	52.0	0.1657424868404224
26056	ENSG00000135631	RAB11FIP5	RAB11FIP5	1.0	1.0	0.4168282926981622	53.0	0.01812296924774618
5872	ENSG00000143545	RAB13	RAB13	1.0	4.0	0.45087224598101694	33.0	0.07841256451843773
376267	ENSG00000139998	RAB15	RAB15	1.0	5.0	0.6329503323608817	9.0	0.13759789833932212
5861	ENSG00000138069	RAB1A	RAB1A	1.0	5.0	0.5471483296796156	54.0	0.118945289060786
23011	ENSG00000080371	RAB21	RAB21	0.0	0.0	0.49501032585424726	33.0	0.0
57403	ENSG00000124209	RAB22A	RAB22A	1.0	2.0	0.48239162736497615	40.0	0.04194709803173705
53917	ENSG00000169228	RAB24	RAB24	1.0	1.0	0.5656750690001965	31.0	0.024594568217399845
5874	ENSG00000041353	RAB27B	RAB27B	1.0	10.0	0.7522952948039451	18.0	0.32708491078432395
8934	ENSG00000117280	RAB29	RAB29	1.0	3.0	0.4016553178636422	40.0	0.052389824069170726
84932	ENSG00000129472	RAB2B	RAB2B	1.0	1.0	0.36632697173840195	32.0	0.015927259640800086
11031	ENSG00000168461	RAB31	RAB31	1.0	4.0	0.414410436824255	33.0	0.07207138031726174
9363	ENSG00000134594	RAB33A	RAB33A	1.0	2.0	0.42864307529676743	51.0	0.03727331089537108
83871	ENSG00000109113	RAB34	RAB34	1.0	7.0	0.5573529743609036	40.0	0.16962916610984025
11021	ENSG00000111737	RAB35	RAB35	1.0	8.0	0.7196424147118802	31.0	0.2503104051171757
9609	ENSG00000100228	RAB36	RAB36	1.0	3.0	0.6905410827776659	49.0	0.09007057601447815
326624	ENSG00000172794	RAB37	RAB37	0.0	0.0	0.3352791961765539	10.0	0.0
5865	ENSG00000169213	RAB3B	RAB3B	1.0	13.0	0.7261662570752935	57.0	0.4104417974773398
115827	ENSG00000152932	RAB3C	RAB3C	1.0	4.0	0.43209267167071064	40.0	0.0751465515949062
9545	ENSG00000105514	RAB3D	RAB3D	0.0	0.0	0.5094632967095356	31.0	0.0
22930	ENSG00000115839	RAB3GAP1	RAB3GAP1	1.0	7.0	0.6898632642954073	18.0	0.20995838478555878
25782	ENSG00000118873	RAB3GAP2	RAB3GAP2	0.0	0.0	0.23478911527379545	52.0	0.0
117177	ENSG00000127328	RAB3IP	RAB3IP	1.0	4.0	0.4312212936309126	36.0	0.0749950075879848
10966	ENSG00000141542	RAB40B	RAB40B	1.0	5.0	0.6398745479091558	49.0	0.1391031625889469
57799	ENSG00000197562	RAB40C	RAB40C	1.0	1.0	0.5501800545971609	2.0	0.023920871939006997
5867	ENSG00000168118	RAB4A	RAB4A	1.0	2.0	0.2988308032393525	2.0	0.025985287238204566
51560	ENSG00000154917	RAB6B	RAB6B	1.0	5.0	0.6226125021829068	9.0	0.13535054395280582
7879	ENSG00000075785	RAB7A	RAB7A	1.0	2.0	0.5184812527766997	53.0	0.04508532632840866
338382	ENSG00000276600	RAB7B	RAB7B	0.0	0.0	0.3054066222794072	32.0	0.0
4218	ENSG00000167461	RAB8A	RAB8A	1.0	3.0	0.5389484618916984	53.0	0.07029762546413458
51762	ENSG00000166128	RAB8B	RAB8B	1.0	8.0	0.6281561822900493	40.0	0.2184891068834954
9367	ENSG00000123595	RAB9A	RAB9A	1.0	1.0	0.3506755355668323	49.0	0.015246762415949229
79874	ENSG00000177548	RABEP2	RABEP2	0.0	0.0	0.26021417579610784	10.0	0.0
10244	ENSG00000136933	RABEPK	RABEPK	0.0	0.0	0.34861551412469005	32.0	0.0
9910	ENSG00000152061	RABGAP1L	RABGAP1L	1.0	3.0	0.45861975599057697	53.0	0.05981996817268395
27342	ENSG00000154710	RABGEF1	RABGEF1	0.0	0.0	0.43591812976672506	32.0	0.0
5875	ENSG00000100949	RABGGTA	RABGGTA	1.0	1.0	0.3726698232814406	32.0	0.016203035794845243
11159	ENSG00000144134	RABL2A	RABL2A	1.0	1.0	0.5904854433772196	33.0	0.025673280146835637
5879	ENSG00000136238	RAC1	RAC1	1.0	4.0	0.5663582842309188	8.0	0.09849709290972501
29127	ENSG00000161800	RACGAP1	RACGAP1	0.0	0.0	0.35903151878338196	32.0	0.0
5886	ENSG00000179262	RAD23A	RAD23A	1.0	5.0	0.6213086807309233	53.0	0.13506710450672244
5887	ENSG00000119318	RAD23B	RAD23B	1.0	5.0	0.6196969034053101	49.0	0.13471671813158917
10111	ENSG00000113522	RAD50	RAD50	1.0	1.0	0.6166794961892617	9.0	0.026812152008228767
729475	ENSG00000214842	RAD51AP2	RAD51AP2	1.0	1.0	0.5039599284454831	33.0	0.021911301236760133
5889	ENSG00000108384	RAD51C	RAD51C	1.0	3.0	0.6506069360932079	7.0	0.08486177427302712
5892	ENSG00000185379	RAD51D	RAD51D	1.0	2.0	0.8286993399559178	31.0	0.07206081217007981
25788	ENSG00000197275	RAD54B	RAD54B	0.0	0.0	0.34672388721754477	33.0	0.0
55698	ENSG00000157927	RADIL	RADIL	0.0	0.0	0.43913308134986384	18.0	0.0
100652739	ENSG00000268592	RAET1E-AS1	RAET1E-AS1	1.0	14.0	0.7118543824301832	5.0	0.4333026675661985
10743	ENSG00000108557	RAI1	RAI1	1.0	3.0	0.6487237774108459	32.0	0.08461614487967554
26064	ENSG00000039560	RAI14	RAI14	0.0	0.0	0.34003358148493784	33.0	0.0
5898	ENSG00000006451	RALA	RALA	1.0	4.0	0.5883671086713763	16.0	0.10232471455154371
5899	ENSG00000144118	RALB	RALB	0.0	0.0	0.3177277426474886	53.0	0.0
10928	ENSG00000017797	RALBP1	RALBP1	1.0	4.0	0.552111377664963	3.0	0.09601937002868921
9649	ENSG00000136828	RALGPS1	RALGPS1	1.0	4.0	0.6904101646372063	3.0	0.1200713329803837
55103	ENSG00000116191	RALGPS2	RALGPS2	1.0	7.0	0.6134006158416092	33.0	0.18668714395179412
22913	ENSG00000125970	RALY	RALY	0.0	0.0	0.37349356800687605	32.0	0.0
10267	ENSG00000132329	RAMP1	RAMP1	1.0	5.0	0.5484266546024429	55.0	0.11922318578313976
10268	ENSG00000122679	RAMP3	RAMP3	0.0	0.0	0.17675090830745147	39.0	0.0
64901	ENSG00000204764	RANBP17	RANBP17	1.0	1.0	0.46925024487910394	32.0	0.02040218455996104
5903	ENSG00000153201	RANBP2	RANBP2	0.0	0.0	0.39451555020368706	32.0	0.0
202151	ENSG00000164188	RANBP3L	RANBP3L	1.0	9.0	0.562376196798995	53.0	0.22006025092134587
5905	ENSG00000100401	RANGAP1	RANGAP1	1.0	4.0	0.5575180667502955	51.0	0.09695966378266008
29098	ENSG00000108961	RANGRF	RANGRF	1.0	1.0	0.38176622092867274	31.0	0.0165985313447249
5908	ENSG00000127314	RAP1B	RAP1B	1.0	5.0	0.5411588019128498	53.0	0.11764321780714126
5909	ENSG00000076864	RAP1GAP	RAP1GAP	1.0	7.0	0.6483702623913177	31.0	0.19733007985822712
23108	ENSG00000132359	RAP1GAP2	RAP1GAP2	1.0	4.0	0.72442266560901	40.0	0.1259865505406974
5911	ENSG00000125249	RAP2A	RAP2A	1.0	2.0	0.5379601086850407	32.0	0.04677913988565571
5912	ENSG00000181467	RAP2B	RAP2B	1.0	9.0	0.7866269176976209	32.0	0.30781053301211253
101928578	ENSG00000232160	RAP2C-AS1	RAP2C-AS1	1.0	2.0	0.42268300958129956	53.0	0.03675504431141735
9693	ENSG00000109756	RAPGEF2	RAPGEF2	1.0	2.0	0.5446712122259683	33.0	0.04736271410660593
11069	ENSG00000091428	RAPGEF4	RAPGEF4	1.0	10.0	0.7797213258757945	31.0	0.3390092721199106
9771	ENSG00000136237	RAPGEF5	RAPGEF5	0.0	0.0	0.3429226034734913	32.0	0.0
51735	ENSG00000158987	RAPGEF6	RAPGEF6	0.0	0.0	0.427066264644138	32.0	0.0
51195	ENSG00000108352	RAPGEFL1	RAPGEFL1	1.0	4.0	0.767192594769732	36.0	0.13342479909038818
65059	ENSG00000173166	RAPH1	RAPH1	1.0	5.0	0.6704427288135033	2.0	0.14574841930728333
101929693	ENSG00000265666	RARA-AS1	RARA-AS1	1.0	4.0	0.6463748806356346	24.0	0.11241302271924081
5915	ENSG00000077092	RARB	RARB	0.0	0.0	0.5420898901655292	32.0	0.0
5918	ENSG00000118849	RARRES1	RARRES1	1.0	3.0	0.44023602990853467	7.0	0.05742209085763496
5920	ENSG00000133321	PLAAT4	RARRES3	1.0	5.0	0.4977526196349128	31.0	0.10820709122498104
5922	ENSG00000155903	RASA2	RASA2	1.0	3.0	0.6138464808244083	51.0	0.08006693228144456
22821	ENSG00000280477	RASA3	RASA3	1.0	1.0	0.6758056406578166	9.0	0.029382853941644197
8437	ENSG00000111344	RASAL1	RASAL1	1.0	10.0	0.7985659309455979	18.0	0.3472025786719991
9462	ENSG00000075391	RASAL2	RASAL2	1.0	3.0	0.7455314909483958	40.0	0.09724323794979076
64926	ENSG00000105122	RASAL3	RASAL3	1.0	7.0	0.5248444037624297	33.0	0.15973525331900035
51655	ENSG00000108551	RASD1	RASD1	0.0	0.0	0.5191720225091262	32.0	0.0
23551	ENSG00000100302	RASD2	RASD2	0.0	0.0	0.42036628360497225	31.0	0.0
221002	ENSG00000198915	RASGEF1A	RASGEF1A	1.0	3.0	0.6927332326733268	42.0	0.09035650860956436
153020	ENSG00000138670	RASGEF1B	RASGEF1B	1.0	6.0	0.612301828512077	53.0	0.1597309117857592
255426	ENSG00000146090	RASGEF1C	RASGEF1C	1.0	6.0	0.5922446331067845	18.0	0.15449859994090032
5923	ENSG00000058335	RASGRF1	RASGRF1	1.0	1.0	0.45198198945724466	32.0	0.01965139084596716
5924	ENSG00000113319	RASGRF2	RASGRF2	1.0	4.0	0.5275731604500113	33.0	0.09175185399130632
10235	ENSG00000068831	RASGRP2	RASGRP2	1.0	1.0	0.37186479312777543	10.0	0.01616803448381632
25780	ENSG00000152689	RASGRP3	RASGRP3	0.0	0.0	0.27831830049046485	32.0	0.0
54922	ENSG00000105538	RASIP1	RASIP1	1.0	3.0	0.6983310972150583	49.0	0.09108666485413804
10633	ENSG00000100276	RASL10A	RASL10A	1.0	7.0	0.6627744502322304	18.0	0.20171396311415707
387496	ENSG00000122035	RASL11A	RASL11A	1.0	1.0	0.3455623082492014	32.0	0.015024448184747888
65997	ENSG00000128045	RASL11B	RASL11B	1.0	5.0	0.7206688935373924	33.0	0.15666715076899834
51285	ENSG00000103710	RASL12	RASL12	1.0	3.0	0.40928004546829294	32.0	0.05338435375673386
9770	ENSG00000101265	RASSF2	RASSF2	0.0	0.0	0.17779015218820157	32.0	0.0
283349	ENSG00000153179	RASSF3	RASSF3	1.0	5.0	0.42031278323285576	52.0	0.0913723441810556
83937	ENSG00000107551	RASSF4	RASSF4	0.0	0.0	0.33957817464439466	32.0	0.0
83593	ENSG00000266094	RASSF5	RASSF5	0.0	0.0	0.5219261085196645	33.0	0.0
11228	ENSG00000123094	RASSF8	RASSF8	0.0	0.0	0.22598856804222306	52.0	0.0
100506451	ENSG00000246695	RASSF8-AS1	RASSF8-AS1	0.0	0.0	0.30967739745111095	44.0	0.0
55225	ENSG00000162437	RAVER2	RAVER2	1.0	14.0	0.6661501499321223	53.0	0.40548269995868313
9821	ENSG00000023287	RB1CC1	RB1CC1	1.0	3.0	0.5797366820728572	3.0	0.07561782809645963
5928	ENSG00000162521	RBBP4	RBBP4	0.0	0.0	0.5016022649447311	32.0	0.0
5930	ENSG00000122257	RBBP6	RBBP6	1.0	3.0	0.667265729151654	33.0	0.08703466032412879
5931	ENSG00000102054	RBBP7	RBBP7	1.0	7.0	0.6462655846278983	49.0	0.19668952575631687
54715	ENSG00000078328	RBFOX1	RBFOX1	0.0	0.0	0.42908929202742635	52.0	0.0
23543	ENSG00000277564	RBFOX2	RBFOX2	1.0	5.0	0.6386943104317372	31.0	0.1388465892242907
146713	ENSG00000167281	RBFOX3	RBFOX3	0.0	0.0	0.541075116885786	52.0	0.0
64080	ENSG00000171174	RBKS	RBKS	0.0	0.0	0.23708206593678272	49.0	0.0
5934	ENSG00000103479	RBL2	RBL2	1.0	1.0	0.47163910476457765	31.0	0.020506048033242505
389677	ENSG00000183808	RBM12B	RBM12B	0.0	0.0	0.47216911536491907	31.0	0.0
10432	ENSG00000239306	RBM14	RBM14	1.0	2.0	0.5807956591716126	31.0	0.050503970362748916
64783	ENSG00000162775	RBM15	RBM15	0.0	0.0	0.6636646196361684	32.0	0.0
55696	ENSG00000086589	RBM22	RBM22	1.0	3.0	0.4873263943095668	53.0	0.06356431230124784
221662	ENSG00000112183	RBM24	RBM24	1.0	3.0	0.8001733624995879	33.0	0.10437043858690277
54439	ENSG00000091009	RBM27	RBM27	1.0	1.0	0.6510740679965442	33.0	0.02830756817376279
23029	ENSG00000188739	RBM34	RBM34	1.0	2.0	0.4392472879755056	8.0	0.03819541634569614
375287	ENSG00000184898	RBM43	RBM43	1.0	1.0	0.4085077172786248	49.0	0.017761205099070643
83759	ENSG00000173914	RBM4B	RBM4B	0.0	0.0	0.4065406693166437	32.0	0.0
10181	ENSG00000003756	RBM5	RBM5	1.0	3.0	0.6759626919415487	40.0	0.0881690467749846
10179	ENSG00000076053	RBM7	RBM7	1.0	1.0	0.43745040873736857	32.0	0.01901958298858124
9939	ENSG00000265241	RBM8A	RBM8A	1.0	6.0	0.5049329615076431	24.0	0.13172164213242862
5937	ENSG00000153250	RBMS1	RBMS1	0.0	0.0	0.1704169324063031	32.0	0.0
5939	ENSG00000076067	RBMS2	RBMS2	1.0	2.0	0.36715618032591535	16.0	0.03192662437616655
27303	ENSG00000144642	RBMS3	RBMS3	0.0	0.0	0.3083029107030269	32.0	0.0
5947	ENSG00000114115	RBP1	RBP1	0.0	0.0	0.13430651976652216	32.0	0.0
5950	ENSG00000138207	RBP4	RBP4	1.0	5.0	0.6104475274376484	52.0	0.13270598422557572
64145	ENSG00000131381	RBSN	RBSN	1.0	5.0	0.5990094990443059	8.0	0.13021945631397955
9978	ENSG00000100387	RBX1	RBX1	1.0	4.0	0.4780500582417776	40.0	0.0831391405637874
54542	ENSG00000056586	RC3H2	RC3H2	1.0	1.0	0.708127511518393	40.0	0.03078815267471274
1827	ENSG00000159200	RCAN1	RCAN1	0.0	0.0	0.4491926238968587	32.0	0.0
10231	ENSG00000172348	RCAN2	RCAN2	0.0	0.0	0.1068698917640538	40.0	0.0
11123	ENSG00000117602	RCAN3	RCAN3	1.0	1.0	0.3942285000488545	52.0	0.0171403695673415
55213	ENSG00000136144	RCBTB1	RCBTB1	0.0	0.0	0.3746922935706365	31.0	0.0
1104	ENSG00000180198	RCC1	RCC1	1.0	1.0	0.4677363634542075	33.0	0.020336363628443804
55920	ENSG00000281540	RCC2	RCC2	0.0	0.0	0.33146455137213365	32.0	0.0
91433	ENSG00000166965	RCCD1	RCCD1	1.0	1.0	0.2593177328831213	32.0	0.01127468403839658
25898	ENSG00000163743	RCHY1	RCHY1	1.0	6.0	0.5937321142494102	8.0	0.15488663849984613
5954	ENSG00000049449	RCN1	RCN1	1.0	5.0	0.594224705003788	39.0	0.12917928369647563
57333	ENSG00000142552	RCN3	RCN3	1.0	1.0	0.5682637857688565	32.0	0.024707121120385065
55758	ENSG00000117625	RCOR3	RCOR3	0.0	0.0	0.37208494452749574	53.0	0.0
92241	ENSG00000198771	RCSD1	RCSD1	1.0	5.0	0.7535094722172956	52.0	0.1638064070037599
157506	ENSG00000121039	RDH10	RDH10	1.0	3.0	0.526335025836185	33.0	0.068652394674285
145226	ENSG00000139988	RDH12	RDH12	1.0	4.0	0.5307619006555935	5.0	0.0923064175053206
5962	ENSG00000137710	RDX	RDX	1.0	1.0	0.3653706556424497	53.0	0.01588568068010651
5965	ENSG00000004700	RECQL	RECQL	0.0	0.0	0.36037353743476547	32.0	0.0
9400	ENSG00000108469	RECQL5	RECQL5	1.0	2.0	0.39785960989602115	53.0	0.034596487817045316
51308	ENSG00000132563	REEP2	REEP2	0.0	0.0	0.5527667051289628	32.0	0.0
221035	ENSG00000165476	REEP3	REEP3	0.0	0.0	0.25887552955717547	32.0	0.0
92840	ENSG00000115255	REEP6	REEP6	0.0	0.0	0.32593579702058817	38.0	0.0
768211	ENSG00000181826	RELL1	RELL1	0.0	0.0	0.18938940519356295	32.0	0.0
285613	ENSG00000164620	RELL2	RELL2	0.0	0.0	0.33589883910009954	40.0	0.0
5649	ENSG00000189056	RELN	RELN	1.0	6.0	0.6236382931127596	49.0	0.16268825037724163
84957	ENSG00000054967	RELT	RELT	0.0	0.0	0.26795999917370705	10.0	0.0
387849	ENSG00000174236	REP15	REP15	0.0	0.0	0.4572501415539851	32.0	0.0
29803	ENSG00000214022	REPIN1	REPIN1	0.0	0.0	0.21511639816418776	32.0	0.0
85021	ENSG00000135597	REPS1	REPS1	1.0	2.0	0.6572183455481176	51.0	0.057149421352010225
9185	ENSG00000169891	REPS2	REPS2	1.0	4.0	0.5217759694103541	31.0	0.09074364685397462
85004	ENSG00000134533	RERG	RERG	0.0	0.0	0.4158701809871261	32.0	0.0
79785	ENSG00000111404	RERGL	RERGL	0.0	0.0	0.2808412131986067	41.0	0.0
389075	ENSG00000182698	RESP18	RESP18	1.0	5.0	0.481133359977617	40.0	0.10459420869078631
5978	ENSG00000084093	REST	REST	1.0	5.0	0.4320041292279252	49.0	0.09391394113650547
5979	ENSG00000165731	RET	RET	0.0	0.0	0.277006330864757	32.0	0.0
54463	ENSG00000154153	RETREG1	RETREG1	1.0	1.0	0.4536666266465434	33.0	0.019724635941154058
79137	ENSG00000144567	RETREG2	RETREG2	1.0	4.0	0.5436026445691534	33.0	0.09453959035985277
162427	ENSG00000141699	RETREG3	RETREG3	1.0	1.0	0.5539783484581658	33.0	0.024086015150355036
5980	ENSG00000009413	REV3L	REV3L	1.0	5.0	0.6744597251676607	33.0	0.14662167938427406
5981	ENSG00000035928	RFC1	RFC1	0.0	0.0	0.4682739903528021	32.0	0.0
5982	ENSG00000049541	RFC2	RFC2	1.0	5.0	0.6459800059215378	51.0	0.14043043606989952
5988	ENSG00000128250	RFPL1	RFPL1	1.0	2.0	0.5717619636898509	2.0	0.04971843162520442
10739	ENSG00000128253	RFPL2	RFPL2	1.0	1.0	0.44958696327137443	32.0	0.01954725927266845
10738	ENSG00000128276	RFPL3	RFPL3	1.0	1.0	0.5184559722620428	2.0	0.022541564011393164
23180	ENSG00000131378	RFTN1	RFTN1	1.0	3.0	0.696926594954519	49.0	0.09090346890711118
130132	ENSG00000162944	RFTN2	RFTN2	1.0	5.0	0.4530640296258783	55.0	0.0984921803534518
55159	ENSG00000168411	RFWD3	RFWD3	0.0	0.0	0.43356055197714766	32.0	0.0
5990	ENSG00000087903	RFX2	RFX2	1.0	8.0	0.566199214152727	33.0	0.1969388570966007
5991	ENSG00000080298	RFX3	RFX3	1.0	4.0	0.7355263330731256	52.0	0.12791762314315228
5992	ENSG00000111783	RFX4	RFX4	1.0	1.0	0.4262493668899238	33.0	0.01853258116912712
5993	ENSG00000143390	RFX5	RFX5	0.0	0.0	0.3799522782792416	32.0	0.0
8625	ENSG00000064490	RFXANK	RFXANK	0.0	0.0	0.26487824995369175	32.0	0.0
285704	ENSG00000174136	RGMB	RGMB	1.0	11.0	0.7332420672751692	18.0	0.35068098869682
6001	ENSG00000148908	RGS10	RGS10	1.0	5.0	0.5125850200328614	33.0	0.11143152609410031
6002	ENSG00000159788	RGS12	RGS12	1.0	2.0	0.6121534661623371	49.0	0.053230736188029315
10636	ENSG00000169220	RGS14	RGS14	1.0	8.0	0.6711786161285123	53.0	0.23345343169687383
6004	ENSG00000143333	RGS16	RGS16	0.0	0.0	0.4581708375772515	32.0	0.0
26575	ENSG00000091844	RGS17	RGS17	1.0	1.0	0.6004368260648069	52.0	0.026105948959339428
64407	ENSG00000150681	RGS18	RGS18	1.0	5.0	0.5422326913031885	31.0	0.11787667202243228
5997	ENSG00000116741	RGS2	RGS2	0.0	0.0	0.369319620201308	32.0	0.0
8601	ENSG00000147509	RGS20	RGS20	1.0	8.0	0.593676207934586	49.0	0.2064960723250734
26166	ENSG00000132554	RGS22	RGS22	1.0	14.0	0.6335142783823479	9.0	0.38561738684142916
5999	ENSG00000117152	RGS4	RGS4	1.0	3.0	0.6110637237571934	40.0	0.07970396396832957
9628	ENSG00000182732	RGS6	RGS6	0.0	0.0	0.5335348594862538	1.0	0.0
6000	ENSG00000182901	RGS7	RGS7	1.0	3.0	0.6553225586987076	32.0	0.08547685548244012
85397	ENSG00000135824	RGS8	RGS8	1.0	6.0	0.5924427552110003	55.0	0.15455028396808704
8787	ENSG00000108370	RGS9	RGS9	0.0	0.0	0.4045642431212047	32.0	0.0
84236	ENSG00000144468	RHBDD1	RHBDD1	1.0	3.0	0.3791966002825863	8.0	0.0494604261238156
57414	ENSG00000005486	RHBDD2	RHBDD2	1.0	9.0	0.6721427694089972	52.0	0.26301238802960764
79651	ENSG00000129667	RHBDF2	RHBDF2	1.0	5.0	0.5555124346231625	33.0	0.12076357274416576
9028	ENSG00000103269	RHBDL1	RHBDL1	1.0	3.0	0.5954388044622875	40.0	0.07766593101682011
162494	ENSG00000141314	RHBDL3	RHBDL3	0.0	0.0	0.3464705299003156	10.0	0.0
51458	ENSG00000140519	RHCG	RHCG	1.0	3.0	0.576356180799705	32.0	0.0751768931477876
121268	ENSG00000167550	RHEBL1	RHEBL1	1.0	5.0	0.637752750677268	40.0	0.1386419023211452
387	ENSG00000067560	RHOA	RHOA	1.0	2.0	0.5252489389239865	33.0	0.045673820775998825
9886	ENSG00000072422	RHOBTB1	RHOBTB1	0.0	0.0	0.3580448611952112	33.0	0.0
23221	ENSG00000008853	RHOBTB2	RHOBTB2	0.0	0.0	0.18106367660840136	39.0	0.0
389	ENSG00000155366	RHOC	RHOC	1.0	6.0	0.5354328090496322	52.0	0.13967812409990404
54509	ENSG00000139725	RHOF	RHOF	1.0	2.0	0.36603991327522073	4.0	0.03182955767610615
57381	ENSG00000126785	RHOJ	RHOJ	1.0	3.0	0.48780810861357027	52.0	0.06362714460177003
23433	ENSG00000119729	RHOQ	RHOQ	0.0	0.0	0.27708983939054366	32.0	0.0
89941	ENSG00000140983	RHOT2	RHOT2	1.0	2.0	0.5307516660458339	31.0	0.04615231878659425
171177	ENSG00000104140	RHOV	RHOV	1.0	2.0	0.4786048950989418	40.0	0.04161781696512537
114822	ENSG00000158106	RHPN1	RHPN1	1.0	1.0	0.2783874594563137	32.0	0.012103802585057118
85415	ENSG00000131941	RHPN2	RHPN2	1.0	7.0	0.5636293984524389	55.0	0.1715393821376988
158787	ENSG00000158423	RIBC1	RIBC1	1.0	7.0	0.45275578484428686	33.0	0.13779523886565254
79608	ENSG00000166405	RIC3	RIC3	1.0	3.0	0.7217702619202397	33.0	0.0941439472069878
60626	ENSG00000177963	RIC8A	RIC8A	1.0	5.0	0.6246811972705171	33.0	0.13580026027619935
253260	ENSG00000164327	RICTOR	RICTOR	0.0	0.0	0.3275583650606093	31.0	0.0
10247	ENSG00000132541	RIDA	RIDA	1.0	6.0	0.46972017485665507	49.0	0.12253569778869262
284485	ENSG00000178796	RIIAD1	RIIAD1	1.0	8.0	0.686243228217298	49.0	0.23869329677123408
83547	ENSG00000167705	RILP	RILP	0.0	0.0	0.1437866529050913	16.0	0.0
353116	ENSG00000188026	RILPL1	RILPL1	1.0	9.0	0.620226226119975	18.0	0.24269721891651197
196383	ENSG00000150977	RILPL2	RILPL2	1.0	13.0	0.8033790534274857	18.0	0.45408381280683974
23504	ENSG00000060709	RIMBP2	RIMBP2	1.0	12.0	0.857885180731826	18.0	0.4475922682079092
284716	ENSG00000177181	RIMKLA	RIMKLA	0.0	0.0	0.32183212693022445	10.0	0.0
57494	ENSG00000166532	RIMKLB	RIMKLB	1.0	4.0	0.5744344719364399	52.0	0.0999016472932939
22999	ENSG00000079841	RIMS1	RIMS1	1.0	7.0	0.768457447723949	9.0	0.23387835365511492
9783	ENSG00000117016	RIMS3	RIMS3	0.0	0.0	0.4838313517710981	18.0	0.0
140730	ENSG00000101098	RIMS4	RIMS4	1.0	4.0	0.7392218928956915	52.0	0.1285603291992507
9610	ENSG00000174791	RIN1	RIN1	1.0	5.0	0.7445601558336127	49.0	0.1618609034420897
54453	ENSG00000132669	RIN2	RIN2	1.0	4.0	0.46461659595541716	2.0	0.08080288625311602
126432	ENSG00000187994	RINL	RINL	0.0	0.0	0.24987250297963187	32.0	0.0
60561	ENSG00000135249	RINT1	RINT1	0.0	0.0	0.43094862104207693	32.0	0.0
84864	ENSG00000170854	RIOX2	RIOX2	1.0	2.0	0.49886027956255613	33.0	0.043379154744570096
8737	ENSG00000137275	RIPK1	RIPK1	0.0	0.0	0.49064113648277846	7.0	0.0
8767	ENSG00000104312	RIPK2	RIPK2	1.0	10.0	0.7181576514945314	49.0	0.31224245717153537
9750	ENSG00000111913	RIPOR2	RIPOR2	1.0	9.0	0.717132282865551	1.0	0.28061698025173737
6016	ENSG00000143622	RIT1	RIT1	1.0	1.0	0.26149192240800556	33.0	0.011369214017739371
6014	ENSG00000152214	RIT2	RIT2	1.0	1.0	0.40388256879343865	33.0	0.017560111686671244
6017	ENSG00000140522	RLBP1	RLBP1	1.0	8.0	0.6533672125860556	49.0	0.22725816089949757
51132	ENSG00000131263	RLIM	RLIM	1.0	2.0	0.5385442458314612	53.0	0.04682993442012706
29919	ENSG00000141452	RMC1	RMC1	1.0	4.0	0.4803268969662803	51.0	0.08353511251587482
51115	ENSG00000176623	RMDN1	RMDN1	1.0	7.0	0.43089017626574644	33.0	0.13114048842870546
151393	ENSG00000115841	RMDN2	RMDN2	0.0	0.0	0.592556345652421	32.0	0.0
55177	ENSG00000137824	RMDN3	RMDN3	1.0	6.0	0.5999550613036565	31.0	0.15651001599225822
80010	ENSG00000178966	RMI1	RMI1	0.0	0.0	0.2691435372624695	40.0	0.0
116028	ENSG00000175643	RMI2	RMI2	1.0	8.0	0.7676153341991443	33.0	0.26699663798231105
55005	ENSG00000155906	RMND1	RMND1	1.0	1.0	0.45424372909251926	33.0	0.019749727351848663
64795	ENSG00000153561	RMND5A	RMND5A	0.0	0.0	0.5979744301031358	31.0	0.0
64777	ENSG00000145916	RMND5B	RMND5B	1.0	4.0	0.5708863650621607	8.0	0.09928458522820187
6039	ENSG00000169413	RNASE6	RNASE6	1.0	9.0	0.5768078073621944	49.0	0.2257074028808587
10535	ENSG00000104889	RNASEH2A	RNASEH2A	1.0	9.0	0.6454755857883462	49.0	0.2525774031345703
84153	ENSG00000172922	RNASEH2C	RNASEH2C	1.0	10.0	0.5525234057062907	49.0	0.24022756769838724
6041	ENSG00000135828	RNASEL	RNASEL	0.0	0.0	0.33950729369973537	31.0	0.0
8635	ENSG00000026297	RNASET2	RNASET2	1.0	8.0	0.5179779286032052	33.0	0.18016623603589746
27289	ENSG00000172602	RND1	RND1	1.0	3.0	0.6365623468328537	51.0	0.0830298713260244
8153	ENSG00000108830	RND2	RND2	0.0	0.0	0.2339780609357058	32.0	0.0
9921	ENSG00000022840	RNF10	RNF10	1.0	2.0	0.5705375152926334	52.0	0.04961195785153334
26994	ENSG00000123091	RNF11	RNF11	1.0	4.0	0.6910590661924088	33.0	0.12018418542476673
54778	ENSG00000157450	RNF111	RNF111	1.0	2.0	0.5252792670166545	33.0	0.04567645800144822
7737	ENSG00000125352	RNF113A	RNF113A	0.0	0.0	0.4291181233755646	10.0	0.0
55905	ENSG00000124226	RNF114	RNF114	1.0	1.0	0.2886715798160172	32.0	0.012550938252870313
27246	ENSG00000265491	RNF115	RNF115	1.0	1.0	0.6699932977308649	42.0	0.029130143379602822
79845	ENSG00000133874	RNF122	RNF122	0.0	0.0	0.35077147914450385	33.0	0.0
63891	ENSG00000164068	RNF123	RNF123	1.0	2.0	0.5713945863750393	7.0	0.04968648577174254
54941	ENSG00000101695	RNF125	RNF125	0.0	0.0	0.19613308958692113	32.0	0.0
55658	ENSG00000070423	RNF126	RNF126	0.0	0.0	0.3400415021390294	49.0	0.0
79589	ENSG00000133135	RNF128	RNF128	0.0	0.0	0.27676215823608624	32.0	0.0
11342	ENSG00000082996	RNF13	RNF13	0.0	0.0	0.15308533694828813	32.0	0.0
84282	ENSG00000181481	RNF135	RNF135	1.0	7.0	0.4606748159463172	33.0	0.14020537876627046
51444	ENSG00000134758	RNF138	RNF138	0.0	0.0	0.35866633122711356	32.0	0.0
11236	ENSG00000170881	RNF139	RNF139	1.0	9.0	0.5081846520512575	36.0	0.19885486384614426
9604	ENSG00000013561	RNF14	RNF14	1.0	2.0	0.41617972634327166	53.0	0.036189541421154055
50862	ENSG00000110315	RNF141	RNF141	0.0	0.0	0.1657411456702698	52.0	0.0
9781	ENSG00000151692	RNF144A	RNF144A	1.0	1.0	0.39471626080181965	56.0	0.017161576556600854
153830	ENSG00000145860	RNF145	RNF145	1.0	4.0	0.6533939667746678	49.0	0.11363373335211613
57484	ENSG00000170153	RNF150	RNF150	1.0	11.0	0.663224827317561	49.0	0.3171944826301379
220441	ENSG00000176641	RNF152	RNF152	0.0	0.0	0.25644375834269445	32.0	0.0
114804	ENSG00000141576	RNF157	RNF157	1.0	1.0	0.4617489797287537	53.0	0.020076042596902332
100507218	ENSG00000267128	RNF157-AS1	RNF157-AS1	1.0	5.0	0.5676483866531804	33.0	0.12340182318547399
494470	ENSG00000141622	ARK2C	RNF165	1.0	2.0	0.7134887673795007	51.0	0.06204250151126093
26001	ENSG00000108523	RNF167	RNF167	1.0	2.0	0.4106353401514668	33.0	0.03570742088273624
285533	ENSG00000145428	RNF175	RNF175	1.0	3.0	0.5249839768074887	40.0	0.0684761708879333
51255	ENSG00000168894	RNF181	RNF181	1.0	8.0	0.5337809466214404	52.0	0.1856629379552836
221687	ENSG00000180537	RNF182	RNF182	1.0	6.0	0.6221393177324149	36.0	0.16229721332149954
91445	ENSG00000138942	RNF185	RNF185	1.0	2.0	0.6936487172204978	36.0	0.06031727975830416
149603	ENSG00000168159	RNF187	RNF187	1.0	2.0	0.6086858664394222	9.0	0.05292920577734106
127544	ENSG00000116514	RNF19B	RNF19B	0.0	0.0	0.4697880195971977	32.0	0.0
727800	ENSG00000212864	RNF208	RNF208	1.0	2.0	0.5397070474402172	51.0	0.04693104760349715
285498	ENSG00000178222	RNF212	RNF212	1.0	1.0	0.5137909729183842	40.0	0.022338737952973222
57674	ENSG00000173821	RNF213	RNF213	0.0	0.0	0.3309159320246367	32.0	0.0
54476	ENSG00000011275	RNF216	RNF216	0.0	0.0	0.48302518123665683	19.0	0.0
154214	ENSG00000146373	RNF217	RNF217	1.0	2.0	0.5117065542602555	33.0	0.04449622210958743
79596	ENSG00000152193	OBI1	RNF219	1.0	1.0	0.637423002672481	40.0	0.027714043594455694
55182	ENSG00000187147	RNF220	RNF220	0.0	0.0	0.3321953405993393	32.0	0.0
11237	ENSG00000101236	RNF24	RNF24	1.0	6.0	0.6608721377912614	31.0	0.17240142724989427
64320	ENSG00000163481	RNF25	RNF25	0.0	0.0	0.4538474440084554	32.0	0.0
79102	ENSG00000173456	RNF26	RNF26	0.0	0.0	0.3515571553506561	32.0	0.0
55072	ENSG00000285152	RNF31	RNF31	1.0	5.0	0.7242731309390414	33.0	0.15745068063892204
80196	ENSG00000170633	RNF34	RNF34	0.0	0.0	0.5099377831913252	32.0	0.0
6047	ENSG00000063978	RNF4	RNF4	1.0	2.0	0.47656205532154466	32.0	0.04144017872361258
10193	ENSG00000181852	RNF41	RNF41	1.0	2.0	0.6140547093693212	40.0	0.053396061684288794
54894	ENSG00000108375	RNF43	RNF43	1.0	6.0	0.6940000603969296	52.0	0.18104349401659034
22838	ENSG00000146083	RNF44	RNF44	1.0	4.0	0.6724301812310263	31.0	0.11694437934452631
9616	ENSG00000114125	RNF7	RNF7	1.0	10.0	0.6412040998860757	49.0	0.2787843912548155
9025	ENSG00000112130	RNF8	RNF8	1.0	3.0	0.5598221327280056	51.0	0.07302027818191377
51136	ENSG00000189050	RNFT1	RNFT1	0.0	0.0	0.496352249963298	31.0	0.0
55328	ENSG00000184719	RNLS	RNLS	1.0	1.0	0.5141659027921744	32.0	0.022355039251833672
6091	ENSG00000169855	ROBO1	ROBO1	1.0	8.0	0.584968660893872	32.0	0.203467360310912
727758	ENSG00000290877	ROCK1P1	ROCK1P1	1.0	3.0	0.5297979531430005	33.0	0.0691040808447392
9475	ENSG00000134318	ROCK2	ROCK2	0.0	0.0	0.39101265197130675	32.0	0.0
6094	ENSG00000149489	ROM1	ROM1	1.0	5.0	0.4836945846750838	51.0	0.10515099666849648
140823	ENSG00000125995	ROMO1	ROMO1	1.0	2.0	0.4379738540187762	33.0	0.03808468295815445
6095	ENSG00000069667	RORA	RORA	1.0	1.0	0.39526697903441144	52.0	0.017185520827583105
6096	ENSG00000198963	RORB	RORB	1.0	1.0	0.6044793963412443	32.0	0.026281712884401922
6102	ENSG00000102218	RP2	RP2	1.0	2.0	0.2755266684835465	36.0	0.023958840737699695
441212	ENSG00000291146	RP9P	RP9P	0.0	0.0	0.3624424676716261	1.0	0.0
6118	ENSG00000117748	RPA2	RPA2	1.0	8.0	0.6802122220872795	33.0	0.23659555550861894
84268	ENSG00000129197	RPAIN	RPAIN	1.0	5.0	0.7706533280130261	33.0	0.1675333321767448
80135	ENSG00000117133	RPF1	RPF1	0.0	0.0	0.5040007129865718	31.0	0.0
84154	ENSG00000197498	RPF2	RPF2	1.0	1.0	0.4901289878317366	38.0	0.021309955992684197
6103	ENSG00000156313	RPGR	RPGR	0.0	0.0	0.3522741235207959	33.0	0.0
22895	ENSG00000089169	RPH3A	RPH3A	0.0	0.0	0.5089769717249574	32.0	0.0
9501	ENSG00000282013	RPH3AL	RPH3AL	0.0	0.0	0.1966559940257189	32.0	0.0
6136	ENSG00000197958	RPL12	RPL12	1.0	5.0	0.5793491310755876	49.0	0.12594546327730166
6138	ENSG00000174748	RPL15	RPL15	1.0	1.0	0.609373920748289	32.0	0.02649451829340387
6141	ENSG00000063177	RPL18	RPL18	1.0	4.0	0.46589536396734116	1.0	0.08102528068997238
200916	ENSG00000163584	RPL22L1	RPL22L1	1.0	2.0	0.4952024800630635	49.0	0.043061085222875085
6157	ENSG00000166441	RPL27A	RPL27A	1.0	6.0	0.6902535030973297	49.0	0.18006613124278165
6156	ENSG00000156482	RPL30	RPL30	1.0	6.0	0.5543129671361173	33.0	0.14460338273116105
6161	ENSG00000144713	RPL32	RPL32	1.0	6.0	0.602840681932063	33.0	0.15726278659097295
25873	ENSG00000130255	RPL36	RPL36	1.0	13.0	0.6848742115986008	49.0	0.38710281525138307
6167	ENSG00000145592	RPL37	RPL37	1.0	8.0	0.608801075519228	33.0	0.21175689583277496
6170	ENSG00000198918	RPL39	RPL39	1.0	5.0	0.5487325577796776	33.0	0.11928968647384294
116832	ENSG00000163923	RPL39L	RPL39L	1.0	9.0	0.8325084005598725	49.0	0.3257641567408197
6171	ENSG00000229117	RPL41	RPL41	1.0	6.0	0.6585990195874517	52.0	0.1718084398923787
6128	ENSG00000089009	RPL6	RPL6	0.0	0.0	0.5647439633842603	40.0	0.0
285855	ENSG00000146223	RPL7L1	RPL7L1	1.0	8.0	0.6993643164705792	31.0	0.24325715355498406
6184	ENSG00000163902	RPN1	RPN1	1.0	1.0	0.4539763163554707	9.0	0.01973810071110742
6185	ENSG00000118705	RPN2	RPN2	1.0	6.0	0.5977919072390334	40.0	0.15594571493192175
55197	ENSG00000141425	RPRD1A	RPRD1A	1.0	4.0	0.5955424721086914	33.0	0.1035726038449898
56475	ENSG00000177519	RPRM	RPRM	1.0	5.0	0.6971651079099497	51.0	0.15155763215433687
388394	ENSG00000179673	RPRML	RPRML	1.0	1.0	0.5918025766351531	32.0	0.025730546810224048
6204	ENSG00000124614	RPS10	RPS10	1.0	9.0	0.5494619058452224	49.0	0.21500683272204354
6222	ENSG00000226225	RPS18	RPS18	1.0	9.0	0.6018225773545034	49.0	0.23549579113871874
6223	ENSG00000105372	RPS19	RPS19	1.0	7.0	0.5452620105350613	52.0	0.1659493075541491
6187	ENSG00000291931	RPS2	RPS2	1.0	2.0	0.5381103864858278	33.0	0.04679220752050676
6224	ENSG00000008988	RPS20	RPS20	1.0	5.0	0.5607891711680427	1.0	0.1219106893843571
6229	ENSG00000138326	RPS24	RPS24	1.0	6.0	0.6686191379300577	18.0	0.1744223838078411
6232	ENSG00000177954	RPS27	RPS27	1.0	6.0	0.5434754991113147	52.0	0.1417762171594734
51065	ENSG00000185088	RPS27L	RPS27L	1.0	1.0	0.36203153278090716	32.0	0.015740501425256834
256355	ENSG00000232818	RPS2P32	RPS2P32	1.0	5.0	0.44745674731240465	40.0	0.09727320593747926
6191	ENSG00000198034	RPS4X	RPS4X	1.0	6.0	0.5689597227848936	52.0	0.14842427550910267
6196	ENSG00000071242	RPS6KA2	RPS6KA2	1.0	1.0	0.5211708952181338	33.0	0.022659604139918858
6197	ENSG00000177189	RPS6KA3	RPS6KA3	0.0	0.0	0.5006601128485202	32.0	0.0
8986	ENSG00000162302	RPS6KA4	RPS6KA4	1.0	4.0	0.8553035802456513	33.0	0.14874844873837414
9252	ENSG00000100784	RPS6KA5	RPS6KA5	0.0	0.0	0.3392380715334343	9.0	0.0
27330	ENSG00000072133	RPS6KA6	RPS6KA6	0.0	0.0	0.4670011600072596	31.0	0.0
6198	ENSG00000108443	RPS6KB1	RPS6KB1	0.0	0.0	0.35350913691419666	32.0	0.0
26750	ENSG00000136643	RPS6KC1	RPS6KC1	0.0	0.0	0.5156083303480459	31.0	0.0
83694	ENSG00000198208	RPS6KL1	RPS6KL1	1.0	3.0	0.6379889668820172	33.0	0.08321595220200224
6202	ENSG00000142937	RPS8	RPS8	1.0	3.0	0.5754759666548469	33.0	0.07506208260715394
57521	ENSG00000141564	RPTOR	RPTOR	1.0	2.0	0.6527162402129459	49.0	0.05675793393156051
27079	ENSG00000166133	RPUSD2	RPUSD2	1.0	1.0	0.5746778786968134	2.0	0.02498599472594841
285367	ENSG00000156990	RPUSD3	RPUSD3	1.0	2.0	0.6110314251064861	33.0	0.05313316740056401
84881	ENSG00000165526	RPUSD4	RPUSD4	1.0	2.0	0.6442590046729274	33.0	0.056022522145471945
10670	ENSG00000155876	RRAGA	RRAGA	1.0	3.0	0.564636188462539	33.0	0.07364819849511378
10325	ENSG00000083750	RRAGB	RRAGB	1.0	6.0	0.6490966303773377	40.0	0.16932955575060982
64121	ENSG00000116954	RRAGC	RRAGC	0.0	0.0	0.3838945800924701	32.0	0.0
58528	ENSG00000025039	RRAGD	RRAGD	1.0	9.0	0.7621424630188391	33.0	0.29822965944215446
6237	ENSG00000126458	RRAS	RRAS	1.0	1.0	0.3107603483661614	32.0	0.01351131949418093
22800	ENSG00000133818	RRAS2	RRAS2	1.0	9.0	0.6861726993612769	32.0	0.2685023606196301
6239	ENSG00000124782	RREB1	RREB1	1.0	2.0	0.3397330853783547	32.0	0.029542007424204757
50484	ENSG00000048392	RRM2B	RRM2B	0.0	0.0	0.24983432850953644	31.0	0.0
100131998	ENSG00000290865	RRN3P3	RRN3P3	1.0	3.0	0.6822134710177481	2.0	0.08898436578492366
51093	ENSG00000143303	METTL25B	RRNAD1	0.0	0.0	0.2661756248419252	32.0	0.0
51018	ENSG00000067533	RRP15	RRP15	0.0	0.0	0.44946641656282826	33.0	0.0
23076	ENSG00000160208	RRP1B	RRP1B	0.0	0.0	0.26469704666035065	32.0	0.0
27341	ENSG00000189306	RRP7A	RRP7A	1.0	4.0	0.5875250714710368	33.0	0.10217827329931076
91695	ENSG00000291035	RRP7BP	RRP7BP	1.0	5.0	0.578304133262286	33.0	0.1257182898396274
23212	ENSG00000179041	RRS1	RRS1	0.0	0.0	0.24032231793233455	32.0	0.0
55316	ENSG00000136444	RSAD1	RSAD1	1.0	1.0	0.6021752219600806	31.0	0.02618153138956872
91543	ENSG00000134321	RSAD2	RSAD2	1.0	1.0	0.42212797873381697	31.0	0.01835339037973117
26156	ENSG00000171490	RSL1D1	RSL1D1	1.0	4.0	0.6426700623605995	51.0	0.11176870649749557
51187	ENSG00000137876	RSL24D1	RSL24D1	1.0	5.0	0.6658220223814612	40.0	0.14474391790901328
89765	ENSG00000160188	RSPH1	RSPH1	1.0	12.0	0.7185174995230371	1.0	0.3748786954033237
27156	ENSG00000100218	RSPH14	RSPH14	1.0	7.0	0.4469948785125957	32.0	0.13604191954731173
83861	ENSG00000130363	RSPH3	RSPH3	1.0	2.0	0.59180752266661	2.0	0.05146152371014
221421	ENSG00000172426	RSPH9	RSPH9	1.0	17.0	0.7648355550398688	18.0	0.565313236333816
340419	ENSG00000147655	RSPO2	RSPO2	1.0	2.0	0.5873524815366642	54.0	0.051074128829275145
84870	ENSG00000146374	RSPO3	RSPO3	1.0	9.0	0.7919561789951651	31.0	0.3098958961285429
343637	ENSG00000101282	RSPO4	RSPO4	1.0	6.0	0.5174755677312259	33.0	0.13499362636466763
51319	ENSG00000174891	RSRC1	RSRC1	0.0	0.0	0.3649772856928631	32.0	0.0
65117	ENSG00000111011	RSRC2	RSRC2	1.0	4.0	0.6359484387164801	33.0	0.11059972847243132
57035	ENSG00000117616	RSRP1	RSRP1	1.0	1.0	0.4555100935618213	53.0	0.019804786676600926
6251	ENSG00000148484	RSU1	RSU1	1.0	8.0	0.5634879312726859	33.0	0.1959958021818038
83546	ENSG00000132026	RTBDN	RTBDN	1.0	8.0	0.6082164239039022	18.0	0.21155353874918337
8634	ENSG00000137996	RTCA	RTCA	1.0	4.0	0.4208747614068817	49.0	0.07319561067945768
51493	ENSG00000100220	RTCB	RTCB	1.0	1.0	0.3022313252004507	33.0	0.013140492400019596
51750	ENSG00000258366	RTEL1	RTEL1	0.0	0.0	0.6451230743385147	32.0	0.0
23168	ENSG00000137815	RTF1	RTF1	1.0	6.0	0.6871990380303685	51.0	0.17926931426879178
219790	ENSG00000182010	RTKN2	RTKN2	0.0	0.0	0.4487800949324014	32.0	0.0
79680	ENSG00000215012	RTL10	RTL10	1.0	7.0	0.6932160304213397	33.0	0.2109787918673643
340526	ENSG00000242732	RTL5	RTL5	1.0	3.0	0.6048231326300004	2.0	0.0788899738213044
84247	ENSG00000188636	RTL6	RTL6	1.0	9.0	0.715999190483302	33.0	0.2801735962760747
8933	ENSG00000134590	RTL8C	RTL8C	1.0	9.0	0.6921728588508433	18.0	0.2708502491155474
6252	ENSG00000139970	RTN1	RTN1	1.0	5.0	0.6291006577227425	40.0	0.13676101254842227
6253	ENSG00000125744	RTN2	RTN2	0.0	0.0	0.458403738172788	32.0	0.0
10313	ENSG00000133318	RTN3	RTN3	1.0	3.0	0.5628554247955555	51.0	0.07341592497333332
57142	ENSG00000115310	RTN4	RTN4	1.0	3.0	0.7122020916204678	52.0	0.09289592499397406
65078	ENSG00000040608	RTN4R	RTN4R	1.0	7.0	0.7233242656776018	49.0	0.2201421678149223
146760	ENSG00000185924	RTN4RL1	RTN4RL1	1.0	5.0	0.6784166652733418	40.0	0.1474818837550743
349667	ENSG00000186907	RTN4RL2	RTN4RL2	1.0	6.0	0.6463810402218566	18.0	0.16862114092744085
132112	ENSG00000175077	RTP1	RTP1	1.0	4.0	0.4669206918109385	33.0	0.08120359857581538
25914	ENSG00000176225	RTTN	RTTN	0.0	0.0	0.3937025667925412	32.0	0.0
9711	ENSG00000145016	RUBCN	RUBCN	1.0	7.0	0.7952209158650069	33.0	0.24202375700239342
55680	ENSG00000204130	RUFY2	RUFY2	0.0	0.0	0.4193138914398611	32.0	0.0
10900	ENSG00000108309	RUNDC3A	RUNDC3A	1.0	7.0	0.6572334574118817	33.0	0.20002757399492052
154661	ENSG00000105784	RUNDC3B	RUNDC3B	0.0	0.0	0.39069031694090917	31.0	0.0
862	ENSG00000079102	RUNX1T1	RUNX1T1	1.0	8.0	0.9384867782161022	49.0	0.3264301837273399
9853	ENSG00000198853	RUSC2	RUSC2	1.0	5.0	0.5790169397421614	40.0	0.12587324777003508
51389	ENSG00000111832	RWDD1	RWDD1	0.0	0.0	0.27556778652122227	31.0	0.0
201965	ENSG00000182552	RWDD4	RWDD4	1.0	2.0	0.3836489367391093	16.0	0.03336077710774864
59350	ENSG00000171509	RXFP1	RXFP1	1.0	3.0	0.5574578120440882	33.0	0.07271188852748976
6256	ENSG00000186350	RXRA	RXRA	1.0	15.0	0.7355841070751705	18.0	0.4797287654838069
6259	ENSG00000163785	RYK	RYK	0.0	0.0	0.6668454839459751	31.0	0.0
6261	ENSG00000196218	RYR1	RYR1	1.0	7.0	0.5866836295486664	31.0	0.17855588725394195
6262	ENSG00000198626	RYR2	RYR2	1.0	1.0	0.5973111721656014	52.0	0.0259700509637218
6263	ENSG00000198838	RYR3	RYR3	1.0	8.0	0.5857105909407622	52.0	0.20372542293591728
6271	ENSG00000160678	S100A1	S100A1	1.0	1.0	0.4122389700641145	33.0	0.017923433481048454
6281	ENSG00000197747	S100A10	S100A10	1.0	4.0	0.5134197682558347	40.0	0.0892903944792756
6282	ENSG00000163191	S100A11	S100A11	1.0	4.0	0.39078133013639266	33.0	0.06796197045850307
6284	ENSG00000189171	S100A13	S100A13	1.0	4.0	0.43434287464761495	31.0	0.07553789124306347
140576	ENSG00000188643	S100A16	S100A16	1.0	6.0	0.5061089241433481	52.0	0.13202841499391688
6277	ENSG00000197956	S100A6	S100A6	1.0	1.0	0.3672480163003913	33.0	0.01596730505653875
6279	ENSG00000143546	S100A8	S100A8	1.0	2.0	0.44559436995859864	2.0	0.03874733651813901
64766	ENSG00000116497	S100PBP	S100PBP	0.0	0.0	0.45768634514596673	32.0	0.0
170591	ENSG00000171643	S100Z	S100Z	1.0	2.0	0.4815173492364399	33.0	0.04187107384664695
1901	ENSG00000170989	S1PR1	S1PR1	1.0	9.0	0.5450915570169428	33.0	0.2132966962240211
53637	ENSG00000180739	S1PR5	S1PR5	0.0	0.0	0.21139751769012352	32.0	0.0
22908	ENSG00000211456	SACM1L	SACM1L	1.0	1.0	0.4028290151727498	31.0	0.01751430500751086
26278	ENSG00000151835	SACS	SACS	0.0	0.0	0.2954422625732746	31.0	0.0
10055	ENSG00000142230	SAE1	SAE1	1.0	1.0	0.5390789403067734	2.0	0.02343821479594667
6297	ENSG00000165821	SALL2	SALL2	1.0	2.0	0.37562524041408846	33.0	0.032663064383833776
148398	ENSG00000187634	SAMD11	SAMD11	0.0	0.0	0.31492224852762685	32.0	0.0
401474	ENSG00000177570	SAMD12	SAMD12	1.0	3.0	0.6287319432699934	36.0	0.08200851433956435
148418	ENSG00000203943	SAMD13	SAMD13	0.0	0.0	0.3489294377611465	32.0	0.0
201191	ENSG00000167100	SAMD14	SAMD14	1.0	5.0	0.6422177668461669	52.0	0.13961255801003628
161394	ENSG00000100583	SAMD15	SAMD15	1.0	6.0	0.6394374965141544	33.0	0.16680978169934463
23034	ENSG00000020577	SAMD4A	SAMD4A	1.0	3.0	0.40357380920342395	41.0	0.05264006207001182
389432	ENSG00000203727	SAMD5	SAMD5	1.0	7.0	0.6680791519449083	31.0	0.20332843754845037
54809	ENSG00000205413	SAMD9	SAMD9	1.0	10.0	0.5859042397634027	53.0	0.2547409738101751
219285	ENSG00000177409	SAMD9L	SAMD9L	1.0	5.0	0.49182325979819025	33.0	0.10691809995612832
25813	ENSG00000100347	SAMM50	SAMM50	1.0	3.0	0.539339179214113	40.0	0.07034858859314518
79685	ENSG00000164576	SAP30L	SAP30L	0.0	0.0	0.16425522120399416	32.0	0.0
89958	ENSG00000186193	SAPCD2	SAPCD2	1.0	9.0	0.7736788825788061	59.0	0.30274391057431543
56681	ENSG00000079332	SAR1A	SAR1A	1.0	5.0	0.5015539192982761	31.0	0.10903346071701654
51128	ENSG00000152700	SAR1B	SAR1B	0.0	0.0	0.2504372847316938	32.0	0.0
84324	ENSG00000205323	SARNP	SARNP	1.0	9.0	0.698233706595078	24.0	0.27322188518937834
23328	ENSG00000111961	SASH1	SASH1	1.0	7.0	0.48811388335460826	32.0	0.1485563992818373
112483	ENSG00000141504	SAT2	SAT2	1.0	1.0	0.5211275734143439	31.0	0.022657720583232344
6304	ENSG00000182568	SATB1	SATB1	1.0	4.0	0.6168153718952979	33.0	0.10727223859048658
23314	ENSG00000119042	SATB2	SATB2	1.0	2.0	0.5577331182565536	33.0	0.048498532022309006
60485	ENSG00000151748	SAV1	SAV1	0.0	0.0	0.22782109690331873	31.0	0.0
6305	ENSG00000100241	SBF1	SBF1	1.0	7.0	0.6926338599868982	33.0	0.2108016095612299
81846	ENSG00000133812	SBF2	SBF2	1.0	5.0	0.6065364045328376	52.0	0.13185574011583426
55206	ENSG00000139697	SBNO1	SBNO1	1.0	1.0	0.5159801259764218	2.0	0.022433918520713993
22904	ENSG00000064932	SBNO2	SBNO2	1.0	3.0	0.5796333086232149	51.0	0.07560434460302803
6309	ENSG00000109929	SC5D	SC5D	1.0	2.0	0.439416026443816	33.0	0.038210089255984
9169	ENSG00000139218	SCAF11	SCAF11	0.0	0.0	0.378825146289695	32.0	0.0
286205	ENSG00000173611	SCAI	SCAI	1.0	2.0	0.5776955747632956	3.0	0.05023439780550396
9522	ENSG00000085365	SCAMP1	SCAMP1	0.0	0.0	0.42639312565582177	32.0	0.0
192683	ENSG00000198794	SCAMP5	SCAMP5	1.0	1.0	0.650383867322237	2.0	0.02827755944879291
49855	ENSG00000140386	SCAPER	SCAPER	1.0	8.0	0.669116111517182	1.0	0.23273603878858504
51435	ENSG00000168077	SCARA3	SCARA3	0.0	0.0	0.36161716922919723	31.0	0.0
286133	ENSG00000168079	SCARA5	SCARA5	1.0	6.0	0.7001575886294272	18.0	0.1826498057294158
949	ENSG00000073060	SCARB1	SCARB1	1.0	2.0	0.44527709360662837	33.0	0.038719747270141595
6319	ENSG00000099194	SCD	SCD	1.0	1.0	0.36477696949383015	38.0	0.01585986823886218
7857	ENSG00000171951	SCG2	SCG2	1.0	1.0	0.46236125849174237	32.0	0.02010266341268445
29106	ENSG00000104112	SCG3	SCG3	1.0	6.0	0.6317906926701223	33.0	0.1648149633052493
6447	ENSG00000277614	SCG5	SCG5	1.0	2.0	0.5540722216996131	51.0	0.048180193191270704
92304	ENSG00000161055	SCGB3A1	SCGB3A1	0.0	0.0	0.4779976099688056	49.0	0.0
10590	ENSG00000079689	SCGN	SCGN	1.0	9.0	0.7017204874367983	41.0	0.2745862776926602
85477	ENSG00000006747	SCIN	SCIN	1.0	2.0	0.4982308905357962	53.0	0.04332442526398228
132320	ENSG00000151466	SCLT1	SCLT1	0.0	0.0	0.32994295965809095	32.0	0.0
6323	ENSG00000144285	SCN1A	SCN1A	0.0	0.0	0.3376640569469286	7.0	0.0
6324	ENSG00000105711	SCN1B	SCN1B	0.0	0.0	0.31853129513882633	33.0	0.0
6326	ENSG00000136531	SCN2A	SCN2A	1.0	6.0	0.7728383399380536	33.0	0.2016100017229705
6327	ENSG00000149575	SCN2B	SCN2B	1.0	1.0	0.48579176082196984	32.0	0.021121380905303036
6328	ENSG00000153253	SCN3A	SCN3A	1.0	5.0	0.6804801511354235	53.0	0.14793046763813553
55800	ENSG00000166257	SCN3B	SCN3B	1.0	11.0	0.7890766128601776	18.0	0.37738446702008493
6330	ENSG00000177098	SCN4B	SCN4B	0.0	0.0	0.21928560752511725	10.0	0.0
6332	ENSG00000136546	SCN7A	SCN7A	1.0	4.0	0.4605006603458517	53.0	0.08008707136449594
6334	ENSG00000196876	SCN8A	SCN8A	0.0	0.0	0.5000301090087801	32.0	0.0
6335	ENSG00000169432	SCN9A	SCN9A	1.0	10.0	0.673847238659882	5.0	0.29297706028690523
60592	ENSG00000153130	SCOC	SCOC	1.0	5.0	0.5415739262374017	33.0	0.11773346222552211
6342	ENSG00000116171	SCP2	SCP2	1.0	1.0	0.421878442461564	33.0	0.018342540976589737
59342	ENSG00000121064	SCPEP1	SCPEP1	1.0	9.0	0.7295376012733	32.0	0.28547123528085655
11341	ENSG00000164106	SCRG1	SCRG1	1.0	2.0	0.21056571963719045	3.0	0.018310062577146995
90507	ENSG00000141295	SCRN2	SCRN2	0.0	0.0	0.3204801633337249	38.0	0.0
83482	ENSG00000284923	SCRT1	SCRT1	0.0	0.0	0.307882813607485	7.0	0.0
57758	ENSG00000175356	SCUBE2	SCUBE2	1.0	13.0	0.6401208727495826	24.0	0.3618074498149815
642658	ENSG00000260428	SCX	SCX	1.0	1.0	0.5750399010904222	32.0	0.025001734830018357
6383	ENSG00000169439	SDC2	SDC2	1.0	1.0	0.44970814476916493	31.0	0.019552528033441954
9672	ENSG00000162512	SDC3	SDC3	1.0	3.0	0.5935547294314486	40.0	0.07742018209975417
6386	ENSG00000137575	SDCBP	SDCBP	0.0	0.0	0.4264868754775984	33.0	0.0
10807	ENSG00000165689	ENTR1	SDCCAG3	1.0	2.0	0.5693559434141171	33.0	0.04950921247079279
23753	ENSG00000128228	SDF2L1	SDF2L1	1.0	5.0	0.4555354923255029	53.0	0.0990294548533702
6389	ENSG00000073578	SDHA	SDHA	0.0	0.0	0.35296566468527885	32.0	0.0
54949	ENSG00000167985	SDHAF2	SDHAF2	0.0	0.0	0.261950796111272	5.0	0.0
6390	ENSG00000117118	SDHB	SDHB	1.0	2.0	0.4908841001245476	32.0	0.042685573923873704
6392	ENSG00000204370	SDHD	SDHD	0.0	0.0	0.31328066559124124	32.0	0.0
221935	ENSG00000146555	SDK1	SDK1	0.0	0.0	0.42118168278085216	32.0	0.0
54549	ENSG00000069188	SDK2	SDK2	1.0	8.0	0.5979642518358484	58.0	0.20798756585594727
195814	ENSG00000170786	SDR16C5	SDR16C5	1.0	2.0	0.5105287235746458	32.0	0.044393802049969205
10993	ENSG00000135094	SDS	SDS	1.0	3.0	0.4434920400030014	42.0	0.057846787826478445
113675	ENSG00000139410	SDSL	SDSL	0.0	0.0	0.06675154372066334	44.0	0.0
23478	ENSG00000140612	SEC11A	SEC11A	1.0	3.0	0.5039682422569934	33.0	0.0657349881204774
90701	ENSG00000166562	SEC11C	SEC11C	1.0	7.0	0.5046503661311964	40.0	0.1535892418660163
6397	ENSG00000129657	SEC14L1	SEC14L1	0.0	0.0	0.5839089906692717	32.0	0.0
23541	ENSG00000100003	SEC14L2	SEC14L2	1.0	9.0	0.6764270650655546	52.0	0.26468885154739097
9717	ENSG00000103184	SEC14L5	SEC14L5	0.0	0.0	0.2790995758877494	59.0	0.0
9919	ENSG00000148396	SEC16A	SEC16A	1.0	2.0	0.7358067321684658	33.0	0.06398319410160572
10427	ENSG00000138802	SEC24B	SEC24B	1.0	1.0	0.4716900486349575	32.0	0.020508262984128587
9871	ENSG00000150961	SEC24D	SEC24D	1.0	4.0	0.6938010826754513	40.0	0.12066105785660021
25956	ENSG00000075826	SEC31B	SEC31B	0.0	0.0	0.6609885353985052	31.0	0.0
55176	ENSG00000065665	SEC61A2	SEC61A2	1.0	5.0	0.5065139977003089	34.0	0.11011173863050193
10952	ENSG00000106803	SEC61B	SEC61B	1.0	6.0	0.5629843373258755	52.0	0.1468654793024023
79048	ENSG00000187742	SECISBP2	SECISBP2	0.0	0.0	0.4077103352628096	31.0	0.0
81929	ENSG00000085415	SEH1L	SEH1L	1.0	2.0	0.6068350508638424	49.0	0.05276826529250803
23231	ENSG00000091490	SEL1L3	SEL1L3	1.0	7.0	0.750063003807221	18.0	0.22828004463698032
280636	ENSG00000211450	SELENOH	SELENOH	1.0	2.0	0.605625391956205	33.0	0.05266307756140913
58515	ENSG00000113811	SELENOK	SELENOK	1.0	2.0	0.3986960964254291	58.0	0.03466922577612427
83642	ENSG00000073169	SELENOO	SELENOO	1.0	1.0	0.5331492411651156	33.0	0.023180401789787634
6415	ENSG00000178980	SELENOW	SELENOW	1.0	5.0	0.5787586370744877	40.0	0.12581709501619298
6404	ENSG00000110876	SELPLG	SELPLG	1.0	3.0	0.407935055728271	33.0	0.05320892031238317
7979	ENSG00000127922	SEM1	SEM1	1.0	4.0	0.42069947992393236	31.0	0.07316512694329258
10371	ENSG00000075213	SEMA3A	SEMA3A	0.0	0.0	0.5980273538412695	40.0	0.0
10512	ENSG00000075223	SEMA3C	SEMA3C	0.0	0.0	0.37728972975556824	33.0	0.0
223117	ENSG00000153993	SEMA3D	SEMA3D	1.0	6.0	0.7007064200495984	53.0	0.18279297914337347
9723	ENSG00000170381	SEMA3E	SEMA3E	1.0	3.0	0.6012747358394319	33.0	0.0784271394573172
64218	ENSG00000196189	SEMA4A	SEMA4A	1.0	14.0	0.7785041589134161	52.0	0.47387209672990543
54910	ENSG00000168758	SEMA4C	SEMA4C	0.0	0.0	0.4154768057727313	32.0	0.0
10505	ENSG00000135622	SEMA4F	SEMA4F	1.0	7.0	0.7714207783851434	18.0	0.23478023689982627
57715	ENSG00000095539	SEMA4G	SEMA4G	0.0	0.0	0.390344005587574	32.0	0.0
9037	ENSG00000112902	SEMA5A	SEMA5A	1.0	1.0	0.4060274581054564	32.0	0.017653367743715495
54437	ENSG00000082684	SEMA5B	SEMA5B	1.0	2.0	0.7370925482955987	33.0	0.06409500419961728
80031	ENSG00000137872	SEMA6D	SEMA6D	0.0	0.0	0.3687223786384348	32.0	0.0
8482	ENSG00000138623	SEMA7A	SEMA7A	0.0	0.0	0.39558806210400005	40.0	0.0
29843	ENSG00000079387	SENP1	SENP1	1.0	1.0	0.6163437609238622	52.0	0.02679755482277662
205564	ENSG00000119231	SENP5	SENP5	1.0	6.0	0.48086484976251864	51.0	0.12544300428587443
26054	ENSG00000112701	SENP6	SENP6	0.0	0.0	0.4153757933892479	52.0	0.0
57337	ENSG00000138468	SENP7	SENP7	0.0	0.0	0.345435726386095	33.0	0.0
151011	ENSG00000186522	SEPTIN10	SEPT10	0.0	0.0	0.2427072417847831	32.0	0.0
124404	ENSG00000140623	SEPTIN12	SEPT12	0.0	0.0	0.2931079450254713	41.0	0.0
5414	ENSG00000108387	SEPTIN4	SEPT4	0.0	0.0	0.29862724974942734	31.0	0.0
23157	ENSG00000125354	SEPTIN6	SEPT6	1.0	3.0	0.4958829631958995	60.0	0.06468038650381297
23176	ENSG00000164402	SEPTIN8	SEPT8	1.0	2.0	0.6355101465892474	51.0	0.05526175187732586
10801	ENSG00000282302	SEPTIN9	SEPT9	1.0	8.0	0.6409737745104691	52.0	0.2229473998297284
10169	ENSG00000140264	SERF2	SERF2	1.0	3.0	0.4399264266479871	32.0	0.057381707823650485
10955	ENSG00000132824	SERINC3	SERINC3	1.0	3.0	0.5558430050017221	33.0	0.07250126152196375
256987	ENSG00000164300	SERINC5	SERINC5	1.0	4.0	0.4779116305517911	53.0	0.08311506618292018
27230	ENSG00000120742	SERP1	SERP1	1.0	7.0	0.6040185647211478	31.0	0.183831737089045
387923	ENSG00000151778	SERP2	SERP2	1.0	1.0	0.6215856614771116	16.0	0.02702546354248311
5265	ENSG00000197249	SERPINA1	SERPINA1	0.0	0.0	0.3800933715813781	32.0	0.0
866	ENSG00000277405	SERPINA6	SERPINA6	1.0	1.0	0.3296558662642288	60.0	0.014332863750618645
1992	ENSG00000021355	SERPINB1	SERPINB1	1.0	1.0	0.3927495662025591	49.0	0.01707606809576344
5269	ENSG00000124570	SERPINB6	SERPINB6	1.0	1.0	0.34731526031539955	33.0	0.015100663491973892
5271	ENSG00000166401	SERPINB8	SERPINB8	1.0	8.0	0.5194763602293431	52.0	0.18068742964498888
5272	ENSG00000170542	SERPINB9	SERPINB9	0.0	0.0	0.23089774341519761	31.0	0.0
5176	ENSG00000132386	SERPINF1	SERPINF1	1.0	4.0	0.6220539689240184	33.0	0.10818329894330755
871	ENSG00000149257	SERPINH1	SERPINH1	0.0	0.0	0.29557611008729817	31.0	0.0
5274	ENSG00000163536	SERPINI1	SERPINI1	1.0	2.0	0.5863183973071865	33.0	0.05098420846149448
5276	ENSG00000114204	SERPINI2	SERPINI2	0.0	0.0	0.2527793815585672	32.0	0.0
56256	ENSG00000281230	SERTAD4	SERTAD4	0.0	0.0	0.36797187345532517	31.0	0.0
400120	ENSG00000180440	SERTM1	SERTM1	1.0	9.0	0.7534428971152283	18.0	0.2948254814798719
27244	ENSG00000080546	SESN1	SESN1	1.0	1.0	0.647804463018886	2.0	0.028165411435603735
143686	ENSG00000149212	SESN3	SESN3	1.0	4.0	0.5892417414012094	53.0	0.10247682459151468
91404	ENSG00000187231	SESTD1	SESTD1	0.0	0.0	0.2795354575193487	32.0	0.0
26040	ENSG00000152217	SETBP1	SETBP1	1.0	1.0	0.5769260986603333	33.0	0.02508374342001449
84193	ENSG00000183576	SETD3	SETD3	0.0	0.0	0.38987789369061	49.0	0.0
79918	ENSG00000103037	SETD6	SETD6	1.0	1.0	0.6722057779222051	33.0	0.029226338170530657
80854	ENSG00000145391	SETD7	SETD7	1.0	1.0	0.3849447671800303	52.0	0.016736729007827404
9869	ENSG00000143379	SETDB1	SETDB1	0.0	0.0	0.4402986566119413	18.0	0.0
6419	ENSG00000170364	SETMAR	SETMAR	0.0	0.0	0.2648292421770955	32.0	0.0
124925	ENSG00000063015	SEZ6	SEZ6	1.0	8.0	0.6645398602321678	49.0	0.23114429921118881
23544	ENSG00000100095	SEZ6L	SEZ6L	1.0	4.0	0.5815702976569972	54.0	0.10114266046208646
26470	ENSG00000174938	SEZ6L2	SEZ6L2	1.0	1.0	0.5084778600779852	33.0	0.022107733046868923
23450	ENSG00000189091	SF3B3	SF3B3	1.0	7.0	0.7833127341799447	49.0	0.23839952779389623
9814	ENSG00000198089	SFI1	SFI1	0.0	0.0	0.5904499660311997	31.0	0.0
57713	ENSG00000198879	SFMBT2	SFMBT2	1.0	5.0	0.5144667448774685	55.0	0.11184059671249313
6422	ENSG00000104332	SFRP1	SFRP1	1.0	6.0	0.5161160040462165	2.0	0.13463895757727387
6423	ENSG00000145423	SFRP2	SFRP2	1.0	5.0	0.6662293882676629	51.0	0.14483247571036148
6441	ENSG00000133661	SFTPD	SFTPD	1.0	2.0	0.6063105129550908	32.0	0.05272265330044267
84251	ENSG00000118473	SGIP1	SGIP1	0.0	0.0	0.47814329091246865	32.0	0.0
6446	ENSG00000118515	SGK1	SGK1	1.0	2.0	0.42471285762230765	53.0	0.036931552836722406
23678	ENSG00000104205	SGK3	SGK3	1.0	1.0	0.39097948006863964	32.0	0.016999107829071287
124923	ENSG00000167524	RSKR	SGK494	1.0	1.0	0.5642313866820133	31.0	0.024531799420957102
151246	ENSG00000163535	SGO2	SGO2	0.0	0.0	0.48886871583152464	32.0	0.0
81537	ENSG00000285281	SGPP1	SGPP1	1.0	1.0	0.5505452984036551	32.0	0.023936752104506742
130367	ENSG00000163082	SGPP2	SGPP2	0.0	0.0	0.4084936025559946	52.0	0.0
6448	ENSG00000181523	SGSH	SGSH	1.0	10.0	0.6235536934255175	32.0	0.27111030148935544
9905	ENSG00000141258	SGSM2	SGSM2	1.0	7.0	0.815796997394482	52.0	0.24828604268527713
27352	ENSG00000100359	SGSM3	SGSM3	1.0	2.0	0.6187466684876803	40.0	0.05380405812936351
54557	ENSG00000197860	SGTB	SGTB	1.0	2.0	0.5263295789849122	3.0	0.045767789476948886
10019	ENSG00000111252	SH2B3	SH2B3	1.0	5.0	0.7065805385426194	3.0	0.15360446490056942
9047	ENSG00000027869	SH2D2A	SH2D2A	1.0	5.0	0.5164656577049123	3.0	0.11227514297932875
10044	ENSG00000095370	SH2D3C	SH2D3C	1.0	4.0	0.6120111520981949	51.0	0.10643672210403389
400745	ENSG00000189410	SH2D5	SH2D5	1.0	1.0	0.601790780303477	54.0	0.026164816534933782
6451	ENSG00000131171	SH3BGRL	SH3BGRL	0.0	0.0	0.16704525753876842	31.0	0.0
83699	ENSG00000198478	SH3BGRL2	SH3BGRL2	0.0	0.0	0.4780306157909739	53.0	0.0
83442	ENSG00000142669	SH3BGRL3	SH3BGRL3	1.0	7.0	0.447315203377335	31.0	0.13613940972353675
23616	ENSG00000100092	SH3BP1	SH3BP1	0.0	0.0	0.41443732066507494	32.0	0.0
23677	ENSG00000130147	SH3BP4	SH3BP4	1.0	3.0	0.4599501539813993	53.0	0.05999349834539991
9467	ENSG00000131370	SH3BP5	SH3BP5	1.0	4.0	0.6028100577418697	40.0	0.10483653178119473
80851	ENSG00000175137	SH3BP5L	SH3BP5L	1.0	2.0	0.6723231213597798	51.0	0.05846288011824172
152503	ENSG00000109686	SH3D19	SH3D19	0.0	0.0	0.29963500682796707	52.0	0.0
6455	ENSG00000141985	SH3GL1	SH3GL1	1.0	3.0	0.6948711547511468	33.0	0.09063536801101915
6456	ENSG00000107295	SH3GL2	SH3GL2	1.0	5.0	0.6524250220801081	33.0	0.14183152653915393
6457	ENSG00000291608	SH3GL3	SH3GL3	1.0	9.0	0.5878456113075381	49.0	0.2300265435551236
51100	ENSG00000097033	SH3GLB1	SH3GLB1	1.0	6.0	0.5140043147369093	53.0	0.1340880821052807
56904	ENSG00000148341	SH3GLB2	SH3GLB2	1.0	4.0	0.5437627988252365	40.0	0.09456744327395417
57630	ENSG00000154447	SH3RF1	SH3RF1	1.0	7.0	0.7895637240438269	32.0	0.24030200296986037
344558	ENSG00000172985	SH3RF3	SH3RF3	1.0	4.0	0.6688708994720551	52.0	0.11632537382122697
50944	ENSG00000161681	SHANK1	SHANK1	1.0	6.0	0.8113056250480308	18.0	0.21164494566470368
22941	ENSG00000162105	SHANK2	SHANK2	1.0	13.0	0.8557620157234799	31.0	0.48369157410457553
6461	ENSG00000107338	SHB	SHB	0.0	0.0	0.2657915368398129	31.0	0.0
25759	ENSG00000129946	SHC2	SHC2	1.0	2.0	0.6362341327730567	40.0	0.05532470719765711
53358	ENSG00000148082	SHC3	SHC3	1.0	6.0	0.6872874303049203	9.0	0.17929237312302268
56961	ENSG00000105251	SHD	SHD	0.0	0.0	0.3356042112041071	31.0	0.0
90525	ENSG00000138606	SHF	SHF	1.0	15.0	0.9649094741374714	57.0	0.6292887874809596
149345	ENSG00000198892	SHISA4	SHISA4	1.0	8.0	0.5281769201060679	53.0	0.18371371134124098
51246	ENSG00000164054	SHISA5	SHISA5	1.0	8.0	0.7260319904522391	5.0	0.2525328662442571
388336	ENSG00000188803	SHISA6	SHISA6	1.0	2.0	0.463500359636495	59.0	0.04030437909882565
729956	ENSG00000187902	SHISA7	SHISA7	1.0	10.0	0.7202800164732946	53.0	0.31316522455360635
440829	ENSG00000234965	SHISA8	SHISA8	1.0	3.0	0.701826561134981	51.0	0.09154259493064969
729993	ENSG00000237515	SHISA9	SHISA9	1.0	12.0	0.8330335949517649	49.0	0.4346262234530947
85352	ENSG00000138944	SHISAL1	SHISAL1	1.0	8.0	0.6979773121475029	18.0	0.24277471726869665
348378	ENSG00000182183	SHISAL2A	SHISAL2A	1.0	3.0	0.40729246108417044	51.0	0.0531251036196744
6472	ENSG00000182199	SHMT2	SHMT2	0.0	0.0	0.28674747790851285	32.0	0.0
8036	ENSG00000108061	SHOC2	SHOC2	1.0	4.0	0.5858310332418598	40.0	0.10188365795510605
55164	ENSG00000144736	SHQ1	SHQ1	1.0	1.0	0.39265519886028855	32.0	0.017071965167838633
357	ENSG00000146950	SHROOM2	SHROOM2	0.0	0.0	0.520698957129769	32.0	0.0
57619	ENSG00000138771	SHROOM3	SHROOM3	1.0	4.0	0.6405168188007448	16.0	0.11139422935665128
57698	ENSG00000187164	SHTN1	SHTN1	1.0	4.0	0.4883125526142755	53.0	0.08492392219378704
6477	ENSG00000196470	SIAH1	SIAH1	0.0	0.0	0.4598166669239341	31.0	0.0
54847	ENSG00000072858	SIDT1	SIDT1	1.0	5.0	0.7284720325518208	9.0	0.15836348533735234
51092	ENSG00000149577	SIDT2	SIDT2	1.0	7.0	0.6083031802909544	53.0	0.18513575052333398
59307	ENSG00000185187	SIGIRR	SIGIRR	1.0	6.0	0.5094915804590701	35.0	0.13291084707627915
114132	ENSG00000161640	SIGLEC11	SIGLEC11	1.0	7.0	0.5584846563645312	33.0	0.169973591067466
23235	ENSG00000170145	SIK2	SIK2	1.0	1.0	0.3766612176055548	33.0	0.016376574678502384
23387	ENSG00000160584	SIK3	SIK3	0.0	0.0	0.39585573767699705	32.0	0.0
80143	ENSG00000052723	SIKE1	SIKE1	0.0	0.0	0.334716107015632	32.0	0.0
64374	ENSG00000120725	SIL1	SIL1	1.0	1.0	0.47864110191790094	32.0	0.02081048269208265
6493	ENSG00000159263	SIM2	SIM2	1.0	1.0	0.3459384796448341	16.0	0.015040803462818874
23309	ENSG00000127511	SIN3B	SIN3B	1.0	10.0	0.8039610921667646	52.0	0.34954830094207157
58516	ENSG00000139146	SINHCAF	SINHCAF	1.0	3.0	0.3767654719608666	33.0	0.049143322429678254
26037	ENSG00000197555	SIPA1L1	SIPA1L1	1.0	4.0	0.6177319105754454	49.0	0.1074316366218166
57568	ENSG00000116991	SIPA1L2	SIPA1L2	1.0	2.0	0.5082542981537257	19.0	0.04419602592641093
140885	ENSG00000198053	SIRPA	SIRPA	1.0	5.0	0.6965836778014265	53.0	0.15143123430465794
23411	ENSG00000096717	SIRT1	SIRT1	0.0	0.0	0.47801687881295263	52.0	0.0
23409	ENSG00000089163	SIRT4	SIRT4	0.0	0.0	0.5355373574885882	32.0	0.0
23408	ENSG00000124523	SIRT5	SIRT5	1.0	3.0	0.6977496900371273	2.0	0.09101082913527747
51547	ENSG00000187531	SIRT7	SIRT7	0.0	0.0	0.456865835547977	31.0	0.0
6496	ENSG00000138083	SIX3	SIX3	1.0	3.0	0.4365536902743285	32.0	0.05694178568795589
348235	ENSG00000182628	SKA2	SKA2	0.0	0.0	0.35364916697758686	53.0	0.0
8631	ENSG00000141293	SKAP1	SKAP1	0.0	0.0	0.09906697505805094	32.0	0.0
8935	ENSG00000005020	SKAP2	SKAP2	1.0	8.0	0.6071285263153431	49.0	0.21117513958794543
387640	ENSG00000180592	SKIDA1	SKIDA1	0.0	0.0	0.41788041936614384	32.0	0.0
6500	ENSG00000113558	SKP1	SKP1	1.0	7.0	0.6083204979128256	33.0	0.18514102110390346
6503	ENSG00000155926	SLA	SLA	1.0	11.0	0.7283052175064071	53.0	0.34831988663349905
7884	ENSG00000163950	SLBP	SLBP	1.0	7.0	0.7592373923506108	31.0	0.2310722498458381
201780	ENSG00000145248	SLC10A4	SLC10A4	1.0	3.0	0.5227636927834065	52.0	0.06818656862392258
4891	ENSG00000110911	SLC11A2	SLC11A2	0.0	0.0	0.43731103942022354	32.0	0.0
6558	ENSG00000064651	SLC12A2	SLC12A2	0.0	0.0	0.14990109592662684	34.0	0.0
57468	ENSG00000124140	SLC12A5	SLC12A5	0.0	0.0	0.38879992160775195	32.0	0.0
84561	ENSG00000221955	SLC12A8	SLC12A8	0.0	0.0	0.49998984811513847	33.0	0.0
6563	ENSG00000141469	SLC14A1	SLC14A1	1.0	1.0	0.3574526471118479	35.0	0.015541419439645559
6565	ENSG00000163406	SLC15A2	SLC15A2	1.0	7.0	0.5702491269805998	40.0	0.17355408212453038
51296	ENSG00000110446	SLC15A3	SLC15A3	1.0	3.0	0.5019189233589164	31.0	0.06546768565551084
6566	ENSG00000281917	SLC16A1	SLC16A1	0.0	0.0	0.3194480361607492	32.0	0.0
151473	ENSG00000163053	SLC16A14	SLC16A14	1.0	2.0	0.5472755449496046	36.0	0.04758917782170475
6567	ENSG00000147100	SLC16A2	SLC16A2	1.0	4.0	0.7360765024576518	58.0	0.12801330477524378
9120	ENSG00000108932	SLC16A6	SLC16A6	0.0	0.0	0.28813838066453434	10.0	0.0
9194	ENSG00000118596	SLC16A7	SLC16A7	0.0	0.0	0.487891974150491	32.0	0.0
23539	ENSG00000100156	SLC16A8	SLC16A8	1.0	12.0	0.6292390372699312	49.0	0.32829862814083366
57084	ENSG00000091664	SLC17A6	SLC17A6	0.0	0.0	0.5542331288289016	49.0	0.0
57030	ENSG00000104888	SLC17A7	SLC17A7	1.0	7.0	0.7412321616305454	18.0	0.22559239701799208
246213	ENSG00000179520	SLC17A8	SLC17A8	1.0	3.0	0.4925176290580275	53.0	0.06424142987713402
116843	ENSG00000146409	SLC18B1	SLC18B1	1.0	3.0	0.4466032357105553	33.0	0.05825259596224634
6573	ENSG00000173638	SLC19A1	SLC19A1	1.0	3.0	0.42401143536250924	52.0	0.0553058393951099
10560	ENSG00000117479	SLC19A2	SLC19A2	1.0	1.0	0.5454481262336868	32.0	0.023715135923203772
6509	ENSG00000115902	SLC1A4	SLC1A4	1.0	4.0	0.563570409122307	40.0	0.09801224506474905
6512	ENSG00000162383	SLC1A7	SLC1A7	0.0	0.0	0.3755134831409852	1.0	0.0
6574	ENSG00000144136	SLC20A1	SLC20A1	0.0	0.0	0.42567557587025384	32.0	0.0
6575	ENSG00000168575	SLC20A2	SLC20A2	0.0	0.0	0.10677130010420535	40.0	0.0
387775	ENSG00000184999	SLC22A10	SLC22A10	1.0	6.0	0.833340594231353	49.0	0.21739319849513555
55356	ENSG00000163393	SLC22A15	SLC22A15	0.0	0.0	0.4475427367419053	53.0	0.0
5002	ENSG00000276130	SLC67A1	SLC22A18	0.0	0.0	0.356121271147108	32.0	0.0
5003	ENSG00000274454	SLC67A1-AS	SLC22A18AS	0.0	0.0	0.194250588204704	31.0	0.0
63027	ENSG00000137266	SLC22A23	SLC22A23	0.0	0.0	0.26131705959140694	39.0	0.0
6581	ENSG00000146477	SLC22A3	SLC22A3	1.0	5.0	0.5397199456812097	8.0	0.11733042297417602
6583	ENSG00000197208	SLC22A4	SLC22A4	1.0	1.0	0.5156171772537586	31.0	0.022418138141467762
6584	ENSG00000197375	SLC22A5	SLC22A5	0.0	0.0	0.3931249720904155	31.0	0.0
114571	ENSG00000149742	SLC22A9	SLC22A9	1.0	6.0	0.8059293987464488	49.0	0.21024245184689966
25769	ENSG00000155886	SLC24A2	SLC24A2	0.0	0.0	0.30346865212419316	41.0	0.0
57419	ENSG00000185052	SLC24A3	SLC24A3	1.0	9.0	0.5646808273017221	32.0	0.2209620628571956
123041	ENSG00000140090	SLC24A4	SLC24A4	1.0	3.0	0.6822025278741678	1.0	0.08898293841836971
6576	ENSG00000100075	SLC25A1	SLC25A1	0.0	0.0	0.3860193717125532	33.0	0.0
8402	ENSG00000108528	SLC25A11	SLC25A11	1.0	2.0	0.4705226363185247	33.0	0.04091501185378475
8604	ENSG00000115840	SLC25A12	SLC25A12	0.0	0.0	0.4603307613312616	32.0	0.0
10165	ENSG00000004864	SLC25A13	SLC25A13	0.0	0.0	0.29106419336877976	33.0	0.0
100129794	ENSG00000258708	SLC25A21-AS1	SLC25A21-AS1	1.0	1.0	0.549562557445696	49.0	0.023894024236769392
79751	ENSG00000177542	SLC25A22	SLC25A22	1.0	8.0	0.7882090949023768	55.0	0.2741596851834354
79085	ENSG00000125648	SLC25A23	SLC25A23	1.0	8.0	0.7855251739453956	49.0	0.273226147459268
115286	ENSG00000282739	SLC25A26	SLC25A26	1.0	4.0	0.61690979697771	9.0	0.10728866034394956
9481	ENSG00000153291	SLC25A27	SLC25A27	1.0	1.0	0.6416825051601331	40.0	0.027899239354788396
81894	ENSG00000155287	SLC25A28	SLC25A28	0.0	0.0	0.34478043660985785	33.0	0.0
5250	ENSG00000075415	SLC25A3	SLC25A3	1.0	1.0	0.41169656458095866	33.0	0.017899850633954724
81034	ENSG00000164933	SLC25A32	SLC25A32	0.0	0.0	0.2701978230336454	32.0	0.0
55186	ENSG00000114120	SLC25A36	SLC25A36	1.0	1.0	0.4338829707019011	32.0	0.018864476987039178
51312	ENSG00000147454	SLC25A37	SLC25A37	1.0	1.0	0.42850409692775293	39.0	0.0186306129099023
291	ENSG00000151729	SLC25A4	SLC25A4	0.0	0.0	0.431675401048204	33.0	0.0
55972	ENSG00000075303	SLC25A40	SLC25A40	0.0	0.0	0.2605512387152489	32.0	0.0
284427	ENSG00000181240	SLC25A41	SLC25A41	0.0	0.0	0.6278355177267417	52.0	0.0
284439	ENSG00000181035	SLC25A42	SLC25A42	1.0	3.0	0.6200732428790607	40.0	0.08087911863639922
9673	ENSG00000160785	SLC25A44	SLC25A44	1.0	5.0	0.6428917860909675	49.0	0.13975908393281902
292	ENSG00000005022	SLC25A5	SLC25A5	0.0	0.0	0.2933592841534735	32.0	0.0
92014	ENSG00000122696	SLC25A51	SLC25A51	0.0	0.0	0.34556026486234553	52.0	0.0
147407	ENSG00000141437	SLC25A52	SLC25A52	1.0	4.0	0.5929886363888254	9.0	0.10312845850240442
65012	ENSG00000293429	SLC26A10P	SLC26A10	0.0	0.0	0.5569102912657705	32.0	0.0
284129	ENSG00000181045	SLC26A11	SLC26A11	1.0	10.0	0.683073825146166	52.0	0.2969886196287678
1836	ENSG00000155850	SLC26A2	SLC26A2	0.0	0.0	0.417616499295511	49.0	0.0
5172	ENSG00000091137	SLC26A4	SLC26A4	1.0	4.0	0.684213686932538	40.0	0.11899368468391966
11001	ENSG00000140284	SLC27A2	SLC27A2	1.0	9.0	0.8214427242336366	18.0	0.3214341094827274
10998	ENSG00000083807	SLC27A5	SLC27A5	1.0	6.0	0.5743801692752399	53.0	0.14983830502832346
28965	ENSG00000113396	SLC27A6	SLC27A6	1.0	3.0	0.39759802756607615	32.0	0.05186061229122732
2030	ENSG00000112759	SLC29A1	SLC29A1	1.0	2.0	0.5555236907885258	33.0	0.048306407894654416
55315	ENSG00000198246	SLC29A3	SLC29A3	1.0	10.0	0.6842855228628245	49.0	0.29751544472296715
81031	ENSG00000197496	SLC2A10	SLC2A10	1.0	7.0	0.5152492371314802	33.0	0.15681498521392875
66035	ENSG00000275744	SLC2A11	SLC2A11	1.0	2.0	0.509736511566456	32.0	0.04432491404925705
154091	ENSG00000146411	SLC2A12	SLC2A12	1.0	10.0	0.5775272885747167	52.0	0.25109882111944204
56731	ENSG00000125520	SLC2A4RG	SLC2A4RG	1.0	7.0	0.5930040307671204	52.0	0.18047948762477578
6518	ENSG00000142583	SLC2A5	SLC2A5	1.0	5.0	0.48898534888309586	4.0	0.106301162800673
7779	ENSG00000170385	SLC30A1	SLC30A1	1.0	2.0	0.4068918233880168	32.0	0.03538189768591451
55532	ENSG00000196660	SLC30A10	SLC30A10	1.0	11.0	0.6308715323299827	5.0	0.3017211676360787
7781	ENSG00000115194	SLC30A3	SLC30A3	1.0	8.0	0.713997531251415	49.0	0.2483469673917965
7782	ENSG00000104154	SLC30A4	SLC30A4	0.0	0.0	0.38814034812535464	32.0	0.0
140679	ENSG00000101438	SLC32A1	SLC32A1	0.0	0.0	0.34045647789802763	31.0	0.0
10559	ENSG00000164414	SLC35A1	SLC35A1	1.0	4.0	0.6342143648222763	40.0	0.11029815040387414
7355	ENSG00000102100	SLC35A2	SLC35A2	1.0	4.0	0.6439875108158837	18.0	0.11199782796797977
113829	ENSG00000176087	SLC35A4	SLC35A4	0.0	0.0	0.16139597460804964	16.0	0.0
55032	ENSG00000138459	SLC35A5	SLC35A5	1.0	2.0	0.3840272948340458	32.0	0.033393677811656156
84912	ENSG00000205060	SLC35B4	SLC35B4	0.0	0.0	0.4086027261220031	32.0	0.0
55343	ENSG00000181830	SLC35C1	SLC35C1	0.0	0.0	0.43775402762625976	32.0	0.0
23169	ENSG00000116704	SLC35D1	SLC35D1	1.0	2.0	0.4970379482033223	49.0	0.043220691148114984
339665	ENSG00000100036	SLC35E4	SLC35E4	1.0	4.0	0.6517890747484101	2.0	0.11335462169537566
222553	ENSG00000196376	SLC35F1	SLC35F1	1.0	1.0	0.5047617906971665	33.0	0.021946164812920284
54733	ENSG00000110660	SLC35F2	SLC35F2	1.0	7.0	0.5664408220739019	52.0	0.1723950328051006
148641	ENSG00000183780	SLC35F3	SLC35F3	0.0	0.0	0.5676047156907001	32.0	0.0
80255	ENSG00000115084	SLC35F5	SLC35F5	1.0	2.0	0.4900997038089686	32.0	0.042617365548605964
206358	ENSG00000123643	SLC36A1	SLC36A1	1.0	1.0	0.5357635005284924	16.0	0.023294065240369234
120103	ENSG00000180773	SLC36A4	SLC36A4	0.0	0.0	0.35569980579351335	32.0	0.0
81539	ENSG00000111371	SLC38A1	SLC38A1	0.0	0.0	0.285947157372128	40.0	0.0
151258	ENSG00000169507	SLC38A11	SLC38A11	0.0	0.0	0.44679069468269195	31.0	0.0
54407	ENSG00000134294	SLC38A2	SLC38A2	0.0	0.0	0.2521451548905361	31.0	0.0
145389	ENSG00000139974	SLC38A6	SLC38A6	0.0	0.0	0.5136387661546944	53.0	0.0
153129	ENSG00000177058	SLC38A9	SLC38A9	0.0	0.0	0.37429131037423174	32.0	0.0
57181	ENSG00000196950	SLC39A10	SLC39A10	1.0	1.0	0.5999654132996047	40.0	0.026085452752156728
91252	ENSG00000165915	SLC39A13	SLC39A13	0.0	0.0	0.29177004800918305	32.0	0.0
23516	ENSG00000104635	SLC39A14	SLC39A14	0.0	0.0	0.41369620365295373	32.0	0.0
55630	ENSG00000285243	SLC39A4	SLC39A4	1.0	7.0	0.7389582903680715	53.0	0.22490034924245655
25800	ENSG00000141424	SLC39A6	SLC39A6	1.0	2.0	0.5051672389468642	33.0	0.0439275859953795
7922	ENSG00000229802	SLC39A7	SLC39A7	0.0	0.0	0.37337263769479395	31.0	0.0
64116	ENSG00000138821	SLC39A8	SLC39A8	0.0	0.0	0.25280246767230974	31.0	0.0
30061	ENSG00000138449	SLC40A1	SLC40A1	1.0	7.0	0.45512394744038925	32.0	0.13851598400359674
8501	ENSG00000149150	SLC43A1	SLC43A1	0.0	0.0	0.4656033211289347	32.0	0.0
57153	ENSG00000129353	SLC44A2	SLC44A2	1.0	5.0	0.5051167708773961	58.0	0.10980799366899915
204962	ENSG00000137968	SLC44A5	SLC44A5	1.0	2.0	0.678795416988545	54.0	0.05902568843378651
50651	ENSG00000162426	SLC45A1	SLC45A1	0.0	0.0	0.6020066410079946	31.0	0.0
57210	ENSG00000022567	SLC45A4	SLC45A4	1.0	1.0	0.5755061152710607	16.0	0.025022005011785246
283537	ENSG00000139508	SLC46A3	SLC46A3	0.0	0.0	0.3545953318319488	32.0	0.0
55244	ENSG00000142494	SLC47A1	SLC47A1	0.0	0.0	0.2523158045764046	32.0	0.0
55652	ENSG00000211584	SLC48A1	SLC48A1	0.0	0.0	0.28677926963881784	52.0	0.0
84179	ENSG00000169026	SLC49A3	SLC49A3	0.0	0.0	0.21921330141896242	31.0	0.0
57282	ENSG00000144290	SLC4A10	SLC4A10	1.0	5.0	0.6491697585315268	51.0	0.1411238605503319
83959	ENSG00000088836	SLC4A11	SLC4A11	1.0	3.0	0.5243158193554038	40.0	0.06838901991592224
22950	ENSG00000163798	SLC4A1AP	SLC4A1AP	1.0	3.0	0.6089739958620494	33.0	0.07943139076461513
6508	ENSG00000114923	SLC4A3	SLC4A3	1.0	6.0	0.6395137831400137	5.0	0.16682968255826444
8671	ENSG00000080493	SLC4A4	SLC4A4	1.0	9.0	0.5199312451664442	40.0	0.20345135680426077
9497	ENSG00000033867	SLC4A7	SLC4A7	1.0	7.0	0.6783691363151405	55.0	0.2064601719219993
9498	ENSG00000050438	SLC4A8	SLC4A8	0.0	0.0	0.26026465743483984	32.0	0.0
83697	ENSG00000113073	SLC4A9	SLC4A9	0.0	0.0	0.4089001748166886	32.0	0.0
55974	ENSG00000169241	SLC50A1	SLC50A1	1.0	3.0	0.5502647600094179	32.0	0.07177366434905451
115584	ENSG00000158865	SLC5A11	SLC5A11	0.0	0.0	0.15874524501398823	32.0	0.0
8884	ENSG00000138074	SLC5A6	SLC5A6	0.0	0.0	0.27513002854789026	10.0	0.0
6540	ENSG00000010379	SLC6A13	SLC6A13	0.0	0.0	0.11326226516955912	38.0	0.0
55117	ENSG00000072041	SLC6A15	SLC6A15	1.0	3.0	0.6030848275728028	33.0	0.07866323837906124
388662	ENSG00000197106	SLC6A17	SLC6A17	1.0	1.0	0.612996484521646	32.0	0.02665202106615852
6533	ENSG00000131389	SLC6A6	SLC6A6	0.0	0.0	0.3414307272806613	31.0	0.0
6534	ENSG00000011083	SLC6A7	SLC6A7	1.0	2.0	0.5558574847631923	32.0	0.04833543345766889
6541	ENSG00000139514	SLC7A1	SLC7A1	1.0	2.0	0.4023387063145282	8.0	0.03498597446213289
56301	ENSG00000130876	SLC7A10	SLC7A10	1.0	6.0	0.4519299138908791	33.0	0.11789476014544673
23657	ENSG00000151012	SLC7A11	SLC7A11	1.0	7.0	0.5412614622298956	9.0	0.16473174937431606
6545	ENSG00000099960	SLC7A4	SLC7A4	1.0	7.0	0.6944773821704565	58.0	0.21136268153013896
9056	ENSG00000155465	SLC7A7	SLC7A7	1.0	3.0	0.4568932869966216	33.0	0.05959477656477673
23428	ENSG00000092068	SLC7A8	SLC7A8	0.0	0.0	0.42957822415113855	31.0	0.0
6546	ENSG00000183023	SLC8A1	SLC8A1	0.0	0.0	0.298368286482922	52.0	0.0
6543	ENSG00000118160	SLC8A2	SLC8A2	1.0	9.0	0.7952261127476482	60.0	0.3111754354229928
80024	ENSG00000089060	SLC8B1	SLC8B1	1.0	5.0	0.5147216340592878	33.0	0.111896007404193
9351	ENSG00000065054	NHERF2	SLC9A3R2	0.0	0.0	0.3250067373207917	49.0	0.0
6553	ENSG00000135740	SLC9A5	SLC9A5	0.0	0.0	0.41835110967244027	31.0	0.0
10479	ENSG00000198689	SLC9A6	SLC9A6	1.0	2.0	0.6415732867241875	31.0	0.055788981454277166
84679	ENSG00000065923	SLC9A7	SLC9A7	1.0	5.0	0.5611812631135373	53.0	0.12199592676381246
6578	ENSG00000174640	SLCO2A1	SLCO2A1	1.0	1.0	0.4300887204069094	33.0	0.018699509582909103
28232	ENSG00000176463	SLCO3A1	SLCO3A1	0.0	0.0	0.31285062850474304	32.0	0.0
28231	ENSG00000101187	SLCO4A1	SLCO4A1	0.0	0.0	0.33086520361808486	38.0	0.0
84250	ENSG00000133302	SLF1	SLF1	1.0	5.0	0.7001201155200504	33.0	0.15220002511305442
55719	ENSG00000119906	SLF2	SLF2	0.0	0.0	0.45727806588279973	55.0	0.0
91607	ENSG00000172716	SLFN11	SLFN11	0.0	0.0	0.5482471676407961	31.0	0.0
162394	ENSG00000166750	SLFN5	SLFN5	0.0	0.0	0.218868430289826	32.0	0.0
6585	ENSG00000187122	SLIT1	SLIT1	1.0	12.0	0.7482737638724677	18.0	0.3904037028899831
9353	ENSG00000145147	SLIT2	SLIT2	1.0	1.0	0.44005378680496693	33.0	0.019132773339346387
6586	ENSG00000184347	SLIT3	SLIT3	1.0	7.0	0.7386146787259579	53.0	0.2247957717861611
114798	ENSG00000178235	SLITRK1	SLITRK1	1.0	5.0	0.6538211804954495	33.0	0.1421350392381412
84631	ENSG00000185985	SLITRK2	SLITRK2	1.0	2.0	0.5438773628298013	53.0	0.04729368372433054
22865	ENSG00000121871	SLITRK3	SLITRK3	0.0	0.0	0.44653386491904523	31.0	0.0
139065	ENSG00000179542	SLITRK4	SLITRK4	1.0	3.0	0.5585875520024711	33.0	0.0728592459133658
26050	ENSG00000165300	SLITRK5	SLITRK5	1.0	2.0	0.5304722841148501	33.0	0.04612802470563914
84189	ENSG00000184564	SLITRK6	SLITRK6	1.0	3.0	0.45997884766512015	49.0	0.05999724099979828
7871	ENSG00000163681	SLMAP	SLMAP	1.0	1.0	0.44981231800896343	53.0	0.01955705730473754
6588	ENSG00000170290	SLN	SLN	1.0	6.0	0.6750474000926714	52.0	0.1760993217633056
10569	ENSG00000164609	SLU7	SLU7	0.0	0.0	0.5039530191831576	32.0	0.0
128710	ENSG00000149346	SLX4IP	SLX4IP	1.0	3.0	0.4785336741307091	42.0	0.062417435756179446
4086	ENSG00000170365	SMAD1	SMAD1	1.0	7.0	0.5878586812617106	53.0	0.1789135116883467
4087	ENSG00000175387	SMAD2	SMAD2	1.0	9.0	0.6132296149544648	41.0	0.23995941454739927
4088	ENSG00000166949	SMAD3	SMAD3	1.0	6.0	0.676411173612393	32.0	0.17645508876845034
4090	ENSG00000113658	SMAD5	SMAD5	1.0	3.0	0.39363026409693685	53.0	0.051343077925687416
4092	ENSG00000101665	SMAD7	SMAD7	1.0	3.0	0.3896562499797289	60.0	0.05082472825822551
4093	ENSG00000120693	SMAD9	SMAD9	1.0	4.0	0.45563437133370027	52.0	0.07924076023194787
64744	ENSG00000084070	SMAP2	SMAP2	1.0	5.0	0.6609347380840226	51.0	0.14368146480087446
6594	ENSG00000102038	SMARCA1	SMARCA1	1.0	9.0	0.70002723897768	1.0	0.2739237022086574
8467	ENSG00000153147	SMARCA5	SMARCA5	1.0	1.0	0.4104652415422394	60.0	0.017846314849662582
6599	ENSG00000173473	SMARCC1	SMARCC1	1.0	2.0	0.41687864363514526	32.0	0.03625031683783872
6604	ENSG00000082014	SMARCD3	SMARCD3	1.0	4.0	0.5845419550017331	58.0	0.10165947043508401
6605	ENSG00000073584	SMARCE1	SMARCE1	0.0	0.0	0.4967768752835354	31.0	0.0
8243	ENSG00000072501	SMC1A	SMC1A	0.0	0.0	0.5627226063518247	19.0	0.0
10592	ENSG00000136824	SMC2	SMC2	0.0	0.0	0.34794539335751773	32.0	0.0
341346	ENSG00000165935	SMCO2	SMCO2	1.0	3.0	0.5935327451932207	32.0	0.07741731459042009
56935	ENSG00000166002	SMCO4	SMCO4	0.0	0.0	0.2099442374692048	59.0	0.0
91689	ENSG00000272901	SMDT1	SMDT1	1.0	1.0	0.6071368169818031	33.0	0.026397252912252308
644538	ENSG00000184785	SMIM10	SMIM10	0.0	0.0	0.31756239772581357	33.0	0.0
399668	ENSG00000178947	SMIM10L2A	SMIM10L2A	1.0	10.0	0.6875312132135456	52.0	0.298926614440672
644596	ENSG00000196972	SMIM10L2B	SMIM10L2B	1.0	8.0	0.7031955155345166	18.0	0.2445897445337449
113444	ENSG00000163866	SMIM12	SMIM12	0.0	0.0	0.42985831941399233	32.0	0.0
221710	ENSG00000224531	SMIM13	SMIM13	0.0	0.0	0.5413792609226731	32.0	0.0
201895	ENSG00000163683	SMIM14	SMIM14	1.0	12.0	0.697332268059912	53.0	0.3638255311616932
114926	ENSG00000176209	SMIM19	SMIM19	1.0	6.0	0.7145061214148496	33.0	0.1863929012386564
284422	ENSG00000095932	SMIM24	SMIM24	1.0	3.0	0.5630801356494275	16.0	0.07344523508470793
221491	ENSG00000186577	SMIM29	SMIM29	1.0	8.0	0.6378403042736506	18.0	0.22185749713866107
85027	ENSG00000256235	SMIM3	SMIM3	0.0	0.0	0.32065188743457995	53.0	0.0
401397	ENSG00000214194	SMIM30	SMIM30	1.0	3.0	0.5128474400640647	33.0	0.06689314435618235
389332	ENSG00000271824	SMIM32	SMIM32	1.0	1.0	0.46704110328014425	32.0	0.02030613492522366
440957	ENSG00000168273	UQCC5	SMIM4	1.0	7.0	0.559736193961983	33.0	0.1703544938145166
57150	ENSG00000111850	SMIM8	SMIM8	1.0	2.0	0.5196894405194	2.0	0.04519038613212174
100287482	ENSG00000240204	SMKR1	SMKR1	1.0	1.0	0.7411596423709469	40.0	0.03222433227699769
6608	ENSG00000128602	SMO	SMO	1.0	8.0	0.5426729390125122	33.0	0.1887558048739173
64094	ENSG00000112562	SMOC2	SMOC2	0.0	0.0	0.3027276768544512	53.0	0.0
6609	ENSG00000166311	SMPD1	SMPD1	1.0	4.0	0.4179948735446403	40.0	0.07269476061645919
55512	ENSG00000103056	SMPD3	SMPD3	1.0	8.0	0.6062099741750734	32.0	0.21085564319132988
23676	ENSG00000091482	SMPX	SMPX	1.0	1.0	0.48792450673117466	31.0	0.02121410898831194
6611	ENSG00000102172	SMS	SMS	1.0	5.0	0.686114754682292	9.0	0.14915538145267218
23583	ENSG00000123415	SMUG1	SMUG1	1.0	3.0	0.48195227927662215	40.0	0.06286334077521158
57154	ENSG00000198742	SMURF1	SMURF1	1.0	1.0	0.4058147647320927	32.0	0.01764412020574316
64750	ENSG00000108854	SMURF2	SMURF2	1.0	11.0	0.6211279671373352	40.0	0.2970612016743777
56950	ENSG00000143499	SMYD2	SMYD2	1.0	4.0	0.5084210608417623	9.0	0.08842105405943693
197187	ENSG00000260630	SNAI3-AS1	SNAI3-AS1	1.0	6.0	0.7974308763660267	52.0	0.2080254460085287
6616	ENSG00000132639	SNAP25	SNAP25	1.0	1.0	0.4611614410678743	2.0	0.020050497437733666
116841	ENSG00000143740	SNAP47	SNAP47	1.0	3.0	0.6189984417842684	7.0	0.08073892718925241
6617	ENSG00000023608	SNAPC1	SNAPC1	0.0	0.0	0.34230767275071533	32.0	0.0
6619	ENSG00000164975	SNAPC3	SNAPC3	1.0	1.0	0.4825095133578555	31.0	0.020978674493819804
10302	ENSG00000174446	SNAPC5	SNAPC5	1.0	10.0	0.7343306973146876	49.0	0.3192742162237772
6622	ENSG00000145335	SNCA	SNCA	1.0	9.0	0.7037561880840323	18.0	0.27538285620679526
9627	ENSG00000064692	SNCAIP	SNCAIP	1.0	1.0	0.34909466342847834	32.0	0.01517802884471645
6620	ENSG00000074317	SNCB	SNCB	1.0	1.0	0.526614295545548	49.0	0.02289627371937165
6623	ENSG00000173267	SNCG	SNCG	1.0	7.0	0.6067118958193107	58.0	0.18465144655370327
27099	ENSG00000279078	SND1-IT1	SND1-IT1	0.0	0.0	0.46287380457381905	52.0	0.0
25992	ENSG00000162804	SNED1	SNED1	1.0	3.0	0.6262299612883252	40.0	0.08168216886369459
11267	ENSG00000159210	SNF8	SNF8	1.0	3.0	0.5559354307894073	49.0	0.07251331705948791
23642	ENSG00000255717	SNHG1	SNHG1	0.0	0.0	0.21912786888849473	10.0	0.0
100507303	ENSG00000260260	SNHG19	SNHG19	1.0	7.0	0.5950837482512122	36.0	0.18111244511993418
100505616	ENSG00000250988	SNHG21	SNHG21	1.0	5.0	0.7615785125141205	32.0	0.16556054619872182
284677	ENSG00000188004	SNHG28	SNHG28	1.0	1.0	0.6724988007825454	51.0	0.029239078294893278
387066	ENSG00000203875	SNHG5	SNHG5	1.0	5.0	0.49076313120038256	33.0	0.10668763721747447
8303	ENSG00000184602	SNN	SNN	0.0	0.0	0.18520347074550403	53.0	0.0
389084	ENSG00000182600	SNORC	SNORC	0.0	0.0	0.17971851011066334	32.0	0.0
9751	ENSG00000101298	SNPH	SNPH	1.0	2.0	0.7484489140748072	54.0	0.06508251426737453
23020	ENSG00000144028	SNRNP200	SNRNP200	1.0	4.0	0.6215589018048984	33.0	0.10809720031389536
79622	ENSG00000161981	SNRNP25	SNRNP25	1.0	2.0	0.4397896981318171	9.0	0.03824258244624497
11017	ENSG00000124380	SNRNP27	SNRNP27	1.0	10.0	0.6309094488949267	52.0	0.27430845604127246
154007	ENSG00000168566	SNRNP48	SNRNP48	0.0	0.0	0.31463393906798026	32.0	0.0
6627	ENSG00000131876	SNRPA1	SNRPA1	1.0	2.0	0.5257494887065988	33.0	0.04571734684405206
6628	ENSG00000125835	SNRPB	SNRPB	1.0	4.0	0.6258066391746139	16.0	0.10883593724775893
6634	ENSG00000100028	SNRPD3	SNRPD3	1.0	10.0	0.6423476270773851	55.0	0.2792815769901674
6640	ENSG00000101400	SNTA1	SNTA1	1.0	8.0	0.5572617048883526	53.0	0.19383015822203567
6641	ENSG00000172164	SNTB1	SNTB1	1.0	3.0	0.45671803606201183	49.0	0.059571917747218935
6645	ENSG00000168807	SNTB2	SNTB2	1.0	2.0	0.5727822613144231	33.0	0.049807153157775924
54212	ENSG00000147481	SNTG1	SNTG1	0.0	0.0	0.4187796766413894	31.0	0.0
54221	ENSG00000281020	SNTG2	SNTG2	1.0	8.0	0.6371586473392742	31.0	0.22162039907453016
4809	ENSG00000100138	SNU13	SNU13	1.0	2.0	0.6256068559361165	33.0	0.054400596168357955
10073	ENSG00000169371	SNUPN	SNUPN	1.0	2.0	0.5865226265655012	40.0	0.05100196752743489
6642	ENSG00000028528	SNX1	SNX1	0.0	0.0	0.3182490966880764	53.0	0.0
29887	ENSG00000086300	SNX10	SNX10	1.0	5.0	0.5336477709213714	49.0	0.11601038498290682
57231	ENSG00000135317	SNX14	SNX14	1.0	3.0	0.48968723914180895	33.0	0.06387224858371421
9784	ENSG00000115234	SNX17	SNX17	1.0	4.0	0.5140343793293207	33.0	0.08939728336162099
112574	ENSG00000178996	SNX18	SNX18	1.0	1.0	0.38060038333140206	33.0	0.01654784275353922
6643	ENSG00000205302	SNX2	SNX2	1.0	2.0	0.5692390576655364	53.0	0.04949904849265534
90203	ENSG00000124104	SNX21	SNX21	0.0	0.0	0.2313612945739207	32.0	0.0
28966	ENSG00000064652	SNX24	SNX24	1.0	1.0	0.2374903653015656	4.0	0.010325668056589807
83891	ENSG00000109762	SNX25	SNX25	0.0	0.0	0.2999356245956884	32.0	0.0
81609	ENSG00000143376	SNX27	SNX27	1.0	1.0	0.38883575459431846	31.0	0.01690590237366602
92017	ENSG00000048471	SNX29	SNX29	1.0	1.0	0.4462596746290404	32.0	0.019402594549088714
8724	ENSG00000112335	SNX3	SNX3	1.0	7.0	0.5520999502884377	49.0	0.1680304196530028
27131	ENSG00000089006	SNX5	SNX5	0.0	0.0	0.31114001681637593	33.0	0.0
58533	ENSG00000129515	SNX6	SNX6	1.0	4.0	0.3862528145605694	40.0	0.06717440253227294
51375	ENSG00000162627	SNX7	SNX7	1.0	12.0	0.666041918667425	49.0	0.3475001314786565
29886	ENSG00000106266	SNX8	SNX8	1.0	5.0	0.6559608503242557	9.0	0.14260018485309905
6646	ENSG00000057252	SOAT1	SOAT1	0.0	0.0	0.16880017971094444	32.0	0.0
55084	ENSG00000112320	SOBP	SOBP	1.0	2.0	0.6796814700928342	40.0	0.05910273652981167
8651	ENSG00000185338	SOCS1	SOCS1	1.0	1.0	0.3782529638089843	31.0	0.016445781035173232
8835	ENSG00000120833	SOCS2	SOCS2	1.0	4.0	0.7313616594828831	31.0	0.12719333208397968
122809	ENSG00000180008	SOCS4	SOCS4	0.0	0.0	0.29585183745314464	32.0	0.0
9655	ENSG00000171150	SOCS5	SOCS5	0.0	0.0	0.5853568649140346	32.0	0.0
30837	ENSG00000274211	SOCS7	SOCS7	1.0	8.0	0.8176179921760629	18.0	0.28438886684384795
387104	ENSG00000214338	MTCL3	SOGA3	1.0	1.0	0.4633896620437267	31.0	0.020147376610596814
402381	ENSG00000165643	SOHLH1	SOHLH1	0.0	0.0	0.48642230198598313	33.0	0.0
10580	ENSG00000095637	SORBS1	SORBS1	0.0	0.0	0.3145744094311231	32.0	0.0
8470	ENSG00000154556	SORBS2	SORBS2	1.0	9.0	0.7355967478181347	49.0	0.28784220566796576
10174	ENSG00000120896	SORBS3	SORBS3	0.0	0.0	0.2903738582235741	32.0	0.0
114815	ENSG00000108018	SORCS1	SORCS1	1.0	2.0	0.6422707798707795	53.0	0.0558496330322417
22986	ENSG00000156395	SORCS3	SORCS3	1.0	4.0	0.7957085348541381	40.0	0.13838409301811097
6653	ENSG00000137642	SORL1	SORL1	0.0	0.0	0.4277525856356691	32.0	0.0
6272	ENSG00000134243	SORT1	SORT1	0.0	0.0	0.27796669749299907	3.0	0.0
6654	ENSG00000115904	SOS1	SOS1	1.0	2.0	0.4315952352092391	33.0	0.03753002045297731
6655	ENSG00000100485	SOS2	SOS2	1.0	4.0	0.5194474851126987	53.0	0.09033869306307803
25928	ENSG00000171243	SOSTDC1	SOSTDC1	1.0	4.0	0.6726746244050957	40.0	0.1169868912008862
134548	ENSG00000198944	SOWAHA	SOWAHA	1.0	12.0	0.7721706418199855	49.0	0.40287163921042723
345079	ENSG00000186212	SOWAHB	SOWAHB	1.0	3.0	0.5969098929162159	33.0	0.07785781211950642
65124	ENSG00000198142	SOWAHC	SOWAHC	1.0	4.0	0.4678594141271512	33.0	0.08136685463080891
347454	ENSG00000187808	SOWAHD	SOWAHD	1.0	5.0	0.5092924725761905	2.0	0.11071575490786749
6664	ENSG00000176887	SOX11	SOX11	1.0	4.0	0.5432962776277545	33.0	0.09448630915265295
6666	ENSG00000177732	SOX12	SOX12	1.0	3.0	0.7458195490517372	51.0	0.09728081074587876
6665	ENSG00000129194	SOX15	SOX15	1.0	3.0	0.740199375427484	52.0	0.09654774462097618
6657	ENSG00000181449	SOX2	SOX2	1.0	6.0	0.4999797070011864	33.0	0.13042948878291818
347689	ENSG00000242808	SOX2-OT	SOX2-OT	1.0	1.0	0.34014162951893107	49.0	0.01478876650082309
11166	ENSG00000125285	SOX21	SOX21	1.0	5.0	0.48079400032448266	52.0	0.10452043485314841
6658	ENSG00000134595	SOX3	SOX3	1.0	3.0	0.43261632348620305	52.0	0.05642821610689605
6659	ENSG00000124766	SOX4	SOX4	1.0	12.0	0.779700466653788	53.0	0.40680024347154153
6660	ENSG00000134532	SOX5	SOX5	1.0	6.0	0.4778767256409731	18.0	0.12466349364547125
30812	ENSG00000005513	SOX8	SOX8	1.0	2.0	0.332186246993715	52.0	0.02888576060814913
6662	ENSG00000125398	SOX9	SOX9	1.0	8.0	0.5004206662708579	33.0	0.17405936218116796
400618	ENSG00000234899	SOX9-AS1	SOX9-AS1	1.0	9.0	0.5398410265053519	33.0	0.21124214080644207
6667	ENSG00000185591	SP1	SP1	1.0	1.0	0.41841571661874366	53.0	0.01819198767907581
3431	ENSG00000135899	SP110	SP110	1.0	2.0	0.3872584623168421	33.0	0.0336746488971167
93349	ENSG00000185404	SP140L	SP140L	0.0	0.0	0.32537192892744454	49.0	0.0
6670	ENSG00000172845	SP3	SP3	0.0	0.0	0.4795524945135846	32.0	0.0
389058	ENSG00000204335	SP5	SP5	1.0	8.0	0.6710481773616571	52.0	0.23340806169101116
53340	ENSG00000064199	SPA17	SPA17	1.0	3.0	0.6646931511072975	42.0	0.08669910666616924
124912	ENSG00000141316	SPACA3	SPACA3	1.0	3.0	0.45686919058135356	33.0	0.05959163355408959
147650	ENSG00000182310	SPACA6	SPACA6	1.0	2.0	0.3289833002848331	33.0	0.028607243503028963
79582	ENSG00000144451	SPAG16	SPAG16	1.0	2.0	0.5311242371247235	52.0	0.04618471627171508
6676	ENSG00000061656	SPAG4	SPAG4	0.0	0.0	0.2665662322072765	32.0	0.0
10615	ENSG00000076382	SPAG5	SPAG5	0.0	0.0	0.5603977586565718	31.0	0.0
9552	ENSG00000091640	SPAG7	SPAG7	1.0	4.0	0.5938780034903502	9.0	0.10328313104180004
9043	ENSG00000008294	SPAG9	SPAG9	1.0	1.0	0.36959601451244695	32.0	0.01606939193532378
6678	ENSG00000113140	SPARC	SPARC	1.0	4.0	0.4242905998869239	31.0	0.07378966954555198
8404	ENSG00000152583	SPARCL1	SPARCL1	1.0	2.0	0.48371455595874396	2.0	0.04206213530076034
23111	ENSG00000133104	SPART	SPART	0.0	0.0	0.11947389160824282	10.0	0.0
100505741	ENSG00000122432	SPATA1	SPATA1	1.0	5.0	0.5162177927242874	33.0	0.11222125928788855
221178	ENSG00000182957	SPATA13	SPATA13	1.0	4.0	0.4538934769906999	53.0	0.07893799599838258
132671	ENSG00000163071	SPATA18	SPATA18	1.0	2.0	0.44514045677668707	33.0	0.03870786580666844
9825	ENSG00000158480	SPATA2	SPATA2	0.0	0.0	0.6036982062085136	33.0	0.0
64847	ENSG00000006282	SPATA20	SPATA20	1.0	4.0	0.5448934296168602	40.0	0.09476407471597567
124045	ENSG00000167523	SPATA33	SPATA33	1.0	15.0	0.7335161228959166	32.0	0.47838008014951083
54558	ENSG00000132122	SPATA6	SPATA6	0.0	0.0	0.2342492497134212	32.0	0.0
55812	ENSG00000042317	SPATA7	SPATA7	1.0	5.0	0.6888738518308195	33.0	0.14975518518061293
84221	ENSG00000274679	SPATC1L	SPATC1L	1.0	11.0	0.6207634383058813	52.0	0.29688686179846496
65244	ENSG00000123352	SPATS2	SPATS2	1.0	2.0	0.6234960747709888	9.0	0.05421704998008598
26010	ENSG00000196141	SPATS2L	SPATS2L	1.0	4.0	0.6994334614092275	9.0	0.12164060198421346
25803	ENSG00000124664	SPDEF	SPDEF	1.0	1.0	0.43240422716116844	38.0	0.01880018378961602
54908	ENSG00000040275	SPDL1	SPDL1	1.0	4.0	0.5584991622902306	33.0	0.09713028909395313
92521	ENSG00000128487	SPECC1	SPECC1	0.0	0.0	0.388707258995731	31.0	0.0
23384	ENSG00000100014	SPECC1L	SPECC1L	0.0	0.0	0.32425735980911397	32.0	0.0
25876	ENSG00000101222	SPEF1	SPEF1	0.0	0.0	0.4236296409072342	1.0	0.0
10290	ENSG00000072195	SPEG	SPEG	1.0	6.0	0.8107469855023997	49.0	0.21149921360932164
6687	ENSG00000197912	SPG7	SPG7	1.0	2.0	0.5971986882404615	9.0	0.05193032071656187
8877	ENSG00000176170	SPHK1	SPHK1	0.0	0.0	0.119247926955739	10.0	0.0
56848	ENSG00000063176	SPHK2	SPHK2	0.0	0.0	0.30816155064882456	32.0	0.0
80309	ENSG00000153820	SPHKAP	SPHKAP	1.0	4.0	0.4872807766840379	40.0	0.08474448290157181
23514	ENSG00000164808	SPIDR	SPIDR	1.0	5.0	0.8262613392119067	59.0	0.17962203026345797
6691	ENSG00000128040	SPINK2	SPINK2	1.0	7.0	0.7530087450915753	36.0	0.22917657459308816
646424	ENSG00000229453	SPINK8	SPINK8	0.0	0.0	0.32160920701822865	32.0	0.0
10653	ENSG00000167642	SPINT2	SPINT2	1.0	5.0	0.6903436169220004	58.0	0.15007469933086964
9806	ENSG00000107742	SPOCK2	SPOCK2	0.0	0.0	0.37686183341916957	1.0	0.0
50859	ENSG00000196104	SPOCK3	SPOCK3	0.0	0.0	0.22995843588556686	32.0	0.0
10418	ENSG00000262655	SPON1	SPON1	0.0	0.0	0.34684494791459014	32.0	0.0
10417	ENSG00000159674	SPON2	SPON2	1.0	3.0	0.4859097479122677	33.0	0.06337953233638274
339745	ENSG00000144228	SPOPL	SPOPL	0.0	0.0	0.35401657523278796	32.0	0.0
6696	ENSG00000118785	SPP1	SPP1	0.0	0.0	0.18352408307688572	32.0	0.0
121665	ENSG00000157837	SPPL3	SPPL3	1.0	11.0	0.702295212170114	49.0	0.3358803188639676
6697	ENSG00000116096	SPR	SPR	0.0	0.0	0.07410003252947504	32.0	0.0
161742	ENSG00000166068	SPRED1	SPRED1	1.0	11.0	0.6645437614508913	57.0	0.3178252772156437
200734	ENSG00000198369	SPRED2	SPRED2	1.0	5.0	0.6399361885290562	9.0	0.13911656272370787
503542	ENSG00000203772	SPRN	SPRN	1.0	4.0	0.729682998858137	33.0	0.12690139110576296
83932	ENSG00000010072	SPRTN	SPRTN	1.0	2.0	0.4236790782418546	32.0	0.03684165897755257
10252	ENSG00000164056	SPRY1	SPRY1	1.0	2.0	0.4720151216993973	33.0	0.04104479319125194
10253	ENSG00000136158	SPRY2	SPRY2	1.0	7.0	0.6814450858716781	54.0	0.20739633048268463
10251	ENSG00000168939	SPRY3	SPRY3	1.0	1.0	0.38215123120151007	32.0	0.016615270921804787
81848	ENSG00000187678	SPRY4	SPRY4	1.0	2.0	0.33497137587171616	6.0	0.029127945727975318
84926	ENSG00000167778	SPRYD3	SPRYD3	1.0	3.0	0.6723495155252628	40.0	0.08769776289459949
283377	ENSG00000176422	SPRYD4	SPRYD4	1.0	4.0	0.5499024122353309	1.0	0.09563520212788362
80176	ENSG00000171621	SPSB1	SPSB1	0.0	0.0	0.13874967135374816	32.0	0.0
84727	ENSG00000111671	SPSB2	SPSB2	1.0	1.0	0.3908253761775087	55.0	0.01699240765989168
90864	ENSG00000162032	SPSB3	SPSB3	1.0	1.0	0.5474857443348544	33.0	0.02380372801455889
6710	ENSG00000070182	SPTB	SPTB	1.0	2.0	0.6381309955229362	53.0	0.05548965178460315
6712	ENSG00000173898	SPTBN2	SPTBN2	1.0	3.0	0.7192665047768276	31.0	0.09381737018828186
57731	ENSG00000160460	SPTBN4	SPTBN4	1.0	3.0	0.6277589039578082	2.0	0.08188159616840976
51332	ENSG00000137877	SPTBN5	SPTBN5	1.0	1.0	0.38654190222881596	32.0	0.016806169662122433
10558	ENSG00000090054	SPTLC1	SPTLC1	1.0	2.0	0.499457476663577	58.0	0.04343108492726756
171546	ENSG00000165389	SPTSSA	SPTSSA	1.0	4.0	0.54180782379257	52.0	0.09422744761609912
165679	ENSG00000196542	SPTSSB	SPTSSB	0.0	0.0	0.42173507233470797	32.0	0.0
80763	ENSG00000134548	SPX	SPX	0.0	0.0	0.38178935932318936	33.0	0.0
6713	ENSG00000104549	SQLE	SQLE	1.0	10.0	0.6256702012939142	60.0	0.27203052230170177
58472	ENSG00000137767	SQOR	SQOR	1.0	3.0	0.4518254167932259	33.0	0.058933750016507726
8878	ENSG00000161011	SQSTM1	SQSTM1	1.0	2.0	0.5371671947558011	40.0	0.04671019084833053
10011	ENSG00000213523	SRA1	SRA1	0.0	0.0	0.4643246112326766	32.0	0.0
55133	ENSG00000068784	SRBD1	SRBD1	1.0	1.0	0.4167062424175668	31.0	0.018117662713807253
6714	ENSG00000197122	SRC	SRC	1.0	2.0	0.7752884160372131	33.0	0.06741638400323592
80725	ENSG00000277363	SRCIN1	SRCIN1	1.0	8.0	0.6120857114109961	52.0	0.2128993778820856
6715	ENSG00000145545	SRD5A1	SRD5A1	0.0	0.0	0.30563614688424123	53.0	0.0
79644	ENSG00000128039	SRD5A3	SRD5A3	1.0	12.0	0.6651186520766106	49.0	0.3470184271704055
6720	ENSG00000072310	SREBF1	SREBF1	1.0	4.0	0.5269480446474626	55.0	0.0916431381995587
6721	ENSG00000198911	SREBF2	SREBF2	1.0	9.0	0.7564377574398172	53.0	0.29599738334601544
285672	ENSG00000153006	SREK1IP1	SREK1IP1	1.0	4.0	0.5398495759008227	32.0	0.09388688276536047
6722	ENSG00000112658	SRF	SRF	1.0	6.0	0.8342580224944135	52.0	0.2176325276072383
57522	ENSG00000196935	SRGAP1	SRGAP1	1.0	4.0	0.519323957608831	33.0	0.09031721001892713
23380	ENSG00000266028	SRGAP2	SRGAP2	1.0	1.0	0.26946104492159306	32.0	0.011715697605286655
9901	ENSG00000196220	SRGAP3	SRGAP3	1.0	2.0	0.6305718168325272	33.0	0.05483233189848062
6728	ENSG00000153037	SRP19	SRP19	1.0	4.0	0.6822147546828302	8.0	0.11864604429266612
6729	ENSG00000100883	SRP54	SRP54	1.0	2.0	0.4638447920377452	33.0	0.040334329742412627
6730	ENSG00000167881	SRP68	SRP68	1.0	4.0	0.5193194712990683	3.0	0.09031642979114231
6726	ENSG00000143742	SRP9	SRP9	1.0	8.0	0.5636802510557336	31.0	0.19606269601938559
6732	ENSG00000096063	SRPK1	SRPK1	1.0	1.0	0.5300630974548978	2.0	0.023046221628473817
26576	ENSG00000184343	SRPK3	SRPK3	1.0	1.0	0.4729687824133504	32.0	0.020563860104928278
6734	ENSG00000182934	SRPRA	SRPRA	0.0	0.0	0.32722394264501853	32.0	0.0
63826	ENSG00000167720	SRR	SRR	1.0	9.0	0.716981706268835	19.0	0.2805580589747615
402055	ENSG00000100104	SRRD	SRRD	1.0	8.0	0.7070517050717817	41.0	0.2459310278510545
222183	ENSG00000177679	SRRM3	SRRM3	0.0	0.0	0.48944306678194516	19.0	0.0
84530	ENSG00000139767	SRRM4	SRRM4	1.0	3.0	0.7199664004741159	51.0	0.09390866093140642
6426	ENSG00000136450	SRSF1	SRSF1	0.0	0.0	0.40271262242192757	10.0	0.0
9295	ENSG00000116754	SRSF11	SRSF11	1.0	2.0	0.6443567499600543	2.0	0.0560310217356569
135295	ENSG00000154548	SRSF12	SRSF12	1.0	6.0	0.7835626281569972	18.0	0.2044076421279123
6430	ENSG00000100650	SRSF5	SRSF5	0.0	0.0	0.5011313684965036	52.0	0.0
6431	ENSG00000124193	SRSF6	SRSF6	1.0	2.0	0.4417532174333419	33.0	0.038413323255073205
6432	ENSG00000115875	SRSF7	SRSF7	1.0	3.0	0.6787602904847655	40.0	0.0885339509327955
10929	ENSG00000263465	SRSF8	SRSF8	1.0	2.0	0.5108425756091128	49.0	0.0444210935312272
140809	ENSG00000271303	SRXN1	SRXN1	0.0	0.0	0.32315875157168206	32.0	0.0
6760	ENSG00000141380	SS18	SS18	1.0	1.0	0.4450066476322952	53.0	0.019348115114447617
26039	ENSG00000184402	SS18L1	SS18L1	1.0	3.0	0.6454578905525278	33.0	0.08419015963728622
6742	ENSG00000106028	SSBP1	SSBP1	1.0	2.0	0.46147045066115494	1.0	0.04012786527488304
23635	ENSG00000145687	SSBP2	SSBP2	1.0	4.0	0.7323815333307095	49.0	0.12737070144881904
23648	ENSG00000157216	SSBP3	SSBP3	1.0	2.0	0.6668814532422245	52.0	0.05798969158628039
170463	ENSG00000130511	SSBP4	SSBP4	1.0	5.0	0.6967876445763711	52.0	0.15147557490790675
136853	ENSG00000146700	SSC4D	SSC4D	1.0	6.0	0.4394228637831373	40.0	0.11463205142168797
284297	ENSG00000179954	SSC5D	SSC5D	0.0	0.0	0.38112117838784443	53.0	0.0
54961	ENSG00000172830	SSH3	SSH3	0.0	0.0	0.3983583650561632	20.0	0.0
8082	ENSG00000123096	SSPN	SSPN	1.0	3.0	0.4156412594857372	33.0	0.05421407732422659
6745	ENSG00000124783	SSR1	SSR1	1.0	3.0	0.44033080259182983	32.0	0.057434452511977804
6747	ENSG00000114850	SSR3	SSR3	1.0	1.0	0.4104185888755205	33.0	0.01784428647284872
6748	ENSG00000180879	SSR4	SSR4	1.0	3.0	0.381564998177796	52.0	0.04976934758840817
728039	ENSG00000293210	SSR4P1	SSR4P1	1.0	5.0	0.5374885650067848	52.0	0.11684534021886625
10534	ENSG00000173465	ZNRD2	SSSCA1	1.0	4.0	0.665591982525053	53.0	0.11575512739566139
6750	ENSG00000157005	SST	SST	1.0	9.0	0.6063481441284051	58.0	0.23726666509372374
6751	ENSG00000139874	SSTR1	SSTR1	1.0	5.0	0.6481574344843446	18.0	0.1409037901052923
6752	ENSG00000180616	SSTR2	SSTR2	1.0	8.0	0.7576084751337813	18.0	0.26351599135088044
117178	ENSG00000117155	SSX2IP	SSX2IP	0.0	0.0	0.5537733116237881	32.0	0.0
6767	ENSG00000100380	ST13	ST13	0.0	0.0	0.41517385707555404	31.0	0.0
400410	ENSG00000180953	ST20	ST20	1.0	6.0	0.5510794980946881	58.0	0.1437598690681795
6482	ENSG00000008513	ST3GAL1	ST3GAL1	1.0	3.0	0.4960829425965592	40.0	0.06470647077346424
6483	ENSG00000157350	ST3GAL2	ST3GAL2	1.0	2.0	0.4564350069289366	32.0	0.03969000060251623
6487	ENSG00000126091	ST3GAL3	ST3GAL3	0.0	0.0	0.459219617533854	32.0	0.0
8869	ENSG00000115525	ST3GAL5	ST3GAL5	0.0	0.0	0.32817351204438117	32.0	0.0
10402	ENSG00000064225	ST3GAL6	ST3GAL6	1.0	1.0	0.4258535185873068	32.0	0.018515370373361165
6764	ENSG00000166444	DENND2B	ST5	1.0	9.0	0.5725393401711869	33.0	0.22403713311046444
6480	ENSG00000073849	ST6GAL1	ST6GAL1	1.0	5.0	0.5822354972625563	31.0	0.12657293418751223
84620	ENSG00000144057	ST6GAL2	ST6GAL2	1.0	9.0	0.8336121901026928	31.0	0.32619607438801024
55808	ENSG00000070526	ST6GALNAC1	ST6GALNAC1	0.0	0.0	0.24482154811857004	31.0	0.0
256435	ENSG00000184005	ST6GALNAC3	ST6GALNAC3	0.0	0.0	0.342423501698993	32.0	0.0
81849	ENSG00000117069	ST6GALNAC5	ST6GALNAC5	1.0	10.0	0.7598152633230161	53.0	0.3303544623143548
30815	ENSG00000160408	ST6GALNAC6	ST6GALNAC6	1.0	6.0	0.6732473143729361	33.0	0.17562973418424419
7982	ENSG00000004866	ST7	ST7	1.0	2.0	0.6716804420281272	49.0	0.058406994958967576
54879	ENSG00000007341	ST7L	ST7L	0.0	0.0	0.46372627050281745	31.0	0.0
6489	ENSG00000111728	ST8SIA1	ST8SIA1	0.0	0.0	0.3751238291783483	32.0	0.0
51046	ENSG00000177511	ST8SIA3	ST8SIA3	1.0	1.0	0.5016161060518844	52.0	0.021809395915299325
7903	ENSG00000113532	ST8SIA4	ST8SIA4	1.0	9.0	0.6389516789055473	32.0	0.2500245700065185
29906	ENSG00000101638	ST8SIA5	ST8SIA5	0.0	0.0	0.36485754725547287	32.0	0.0
342667	ENSG00000141750	STAC2	STAC2	0.0	0.0	0.4081551246993448	32.0	0.0
10274	ENSG00000118007	STAG1	STAG1	1.0	2.0	0.464727071735289	32.0	0.040411049716112084
10735	ENSG00000101972	STAG2	STAG2	1.0	2.0	0.43272420003476275	32.0	0.037628191307370676
64940	ENSG00000291153	STAG3L4	STAG3L4	0.0	0.0	0.5194749222963144	32.0	0.0
10254	ENSG00000115145	STAM2	STAM2	0.0	0.0	0.3449637224359488	32.0	0.0
10617	ENSG00000124356	STAMBP	STAMBP	0.0	0.0	0.2805101455756485	32.0	0.0
57559	ENSG00000138134	STAMBPL1	STAMBPL1	1.0	1.0	0.6151351109587738	33.0	0.026745004824294514
6770	ENSG00000147465	STAR	STAR	0.0	0.0	0.31272281050454037	32.0	0.0
10809	ENSG00000214530	STARD10	STARD10	0.0	0.0	0.45410987592132207	31.0	0.0
90627	ENSG00000133121	STARD13	STARD13	1.0	1.0	0.3406079326493658	32.0	0.014809040549972424
83930	ENSG00000010270	STARD3NL	STARD3NL	1.0	7.0	0.5114905210303872	32.0	0.15567102813968306
80765	ENSG00000172345	STARD5	STARD5	0.0	0.0	0.349735012153176	32.0	0.0
57519	ENSG00000159433	STARD9	STARD9	0.0	0.0	0.3454231831437815	32.0	0.0
6772	ENSG00000115415	STAT1	STAT1	1.0	5.0	0.5410721414680154	38.0	0.11762437858000335
6775	ENSG00000138378	STAT4	STAT4	0.0	0.0	0.549089861742063	32.0	0.0
6778	ENSG00000166888	STAT6	STAT6	1.0	1.0	0.602211202412787	33.0	0.026183095757077696
27067	ENSG00000040341	STAU2	STAU2	0.0	0.0	0.4682550484051652	32.0	0.0
8987	ENSG00000118804	STBD1	STBD1	0.0	0.0	0.2717930405514571	32.0	0.0
8614	ENSG00000113739	STC2	STC2	0.0	0.0	0.14350134506711126	31.0	0.0
26872	ENSG00000164647	STEAP1	STEAP1	1.0	2.0	0.582854543809272	33.0	0.050683003809501914
261729	ENSG00000157214	STEAP2	STEAP2	0.0	0.0	0.3720259041906313	32.0	0.0
55240	ENSG00000115107	STEAP3	STEAP3	0.0	0.0	0.3664607747526645	32.0	0.0
246744	ENSG00000256762	STH	STH	1.0	2.0	0.6035154991201829	52.0	0.052479608619146335
6786	ENSG00000167323	STIM1	STIM1	1.0	10.0	0.7201494587635886	49.0	0.313108460331995
57620	ENSG00000109689	STIM2	STIM2	0.0	0.0	0.4515612189877265	32.0	0.0
6793	ENSG00000072786	STK10	STK10	1.0	1.0	0.37760419330060657	16.0	0.0164175736217655
9263	ENSG00000164543	STK17A	STK17A	1.0	7.0	0.4529949049050917	52.0	0.13786801453633227
8859	ENSG00000234947	WHR1	STK19	1.0	4.0	0.5908546581142778	40.0	0.10275733184596136
8428	ENSG00000102572	STK24	STK24	1.0	1.0	0.4875603146958398	2.0	0.021198274551993034
10494	ENSG00000115694	STK25	STK25	1.0	6.0	0.7430147668958329	32.0	0.19382993919021727
51765	ENSG00000134602	STK26	STK26	0.0	0.0	0.2813417979511444	31.0	0.0
282974	ENSG00000165752	STK32C	STK32C	1.0	5.0	0.67958791066979	18.0	0.14773650231951954
65975	ENSG00000130413	STK33	STK33	1.0	2.0	0.371274925911352	33.0	0.032284776166204524
27148	ENSG00000163482	STK36	STK36	0.0	0.0	0.5447303692007277	31.0	0.0
27347	ENSG00000198648	STK39	STK39	1.0	1.0	0.243659496373965	32.0	0.01059389114669413
6789	ENSG00000101109	STK4	STK4	1.0	4.0	0.544431890418658	2.0	0.09468380702933182
3925	ENSG00000117632	STMN1	STMN1	1.0	4.0	0.7039168772553227	40.0	0.12242032647918655
11075	ENSG00000104435	STMN2	STMN2	1.0	4.0	0.5070436697477444	40.0	0.08818150778221641
50861	ENSG00000197457	STMN3	STMN3	1.0	6.0	0.7017408378356097	31.0	0.1830628272614634
647087	ENSG00000243317	STMP1	STMP1	0.0	0.0	0.3640182792285173	52.0	0.0
79991	ENSG00000107960	STN1	STN1	0.0	0.0	0.21490381866751668	32.0	0.0
2040	ENSG00000148175	STOM	STOM	1.0	3.0	0.4820051305902686	40.0	0.06287023442481765
9399	ENSG00000067221	STOML1	STOML1	1.0	5.0	0.7205374378061061	18.0	0.15663857343611
30968	ENSG00000165283	STOML2	STOML2	1.0	1.0	0.5781916877455449	51.0	0.025138769032414993
85439	ENSG00000140022	STON2	STON2	1.0	7.0	0.540589315082048	40.0	0.1645271828510581
56977	ENSG00000173320	STOX2	STOX2	1.0	2.0	0.6709130687215953	49.0	0.05834026684535611
90529	ENSG00000001460	STPG1	STPG1	0.0	0.0	0.42752324014905135	31.0	0.0
92335	ENSG00000266173	STRADA	STRADA	1.0	1.0	0.40404532697601553	31.0	0.01756718812939198
55342	ENSG00000165209	STRBP	STRBP	0.0	0.0	0.4152136682715083	32.0	0.0
85369	ENSG00000143093	STRIP1	STRIP1	1.0	2.0	0.6254827627246529	40.0	0.05438980545431764
57464	ENSG00000128578	STRIP2	STRIP2	1.0	3.0	0.671602830190461	59.0	0.08760036915527751
6801	ENSG00000115808	STRN	STRN	0.0	0.0	0.30905704535428263	10.0	0.0
412	ENSG00000101846	STS	STS	0.0	0.0	0.46453663743911133	32.0	0.0
10273	ENSG00000103266	STUB1	STUB1	1.0	3.0	0.547979706928033	33.0	0.07147561394713474
375057	ENSG00000203685	STUM	STUM	1.0	12.0	0.6732309888887933	32.0	0.3512509507245878
23673	ENSG00000117758	STX12	STX12	1.0	10.0	0.6215570678406781	18.0	0.27024220340899047
55014	ENSG00000136874	STX17	STX17	1.0	4.0	0.4927360340567388	38.0	0.08569322331421544
53407	ENSG00000168818	STX18	STX18	0.0	0.0	0.46801813172376344	53.0	0.0
415117	ENSG00000178750	STX19	STX19	1.0	1.0	0.513009948067896	52.0	0.022304780350778087
6804	ENSG00000106089	STX1A	STX1A	1.0	7.0	0.7508870925527773	33.0	0.2285308542551931
112755	ENSG00000099365	STX1B	STX1B	0.0	0.0	0.5693341688726933	32.0	0.0
2054	ENSG00000111450	STX2	STX2	1.0	5.0	0.5066802236894038	52.0	0.11014787471508777
6809	ENSG00000166900	STX3	STX3	1.0	4.0	0.5862223422645112	40.0	0.10195171169817585
10228	ENSG00000135823	STX6	STX6	1.0	1.0	0.6475273389490948	32.0	0.02815336256300412
8417	ENSG00000079950	STX7	STX7	1.0	8.0	0.5367552666303104	53.0	0.18669748404532535
6812	ENSG00000136854	STXBP1	STXBP1	1.0	3.0	0.6080994523894372	2.0	0.0793173198768831
6814	ENSG00000116266	STXBP3	STXBP3	1.0	3.0	0.511981733320894	33.0	0.066780226085334
252983	ENSG00000166263	STXBP4	STXBP4	1.0	3.0	0.5299377899982712	52.0	0.06912232043455711
134957	ENSG00000164506	STXBP5	STXBP5	1.0	1.0	0.48195033218437505	33.0	0.020954362268885873
9515	ENSG00000145087	STXBP5L	STXBP5L	0.0	0.0	0.446477840052723	32.0	0.0
29091	ENSG00000168952	STXBP6	STXBP6	0.0	0.0	0.3019721824832709	32.0	0.0
55359	ENSG00000060140	STYK1	STYK1	1.0	8.0	0.7882675323094953	33.0	0.27418001123808533
6815	ENSG00000198252	STYX	STYX	0.0	0.0	0.34006537296784484	32.0	0.0
51657	ENSG00000127952	STYXL1	STYXL1	1.0	2.0	0.5047438418091426	53.0	0.043890768852968914
10923	ENSG00000113387	SUB1	SUB1	1.0	6.0	0.6918379396304991	18.0	0.18047946251230412
8803	ENSG00000136143	SUCLA2	SUCLA2	1.0	2.0	0.5318356129820717	2.0	0.04624657504191928
8801	ENSG00000172340	SUCLG2	SUCLG2	1.0	1.0	0.4525425362645138	32.0	0.019675762446283208
51430	ENSG00000094975	SUCO	SUCO	1.0	3.0	0.5218256148301375	40.0	0.06806421063001793
79783	ENSG00000175600	SUGCT	SUGCT	1.0	3.0	0.483059602288128	33.0	0.06300777421149495
10147	ENSG00000064607	SUGP2	SUGP2	0.0	0.0	0.5793732961470355	31.0	0.0
10910	ENSG00000165416	SUGT1	SUGT1	0.0	0.0	0.27833556431338796	32.0	0.0
283507	ENSG00000290476	SUGT1P3	SUGT1P3	1.0	1.0	0.7279500186040788	33.0	0.031650000808872994
23213	ENSG00000137573	SULF1	SULF1	1.0	3.0	0.45028462673153224	33.0	0.058732777399765075
55959	ENSG00000196562	SULF2	SULF2	1.0	9.0	0.6793031070988137	40.0	0.2658142592995358
27233	ENSG00000198075	SULT1C4	SULT1C4	1.0	6.0	0.4443488160474714	33.0	0.11591708244716645
25830	ENSG00000130540	SULT4A1	SULT4A1	1.0	2.0	0.5758105245848466	2.0	0.05007048039868231
285362	ENSG00000144455	SUMF1	SUMF1	1.0	9.0	0.5618637337579305	6.0	0.21985972190527717
6612	ENSG00000184900	SUMO3	SUMO3	1.0	7.0	0.6190558970287549	31.0	0.18840831648701237
23353	ENSG00000164828	SUN1	SUN1	1.0	2.0	0.6610617897624399	31.0	0.057483633892386074
55578	ENSG00000102710	SUPT20H	SUPT20H	0.0	0.0	0.45097717174001617	32.0	0.0
9913	ENSG00000119760	SUPT7L	SUPT7L	1.0	2.0	0.6075605718544307	33.0	0.05283135407429832
6832	ENSG00000156502	SUPV3L1	SUPV3L1	1.0	1.0	0.6407086168382345	33.0	0.027856896384271065
6836	ENSG00000280951	SURF4	SURF4	1.0	2.0	0.4966786593513989	5.0	0.04318944863925207
64420	ENSG00000106868	SUSD1	SUSD1	1.0	13.0	0.7269575044478199	1.0	0.4108890242531156
56241	ENSG00000099994	SUSD2	SUSD2	1.0	1.0	0.37618144375290746	49.0	0.016355714945778584
203328	ENSG00000157303	SUSD3	SUSD3	1.0	7.0	0.48753957786924185	33.0	0.14838161065585623
55061	ENSG00000143502	SUSD4	SUSD4	0.0	0.0	0.38566166974531324	39.0	0.0
26032	ENSG00000173705	SUSD5	SUSD5	0.0	0.0	0.4402684776835973	32.0	0.0
9766	ENSG00000100647	SUSD6	SUSD6	1.0	1.0	0.512023931802393	32.0	0.022261910078364915
6839	ENSG00000101945	SUV39H1	SUV39H1	1.0	3.0	0.5539420140908643	31.0	0.0722533061857649
23512	ENSG00000178691	SUZ12	SUZ12	0.0	0.0	0.38807649434464236	33.0	0.0
9899	ENSG00000185518	SV2B	SV2B	1.0	4.0	0.6248838064455631	33.0	0.10867544459922836
22987	ENSG00000122012	SV2C	SV2C	0.0	0.0	0.16910675767287667	7.0	0.0
258010	ENSG00000198168	SVIP	SVIP	0.0	0.0	0.26018235397186085	32.0	0.0
55530	ENSG00000166111	SVOP	SVOP	1.0	7.0	0.7096171784893667	18.0	0.21597044562719855
375757	ENSG00000175854	SWI5	SWI5	1.0	5.0	0.4244870725997257	33.0	0.09227979839124471
126074	ENSG00000173928	SWSAP1	SWSAP1	1.0	1.0	0.46330846026536143	32.0	0.020143846098493973
55638	ENSG00000147642	SYBU	SYBU	1.0	1.0	0.7802130893591753	1.0	0.033922308233007625
93426	ENSG00000171772	SYCE1	SYCE1	1.0	3.0	0.6924786788020133	33.0	0.09032330593069739
644186	ENSG00000217442	SYCE3	SYCE3	1.0	2.0	0.3729511126648336	49.0	0.032430531536072484
10388	ENSG00000196074	SYCP2	SYCP2	0.0	0.0	0.41696113507968036	31.0	0.0
84144	ENSG00000097096	SYDE2	SYDE2	0.0	0.0	0.4580618742353305	32.0	0.0
25949	ENSG00000117614	SYF2	SYF2	1.0	6.0	0.5528809255773507	52.0	0.14422980667235236
6850	ENSG00000165025	SYK	SYK	1.0	1.0	0.42569762420145735	9.0	0.018508592356585103
6854	ENSG00000157152	SYN2	SYN2	1.0	9.0	0.8006769693386389	31.0	0.3133083793064239
8224	ENSG00000185666	SYN3	SYN3	1.0	1.0	0.601761707263415	49.0	0.026163552489713696
10492	ENSG00000135316	SYNCRIP	SYNCRIP	1.0	2.0	0.38038787226817333	32.0	0.03307720628418898
79953	ENSG00000101463	SYNDIG1	SYNDIG1	0.0	0.0	0.41055424673863605	32.0	0.0
646658	ENSG00000183379	SYNDIG1L	SYNDIG1L	1.0	1.0	0.4250887884302573	52.0	0.018482121236098145
23345	ENSG00000131018	SYNE1	SYNE1	0.0	0.0	0.4571101332174719	32.0	0.0
23224	ENSG00000054654	SYNE2	SYNE2	0.0	0.0	0.21707752762993346	32.0	0.0
161176	ENSG00000176438	SYNE3	SYNE3	1.0	1.0	0.3417504908677375	32.0	0.014858716994249456
163183	ENSG00000181392	SYNE4	SYNE4	0.0	0.0	0.285922585875798	38.0	0.0
9145	ENSG00000100321	SYNGR1	SYNGR1	1.0	3.0	0.6000883743770717	33.0	0.07827239665787893
9143	ENSG00000291941	SYNGR3	SYNGR3	1.0	5.0	0.6128367003054268	18.0	0.13322536963161452
8867	ENSG00000159082	SYNJ1	SYNJ1	0.0	0.0	0.36649671439600456	32.0	0.0
8871	ENSG00000078269	SYNJ2	SYNJ2	0.0	0.0	0.3381821278853307	32.0	0.0
23336	ENSG00000182253	SYNM	SYNM	1.0	1.0	0.3219294012548633	33.0	0.013996930489341882
171024	ENSG00000172403	SYNPO2	SYNPO2	1.0	1.0	0.5010912673922974	33.0	0.021786576843143363
132204	ENSG00000163630	SYNPR	SYNPR	1.0	7.0	0.6128912458723215	52.0	0.1865321183089674
11276	ENSG00000275066	SYNRG	SYNRG	1.0	1.0	0.348964548475295	32.0	0.015172371672838914
6855	ENSG00000102003	SYP	SYP	1.0	3.0	0.6436839389883134	40.0	0.08395877465064958
6857	ENSG00000067715	SYT1	SYT1	1.0	3.0	0.6645337866643405	49.0	0.08667831999969658
341359	ENSG00000110975	SYT10	SYT10	1.0	2.0	0.5755470717573278	32.0	0.050047571457158935
23208	ENSG00000132718	SYT11	SYT11	0.0	0.0	0.4766085167075709	53.0	0.0
91683	ENSG00000173227	SYT12	SYT12	1.0	1.0	0.38995842344605397	32.0	0.016954714062871912
57586	ENSG00000019505	SYT13	SYT13	1.0	3.0	0.67908973486189	33.0	0.08857692193850739
83849	ENSG00000204176	SYT15	SYT15	0.0	0.0	0.25263304311220053	32.0	0.0
51760	ENSG00000103528	SYT17	SYT17	1.0	11.0	0.7063028222252561	18.0	0.3377970019338181
127833	ENSG00000143858	SYT2	SYT2	0.0	0.0	0.12396356003574366	3.0	0.0
84258	ENSG00000213023	SYT3	SYT3	0.0	0.0	0.36313829647185797	32.0	0.0
6861	ENSG00000129990	SYT5	SYT5	1.0	3.0	0.7447204724456423	49.0	0.09713745292769248
148281	ENSG00000134207	SYT6	SYT6	0.0	0.0	0.3208425934405158	32.0	0.0
143425	ENSG00000170743	SYT9	SYT9	1.0	3.0	0.43941964081258567	32.0	0.05731560532338074
54843	ENSG00000137501	SYTL2	SYTL2	1.0	6.0	0.7010412709874687	33.0	0.18288033156194836
94121	ENSG00000102362	SYTL4	SYTL4	1.0	3.0	0.516954029294301	53.0	0.06742878642969144
94122	ENSG00000147041	SYTL5	SYTL5	1.0	7.0	0.6626042510203981	40.0	0.20166216335403422
84447	ENSG00000162298	SYVN1	SYVN1	0.0	0.0	0.3756539242063507	32.0	0.0
26099	ENSG00000055070	SZRD1	SZRD1	1.0	2.0	0.412028726639449	16.0	0.03582858492516948
23118	ENSG00000055208	TAB2	TAB2	1.0	1.0	0.47236371934695803	35.0	0.02053755301508513
257397	ENSG00000157625	TAB3	TAB3	1.0	1.0	0.357812015818493	31.0	0.015557044166021433
6863	ENSG00000006128	TAC1	TAC1	1.0	7.0	0.524671127154354	49.0	0.1596825169600208
6866	ENSG00000166863	TAC3	TAC3	1.0	6.0	0.852795519872473	49.0	0.22246839648847122
6867	ENSG00000147526	TACC1	TACC1	1.0	3.0	0.6059542797698375	7.0	0.0790375147525875
10579	ENSG00000138162	TACC2	TACC2	1.0	2.0	0.6222603367802263	33.0	0.05410959450262837
6871	ENSG00000276234	TADA2A	TADA2A	1.0	2.0	0.6048126534245665	2.0	0.052592404645614474
6881	ENSG00000166337	TAF10	TAF10	1.0	2.0	0.5352428327758112	40.0	0.04654285502398358
9013	ENSG00000103168	TAF1C	TAF1C	0.0	0.0	0.5952040145579384	31.0	0.0
79101	ENSG00000166012	TAF1D	TAF1D	1.0	1.0	0.5373161436361933	3.0	0.023361571462443186
6873	ENSG00000064313	TAF2	TAF2	1.0	1.0	0.4545352443625218	31.0	0.019762401928805295
83860	ENSG00000165632	TAF3	TAF3	0.0	0.0	0.27708210550722046	32.0	0.0
6875	ENSG00000141384	TAF4B	TAF4B	0.0	0.0	0.5087629779868323	40.0	0.0
6877	ENSG00000148835	TAF5	TAF5	0.0	0.0	0.3478835829562518	32.0	0.0
6878	ENSG00000106290	TAF6	TAF6	1.0	2.0	0.6838977646115565	9.0	0.059469370835787516
51616	ENSG00000187325	TAF9B	TAF9B	1.0	3.0	0.5861299663530402	32.0	0.07645173474170089
8407	ENSG00000158710	TAGLN2	TAGLN2	1.0	2.0	0.4522459410346523	32.0	0.039325734003013244
29114	ENSG00000144834	TAGLN3	TAGLN3	1.0	9.0	0.6783951320499794	49.0	0.26545896471520936
6887	ENSG00000186051	TAL2	TAL2	1.0	1.0	0.463571317327357	53.0	0.020155274666406826
132001	ENSG00000279643	TAMM41	TAMM41	1.0	10.0	0.7607949204576181	49.0	0.3307804001989644
85461	ENSG00000115183	TANC1	TANC1	0.0	0.0	0.20802686761371653	32.0	0.0
26115	ENSG00000170921	TANC2	TANC2	0.0	0.0	0.5559637328722495	32.0	0.0
128989	ENSG00000183597	TANGO2	TANGO2	0.0	0.0	0.37159982441650646	32.0	0.0
10010	ENSG00000136560	TANK	TANK	0.0	0.0	0.3564713793987902	33.0	0.0
57551	ENSG00000160551	TAOK1	TAOK1	1.0	4.0	0.4600641557425887	53.0	0.08001115752045021
6890	ENSG00000168394	TAP1	TAP1	0.0	0.0	0.3095079125624225	32.0	0.0
202018	ENSG00000169762	TAPT1	TAPT1	1.0	3.0	0.5401558454303254	33.0	0.0704551102735207
6894	ENSG00000059588	TARBP1	TARBP1	1.0	3.0	0.7644126504333183	33.0	0.09970599788260673
23435	ENSG00000120948	TARDBP	TARDBP	0.0	0.0	0.49234418142953573	32.0	0.0
6897	ENSG00000113407	TARS1	TARS	0.0	0.0	0.33080421470663607	32.0	0.0
123283	ENSG00000185418	TARS3	TARSL2	0.0	0.0	0.35754513699526463	32.0	0.0
50839	ENSG00000272805	TAS2R10	TAS2R10	0.0	0.0	0.5347492211933982	32.0	0.0
50840	ENSG00000261984	TAS2R14	TAS2R14	0.0	0.0	0.49057173660646397	32.0	0.0
259294	ENSG00000263028	TAS2R19	TAS2R19	0.0	0.0	0.3694337116846391	32.0	0.0
259289	ENSG00000262612	TAS2R43	TAS2R43	0.0	0.0	0.4215676825382642	32.0	0.0
55617	ENSG00000089123	TASP1	TASP1	1.0	3.0	0.6809388286085227	33.0	0.08881810807937253
83940	ENSG00000291730	TATDN1	TATDN1	1.0	5.0	0.47268230054790167	40.0	0.10275702185823948
9797	ENSG00000157014	TATDN2	TATDN2	1.0	4.0	0.6964447830199889	49.0	0.12112083182956329
128387	ENSG00000203705	TATDN3	TATDN3	1.0	4.0	0.45029146137570536	53.0	0.07831155850012267
23216	ENSG00000065882	TBC1D1	TBC1D1	0.0	0.0	0.426236620586979	32.0	0.0
374403	ENSG00000175463	TBC1D10C	TBC1D10C	1.0	1.0	0.35157727926595916	51.0	0.015285968663737354
125058	ENSG00000167291	TBC1D16	TBC1D16	1.0	1.0	0.3843895298173906	49.0	0.016712588252930025
55296	ENSG00000109680	TBC1D19	TBC1D19	0.0	0.0	0.24229881725733426	59.0	0.0
55633	ENSG00000065491	TBC1D22B	TBC1D22B	1.0	2.0	0.6729172017768041	40.0	0.058514539284939486
57465	ENSG00000162065	TBC1D24	TBC1D24	1.0	5.0	0.752672928943253	18.0	0.16362454977027238
4943	ENSG00000068354	TBC1D25	TBC1D25	1.0	3.0	0.6079353780253016	40.0	0.07929591887286543
353149	ENSG00000214946	TBC1D26	TBC1D26	1.0	11.0	0.7266781844255588	49.0	0.3475417403774412
23329	ENSG00000111490	TBC1D30	TBC1D30	0.0	0.0	0.36696189757669956	59.0	0.0
93594	ENSG00000156787	TBC1D31	TBC1D31	1.0	1.0	0.5924050472420175	31.0	0.025756741184435543
9882	ENSG00000136111	TBC1D4	TBC1D4	0.0	0.0	0.38878420219898424	31.0	0.0
9779	ENSG00000131374	TBC1D5	TBC1D5	1.0	5.0	0.6928380755898873	42.0	0.15061697295432333
11138	ENSG00000204634	TBC1D8	TBC1D8	0.0	0.0	0.46339934484999895	32.0	0.0
54885	ENSG00000133138	TBC1D8B	TBC1D8B	0.0	0.0	0.3729749685790272	32.0	0.0
23061	ENSG00000284400	TBC1D9B	TBC1D9B	1.0	2.0	0.38666619532570123	8.0	0.033623147419626194
6903	ENSG00000124659	TBCC	TBCC	1.0	2.0	0.4458987968462531	4.0	0.038773808421413314
6905	ENSG00000284770	TBCE	TBCE	0.0	0.0	0.38010821853827853	10.0	0.0
219899	ENSG00000154114	TBCEL	TBCEL	0.0	0.0	0.3359169130589446	31.0	0.0
29110	ENSG00000183735	TBK1	TBK1	0.0	0.0	0.5707210119782674	32.0	0.0
6907	ENSG00000101849	TBL1X	TBL1X	1.0	2.0	0.4208703517896954	53.0	0.03659742189475612
90665	ENSG00000092377	TBL1Y	TBL1Y	0.0	0.0	0.40040105592919023	52.0	0.0
9519	ENSG00000028839	TBPL1	TBPL1	1.0	6.0	0.735481730971338	40.0	0.19186479938382728
10716	ENSG00000136535	TBR1	TBR1	1.0	1.0	0.545597773521169	2.0	0.023721642327007346
84897	ENSG00000154144	TBRG1	TBRG1	0.0	0.0	0.45553829577589566	10.0	0.0
9095	ENSG00000143178	TBX19	TBX19	1.0	4.0	0.49377542025263393	31.0	0.08587398613089285
103689912	ENSG00000267280	TBX2-AS1	TBX2-AS1	0.0	0.0	0.15600200424482744	32.0	0.0
6915	ENSG00000006638	TBXA2R	TBXA2R	1.0	8.0	0.5596915478635106	32.0	0.19467532099600368
123036	ENSG00000276776	TC2N	TC2N	1.0	1.0	0.44976779528247407	33.0	0.01955512153402061
285343	ENSG00000179152	TCAIM	TCAIM	0.0	0.0	0.2695774972516008	32.0	0.0
8557	ENSG00000173991	TCAP	TCAP	1.0	12.0	0.8081994911863352	53.0	0.42166929974939227
6917	ENSG00000187735	TCEA1	TCEA1	1.0	1.0	0.4011470341585988	33.0	0.01744117539819995
6919	ENSG00000171703	TCEA2	TCEA2	1.0	3.0	0.5606584485921625	33.0	0.07312936285984728
6920	ENSG00000204219	TCEA3	TCEA3	1.0	8.0	0.5556968337809712	55.0	0.1932858552281639
85012	ENSG00000196507	TCEAL3	TCEAL3	1.0	4.0	0.5625207050409642	51.0	0.09782968783321117
79921	ENSG00000133142	TCEAL4	TCEAL4	1.0	4.0	0.7823422369900365	40.0	0.13605951947652808
340543	ENSG00000204065	TCEAL5	TCEAL5	1.0	3.0	0.6796449582027585	3.0	0.08864934237427284
158931	ENSG00000204071	TCEAL6	TCEAL6	1.0	3.0	0.5681693037636505	51.0	0.07410903962134571
10915	ENSG00000113649	TCERG1	TCERG1	0.0	0.0	0.7003504866788138	31.0	0.0
256536	ENSG00000176769	TCERG1L	TCERG1L	1.0	3.0	0.42878129072504007	52.0	0.05592799444239653
6938	ENSG00000140262	TCF12	TCF12	1.0	2.0	0.4291474139807532	53.0	0.03731716643310897
6929	ENSG00000071564	TCF3	TCF3	1.0	4.0	0.5216798461829306	53.0	0.09072692977094446
6925	ENSG00000196628	TCF4	TCF4	1.0	6.0	0.7575053512025787	31.0	0.197610091618064
83439	ENSG00000152284	TCF7L1	TCF7L1	1.0	7.0	0.5526812659549597	40.0	0.16820734181237906
6934	ENSG00000148737	TCF7L2	TCF7L2	1.0	1.0	0.34914714674008973	32.0	0.015180310727829988
10732	ENSG00000101190	TCFL5	TCFL5	1.0	3.0	0.4132842967229751	32.0	0.05390664739864893
7062	ENSG00000159450	TCHH	TCHH	0.0	0.0	0.31304977185558136	49.0	0.0
84260	ENSG00000139437	TCHP	TCHP	0.0	0.0	0.40794101906084623	32.0	0.0
56892	ENSG00000176907	TCIM	TCIM	1.0	1.0	0.44760301758804666	33.0	0.01946100076469768
10312	ENSG00000110719	TCIRG1	TCIRG1	1.0	1.0	0.3584900922226273	49.0	0.01558652574880988
6949	ENSG00000070814	TCOF1	TCOF1	0.0	0.0	0.4557794079654463	32.0	0.0
6950	ENSG00000120438	TCP1	TCP1	1.0	6.0	0.5114337365897054	8.0	0.13341749650166226
6988	ENSG00000145022	TCTA	TCTA	1.0	5.0	0.533044303332347	18.0	0.11587919637659716
202500	ENSG00000146221	DRC5	TCTE1	1.0	8.0	0.7302976828172537	41.0	0.2540165853277404
200132	ENSG00000152760	DYNLT5	TCTEX1D1	0.0	0.0	0.3485079559085924	39.0	0.0
255758	ENSG00000213123	DYNLT2B	TCTEX1D2	1.0	8.0	0.8056125857170384	31.0	0.2802130732928829
79600	ENSG00000204852	TCTN1	TCTN1	1.0	6.0	0.6266489318154393	31.0	0.16347363438663634
79867	ENSG00000168778	TCTN2	TCTN2	0.0	0.0	0.47674203428497336	53.0	0.0
51567	ENSG00000111802	TDP2	TDP2	0.0	0.0	0.3140291074663673	31.0	0.0
56165	ENSG00000095627	TDRD1	TDRD1	0.0	0.0	0.50611188507356	29.0	0.0
126668	ENSG00000163239	TDRD10	TDRD10	1.0	2.0	0.3656361404734097	55.0	0.0317944469976878
81550	ENSG00000083544	TDRD3	TDRD3	1.0	1.0	0.28306218727595955	3.0	0.012307051620693893
221400	ENSG00000180113	TDRD6	TDRD6	0.0	0.0	0.41997766145820786	31.0	0.0
122402	ENSG00000156414	TDRD9	TDRD9	1.0	6.0	0.7127660550758221	49.0	0.1859389708893449
11022	ENSG00000182134	TDRKH	TDRKH	1.0	5.0	0.6392386628622868	33.0	0.13896492670919278
157695	ENSG00000180190	TDRP	TDRP	1.0	1.0	0.5295210818553998	33.0	0.02302265573284347
7003	ENSG00000187079	TEAD1	TEAD1	1.0	5.0	0.5060320809115274	32.0	0.11000697411120161
7005	ENSG00000007866	TEAD3	TEAD3	1.0	5.0	0.5060227184052413	33.0	0.1100049387837481
25851	ENSG00000205356	TECPR1	TECPR1	1.0	3.0	0.7376221704128331	49.0	0.09621158744515214
27285	ENSG00000092850	TEKT2	TEKT2	1.0	21.0	0.8163666359937236	60.0	0.7453782328638345
10178	ENSG00000009694	TENM1	TENM1	1.0	5.0	0.6026970003965095	40.0	0.13102108704271945
57451	ENSG00000145934	TENM2	TENM2	1.0	4.0	0.8578335006694291	1.0	0.14918843489903114
55714	ENSG00000218336	TENM3	TENM3	1.0	8.0	0.7128731960477521	1.0	0.247955894277479
26011	ENSG00000149256	TENM4	TENM4	1.0	1.0	0.6482137268702934	60.0	0.028183205516099714
7011	ENSG00000129566	TEP1	TEP1	1.0	1.0	0.4149911722536557	36.0	0.01804309444581112
146705	ENSG00000167302	TEPSIN	TEPSIN	1.0	1.0	0.4129499009377478	32.0	0.017954343519032512
7014	ENSG00000132604	TERF2	TERF2	1.0	3.0	0.5818350983157833	31.0	0.07589153456292826
7015	ENSG00000164362	TERT	TERT	0.0	0.0	0.44001097645515047	32.0	0.0
26136	ENSG00000135269	TES	TES	0.0	0.0	0.22331437411888394	32.0	0.0
54997	ENSG00000088992	TESC	TESC	0.0	0.0	0.3653009341220859	31.0	0.0
9840	ENSG00000135426	TESPA1	TESPA1	1.0	1.0	0.42493521560662695	32.0	0.018475444156809868
54790	ENSG00000168769	TET2	TET2	0.0	0.0	0.5437095049876074	31.0	0.0
122046	ENSG00000175664	TEX26	TEX26	0.0	0.0	0.16499143304631866	32.0	0.0
121793	ENSG00000153495	TEX29	TEX29	0.0	0.0	0.47152948849009435	32.0	0.0
93081	ENSG00000151287	TEX30	TEX30	0.0	0.0	0.2982021010016766	32.0	0.0
219557	ENSG00000164645	TEX47	TEX47	0.0	0.0	0.31132288640568495	33.0	0.0
374618	ENSG00000151575	TEX9	TEX9	1.0	1.0	0.49819363006387757	32.0	0.021660592611472938
7019	ENSG00000108064	TFAM	TFAM	1.0	1.0	0.3913554934276895	31.0	0.0170154562359865
51106	ENSG00000029639	TFB1M	TFB1M	0.0	0.0	0.3379840895467903	32.0	0.0
7027	ENSG00000198176	TFDP1	TFDP1	0.0	0.0	0.4574507360472735	32.0	0.0
7029	ENSG00000114126	TFDP2	TFDP2	0.0	0.0	0.2208319313414344	32.0	0.0
7942	ENSG00000112561	TFEB	TFEB	0.0	0.0	0.20760456866144225	41.0	0.0
22797	ENSG00000105967	TFEC	TFEC	1.0	7.0	0.6065880136583679	33.0	0.18461374328732938
24144	ENSG00000100109	TFIP11	TFIP11	1.0	5.0	0.5369988212173323	33.0	0.11673887417768095
29844	ENSG00000276504	TFPT	TFPT	1.0	6.0	0.6045428126318885	18.0	0.1577068206865796
7037	ENSG00000072274	TFRC	TFRC	1.0	4.0	0.4958326780826713	40.0	0.08623177010133413
7038	ENSG00000042832	TG	TG	1.0	5.0	0.5883806340597916	52.0	0.12790883349125903
23483	ENSG00000088451	TGDS	TGDS	0.0	0.0	0.3450754400629551	31.0	0.0
7045	ENSG00000120708	TGFBI	TGFBI	1.0	4.0	0.39274686758155214	32.0	0.06830380305766123
7046	ENSG00000106799	TGFBR1	TGFBR1	0.0	0.0	0.25584197285975113	32.0	0.0
100507588	ENSG00000260001	TGFBR3L	TGFBR3L	1.0	6.0	0.7481120047599177	49.0	0.19515965341563069
9392	ENSG00000135966	TGFBRAP1	TGFBRAP1	1.0	1.0	0.52396060363939	33.0	0.02278089581040826
7051	ENSG00000285348	TGM1	TGM1	0.0	0.0	0.31682004684602827	52.0	0.0
96764	ENSG00000137574	TGS1	TGS1	1.0	4.0	0.5782646977223027	8.0	0.10056777351692221
56906	ENSG00000129028	THAP10	THAP10	0.0	0.0	0.29375200023687353	59.0	0.0
57215	ENSG00000168286	THAP11	THAP11	1.0	4.0	0.6156222788900596	51.0	0.10706474415479297
90326	ENSG00000041988	THAP3	THAP3	0.0	0.0	0.46117885660033014	39.0	0.0
80764	ENSG00000184436	THAP7	THAP7	1.0	2.0	0.48341572922428555	31.0	0.042036150367329175
79725	ENSG00000168152	THAP9	THAP9	0.0	0.0	0.35236695585187827	52.0	0.0
7056	ENSG00000178726	THBD	THBD	0.0	0.0	0.38780781696172545	32.0	0.0
7058	ENSG00000186340	THBS2	THBS2	0.0	0.0	0.31484294147320024	32.0	0.0
7059	ENSG00000169231	THBS3	THBS3	0.0	0.0	0.5675591947616382	31.0	0.0
7060	ENSG00000113296	THBS4	THBS4	1.0	1.0	0.35460576734136884	55.0	0.015417642058320384
51337	ENSG00000130193	THEM6	THEM6	0.0	0.0	0.4387874913414403	32.0	0.0
387357	ENSG00000172673	THEMIS	THEMIS	1.0	2.0	0.4815230341926323	33.0	0.04187156819066368
9473	ENSG00000130775	THEMIS2	THEMIS2	0.0	0.0	0.16118167325637403	32.0	0.0
54974	ENSG00000113272	THG1L	THG1L	0.0	0.0	0.43167876455725473	31.0	0.0
9984	ENSG00000079134	THOC1	THOC1	0.0	0.0	0.4676409029606474	31.0	0.0
8563	ENSG00000100296	THOC5	THOC5	1.0	1.0	0.5041307695141402	2.0	0.02191872910931044
79228	ENSG00000131652	THOC6	THOC6	1.0	1.0	0.4398154327171732	55.0	0.019122410118137964
80145	ENSG00000163634	THOC7	THOC7	1.0	4.0	0.6498275807509776	31.0	0.11301349230451783
7067	ENSG00000126351	THRA	THRA	1.0	14.0	0.7142020645027736	52.0	0.4347316914364709
7068	ENSG00000151090	THRB	THRB	1.0	4.0	0.7151671194011733	31.0	0.12437689033063883
79875	ENSG00000187720	THSD4	THSD4	0.0	0.0	0.39506222555478415	32.0	0.0
221981	ENSG00000005108	THSD7A	THSD7A	1.0	1.0	0.5966761188823201	56.0	0.02594243995140522
79178	ENSG00000259431	THTPA	THTPA	1.0	13.0	0.7312182468668604	52.0	0.4132972699682254
7074	ENSG00000156299	TIAM1	TIAM1	1.0	1.0	0.5107505520629946	52.0	0.022206545741869328
26230	ENSG00000146426	TIAM2	TIAM2	0.0	0.0	0.4742600870556737	39.0	0.0
148022	ENSG00000127666	TICAM1	TICAM1	0.0	0.0	0.5055740188710631	10.0	0.0
92610	ENSG00000145365	TIFA	TIFA	0.0	0.0	0.31545819385900137	31.0	0.0
57103	ENSG00000078237	TIGAR	TIGAR	1.0	1.0	0.46791820134414785	32.0	0.020344269623658602
166815	ENSG00000180346	TIGD2	TIGD2	0.0	0.0	0.4798184051445134	55.0	0.0
220359	ENSG00000173825	TIGD3	TIGD3	0.0	0.0	0.37090897142372026	32.0	0.0
10440	ENSG00000134375	TIMM17A	TIMM17A	1.0	5.0	0.5220580271903357	9.0	0.11349087547615992
10245	ENSG00000292215	TIMM17B	TIMM17B	1.0	6.0	0.6949746303637881	52.0	0.18129772966011864
29928	ENSG00000277649	TIMM22	TIMM22	1.0	2.0	0.4732637833541885	9.0	0.04115337246558161
100287932	ENSG00000265354	TIMM23	TIMM23	1.0	2.0	0.45272093875175745	32.0	0.039367038152326735
10469	ENSG00000104980	TIMM44	TIMM44	1.0	2.0	0.4958401498076922	31.0	0.043116534765886276
26521	ENSG00000150779	TIMM8B	TIMM8B	1.0	9.0	0.5221392249831035	40.0	0.20431534890643183
7076	ENSG00000102265	TIMP1	TIMP1	1.0	2.0	0.5216063907797418	52.0	0.04535707745910798
7077	ENSG00000035862	TIMP2	TIMP2	1.0	7.0	0.6141907667419191	53.0	0.18692762466058407
7078	ENSG00000100234	TIMP3	TIMP3	1.0	6.0	0.5088371244628154	52.0	0.13274011942508226
257000	ENSG00000223573	TINCR	TINCR	1.0	8.0	0.6346733011351475	52.0	0.22075593082961653
26277	ENSG00000284915	TINF2	TINF2	1.0	3.0	0.4608885281170966	33.0	0.0601158949717952
25976	ENSG00000163659	TIPARP	TIPARP	0.0	0.0	0.36809446077214664	52.0	0.0
9414	ENSG00000119139	TJP2	TJP2	0.0	0.0	0.3755131632865872	53.0	0.0
7083	ENSG00000167900	TK1	TK1	1.0	1.0	0.5194580765505523	31.0	0.02258513376306749
7084	ENSG00000166548	TK2	TK2	1.0	2.0	0.49095640902661447	40.0	0.04269186165448821
26007	ENSG00000149476	TKFC	TKFC	1.0	12.0	0.7392737739683589	18.0	0.3857080559834916
57707	ENSG00000140950	MEAK7	TLDC1	1.0	6.0	0.4938840891763106	52.0	0.12883932761121145
7088	ENSG00000196781	TLE1	TLE1	1.0	3.0	0.7951221017012701	58.0	0.10371157848277435
7089	ENSG00000065717	TLE2	TLE2	1.0	1.0	0.4104514010652207	19.0	0.017845713089792204
7091	ENSG00000106829	TLE4	TLE4	0.0	0.0	0.41225759721638505	32.0	0.0
9874	ENSG00000198586	TLK1	TLK1	1.0	2.0	0.4129078320228493	38.0	0.035905028871552114
7092	ENSG00000038295	TLL1	TLL1	1.0	6.0	0.7733261579819218	52.0	0.2017372586039796
7093	ENSG00000095587	TLL2	TLL2	0.0	0.0	0.2958087631722121	52.0	0.0
83660	ENSG00000171914	TLN2	TLN2	1.0	9.0	0.8208280104756324	31.0	0.3211935693165518
7096	ENSG00000174125	TLR1	TLR1	1.0	5.0	0.40985575377953104	55.0	0.0890990769085937
7097	ENSG00000137462	TLR2	TLR2	1.0	4.0	0.4949786604215573	33.0	0.08608324529070562
7098	ENSG00000164342	TLR3	TLR3	1.0	3.0	0.46307487958570553	52.0	0.06040107125030941
7099	ENSG00000136869	TLR4	TLR4	1.0	3.0	0.48024881807063663	40.0	0.06264115018312652
3196	ENSG00000115297	TLX2	TLX2	1.0	1.0	0.4142943378346092	31.0	0.01801279729715692
80213	ENSG00000184277	TM2D3	TM2D3	1.0	6.0	0.7357971125887325	24.0	0.19194707284923457
53346	ENSG00000136404	TM6SF1	TM6SF1	1.0	1.0	0.41430237349419385	32.0	0.0180131466736606
7108	ENSG00000149809	TM7SF2	TM7SF2	1.0	7.0	0.5193848367202039	41.0	0.15807364595832293
51768	ENSG00000064115	TM7SF3	TM7SF3	0.0	0.0	0.6784813130970562	32.0	0.0
10548	ENSG00000100926	TM9SF1	TM9SF1	0.0	0.0	0.4100288428137621	2.0	0.0
9375	ENSG00000125304	TM9SF2	TM9SF2	1.0	1.0	0.5564920005509904	1.0	0.02419530437178219
64114	ENSG00000135926	TMBIM1	TMBIM1	1.0	1.0	0.35110840819869105	60.0	0.015265582965160479
7009	ENSG00000139644	TMBIM6	TMBIM6	1.0	1.0	0.4659844077813928	60.0	0.02026019164266925
147138	ENSG00000167895	TMC8	TMC8	1.0	11.0	0.5622537322295904	33.0	0.2689039588924128
23023	ENSG00000172765	TMCC1	TMCC1	1.0	1.0	0.38421522720166296	52.0	0.01670500987833317
9911	ENSG00000133069	TMCC2	TMCC2	0.0	0.0	0.24628597453065412	39.0	0.0
57458	ENSG00000057704	TMCC3	TMCC3	0.0	0.0	0.25923722097965524	32.0	0.0
10972	ENSG00000170348	TMED10	TMED10	1.0	11.0	0.6313236808711042	33.0	0.30193741259052814
50999	ENSG00000117500	TMED5	TMED5	1.0	3.0	0.44469284066158343	53.0	0.05800341399933697
51014	ENSG00000134970	TMED7	TMED7	1.0	2.0	0.4322225049499867	53.0	0.03758456564782493
23671	ENSG00000144339	TMEFF2	TMEFF2	1.0	10.0	0.5796492579283077	1.0	0.25202141649056853
55273	ENSG00000166292	TMEM100	TMEM100	1.0	7.0	0.5931038236061784	40.0	0.18050985935840214
113277	ENSG00000184988	TMEM106A	TMEM106A	1.0	7.0	0.568586210599194	33.0	0.17304797713888515
54664	ENSG00000106460	TMEM106B	TMEM106B	1.0	2.0	0.5062107242850021	32.0	0.04401832385086975
79022	ENSG00000134291	TMEM106C	TMEM106C	1.0	6.0	0.7495418210159385	40.0	0.1955326489606796
84314	ENSG00000179029	TMEM107	TMEM107	1.0	9.0	0.8966873227890829	49.0	0.350877648047902
66000	ENSG00000144868	TMEM108	TMEM108	1.0	9.0	0.7716041755078166	49.0	0.3019320686769717
79073	ENSG00000110108	TMEM109	TMEM109	0.0	0.0	0.5522789330134382	32.0	0.0
84216	ENSG00000139173	TMEM117	TMEM117	1.0	7.0	0.6189092568646111	54.0	0.18836368687183816
83862	ENSG00000189077	TMEM120A	TMEM120A	1.0	2.0	0.37434299689334616	49.0	0.032551564947247494
144404	ENSG00000188735	TMEM120B	TMEM120B	1.0	1.0	0.5329819281027788	32.0	0.023173127308816467
80757	ENSG00000184986	TMEM121	TMEM121	1.0	4.0	0.6967042468994937	51.0	0.12116595598252064
114908	ENSG00000152558	TMEM123	TMEM123	0.0	0.0	0.31244588442901156	32.0	0.0
84233	ENSG00000171202	TMEM126A	TMEM126A	1.0	6.0	0.6112427560051354	31.0	0.15945463200133966
55863	ENSG00000171204	TMEM126B	TMEM126B	1.0	1.0	0.5159324409686198	18.0	0.022431845259505208
55654	ENSG00000135956	TMEM127	TMEM127	0.0	0.0	0.3217122391039928	32.0	0.0
222865	ENSG00000166448	TMEM130	TMEM130	1.0	8.0	0.7717186210866406	18.0	0.2684238682040489
23505	ENSG00000075568	TMEM131	TMEM131	1.0	1.0	0.49044771047144364	33.0	0.021323813498758417
54972	ENSG00000006118	TMEM132A	TMEM132A	1.0	6.0	0.6439681593974694	53.0	0.1679916937558616
114795	ENSG00000139364	TMEM132B	TMEM132B	1.0	3.0	0.5195569415252316	33.0	0.06776829672068238
92293	ENSG00000181234	TMEM132C	TMEM132C	0.0	0.0	0.14483666958997338	33.0	0.0
121256	ENSG00000151952	TMEM132D	TMEM132D	1.0	4.0	0.6520021355468066	33.0	0.11339167574727071
124842	ENSG00000181291	TMEM132E	TMEM132E	1.0	2.0	0.5376826893212073	31.0	0.046755016462713676
219902	ENSG00000181264	TLCD5	TMEM136	1.0	5.0	0.4657044393404929	33.0	0.1012400955088028
85014	ENSG00000244187	TMEM141	TMEM141	1.0	2.0	0.4319884240921416	41.0	0.03756421079062101
55314	ENSG00000164124	TMEM144	TMEM144	0.0	0.0	0.28025050195360923	32.0	0.0
284339	ENSG00000167619	TMEM145	TMEM145	1.0	1.0	0.39064458705694616	31.0	0.016984547263345483
28978	ENSG00000096092	TMEM14A	TMEM14A	0.0	0.0	0.4796800898304258	33.0	0.0
51522	ENSG00000284936	TMEM14C	TMEM14C	0.0	0.0	0.2157290743931704	44.0	0.0
441027	ENSG00000249242	TMEM150C	TMEM150C	1.0	6.0	0.6221689235193814	40.0	0.1623049365702734
132332	ENSG00000164112	SMIM43	TMEM155	1.0	2.0	0.535065089928953	33.0	0.046527399124256776
25907	ENSG00000249992	TMEM158	TMEM158	1.0	11.0	0.7334626537916648	49.0	0.3507864865960136
57146	ENSG00000011638	LDAF1	TMEM159	1.0	5.0	0.6031504496324885	32.0	0.13111966296358446
54958	ENSG00000130748	TMEM160	TMEM160	1.0	4.0	0.6119145319688668	49.0	0.10641991860328118
100505894	ENSG00000247828	TMEM161B-DT	TMEM161B-AS1	1.0	1.0	0.5255350512838807	2.0	0.022849350055820897
81615	ENSG00000152128	TMEM163	TMEM163	1.0	1.0	0.49405527274623073	32.0	0.021480664032444814
84187	ENSG00000157600	TMEM164	TMEM164	1.0	5.0	0.5785869710275383	1.0	0.1257797763103344
56900	ENSG00000215717	TMEM167B	TMEM167B	0.0	0.0	0.4946878221448428	53.0	0.0
64418	ENSG00000146802	TMEM168	TMEM168	1.0	1.0	0.4557581942854956	32.0	0.019815573664586764
92691	ENSG00000163449	TMEM169	TMEM169	0.0	0.0	0.39538594890621925	32.0	0.0
200728	ENSG00000186889	TMEM17	TMEM17	1.0	10.0	0.6419870036506393	52.0	0.2791247841959301
124491	ENSG00000166822	TMEM170A	TMEM170A	1.0	6.0	0.5449944922309888	52.0	0.142172476234171
100113407	ENSG00000205269	TMEM170B	TMEM170B	1.0	1.0	0.5435565216112798	2.0	0.023632892243968685
340061	ENSG00000288243	STING1	TMEM173	1.0	8.0	0.4922414216874612	51.0	0.17121440754346476
84286	ENSG00000127419	TMEM175	TMEM175	1.0	1.0	0.4042057400752657	52.0	0.017574162611968074
55365	ENSG00000002933	TMEM176A	TMEM176A	1.0	6.0	0.5332277277216241	52.0	0.13910288549259758
28959	ENSG00000106565	TMEM176B	TMEM176B	1.0	8.0	0.5615908448109207	49.0	0.1953359460211898
130733	ENSG00000152154	TMEM178A	TMEM178A	1.0	2.0	0.5965893588172455	9.0	0.05187733554932569
100507421	ENSG00000261115	TMEM178B	TMEM178B	1.0	1.0	0.5438411067255822	2.0	0.02364526550980792
374395	ENSG00000185475	TMEM179B	TMEM179B	1.0	3.0	0.44965473620449514	55.0	0.058650617765803714
130827	ENSG00000170417	TMEM182	TMEM182	1.0	3.0	0.29486816640481034	49.0	0.03846106518323613
92703	ENSG00000163444	TMEM183A	TMEM183A	1.0	3.0	0.5469198337502492	33.0	0.07133736961959772
25829	ENSG00000198792	TMEM184B	TMEM184B	1.0	4.0	0.4735591483891461	40.0	0.08235811276332976
55751	ENSG00000164168	TMEM184C	TMEM184C	0.0	0.0	0.2304425985680119	52.0	0.0
79134	ENSG00000226479	TMEM185B	TMEM185B	1.0	3.0	0.4662583056042082	32.0	0.06081630073098368
387521	ENSG00000240849	PEDS1	TMEM189	1.0	1.0	0.31236777890716716	31.0	0.013581207778572486
55266	ENSG00000139291	TMEM19	TMEM19	1.0	2.0	0.44281815139869235	31.0	0.03850592620858194
201931	ENSG00000170088	TMEM192	TMEM192	0.0	0.0	0.25915566847829835	32.0	0.0
256130	ENSG00000173452	TMEM196	TMEM196	0.0	0.0	0.2773275321787999	32.0	0.0
130612	ENSG00000188760	TMEM198	TMEM198	1.0	5.0	0.737462025127502	41.0	0.16031783154945695
114801	ENSG00000164484	TMEM200A	TMEM200A	1.0	11.0	0.7135198577748114	31.0	0.34124862763143154
645369	ENSG00000206432	TMEM200C	TMEM200C	1.0	3.0	0.5467296020250731	33.0	0.07131255678587911
94107	ENSG00000187713	TMEM203	TMEM203	1.0	5.0	0.597190303569452	51.0	0.1298239790368374
374882	ENSG00000105518	TMEM205	TMEM205	1.0	3.0	0.6559997138466741	33.0	0.08556518006695749
29100	ENSG00000168701	TMEM208	TMEM208	1.0	5.0	0.5366163913208439	58.0	0.11665573724366173
84928	ENSG00000146842	TMEM209	TMEM209	1.0	2.0	0.44949011056306626	32.0	0.03908609657070141
401498	ENSG00000188133	TMEM215	TMEM215	1.0	9.0	0.7023092634682389	31.0	0.2748166683136587
124446	ENSG00000149932	TMEM219	TMEM219	1.0	9.0	0.5467898227552198	1.0	0.21396123499117298
79064	ENSG00000168569	TMEM223	TMEM223	0.0	0.0	0.49468929988679333	31.0	0.0
730130	ENSG00000234224	TMEM229A	TMEM229A	1.0	1.0	0.35052990769843995	32.0	0.015240430769497389
161145	ENSG00000198133	TMEM229B	TMEM229B	1.0	1.0	0.38542255155675137	53.0	0.016757502241597885
29058	ENSG00000089063	TMEM230	TMEM230	1.0	6.0	0.3987636203794024	31.0	0.10402529227288758
387890	ENSG00000224982	TMEM233	TMEM233	1.0	6.0	0.6967029415096055	2.0	0.18174859343728839
65062	ENSG00000155755	TMEM237	TMEM237	1.0	1.0	0.402217002303056	32.0	0.017487695752306784
388564	ENSG00000233493	TMEM238	TMEM238	1.0	7.0	0.5880697830289358	33.0	0.1789777600522848
85019	ENSG00000134490	SLC35D4	TMEM241	1.0	2.0	0.6459803855269006	16.0	0.05617220743712179
729515	ENSG00000215712	TMEM242	TMEM242	1.0	7.0	0.778589531480543	52.0	0.23696203132016527
340393	ENSG00000261587	CATSPERQ	TMEM249	1.0	8.0	1.0	59.0	0.34782608695652173
84866	ENSG00000149582	TMEM25	TMEM25	1.0	3.0	0.6272319442969578	51.0	0.08181286229960319
90120	ENSG00000238227	TMEM250	TMEM250	1.0	1.0	0.6160588786158587	31.0	0.026785168635472117
26175	ENSG00000275947	LYSET	TMEM251	1.0	2.0	0.5572663590165226	31.0	0.048457944262306304
80195	ENSG00000133678	TMEM254	TMEM254	1.0	4.0	0.607247956152082	53.0	0.1056083402003621
55026	ENSG00000125355	TMEM255A	TMEM255A	1.0	8.0	0.5576825465571379	31.0	0.19397653793291753
348013	ENSG00000282107	TMEM255B	TMEM255B	1.0	2.0	0.3715084283759165	53.0	0.03230508072834057
254863	ENSG00000205544	TMEM256	TMEM256	1.0	8.0	0.49353977978002206	60.0	0.17166601035826853
54916	ENSG00000070269	TMEM260	TMEM260	1.0	1.0	0.4369540877895107	32.0	0.018998003816935248
90488	ENSG00000151135	TMEM263	TMEM263	1.0	12.0	0.6638434524005685	49.0	0.3463531056002966
123591	ENSG00000169758	TMEM266	TMEM266	1.0	4.0	0.6455976994374657	32.0	0.11227786077173316
203197	ENSG00000157693	TMEM268	TMEM268	1.0	1.0	0.5402325590068991	32.0	0.023488372130734746
79041	ENSG00000072954	TMEM38A	TMEM38A	0.0	0.0	0.5125949931775622	32.0	0.0
55151	ENSG00000095209	TMEM38B	TMEM38B	0.0	0.0	0.3761420069037871	32.0	0.0
55254	ENSG00000176142	TMEM39A	TMEM39A	0.0	0.0	0.35722351022162085	32.0	0.0
440026	ENSG00000166471	TMEM41B	TMEM41B	0.0	0.0	0.3745849810902288	59.0	0.0
131616	ENSG00000169964	TMEM42	TMEM42	1.0	11.0	0.5789109377697637	60.0	0.2768704484985826
93109	ENSG00000145014	TMEM44	TMEM44	0.0	0.0	0.36309469171651626	31.0	0.0
83604	ENSG00000147027	TMEM47	TMEM47	1.0	4.0	0.5618416761374438	3.0	0.09771159584999023
23585	ENSG00000183726	TMEM50A	TMEM50A	1.0	2.0	0.4680691179677967	49.0	0.040701662431982324
79639	ENSG00000126106	TMEM53	TMEM53	1.0	9.0	0.5998517524729545	60.0	0.2347245987937648
113452	ENSG00000121900	TMEM54	TMEM54	1.0	3.0	0.6507368596393888	18.0	0.08487872082252897
9528	ENSG00000116209	TMEM59	TMEM59	1.0	4.0	0.3820756590711202	40.0	0.0664479407080209
25789	ENSG00000105696	TMEM59L	TMEM59L	1.0	7.0	0.6537515588138473	33.0	0.19896786572595354
157378	ENSG00000164983	TMEM65	TMEM65	1.0	6.0	0.5837005598447061	40.0	0.15226971126383637
54968	ENSG00000175606	TMEM70	TMEM70	1.0	4.0	0.4989848558496856	40.0	0.0867799749303801
157753	ENSG00000164841	TMEM74	TMEM74	1.0	7.0	0.6980383449513705	31.0	0.21244645281128668
55321	ENSG00000125895	TMEM74B	TMEM74B	1.0	4.0	0.6634226940834304	33.0	0.11537785984059658
388730	ENSG00000174529	TMEM81	TMEM81	0.0	0.0	0.4476822191941607	32.0	0.0
255043	ENSG00000180089	TMEM86B	TMEM86B	0.0	0.0	0.5402884794451136	32.0	0.0
25963	ENSG00000103978	TMEM87A	TMEM87A	0.0	0.0	0.32391732696158076	32.0	0.0
84910	ENSG00000153214	TMEM87B	TMEM87B	1.0	2.0	0.5058862377951883	58.0	0.043990107634364194
92162	ENSG00000167874	TMEM88	TMEM88	0.0	0.0	0.28266668623018226	32.0	0.0
51754	ENSG00000137103	TMEM8B	TMEM8B	1.0	7.0	0.8558616653637398	49.0	0.2604796372846165
252839	ENSG00000116857	TMEM9	TMEM9	1.0	11.0	0.623588801641888	52.0	0.29823812252438126
641649	ENSG00000142046	TMEM91	TMEM91	1.0	9.0	0.6792799172256149	52.0	0.26580518500132755
27346	ENSG00000109084	TMEM97	TMEM97	1.0	2.0	0.6393949016025942	31.0	0.055599556661095145
259236	ENSG00000181585	TMIE	TMIE	1.0	6.0	0.64137051229504	49.0	0.1673140466856626
55217	ENSG00000185973	TMLHE	TMLHE	0.0	0.0	0.3635583067017659	32.0	0.0
7111	ENSG00000136842	TMOD1	TMOD1	1.0	2.0	0.717737386234718	7.0	0.06241194662910591
29766	ENSG00000138594	TMOD3	TMOD3	1.0	8.0	0.6287077020060596	55.0	0.21868093982819464
7112	ENSG00000120802	TMPO	TMPO	1.0	1.0	0.5521834032629526	32.0	0.02400797405491098
164656	ENSG00000187045	TMPRSS6	TMPRSS6	1.0	1.0	0.4475101662304634	33.0	0.019456963749150583
9168	ENSG00000034510	TMSB10	TMSB10	1.0	6.0	0.6652948069290292	18.0	0.17355516702496412
286527	ENSG00000158427	TMSB15B	TMSB15B	1.0	4.0	0.8439903699843226	40.0	0.146780933910317
7114	ENSG00000205542	TMSB4X	TMSB4X	1.0	6.0	0.547900587670151	40.0	0.1429305880878655
83857	ENSG00000133687	TMTC1	TMTC1	1.0	3.0	0.4202569163989651	33.0	0.054816119530299794
84899	ENSG00000125247	TMTC4	TMTC4	0.0	0.0	0.4450305054753637	18.0	0.0
79089	ENSG00000168591	TMUB2	TMUB2	1.0	3.0	0.5922593368277664	33.0	0.07725121784709997
81542	ENSG00000139921	TMX1	TMX1	0.0	0.0	0.2259152684524221	32.0	0.0
56255	ENSG00000125827	TMX4	TMX4	0.0	0.0	0.217696346844199	52.0	0.0
3371	ENSG00000041982	TNC	TNC	0.0	0.0	0.2254453358813226	9.0	0.0
7124	ENSG00000228849	TNF	TNF	0.0	0.0	0.28762713014186303	31.0	0.0
7126	ENSG00000109079	TNFAIP1	TNFAIP1	1.0	1.0	0.5424933985028766	33.0	0.023586669500125067
7127	ENSG00000185215	TNFAIP2	TNFAIP2	1.0	7.0	0.62074017141488	42.0	0.1889209217349635
126282	ENSG00000185361	TIPE1	TNFAIP8L1	1.0	6.0	0.6959910315472386	49.0	0.1815628777949318
79626	ENSG00000163154	TIPE2	TNFAIP8L2	1.0	7.0	0.5243964406063913	55.0	0.15959891670629303
388121	ENSG00000183578	TIPE3	TNFAIP8L3	1.0	8.0	0.701137484588656	41.0	0.24387390768301076
8795	ENSG00000120889	TNFRSF10B	TNFRSF10B	1.0	5.0	0.487257003804312	31.0	0.10592543560963305
8792	ENSG00000141655	TNFRSF11A	TNFRSF11A	1.0	8.0	0.7708197835072482	33.0	0.2681112290459994
51330	ENSG00000006327	TNFRSF12A	TNFRSF12A	1.0	1.0	0.29075948255194123	32.0	0.012641716632693097
115650	ENSG00000159958	TNFRSF13C	TNFRSF13C	1.0	8.0	0.5805458288590104	33.0	0.20192898395096012
8764	ENSG00000157873	TNFRSF14	TNFRSF14	1.0	5.0	0.46838962180779203	33.0	0.10182383082778088
27242	ENSG00000146072	TNFRSF21	TNFRSF21	0.0	0.0	0.27720145275970115	33.0	0.0
8718	ENSG00000215788	TNFRSF25	TNFRSF25	1.0	1.0	0.5473917420438303	31.0	0.023799640958427407
7293	ENSG00000186827	TNFRSF4	TNFRSF4	1.0	1.0	0.6109095988927663	31.0	0.026561286908381145
8742	ENSG00000239697	TNFSF12	TNFSF12	1.0	4.0	0.7186589239969051	33.0	0.12498416069511394
10673	ENSG00000102524	TNFSF13B	TNFSF13B	1.0	4.0	0.6788284048263603	33.0	0.11805711388284527
23043	ENSG00000154310	TNIK	TNIK	1.0	8.0	0.5977256196646102	53.0	0.20790456336160357
10318	ENSG00000145901	TNIP1	TNIP1	0.0	0.0	0.23993174799512093	31.0	0.0
8658	ENSG00000285372	TNKS	TNKS	0.0	0.0	0.34955276141009056	32.0	0.0
7125	ENSG00000101470	TNNC2	TNNC2	0.0	0.0	0.5154759960446715	19.0	0.0
7137	ENSG00000129991	TNNI3	TNNI3	1.0	6.0	0.5867149897838574	49.0	0.15305608429144105
7138	ENSG00000105048	TNNT1	TNNT1	1.0	10.0	0.7082447141539187	52.0	0.30793248441474724
7139	ENSG00000118194	TNNT2	TNNT2	0.0	0.0	0.4059898067050945	39.0	0.0
7140	ENSG00000130595	TNNT3	TNNT3	1.0	2.0	0.4517168559348928	16.0	0.03927972660303416
7145	ENSG00000079308	TNS1	TNS1	0.0	0.0	0.3253227443548655	32.0	0.0
10140	ENSG00000141232	TOB1	TOB1	0.0	0.0	0.32404365880169145	32.0	0.0
54472	ENSG00000291426	TOLLIP	TOLLIP	1.0	3.0	0.6515172125023211	49.0	0.08498050597856362
10040	ENSG00000141198	TOM1L1	TOM1L1	1.0	6.0	0.6493467845655966	18.0	0.16939481336493822
9804	ENSG00000173726	TOMM20	TOMM20	1.0	4.0	0.6531548315781973	33.0	0.11359214462229518
10953	ENSG00000025772	TOMM34	TOMM34	0.0	0.0	0.42146421898408654	36.0	0.0
84134	ENSG00000158882	TOMM40L	TOMM40L	1.0	1.0	0.5250159557065497	2.0	0.022826780682893465
7155	ENSG00000077097	TOP2B	TOP2B	1.0	3.0	0.6532410227161012	33.0	0.08520535078905668
7156	ENSG00000177302	TOP3A	TOP3A	1.0	2.0	0.6703820803336789	33.0	0.058294093942059026
10210	ENSG00000197579	TOPORS	TOPORS	1.0	3.0	0.5023718449185948	32.0	0.06552676238068628
26092	ENSG00000143337	TOR1AIP1	TOR1AIP1	0.0	0.0	0.3789821326989934	32.0	0.0
163590	ENSG00000169905	TOR1AIP2	TOR1AIP2	0.0	0.0	0.38700953261797943	53.0	0.0
54863	ENSG00000198113	TOR4A	TOR4A	1.0	1.0	0.3649431200245512	33.0	0.015867092174980488
9760	ENSG00000198846	TOX	TOX	1.0	1.0	0.617083857077191	52.0	0.02682973291639961
84969	ENSG00000124191	TOX2	TOX2	0.0	0.0	0.3053675853594088	52.0	0.0
27324	ENSG00000103460	TOX3	TOX3	1.0	12.0	0.7434086424845651	49.0	0.3878653786875991
9878	ENSG00000092203	TOX4	TOX4	1.0	2.0	0.5564481534099397	40.0	0.04838679594869041
7159	ENSG00000143514	TP53BP2	TP53BP2	1.0	6.0	0.49687506424446276	52.0	0.12961958197681636
9537	ENSG00000175274	TP53I11	TP53I11	1.0	13.0	0.8603827823338778	49.0	0.4863033117539309
9540	ENSG00000115129	TP53I3	TP53I3	1.0	5.0	0.5410494966171282	31.0	0.11761945578633222
11257	ENSG00000182165	TP53TG1	TP53TG1	1.0	4.0	0.4628026482096843	40.0	0.0804874170799451
729264	ENSG00000205456	TP53TG3D	TP53TG3D	1.0	1.0	0.40509652578029304	32.0	0.01761289242523013
7162	ENSG00000146242	TPBG	TPBG	0.0	0.0	0.28902589477373	32.0	0.0
53373	ENSG00000186815	TPCN1	TPCN1	0.0	0.0	0.36682601377712903	31.0	0.0
219931	ENSG00000162341	TPCN2	TPCN2	1.0	4.0	0.7433895220348052	32.0	0.12928513426692265
7163	ENSG00000076554	TPD52	TPD52	1.0	3.0	0.6301425331266886	51.0	0.08219250432087241
7164	ENSG00000111907	TPD52L1	TPD52L1	1.0	2.0	0.4726063199635041	31.0	0.04109620173595688
25941	ENSG00000134779	TPGS2	TPGS2	1.0	1.0	0.2111742104213145	5.0	0.00918148740962237
7167	ENSG00000111669	TPI1	TPI1	1.0	4.0	0.5364092014153709	40.0	0.09328855676789058
286016	ENSG00000293205	TPI1P2	TPI1P2	1.0	5.0	0.5826755821399711	33.0	0.12666860481303718
27010	ENSG00000196511	TPK1	TPK1	1.0	1.0	0.5111140490361793	32.0	0.02222234995809475
7170	ENSG00000143549	TPM3	TPM3	1.0	6.0	0.6893079077648411	49.0	0.17981945419952375
7172	ENSG00000137364	TPMT	TPMT	1.0	1.0	0.4974010210462806	1.0	0.021626131349838287
1200	ENSG00000166340	TPP1	TPP1	1.0	6.0	0.4173555619012823	33.0	0.10887536397424756
7174	ENSG00000134900	TPP2	TPP2	0.0	0.0	0.2668343007387166	32.0	0.0
51673	ENSG00000159713	TPPP3	TPPP3	0.0	0.0	0.3782822149091869	32.0	0.0
7175	ENSG00000047410	TPR	TPR	1.0	2.0	0.4304390038777962	32.0	0.037429478598069235
127262	ENSG00000158109	TPRG1L	TPRG1L	1.0	9.0	0.6705936470615966	31.0	0.2624062097197552
348825	ENSG00000292995	TPRXL	TPRXL	1.0	3.0	0.6835696251324732	16.0	0.08916125545206172
8459	ENSG00000128294	TPST2	TPST2	1.0	2.0	0.4762603399305903	33.0	0.04141394260266003
7178	ENSG00000133112	TPT1	TPT1	1.0	5.0	0.5727464035059974	40.0	0.12451008771869508
7179	ENSG00000274391	TPTE	TPTE	1.0	5.0	0.7684409750427318	35.0	0.16705238587885474
387590	ENSG00000290418	TPTEP1	TPTEP1	1.0	1.0	0.4675136987082242	32.0	0.020326682552531485
6434	ENSG00000136527	TRA2B	TRA2B	1.0	5.0	0.6687736460368203	51.0	0.14538557522539572
129293	ENSG00000186854	TRABD2A	TRABD2A	1.0	3.0	0.6207601245863177	33.0	0.08096871190256318
8717	ENSG00000102871	TRADD	TRADD	1.0	2.0	0.31758789619478256	52.0	0.02761633879954631
7186	ENSG00000127191	TRAF2	TRAF2	0.0	0.0	0.3554733706204228	32.0	0.0
7187	ENSG00000131323	TRAF3	TRAF3	1.0	1.0	0.41988281060871363	16.0	0.018255774374291895
10758	ENSG00000056972	TRAF3IP2	TRAF3IP2	1.0	7.0	0.48060619191466547	33.0	0.14627144971315906
80342	ENSG00000009790	TRAF3IP3	TRAF3IP3	1.0	9.0	0.5089460571151682	33.0	0.19915280495810928
7188	ENSG00000082512	TRAF5	TRAF5	1.0	1.0	0.5768982411579684	52.0	0.025082532224259494
7189	ENSG00000175104	TRAF6	TRAF6	1.0	2.0	0.5709714771188595	33.0	0.04964969366250952
84231	ENSG00000131653	TRAF7	TRAF7	1.0	2.0	0.5483037645378731	33.0	0.04767858822068462
10293	ENSG00000183763	TRAIP	TRAIP	1.0	12.0	0.7232981953932173	63.0	0.37737297150950466
66008	ENSG00000115993	TRAK2	TRAK2	0.0	0.0	0.19111397519950848	31.0	0.0
401264	ENSG00000225791	TRAM2-AS1	TRAM2-AS1	0.0	0.0	0.3223124942391083	32.0	0.0
9881	ENSG00000168016	TRANK1	TRANK1	0.0	0.0	0.568101378694377	31.0	0.0
60684	ENSG00000168538	TRAPPC11	TRAPPC11	1.0	2.0	0.6021686134253191	32.0	0.052362488123940794
10597	ENSG00000256060	TRAPPC2B	TRAPPC2B	0.0	0.0	0.4967380783541071	32.0	0.0
51693	ENSG00000167515	TRAPPC2L	TRAPPC2L	1.0	9.0	0.5840493352030766	52.0	0.22854104420989954
27095	ENSG00000054116	TRAPPC3	TRAPPC3	1.0	3.0	0.5521641333908923	33.0	0.07202140870315987
51399	ENSG00000196655	TRAPPC4	TRAPPC4	1.0	6.0	0.6018157919283965	40.0	0.15699542398132083
79090	ENSG00000007255	TRAPPC6A	TRAPPC6A	1.0	4.0	0.5312044344574859	49.0	0.09238337990564972
1787	ENSG00000107614	TRDMT1	TRDMT1	1.0	2.0	0.360833852424896	32.0	0.031376856732599656
55809	ENSG00000124496	TRERF1	TRERF1	0.0	0.0	0.556313678233967	32.0	0.0
7200	ENSG00000170893	TRH	TRH	1.0	2.0	0.3983224211854869	33.0	0.03463673227699886
29953	ENSG00000072657	TRHDE	TRHDE	1.0	2.0	0.692071991825968	51.0	0.06018017320225809
10221	ENSG00000173334	TRIB1	TRIB1	1.0	8.0	0.44863134202549676	32.0	0.15604568418278147
28951	ENSG00000071575	TRIB2	TRIB2	1.0	4.0	0.6410424695117514	9.0	0.11148564687160893
57761	ENSG00000101255	TRIB3	TRIB3	1.0	10.0	0.8057785703622994	18.0	0.35033850885317364
9865	ENSG00000255690	TRIL	TRIL	1.0	4.0	0.4876412842050678	40.0	0.08480717986175092
51127	ENSG00000162931	TRIM17	TRIM17	1.0	7.0	0.7196257208708716	49.0	0.21901652374330877
6737	ENSG00000132109	TRIM21	TRIM21	0.0	0.0	0.30587008811777167	32.0	0.0
10346	ENSG00000132274	TRIM22	TRIM22	1.0	4.0	0.4215539793248046	16.0	0.07331373553474863
373	ENSG00000113595	TRIM23	TRIM23	1.0	1.0	0.5238812368054993	32.0	0.022777445078499967
8805	ENSG00000122779	TRIM24	TRIM24	1.0	7.0	0.5821391329579866	52.0	0.17717277959590896
7706	ENSG00000121060	TRIM25	TRIM25	1.0	3.0	0.4602890232778643	16.0	0.06003769868841708
7726	ENSG00000234127	TRIM26	TRIM26	1.0	2.0	0.30264835511383675	32.0	0.026317248270768413
5987	ENSG00000234495	TRIM27	TRIM27	1.0	10.0	0.6324714022049928	49.0	0.2749875661760838
10155	ENSG00000130726	TRIM28	TRIM28	1.0	3.0	0.5543688472722847	33.0	0.07230898007899367
10612	ENSG00000110171	TRIM3	TRIM3	1.0	2.0	0.5443991498639413	3.0	0.04733905650990794
22954	ENSG00000119401	TRIM32	TRIM32	0.0	0.0	0.45770872484947417	32.0	0.0
23087	ENSG00000104228	TRIM35	TRIM35	0.0	0.0	0.17826036352976793	32.0	0.0
55521	ENSG00000152503	TRIM36	TRIM36	1.0	7.0	0.5770276669336705	41.0	0.17561711602329103
4591	ENSG00000108395	TRIM37	TRIM37	0.0	0.0	0.20900638258658613	39.0	0.0
90933	ENSG00000146063	TRIM41	TRIM41	0.0	0.0	0.3220593250349117	32.0	0.0
54765	ENSG00000166326	TRIM44	TRIM44	1.0	1.0	0.4976385637477481	2.0	0.02163645929338035
80263	ENSG00000134253	TRIM45	TRIM45	1.0	9.0	0.7463185514650987	8.0	0.2920376940515604
91107	ENSG00000132481	TRIM47	TRIM47	0.0	0.0	0.1243789353664718	32.0	0.0
85363	ENSG00000132256	TRIM5	TRIM5	0.0	0.0	0.3915398913800818	55.0	0.0
84851	ENSG00000183718	TRIM52	TRIM52	0.0	0.0	0.4581127713286459	10.0	0.0
81844	ENSG00000169871	TRIM56	TRIM56	1.0	1.0	0.33231800088656926	32.0	0.014448608734198664
25893	ENSG00000162722	TRIM58	TRIM58	1.0	1.0	0.37089236332423964	31.0	0.016125754927140853
391712	ENSG00000183439	TRIM61	TRIM61	0.0	0.0	0.49155316194532933	53.0	0.0
55223	ENSG00000116525	TRIM62	TRIM62	1.0	3.0	0.3886022694418875	52.0	0.05068725253589837
201292	ENSG00000141569	TRIM65	TRIM65	1.0	1.0	0.3973428424460721	31.0	0.017275775758524875
140691	ENSG00000278211	TRIM69	TRIM69	1.0	1.0	0.49596460628434363	32.0	0.021563678534101897
81786	ENSG00000146054	TRIM7	TRIM7	1.0	1.0	0.6224569491489903	31.0	0.02706334561517349
131405	ENSG00000206557	TRIM71	TRIM71	1.0	7.0	0.6555326450511141	49.0	0.19950993545033907
81603	ENSG00000171206	TRIM8	TRIM8	1.0	3.0	0.5971404334084518	52.0	0.0778878826184937
114088	ENSG00000100505	TRIM9	TRIM9	1.0	1.0	0.693117014972876	32.0	0.030135522390125045
7204	ENSG00000038382	TRIO	TRIO	1.0	7.0	0.8867784600434523	65.0	0.26988909653496373
11078	ENSG00000100106	TRIOBP	TRIOBP	1.0	1.0	0.3708223866564304	60.0	0.01612271246332306
9321	ENSG00000100815	TRIP11	TRIP11	0.0	0.0	0.2602660173240301	32.0	0.0
9320	ENSG00000153827	TRIP12	TRIP12	1.0	5.0	0.40621052724433765	31.0	0.0883066363574647
7205	ENSG00000087077	TRIP6	TRIP6	1.0	4.0	0.47146208879291285	33.0	0.08199340674659354
54802	ENSG00000043514	TRIT1	TRIT1	0.0	0.0	0.5961474146267425	3.0	0.0
93587	ENSG00000145331	TRMT10A	TRMT10A	0.0	0.0	0.12805037904364153	10.0	0.0
54931	ENSG00000174173	TRMT10C	TRMT10C	1.0	3.0	0.41517547963379836	33.0	0.054153323430495434
55039	ENSG00000183665	TYW2	TRMT12	1.0	8.0	0.7273764655730021	31.0	0.25300050976452243
54482	ENSG00000122435	TRMT13	TRMT13	1.0	1.0	0.37758362517194777	53.0	0.016416679355302076
79979	ENSG00000188917	TRMT2B	TRMT2B	0.0	0.0	0.31657329379369376	1.0	0.0
55006	ENSG00000171103	TRMT61B	TRMT61B	1.0	1.0	0.36586155006789367	32.0	0.015907023915995376
57604	ENSG00000284872	TRMT9B	TRMT9B	0.0	0.0	0.4660850352458973	32.0	0.0
54952	ENSG00000180098	TRNAU1AP	TRNAU1AP	1.0	2.0	0.6483240915673335	40.0	0.05637600796237682
388610	ENSG00000253368	TRNP1	TRNP1	0.0	0.0	0.3594712525258101	31.0	0.0
7222	ENSG00000138741	TRPC3	TRPC3	0.0	0.0	0.27783660440491337	41.0	0.0
7223	ENSG00000133107	TRPC4	TRPC4	1.0	9.0	0.7454926105278412	53.0	0.29171449977176395
7226	ENSG00000142185	TRPM2	TRPM2	0.0	0.0	0.396888026168464	10.0	0.0
80036	ENSG00000083067	TRPM3	TRPM3	0.0	0.0	0.32490112271035004	60.0	0.0
54795	ENSG00000130529	TRPM4	TRPM4	0.0	0.0	0.3620924928363571	32.0	0.0
7227	ENSG00000104447	TRPS1	TRPS1	1.0	2.0	0.42884542307812823	33.0	0.037290906354619846
83707	ENSG00000149743	TRPT1	TRPT1	0.0	0.0	0.16944848678902794	44.0	0.0
51393	ENSG00000187688	TRPV2	TRPV2	1.0	8.0	0.5838211595810711	52.0	0.20306822941950298
162514	ENSG00000167723	TRPV3	TRPV3	0.0	0.0	0.24221049930879462	53.0	0.0
8295	ENSG00000196367	TRRAP	TRRAP	0.0	0.0	0.5217529225766833	31.0	0.0
142940	ENSG00000165832	TRUB1	TRUB1	1.0	5.0	0.649307683018415	40.0	0.14115384413443804
128229	ENSG00000163467	TSACC	TSACC	1.0	2.0	0.3772461806637149	31.0	0.03280401570988825
7249	ENSG00000103197	TSC2	TSC2	1.0	2.0	0.5889983250774852	33.0	0.05121724565891175
8848	ENSG00000102804	TSC22D1	TSC22D1	1.0	1.0	0.5401997130137987	32.0	0.023486944044078202
80746	ENSG00000154743	TSEN2	TSEN2	0.0	0.0	0.5974200359446447	32.0	0.0
79042	ENSG00000274129	TSEN34	TSEN34	1.0	13.0	0.6333989612171925	52.0	0.35800810851406534
10194	ENSG00000179981	TSHZ1	TSHZ1	0.0	0.0	0.7050195229079845	32.0	0.0
128553	ENSG00000182463	TSHZ2	TSHZ2	1.0	3.0	0.7842375176860947	2.0	0.10229185013296888
57616	ENSG00000121297	TSHZ3	TSHZ3	1.0	2.0	0.7477099706023251	40.0	0.06501825831324566
203062	ENSG00000171045	TSNARE1	TSNARE1	1.0	2.0	0.6930443761228728	33.0	0.06026472835851068
55815	ENSG00000102904	TSNAXIP1	TSNAXIP1	1.0	1.0	0.5623668072855404	52.0	0.024450730751545236
23554	ENSG00000106025	TSPAN12	TSPAN12	1.0	2.0	0.43449542979007677	33.0	0.03778221128609363
27075	ENSG00000106537	TSPAN13	TSPAN13	1.0	1.0	0.5701606822041099	33.0	0.02478959487843956
81619	ENSG00000108219	TSPAN14	TSPAN14	1.0	7.0	0.7362521038812653	54.0	0.22407672726821118
26262	ENSG00000048140	TSPAN17	TSPAN17	1.0	5.0	0.7037857620548156	51.0	0.15299690479452513
90139	ENSG00000157570	TSPAN18	TSPAN18	1.0	3.0	0.5345939340650753	33.0	0.06972964357370547
10100	ENSG00000134198	TSPAN2	TSPAN2	1.0	3.0	0.38053089765658626	32.0	0.04963446491172864
6302	ENSG00000135452	TSPAN31	TSPAN31	0.0	0.0	0.22682514637280107	31.0	0.0
340348	ENSG00000158457	TSPAN33	TSPAN33	1.0	6.0	0.43607628720477065	33.0	0.11375903144472277
7106	ENSG00000214063	TSPAN4	TSPAN4	1.0	1.0	0.5923190613070107	33.0	0.025753002665522204
10098	ENSG00000168785	TSPAN5	TSPAN5	1.0	4.0	0.6080236879047832	33.0	0.10574325007039707
7105	ENSG00000000003	TSPAN6	TSPAN6	1.0	9.0	0.5511644618342498	33.0	0.21567305028296732
7102	ENSG00000156298	TSPAN7	TSPAN7	1.0	2.0	0.6532347484677834	31.0	0.056803021605894205
7103	ENSG00000127324	TSPAN8	TSPAN8	0.0	0.0	0.11543195502748808	32.0	0.0
10867	ENSG00000011105	TSPAN9	TSPAN9	1.0	1.0	0.3228190505615414	49.0	0.01403561089398006
706	ENSG00000100300	TSPO	TSPO	0.0	0.0	0.3052949995070235	33.0	0.0
9256	ENSG00000005379	TSPOAP1	TSPOAP1	1.0	9.0	0.9007367110921581	32.0	0.35246219129693146
100506779	ENSG00000265148	TSPOAP1-AS1	TSPOAP1-AS1	1.0	1.0	0.5852519028898314	16.0	0.02544573490825354
7259	ENSG00000189241	TSPYL1	TSPYL1	0.0	0.0	0.5438066527959542	32.0	0.0
64061	ENSG00000184205	TSPYL2	TSPYL2	1.0	4.0	0.74689355835988	1.0	0.12989453188867478
23270	ENSG00000187189	TSPYL4	TSPYL4	1.0	2.0	0.5491332469945905	32.0	0.04775071712996439
85453	ENSG00000180543	TSPYL5	TSPYL5	1.0	1.0	0.4415659137805552	31.0	0.01919851799045892
55720	ENSG00000167721	TSR1	TSR1	1.0	3.0	0.5471729596811498	32.0	0.07137038604536736
90121	ENSG00000158526	TSR2	TSR2	1.0	4.0	0.6256946343036734	52.0	0.1088164581397693
7263	ENSG00000128311	TST	TST	1.0	5.0	0.37623229058688673	32.0	0.08178962838845363
7264	ENSG00000278243	GFUS	TSTA3	1.0	3.0	0.49776726803629706	33.0	0.06492616539603875
100131187	ENSG00000215845	TSTD1	TSTD1	1.0	9.0	0.8121550010917854	32.0	0.31779978303591605
84630	ENSG00000146216	TTBK1	TTBK1	1.0	4.0	0.7077091770675804	49.0	0.12307985688131833
146057	ENSG00000128881	TTBK2	TTBK2	0.0	0.0	0.28094117958381276	32.0	0.0
54970	ENSG00000149292	TTC12	TTC12	0.0	0.0	0.2833086438767558	32.0	0.0
151613	ENSG00000163728	TTC14	TTC14	0.0	0.0	0.4993916497306776	31.0	0.0
54902	ENSG00000011295	TTC19	TTC19	1.0	2.0	0.6012498450949132	40.0	0.05228259522564462
199223	ENSG00000168026	TTC21A	TTC21A	1.0	2.0	0.7165794025740396	31.0	0.06231125239774257
79809	ENSG00000123607	TTC21B	TTC21B	0.0	0.0	0.36801460284976545	31.0	0.0
153657	ENSG00000205838	TTC23L	TTC23L	1.0	3.0	0.5565021917416826	32.0	0.07258724240108903
92104	ENSG00000197557	IFT70A	TTC30A	1.0	1.0	0.43934384901145623	53.0	0.019101906478758965
9652	ENSG00000198677	SKIC3	TTC37	1.0	2.0	0.3751602103515433	55.0	0.032622626987090717
55020	ENSG00000075234	TTC38	TTC38	1.0	5.0	0.44494293419448855	33.0	0.09672672482488881
22996	ENSG00000085831	TTC39A	TTC39A	0.0	0.0	0.11000456144350697	39.0	0.0
158219	ENSG00000155158	TTC39B	TTC39B	0.0	0.0	0.2928421414620284	32.0	0.0
125488	ENSG00000168234	TTC39C	TTC39C	1.0	2.0	0.5225115845012559	31.0	0.045435789956630945
145567	ENSG00000165914	TTC7B	TTC7B	1.0	5.0	0.7293918856901498	41.0	0.1585634534109021
123016	ENSG00000165533	TTC8	TTC8	1.0	7.0	0.7828702232835325	31.0	0.23826485056455338
23508	ENSG00000133985	TTC9	TTC9	1.0	3.0	0.4876808427400964	2.0	0.06361054470522996
148014	ENSG00000174521	TTC9B	TTC9B	1.0	6.0	0.7961221856260612	31.0	0.20768404842418986
8458	ENSG00000116830	TTF2	TTF2	1.0	1.0	0.42133241137672794	53.0	0.018318800494640346
150465	ENSG00000114999	TTL	TTL	1.0	1.0	0.5264423198312453	41.0	0.022888796514401972
25809	ENSG00000100271	TTLL1	TTLL1	1.0	8.0	0.6828051985720153	31.0	0.23749746037287486
158135	ENSG00000175764	TTLL11	TTLL11	0.0	0.0	0.2161989443195673	33.0	0.0
23170	ENSG00000100304	TTLL12	TTLL12	1.0	2.0	0.6086991245108238	3.0	0.05293035865311511
9654	ENSG00000135912	TTLL4	TTLL4	1.0	3.0	0.45136811402237326	33.0	0.0588741018290052
7273	ENSG00000155657	TTN	TTN	0.0	0.0	0.29849902607872514	33.0	0.0
7274	ENSG00000137561	TTPA	TTPA	1.0	5.0	0.5411523490376308	52.0	0.11764181500818059
79183	ENSG00000124120	TTPAL	TTPAL	1.0	7.0	0.6714264480902153	49.0	0.2043471798535438
7276	ENSG00000118271	TTR	TTR	1.0	3.0	0.6385983604792969	33.0	0.08329543832338654
57348	ENSG00000276887	TTYH1	TTYH1	1.0	5.0	0.5121027879488438	32.0	0.11132669303235734
7275	ENSG00000166402	TUB	TUB	1.0	7.0	0.7242714837112856	1.0	0.22043045156430432
7846	ENSG00000167552	TUBA1A	TUBA1A	1.0	6.0	0.5391151768746453	33.0	0.14063874179338573
10376	ENSG00000123416	TUBA1B	TUBA1B	1.0	5.0	0.606932963564438	8.0	0.13194194860096478
84790	ENSG00000167553	TUBA1C	TUBA1C	1.0	1.0	0.3981408328063344	33.0	0.017310470991579757
7278	ENSG00000198033	TUBA3C	TUBA3C	1.0	2.0	0.49231910691973046	33.0	0.04281035712345482
7277	ENSG00000127824	TUBA4A	TUBA4A	1.0	3.0	0.5387423185841635	33.0	0.07027073720663003
80086	ENSG00000243910	TUBA4B	TUBA4B	1.0	3.0	0.562737430583825	33.0	0.07340053442397716
7280	ENSG00000137267	TUBB2A	TUBB2A	1.0	9.0	0.7116369073960559	18.0	0.2784666159375871
347733	ENSG00000137285	TUBB2B	TUBB2B	1.0	6.0	0.45159210375892495	31.0	0.1178066357631978
10381	ENSG00000258947	TUBB3	TUBB3	1.0	3.0	0.44755035822827494	4.0	0.058376133681948904
10382	ENSG00000104833	TUBB4A	TUBB4A	1.0	1.0	0.46296368568041846	40.0	0.020128855899148628
10383	ENSG00000188229	TUBB4B	TUBB4B	1.0	4.0	0.5285030704876975	18.0	0.0919135774761213
84617	ENSG00000176014	TUBB6	TUBB6	1.0	8.0	0.6224399648338071	18.0	0.21650085733349814
347688	ENSG00000261456	TUBB8	TUBB8	1.0	5.0	0.5758034207175134	2.0	0.12517465667772032
260334	ENSG00000173213	TUBB8B	TUBB8P12	1.0	7.0	0.6202211818428045	18.0	0.1887629683869405
51174	ENSG00000108423	TUBD1	TUBD1	0.0	0.0	0.3086910602637623	39.0	0.0
51175	ENSG00000074935	TUBE1	TUBE1	1.0	1.0	0.44074513352961836	32.0	0.019162831892592103
27175	ENSG00000037042	TUBG2	TUBG2	1.0	3.0	0.5586378784959302	9.0	0.07286581023859959
10426	ENSG00000126216	TUBGCP3	TUBGCP3	0.0	0.0	0.5141617687748867	32.0	0.0
27229	ENSG00000137822	TUBGCP4	TUBGCP4	1.0	1.0	0.45017013519179755	32.0	0.019572614573556416
114791	ENSG00000275835	TUBGCP5	TUBGCP5	0.0	0.0	0.4027234067355384	32.0	0.0
85378	ENSG00000128159	TUBGCP6	TUBGCP6	1.0	2.0	0.6732195455071172	33.0	0.058540830044097145
7289	ENSG00000078246	TULP3	TULP3	1.0	4.0	0.47820426321137505	53.0	0.08316595881936957
100507043	ENSG00000250366	TUNAR	TUNAR	1.0	1.0	0.3622424479562626	9.0	0.015749671650272287
286319	ENSG00000198680	TUSC1	TUSC1	1.0	2.0	0.814676659872163	52.0	0.07084144868453592
7991	ENSG00000104723	TUSC3	TUSC3	1.0	9.0	0.7109725294470531	49.0	0.2782066419575425
64852	ENSG00000149016	TUT1	TUT1	0.0	0.0	0.4480272090825496	53.0	0.0
780776	ENSG00000166676	TVP23A	TVP23A	1.0	2.0	0.5977892878079776	51.0	0.0519816772006937
11344	ENSG00000247596	TWF2	TWF2	1.0	2.0	0.47355442430533884	33.0	0.04117864559176859
7291	ENSG00000122691	TWIST1	TWIST1	1.0	2.0	0.45529674965529027	49.0	0.039591021709155676
200081	ENSG00000084652	TXLNA	TXLNA	1.0	1.0	0.46734304144735994	52.0	0.020319262671624344
167838	ENSG00000164440	TXLNB	TXLNB	1.0	5.0	0.8119583517121198	49.0	0.17651268515480864
55787	ENSG00000086712	TXLNG	TXLNG	0.0	0.0	0.3840853218645008	49.0	0.0
246126	ENSG00000291033	TXLNGY	TXLNGY	0.0	0.0	0.3837182273087024	32.0	0.0
7295	ENSG00000136810	TXN	TXN	1.0	8.0	0.6462298213576992	18.0	0.2247755900374606
10907	ENSG00000141759	TXNL4A	TXNL4A	1.0	6.0	0.5019965818473986	18.0	0.13095563004714744
114112	ENSG00000197763	TXNRD3	TXNRD3	1.0	2.0	0.5596853090760336	52.0	0.048668287745742056
1890	ENSG00000025708	TYMP	TYMP	1.0	2.0	0.5130790661913243	49.0	0.04461557097315863
7301	ENSG00000092445	TYRO3	TYRO3	1.0	5.0	0.7406295995810676	49.0	0.16100643469153642
7305	ENSG00000011600	TYROBP	TYROBP	1.0	3.0	0.47416542756413327	33.0	0.061847664464886945
7306	ENSG00000107165	TYRP1	TYRP1	1.0	4.0	0.6509438689703771	40.0	0.11320762938615254
129450	ENSG00000162971	TYW5	TYW5	1.0	8.0	0.7011269161510603	18.0	0.2438702317047166
23350	ENSG00000163714	U2SURP	U2SURP	1.0	1.0	0.5232280862684452	49.0	0.022749047229062833
55075	ENSG00000137831	UACA	UACA	0.0	0.0	0.27779975985814426	32.0	0.0
6675	ENSG00000117143	UAP1	UAP1	1.0	3.0	0.6433604800351902	18.0	0.08391658435241611
9039	ENSG00000144744	UBA3	UBA3	1.0	1.0	0.37602023066642554	31.0	0.016348705681148937
7311	ENSG00000221983	UBA52	UBA52	1.0	10.0	0.6140917522458001	49.0	0.2669964140199131
124402	ENSG00000153443	UBALD1	UBALD1	1.0	5.0	0.7406504592909442	52.0	0.16101096941107482
51271	ENSG00000165006	UBAP1	UBAP1	0.0	0.0	0.35233387996328874	32.0	0.0
390595	ENSG00000246922	UBAP1L	UBAP1L	0.0	0.0	0.4147645106427163	19.0	0.0
55833	ENSG00000137073	UBAP2	UBAP2	1.0	3.0	0.7040368557735095	31.0	0.09183089423132733
7316	ENSG00000150991	UBC	UBC	1.0	2.0	0.5594127745629598	40.0	0.04864458909243129
7319	ENSG00000077721	UBE2A	UBE2A	1.0	7.0	0.49886228264282034	56.0	0.15182765123911923
7320	ENSG00000119048	UBE2B	UBE2B	1.0	4.0	0.7156586846337599	33.0	0.12446237993630607
7321	ENSG00000072401	UBE2D1	UBE2D1	0.0	0.0	0.36864327997461566	32.0	0.0
7322	ENSG00000131508	UBE2D2	UBE2D2	1.0	7.0	0.5981645491881505	33.0	0.182050080187698
7323	ENSG00000109332	UBE2D3	UBE2D3	1.0	2.0	0.3804886902451784	32.0	0.03308597306479812
7325	ENSG00000182247	UBE2E2	UBE2E2	1.0	5.0	0.7156943765279585	51.0	0.15558573402781706
7326	ENSG00000132388	UBE2G1	UBE2G1	0.0	0.0	0.34724854670529015	32.0	0.0
7328	ENSG00000186591	UBE2H	UBE2H	1.0	2.0	0.4743921085310335	43.0	0.041251487698350735
7329	ENSG00000103275	UBE2I	UBE2I	1.0	2.0	0.7385980429122698	31.0	0.06422591677497998
51465	ENSG00000198833	UBE2J1	UBE2J1	1.0	2.0	0.5403562252718335	33.0	0.04698749784972465
3093	ENSG00000078140	UBE2K	UBE2K	1.0	4.0	0.566598414341154	51.0	0.09853885466802678
9040	ENSG00000130725	UBE2M	UBE2M	1.0	4.0	0.6433245753239959	2.0	0.1118825348389558
63893	ENSG00000175931	UBE2O	UBE2O	0.0	0.0	0.6050669045133182	32.0	0.0
134111	ENSG00000215218	UBE2QL1	UBE2QL1	0.0	0.0	0.46749369146487085	32.0	0.0
54926	ENSG00000107341	UBE2R2	UBE2R2	1.0	3.0	0.5764864591166476	1.0	0.07519388597173665
55284	ENSG00000104343	UBE2W	UBE2W	1.0	3.0	0.6515591975941198	53.0	0.0849859822948852
65264	ENSG00000159202	UBE2Z	UBE2Z	1.0	4.0	0.6722316568959492	33.0	0.11690985337320856
7337	ENSG00000114062	UBE3A	UBE3A	1.0	4.0	0.6405668260344166	9.0	0.11140292626685507
89910	ENSG00000151148	UBE3B	UBE3B	1.0	1.0	0.5341900990225318	32.0	0.023225656479240513
9690	ENSG00000009335	UBE3C	UBE3C	1.0	7.0	0.5339281667700343	31.0	0.16249987684305392
90025	ENSG00000118420	UBE3D	UBE3D	1.0	1.0	0.5341745698208311	32.0	0.023224981296557874
10277	ENSG00000130939	UBE4B	UBE4B	0.0	0.0	0.2999431532600454	31.0	0.0
29914	ENSG00000120942	UBIAD1	UBIAD1	1.0	2.0	0.342500754998142	52.0	0.029782674347664517
5412	ENSG00000122042	UBL3	UBL3	0.0	0.0	0.3029465066610699	32.0	0.0
59286	ENSG00000198258	UBL5	UBL5	1.0	4.0	0.586529114314116	49.0	0.1020050633589767
84993	ENSG00000138629	UBL7	UBL7	1.0	2.0	0.543701643742831	2.0	0.04727840380372444
440288	ENSG00000288390	UBL7-DT	UBL7-AS1	1.0	2.0	0.4320644780264359	53.0	0.03757082417621181
29855	ENSG00000118900	UBN1	UBN1	0.0	0.0	0.7114918517341088	36.0	0.0
7342	ENSG00000153560	UBP1	UBP1	1.0	1.0	0.6837812309331627	31.0	0.029729618736224463
56893	ENSG00000160803	UBQLN4	UBQLN4	1.0	1.0	0.5329324497177637	32.0	0.023170976074685375
197131	ENSG00000159459	UBR1	UBR1	1.0	4.0	0.6171418615393368	33.0	0.10732901939814553
23304	ENSG00000024048	UBR2	UBR2	0.0	0.0	0.43168595542821675	53.0	0.0
23352	ENSG00000127481	UBR4	UBR4	1.0	2.0	0.5930453407820014	33.0	0.05156916006800012
51366	ENSG00000104517	UBR5	UBR5	0.0	0.0	0.49895307159159663	32.0	0.0
92181	ENSG00000168246	UBTD2	UBTD2	0.0	0.0	0.2752372878356064	32.0	0.0
127733	ENSG00000162543	UBXN10	UBXN10	0.0	0.0	0.43329383115939163	32.0	0.0
137886	ENSG00000215114	UBXN2B	UBXN2B	1.0	5.0	0.681134807244017	9.0	0.14807278418348194
80700	ENSG00000167671	UBXN6	UBXN6	1.0	4.0	0.6291518155102064	8.0	0.10941770704525328
7993	ENSG00000104691	UBXN8	UBXN8	1.0	8.0	0.46363609476018447	53.0	0.16126472861223806
7345	ENSG00000154277	UCHL1	UCHL1	1.0	6.0	0.6808824054404111	33.0	0.1776214970714116
7347	ENSG00000118939	UCHL3	UCHL3	1.0	9.0	0.7068005776364948	31.0	0.27657413907515016
51377	ENSG00000116750	UCHL5	UCHL5	0.0	0.0	0.5011480809429973	32.0	0.0
90226	ENSG00000145040	UCN2	UCN2	1.0	1.0	0.3372335602740835	32.0	0.014662328707568848
7352	ENSG00000175564	UCP3	UCP3	0.0	0.0	0.5135309335215343	10.0	0.0
55293	ENSG00000151116	UEVLD	UEVLD	1.0	1.0	0.3987527335391926	32.0	0.017337075371269245
51506	ENSG00000143222	UFC1	UFC1	1.0	7.0	0.5894746917757973	49.0	0.17940534097524266
23376	ENSG00000014123	UFL1	UFL1	1.0	4.0	0.5306474556295891	33.0	0.09228651402253724
51569	ENSG00000120686	UFM1	UFM1	1.0	7.0	0.5912964019250697	59.0	0.17995977449893427
286183	ENSG00000185942	NKAIN3	UG0898H09	1.0	8.0	0.5696714454977292	9.0	0.1981465897383406
7357	ENSG00000148154	UGCG	UGCG	0.0	0.0	0.5259904736260331	32.0	0.0
56886	ENSG00000136731	UGGT1	UGGT1	0.0	0.0	0.36690124000776325	32.0	0.0
55757	ENSG00000102595	UGGT2	UGGT2	1.0	3.0	0.7548291715637172	33.0	0.09845597889961528
7360	ENSG00000169764	UGP2	UGP2	1.0	2.0	0.40675150838304	2.0	0.03536969638113391
7368	ENSG00000174607	UGT8	UGT8	0.0	0.0	0.23336633881799654	32.0	0.0
127933	ENSG00000152332	UHMK1	UHMK1	1.0	9.0	0.5001274623674724	31.0	0.19570205049161965
29128	ENSG00000276043	UHRF1	UHRF1	1.0	1.0	0.29583615031242794	32.0	0.012862441317931649
115426	ENSG00000147854	UHRF2	UHRF2	1.0	7.0	0.769075929415973	52.0	0.23406658721355703
51720	ENSG00000087206	UIMC1	UIMC1	0.0	0.0	0.5156139931771261	31.0	0.0
80328	ENSG00000131015	ULBP2	ULBP2	1.0	4.0	0.6482181551808099	49.0	0.11273359220535825
8408	ENSG00000177169	ULK1	ULK1	1.0	1.0	0.737004517754816	31.0	0.032043674684992
9706	ENSG00000083290	ULK2	ULK2	1.0	5.0	0.585949050457891	49.0	0.1273802283604111
25989	ENSG00000140474	ULK3	ULK3	1.0	1.0	0.5028172896828824	33.0	0.021861621290560105
150147	ENSG00000184385	UMODL1-AS1	UMODL1-AS1	1.0	2.0	0.562748273703212	33.0	0.048934632495931475
7372	ENSG00000114491	UMPS	UMPS	1.0	7.0	0.5285105110165387	55.0	0.16085102509199004
23025	ENSG00000130477	UNC13A	UNC13A	1.0	6.0	0.7056149141719372	49.0	0.18407345587094015
10497	ENSG00000198722	UNC13B	UNC13B	1.0	5.0	0.8362509073232369	33.0	0.1817936755050515
440279	ENSG00000137766	UNC13C	UNC13C	0.0	0.0	0.5567075375029166	7.0	0.0
201294	ENSG00000092929	UNC13D	UNC13D	0.0	0.0	0.3348666085021551	32.0	0.0
25972	ENSG00000115446	UNC50	UNC50	1.0	2.0	0.6142899017635166	33.0	0.05341651319682753
90249	ENSG00000113763	UNC5A	UNC5A	1.0	2.0	0.5271097390787349	51.0	0.04583562948510738
728978	ENSG00000237512	UNC5B-AS1	UNC5B-AS1	1.0	11.0	0.704028024197302	49.0	0.3367090550508836
137970	ENSG00000156687	UNC5D	UNC5D	1.0	2.0	0.7007318396025252	40.0	0.06093320344369784
57578	ENSG00000276416	UNC79	UNC79	1.0	1.0	0.6738532247297179	31.0	0.029297966292596428
81622	ENSG00000110057	UNC93B1	UNC93B1	1.0	4.0	0.4411578491764297	53.0	0.07672310420459647
65110	ENSG00000169062	UPF3A	UPF3A	0.0	0.0	0.35845180351263906	32.0	0.0
7378	ENSG00000183696	UPP1	UPP1	0.0	0.0	0.4501132460267087	32.0	0.0
151531	ENSG00000007001	UPP2	UPP2	1.0	10.0	0.8684345440782906	49.0	0.3775802365557785
84300	ENSG00000137288	UQCC2	UQCC2	1.0	4.0	0.539546750180952	55.0	0.09383421742277426
29796	ENSG00000184076	UQCR10	UQCR10	1.0	2.0	0.5828915752327339	31.0	0.05068622393328121
7385	ENSG00000140740	UQCRC2	UQCRC2	1.0	2.0	0.4669471495304464	33.0	0.040604099959169256
7386	ENSG00000169021	UQCRFS1	UQCRFS1	1.0	3.0	0.5132542755354613	33.0	0.06694620985245148
7388	ENSG00000173660	UQCRH	UQCRH	1.0	2.0	0.504331109118839	33.0	0.04385487905381209
440567	ENSG00000233954	UQCRHL	UQCRHL	1.0	1.0	0.46218385869317574	4.0	0.020094950377964164
55665	ENSG00000106608	URGCP	URGCP	0.0	0.0	0.5525615478856152	1.0	0.0
8725	ENSG00000105176	URI1	URI1	0.0	0.0	0.3571452424766263	32.0	0.0
81605	ENSG00000167118	URM1	URM1	0.0	0.0	0.3707039360789469	10.0	0.0
7390	ENSG00000188690	UROS	UROS	1.0	6.0	0.667103535547418	53.0	0.17402700927323947
55850	ENSG00000053501	USE1	USE1	1.0	3.0	0.5946862993444508	40.0	0.07756777817536314
7392	ENSG00000105698	USF2	USF2	0.0	0.0	0.3715935467359432	32.0	0.0
8615	ENSG00000138768	USO1	USO1	1.0	2.0	0.4697121373508983	9.0	0.040844533682686805
8975	ENSG00000058056	USP13	USP13	1.0	1.0	0.4191410430335786	19.0	0.01822352361015559
9097	ENSG00000101557	USP14	USP14	1.0	3.0	0.5692256676273815	22.0	0.07424682621226715
10600	ENSG00000291527	USP16	USP16	0.0	0.0	0.38453205717904665	31.0	0.0
11274	ENSG00000184979	USP18	USP18	1.0	5.0	0.5777551632929588	49.0	0.12559894854194756
10869	ENSG00000172046	USP19	USP19	1.0	1.0	0.46320834222964524	2.0	0.020139493140419358
23326	ENSG00000124422	USP22	USP22	1.0	4.0	0.7629018629780281	52.0	0.13267858486574402
23358	ENSG00000162402	USP24	USP24	1.0	3.0	0.5276137869153819	32.0	0.0688191895976585
57646	ENSG00000048028	USP28	USP28	1.0	1.0	0.6619511586316424	32.0	0.028780485157897495
9960	ENSG00000140455	USP3	USP3	1.0	3.0	0.419400166936305	55.0	0.0547043696003876
57478	ENSG00000103404	USP31	USP31	0.0	0.0	0.3984618255309902	53.0	0.0
162632	ENSG00000290976	USP32P1	USP32P1	1.0	6.0	0.80424943035219	54.0	0.20980419922231042
23032	ENSG00000077254	USP33	USP33	0.0	0.0	0.4388181318141229	31.0	0.0
57602	ENSG00000055483	USP36	USP36	0.0	0.0	0.4904631320839488	31.0	0.0
57695	ENSG00000135913	USP37	USP37	1.0	1.0	0.5373358984330575	57.0	0.023362430366654675
84640	ENSG00000170185	USP38	USP38	0.0	0.0	0.38599836074204835	32.0	0.0
7375	ENSG00000114316	USP4	USP4	1.0	2.0	0.555715399594854	2.0	0.048323078225639485
84132	ENSG00000106346	USP42	USP42	1.0	4.0	0.6382538281566871	33.0	0.11100066576638036
124739	ENSG00000154914	USP43	USP43	1.0	1.0	0.6695583578893961	33.0	0.029111232951712872
85015	ENSG00000123552	USP45	USP45	0.0	0.0	0.3837451710129046	10.0	0.0
64854	ENSG00000109189	USP46	USP46	1.0	7.0	0.7391315033556985	36.0	0.22495306623869088
25862	ENSG00000164663	USP49	USP49	1.0	2.0	0.6658740487141159	54.0	0.05790209119253182
8078	ENSG00000111667	USP5	USP5	1.0	5.0	0.5572022028051704	8.0	0.12113091365329791
158880	ENSG00000247746	USP51	USP51	1.0	5.0	0.7375581718236158	32.0	0.16033873300513388
54532	ENSG00000145390	USP53	USP53	1.0	2.0	0.42826041984102536	32.0	0.03724003650791525
9712	ENSG00000148429	USP6NL	USP6NL	1.0	1.0	0.3053757934569332	55.0	0.013277208411171009
7874	ENSG00000187555	USP7	USP7	1.0	5.0	0.6392830287898454	33.0	0.13897457147605335
9101	ENSG00000138592	USP8	USP8	0.0	0.0	0.35658547709516103	53.0	0.0
8239	ENSG00000124486	USP9X	USP9X	1.0	9.0	0.5656194788283614	31.0	0.22132936128066316
10208	ENSG00000132952	USPL1	USPL1	0.0	0.0	0.33927459673479715	32.0	0.0
10090	ENSG00000111962	UST	UST	1.0	1.0	0.6025010422288556	32.0	0.02619569748821111
51096	ENSG00000011260	UTP18	UTP18	1.0	2.0	0.638368127056343	33.0	0.055510271917942874
27340	ENSG00000120800	UTP20	UTP20	1.0	1.0	0.38035594730892053	53.0	0.01653721510038785
84294	ENSG00000147679	UTP23	UTP23	0.0	0.0	0.4298115816339507	32.0	0.0
7402	ENSG00000152818	UTRN	UTRN	0.0	0.0	0.3990982824693188	49.0	0.0
7405	ENSG00000198382	UVRAG	UVRAG	1.0	1.0	0.45539215467362537	32.0	0.019799658898853278
80146	ENSG00000115652	UXS1	UXS1	1.0	1.0	0.5152784345324773	41.0	0.02240341019706423
6843	ENSG00000139190	VAMP1	VAMP1	0.0	0.0	0.26627376701026134	52.0	0.0
8673	ENSG00000118640	VAMP8	VAMP8	1.0	5.0	0.4648802179369213	33.0	0.10106091694280897
81839	ENSG00000173218	VANGL1	VANGL1	0.0	0.0	0.38066415857021974	31.0	0.0
57216	ENSG00000162738	VANGL2	VANGL2	1.0	8.0	0.5628566101999204	7.0	0.19577621224345057
9218	ENSG00000101558	VAPA	VAPA	0.0	0.0	0.5346927594011199	32.0	0.0
9217	ENSG00000124164	VAPB	VAPB	1.0	2.0	0.5252694865398438	32.0	0.04567560752520381
22846	ENSG00000071246	VASH1	VASH1	1.0	7.0	0.7237278972998178	65.0	0.22026501222168368
79805	ENSG00000143494	VASH2	VASH2	0.0	0.0	0.29792647872059064	32.0	0.0
114990	ENSG00000274334	VASN	VASN	1.0	12.0	0.7714711539243093	52.0	0.40250668900398745
7408	ENSG00000125753	VASP	VASP	1.0	1.0	0.3818410768397553	31.0	0.016601785949554578
10493	ENSG00000108828	VAT1	VAT1	1.0	2.0	0.37361641120574746	58.0	0.032488383583108474
57687	ENSG00000171724	VAT1L	VAT1L	1.0	1.0	0.38995189086674564	33.0	0.01695443003768459
7409	ENSG00000141968	VAV1	VAV1	1.0	13.0	0.5985957221943187	32.0	0.3383367125446149
10451	ENSG00000134215	VAV3	VAV3	0.0	0.0	0.3746329578836137	49.0	0.0
1462	ENSG00000038427	VCAN	VCAN	1.0	5.0	0.5112258123053134	41.0	0.11113604615332899
7414	ENSG00000035403	VCL	VCL	1.0	1.0	0.36754568770166607	33.0	0.015980247291376787
7415	ENSG00000165280	VCP	VCP	1.0	4.0	0.5776085145751414	53.0	0.10045365470872024
26609	ENSG00000182583	VCX	VCX	0.0	0.0	0.5374636286229995	32.0	0.0
51480	ENSG00000177504	VCX2	VCX2	0.0	0.0	0.601727420558745	32.0	0.0
7419	ENSG00000078668	VDAC3	VDAC3	1.0	2.0	0.5005526027973775	33.0	0.04352631328672847
7422	ENSG00000112715	VEGFA	VEGFA	0.0	0.0	0.20556416390255847	32.0	0.0
7424	ENSG00000150630	VEGFC	VEGFC	0.0	0.0	0.32498072353575685	49.0	0.0
7716	ENSG00000136451	VEZF1	VEZF1	0.0	0.0	0.3358612918119787	32.0	0.0
55591	ENSG00000028203	VEZT	VEZT	1.0	9.0	0.6741977029677398	58.0	0.2638164924656373
7425	ENSG00000128564	VGF	VGF	1.0	2.0	0.5461832298107407	32.0	0.04749419389658615
9686	ENSG00000144560	VGLL4	VGLL4	1.0	4.0	0.5780002115604781	2.0	0.1005217759235614
50853	ENSG00000136059	VILL	VILL	0.0	0.0	0.21525646842414844	32.0	0.0
7431	ENSG00000026025	VIM	VIM	1.0	4.0	0.543612644120706	53.0	0.09454132941229669
7432	ENSG00000146469	VIP	VIP	1.0	7.0	0.6831451137945871	8.0	0.20791373028530913
7433	ENSG00000114812	VIPR1	VIPR1	1.0	2.0	0.6368069443207315	51.0	0.05537451689745491
7434	ENSG00000106018	VIPR2	VIPR2	0.0	0.0	0.5076984479023583	33.0	0.0
5212	ENSG00000205221	VIT	VIT	1.0	2.0	0.49795408376730604	33.0	0.04330035511020052
154807	ENSG00000196715	VKORC1L1	VKORC1L1	1.0	7.0	0.6148362717757948	31.0	0.18712408271437234
7436	ENSG00000147852	VLDLR	VLDLR	1.0	5.0	0.5402514426336718	53.0	0.11744596578992864
203547	ENSG00000160131	VMA21	VMA21	1.0	6.0	0.5100187028412452	40.0	0.13304835726293351
81671	ENSG00000062716	VMP1	VMP1	0.0	0.0	0.2707874984525603	31.0	0.0
81552	ENSG00000154978	VOPP1	VOPP1	1.0	7.0	0.5869753555526392	1.0	0.17864467342906412
55823	ENSG00000280616	VPS11	VPS11	0.0	0.0	0.29515799755284716	7.0	0.0
23230	ENSG00000197969	VPS13A	VPS13A	1.0	3.0	0.6859182541428845	32.0	0.0894675983664632
54832	ENSG00000129003	VPS13C	VPS13C	1.0	3.0	0.459791821305428	32.0	0.05997284625722974
55187	ENSG00000048707	VPS13D	VPS13D	1.0	1.0	0.3878231418008814	33.0	0.016861875730473104
64601	ENSG00000215305	VPS16	VPS16	1.0	4.0	0.5907301362867919	51.0	0.10273567587596381
57617	ENSG00000104142	VPS18	VPS18	0.0	0.0	0.3177928905352951	31.0	0.0
9559	ENSG00000122958	VPS26A	VPS26A	1.0	1.0	0.3830605950824451	32.0	0.01665480848184544
112936	ENSG00000151502	VPS26B	VPS26B	1.0	6.0	0.7216720209155779	49.0	0.18826226632580292
51160	ENSG00000160948	VPS28	VPS28	1.0	4.0	0.6291257332666489	40.0	0.10941317100289545
51699	ENSG00000111237	VPS29	VPS29	1.0	8.0	0.6457601270986035	40.0	0.2246122181212534
26276	ENSG00000184056	VPS33B	VPS33B	1.0	4.0	0.5376096216028492	40.0	0.09349732549614768
55737	ENSG00000069329	VPS35	VPS35	1.0	2.0	0.3964690456472148	41.0	0.03447556918671433
51028	ENSG00000136100	VPS36	VPS36	0.0	0.0	0.35795349090103323	1.0	0.0
79720	ENSG00000139722	VPS37B	VPS37B	1.0	9.0	0.802030239872057	53.0	0.3138379199499354
55048	ENSG00000167987	VPS37C	VPS37C	1.0	11.0	0.6575838688433142	49.0	0.3144966329250633
155382	ENSG00000176428	VPS37D	VPS37D	1.0	9.0	0.7505629471331124	18.0	0.2936985445303484
23339	ENSG00000166887	VPS39	VPS39	0.0	0.0	0.4582824544140273	33.0	0.0
27072	ENSG00000006715	VPS41	VPS41	1.0	2.0	0.6474278241405731	51.0	0.05629807166439766
27183	ENSG00000132612	VPS4A	VPS4A	1.0	2.0	0.560697948828686	31.0	0.048756343376407475
738	ENSG00000149823	VPS51	VPS51	1.0	2.0	0.6690147646535197	33.0	0.058175196926393016
6293	ENSG00000223618	VPS52	VPS52	1.0	1.0	0.37830200199547687	32.0	0.016447913130238124
55275	ENSG00000283883	VPS53	VPS53	1.0	1.0	0.555266628114941	52.0	0.02414202730934526
51542	ENSG00000143952	VPS54	VPS54	0.0	0.0	0.2887091547790917	32.0	0.0
9605	ENSG00000075399	VPS9D1	VPS9D1	1.0	2.0	0.5402877783304159	3.0	0.04698154594177529
147645	ENSG00000186806	VSIG10L	VSIG10L	1.0	8.0	0.5591566739839733	32.0	0.19448927790746898
7447	ENSG00000163032	VSNL1	VSNL1	1.0	2.0	0.5627341078624281	33.0	0.04893340068368939
284415	ENSG00000276066	VSTM1	VSTM1	0.0	0.0	0.3050139757132069	32.0	0.0
222008	ENSG00000170419	VSTM2A	VSTM2A	0.0	0.0	0.5536543444517161	32.0	0.0
342865	ENSG00000187135	VSTM2B	VSTM2B	1.0	2.0	0.38816099295220846	52.0	0.03375312982193117
128434	ENSG00000132821	VSTM2L	VSTM2L	1.0	4.0	0.559043424647372	49.0	0.09722494341693426
51534	ENSG00000009844	VTA1	VTA1	1.0	3.0	0.593306191744116	33.0	0.07738776414053687
143187	ENSG00000151532	VTI1A	VTI1A	1.0	7.0	0.6397027000411185	32.0	0.19469212609947087
10490	ENSG00000100568	VTI1B	VTI1B	1.0	7.0	0.6816795000812907	31.0	0.20746767393778415
64856	ENSG00000179403	VWA1	VWA1	1.0	1.0	0.29988829044655074	32.0	0.013038621323763076
146177	ENSG00000175267	VWA3A	VWA3A	1.0	1.0	0.511677945613958	32.0	0.022246867200606868
4013	ENSG00000110002	VWA5A	VWA5A	1.0	2.0	0.47069139899896684	60.0	0.040929686869475373
90113	ENSG00000145198	VWA5B2	VWA5B2	1.0	3.0	0.5772397959479701	36.0	0.07529214729756133
23078	ENSG00000102763	VWA8	VWA8	0.0	0.0	0.2898032525713781	44.0	0.0
375567	ENSG00000188730	VWC2	VWC2	0.0	0.0	0.38793400321470006	55.0	0.0
402117	ENSG00000174453	VWC2L	VWC2L	1.0	2.0	0.6423819739953553	40.0	0.05585930208655264
220001	ENSG00000167992	VWCE	VWCE	1.0	3.0	0.515495737135392	54.0	0.06723857440896416
221806	ENSG00000146530	VWDE	VWDE	1.0	1.0	0.6350639346507695	31.0	0.02761147541959867
7450	ENSG00000110799	VWF	VWF	0.0	0.0	0.2332662975277815	53.0	0.0
51322	ENSG00000095787	WAC	WAC	1.0	2.0	0.4637474197926812	33.0	0.04032586259066793
8936	ENSG00000112290	WASF1	WASF1	0.0	0.0	0.7518609972710434	40.0	0.0
10163	ENSG00000158195	WASF2	WASF2	1.0	3.0	0.4046468207751636	53.0	0.0527800201011083
387680	ENSG00000099290	WASHC2A	WASHC2A	0.0	0.0	0.4049603428811237	55.0	0.0
253725	ENSG00000172661	WASHC2C	WASHC2C	1.0	1.0	0.42974052928531997	32.0	0.018684370838492174
23325	ENSG00000136051	WASHC4	WASHC4	0.0	0.0	0.1267797096082101	32.0	0.0
23558	ENSG00000132471	WBP2	WBP2	1.0	4.0	0.5688202838646583	8.0	0.09892526675907101
404201	ENSG00000180769	WDFY3-AS2	WDFY3-AS2	0.0	0.0	0.12049495935136983	32.0	0.0
57705	ENSG00000128815	WDFY4	WDFY4	1.0	11.0	0.5570225050707328	40.0	0.2664020676425244
11169	ENSG00000198554	WDHD1	WDHD1	1.0	2.0	0.521208587185638	32.0	0.04532248584222939
51057	ENSG00000143951	WDPCP	WDPCP	0.0	0.0	0.4704667610702682	32.0	0.0
9948	ENSG00000071127	WDR1	WDR1	1.0	4.0	0.6426136016094613	24.0	0.11175888723642806
64743	ENSG00000101940	WDR13	WDR13	1.0	7.0	0.7260031680479009	33.0	0.22095748592762202
116966	ENSG00000150627	WDR17	WDR17	1.0	4.0	0.6781198221768043	2.0	0.1179338821177051
57728	ENSG00000157796	WDR19	WDR19	0.0	0.0	0.6584520567635391	31.0	0.0
84219	ENSG00000127580	WDR24	WDR24	1.0	1.0	0.5275430999810355	33.0	0.02293665652091459
80232	ENSG00000162923	WDR26	WDR26	1.0	4.0	0.623173886709229	9.0	0.10837806725377895
55339	ENSG00000136709	WDR33	WDR33	0.0	0.0	0.522466327061417	32.0	0.0
57539	ENSG00000118965	WDR35	WDR35	0.0	0.0	0.5358317059803499	31.0	0.0
22884	ENSG00000047056	WDR37	WDR37	1.0	1.0	0.46128171192116485	2.0	0.020055726605268036
10785	ENSG00000160193	WDR4	WDR4	1.0	2.0	0.4531353534303928	2.0	0.039403074211338505
54521	ENSG00000131725	WDR44	WDR44	1.0	2.0	0.5321163071139391	53.0	0.04627098322729905
11152	ENSG00000196998	WDR45	WDR45	0.0	0.0	0.4008723946932011	32.0	0.0
56270	ENSG00000141580	WDR45B	WDR45B	1.0	5.0	0.6094224403008699	65.0	0.1324831391958413
9277	ENSG00000236222	WDR46	WDR46	1.0	4.0	0.5443644770015952	33.0	0.09467208295679916
22911	ENSG00000085433	WDR47	WDR47	1.0	2.0	0.5772325474601254	49.0	0.05019413456175004
151790	ENSG00000174776	WDR49	WDR49	0.0	0.0	0.34706122197810146	31.0	0.0
348793	ENSG00000185798	WDR53	WDR53	1.0	1.0	0.44299185552625164	32.0	0.019260515457663115
84058	ENSG00000005448	WDR54	WDR54	1.0	7.0	0.7691109440743685	39.0	0.23407724384872086
11180	ENSG00000178252	WDR6	WDR6	1.0	12.0	0.5776031027038788	53.0	0.3013581405411542
55112	ENSG00000126870	DYNC2I1	WDR60	1.0	2.0	0.5939830589039633	3.0	0.05165070077425768
144406	ENSG00000158023	CFAP251	WDR66	1.0	8.0	0.6507737030227142	52.0	0.22635607061659624
23335	ENSG00000091157	WDR7	WDR7	1.0	3.0	0.5535788856284001	40.0	0.07220594160370436
54663	ENSG00000133316	WDR74	WDR74	1.0	1.0	0.5498551592119014	33.0	0.023906746052691365
84128	ENSG00000115368	WDR75	WDR75	0.0	0.0	0.45839580490962994	32.0	0.0
79819	ENSG00000152763	DNAI4	WDR78	1.0	1.0	0.3923599231786481	8.0	0.01705912709472383
84292	ENSG00000123154	WDR83	WDR83	1.0	6.0	0.5734038830335753	8.0	0.14958362166093267
349136	ENSG00000187260	WDR86	WDR86	1.0	8.0	0.6241511982019602	32.0	0.21709606893981223
197335	ENSG00000161996	WDR90	WDR90	0.0	0.0	0.6399662844641865	31.0	0.0
340390	ENSG00000179698	WDR97	WDR97	1.0	1.0	0.7488680129392382	59.0	0.03255947882344514
55093	ENSG00000156795	NTAQ1	WDYHV1	0.0	0.0	0.35531387124829955	32.0	0.0
58189	ENSG00000103175	WFDC1	WFDC1	1.0	1.0	0.4214553409160709	40.0	0.018324145257220474
10406	ENSG00000101443	WFDC2	WFDC2	0.0	0.0	0.36065373842355253	32.0	0.0
117166	ENSG00000127578	WFIKKN1	WFIKKN1	1.0	2.0	0.6744472566489605	53.0	0.05864758753469222
7466	ENSG00000109501	WFS1	WFS1	1.0	11.0	0.670697493487829	60.0	0.32076836645070084
25861	ENSG00000095397	WHRN	WHRN	0.0	0.0	0.3937079508411199	32.0	0.0
11197	ENSG00000156076	WIF1	WIF1	1.0	3.0	0.6353444323096737	33.0	0.08287101290995744
7456	ENSG00000115935	WIPF1	WIPF1	0.0	0.0	0.2677349112014528	32.0	0.0
147179	ENSG00000171475	WIPF2	WIPF2	1.0	1.0	0.5789589215112405	33.0	0.025172127022227847
644150	ENSG00000122574	WIPF3	WIPF3	0.0	0.0	0.4190973121204713	32.0	0.0
55062	ENSG00000070540	WIPI1	WIPI1	1.0	1.0	0.3116369178117596	32.0	0.013549431209206939
26100	ENSG00000157954	WIPI2	WIPI2	1.0	6.0	0.6710272880779649	33.0	0.17505059688990388
58525	ENSG00000011451	WIZ	WIZ	1.0	11.0	0.7572168340430425	31.0	0.36214718149884645
79971	ENSG00000116729	WLS	WLS	1.0	8.0	0.5362737301952544	33.0	0.18652999311139282
80326	ENSG00000135925	WNT10A	WNT10A	0.0	0.0	0.1714476438045129	10.0	0.0
7480	ENSG00000169884	WNT10B	WNT10B	1.0	7.0	0.7236100140819026	18.0	0.22022913472057906
7482	ENSG00000134245	WNT2B	WNT2B	0.0	0.0	0.49901152221098133	31.0	0.0
7473	ENSG00000108379	WNT3	WNT3	0.0	0.0	0.544112972480254	59.0	0.0
54361	ENSG00000162552	WNT4	WNT4	1.0	7.0	0.6566829542208997	52.0	0.19986002954549123
7475	ENSG00000115596	WNT6	WNT6	1.0	1.0	0.2516782855615084	32.0	0.01094253415484819
7476	ENSG00000154764	WNT7A	WNT7A	1.0	2.0	0.42158766561624755	33.0	0.036659797010108484
7477	ENSG00000188064	WNT7B	WNT7B	1.0	10.0	0.6717109625657038	31.0	0.29204824459378426
7486	ENSG00000165392	WRN	WRN	1.0	2.0	0.408580493629729	32.0	0.03552873857649817
55884	ENSG00000176871	WSB2	WSB2	1.0	4.0	0.6373551231829312	49.0	0.11084436924920542
23302	ENSG00000179314	WSCD1	WSCD1	1.0	6.0	0.5812937127784346	33.0	0.15164183811611337
9671	ENSG00000075035	WSCD2	WSCD2	0.0	0.0	0.5772931055620826	31.0	0.0
126374	ENSG00000142279	WTIP	WTIP	1.0	7.0	0.48053389153398685	41.0	0.14624944524947428
23286	ENSG00000113645	WWC1	WWC1	1.0	8.0	0.5781872915596017	40.0	0.2011086231511658
80014	ENSG00000151718	WWC2	WWC2	1.0	4.0	0.6094686417615827	33.0	0.10599454639331872
51741	ENSG00000186153	WWOX	WWOX	1.0	2.0	0.392941818743655	45.0	0.03416885380379609
11059	ENSG00000123124	WWP1	WWP1	0.0	0.0	0.25931514610755546	32.0	0.0
25937	ENSG00000018408	WWTR1	WWTR1	1.0	2.0	0.43628123625049303	52.0	0.0379374988043907
54739	ENSG00000132530	XAF1	XAF1	1.0	3.0	0.3583870829049649	49.0	0.046746141248473684
331	ENSG00000101966	XIAP	XIAP	1.0	4.0	0.6529040732072154	57.0	0.11354853447082007
7504	ENSG00000047597	XK	XK	1.0	7.0	0.6955804886756607	36.0	0.21169840959694022
114786	ENSG00000206579	XKR4	XKR4	1.0	8.0	0.76649962162718	41.0	0.2666085640442365
286046	ENSG00000284927	XKR6	XKR6	0.0	0.0	0.5145599655915005	32.0	0.0
55113	ENSG00000158156	XKR8	XKR8	0.0	0.0	0.45095649193020315	33.0	0.0
389668	ENSG00000221947	XKR9	XKR9	1.0	1.0	0.44331898319526064	32.0	0.01927473839979394
7507	ENSG00000136936	XPA	XPA	1.0	3.0	0.6258204818263337	33.0	0.08162875849908699
9213	ENSG00000143324	XPR1	XPR1	0.0	0.0	0.3148843804268015	32.0	0.0
7518	ENSG00000152422	XRCC4	XRCC4	1.0	4.0	0.5304150592691106	33.0	0.09224609726419314
2547	ENSG00000196419	XRCC6	XRCC6	1.0	4.0	0.6203683180073334	33.0	0.10789014226214494
9942	ENSG00000093217	XYLB	XYLB	1.0	2.0	0.579868980417887	51.0	0.050423389601555395
64131	ENSG00000103489	XYLT1	XYLT1	1.0	6.0	0.7052428270201496	31.0	0.18397638965743032
64132	ENSG00000015532	XYLT2	XYLT2	0.0	0.0	0.22338035322229735	32.0	0.0
10138	ENSG00000015153	YAF2	YAF2	1.0	7.0	0.6673337346014917	52.0	0.203101571400454
10413	ENSG00000137693	YAP1	YAP1	1.0	8.0	0.5054492802618274	33.0	0.1758084453084617
8565	ENSG00000134684	YARS1	YARS	0.0	0.0	0.2494201466055784	32.0	0.0
51067	ENSG00000139131	YARS2	YARS2	1.0	3.0	0.5383844207451219	33.0	0.0702240548797985
4904	ENSG00000065978	YBX1	YBX1	1.0	2.0	0.4769090020327725	52.0	0.04147034800284978
51087	ENSG00000288504	YBX2	YBX2	1.0	2.0	0.46572775343158107	33.0	0.040498065515789654
8531	ENSG00000060138	YBX3	YBX3	1.0	1.0	0.34946498616275556	53.0	0.015194129833163286
55689	ENSG00000163872	YEATS2	YEATS2	1.0	4.0	0.6603797316157953	33.0	0.11484864897666006
8089	ENSG00000127337	YEATS4	YEATS4	1.0	1.0	0.6571428471158725	33.0	0.028571428135472716
10897	ENSG00000174851	YIF1A	YIF1A	1.0	3.0	0.4828697423302064	60.0	0.06298300986915735
84272	ENSG00000119820	YIPF4	YIPF4	1.0	2.0	0.5373673078820889	31.0	0.04672759198974686
286451	ENSG00000181704	YIPF6	YIPF6	1.0	1.0	0.3864077154108597	31.0	0.016800335452646073
374887	ENSG00000250067	YJEFN3	YJEFN3	1.0	5.0	0.650270370338863	53.0	0.14136312398670936
56252	ENSG00000119596	YLPM1	YLPM1	1.0	5.0	0.6911832782350429	18.0	0.15025723439892236
10730	ENSG00000136758	YME1L1	YME1L1	1.0	3.0	0.4266624886120352	9.0	0.0556516289493959
55432	ENSG00000180667	YOD1	YOD1	0.0	0.0	0.43447998062474663	32.0	0.0
29799	ENSG00000100027	YPEL1	YPEL1	1.0	13.0	0.7713632979459379	49.0	0.4359879510129214
83719	ENSG00000090238	YPEL3	YPEL3	1.0	1.0	0.5757498980953465	31.0	0.025032604265015065
219539	ENSG00000166793	YPEL4	YPEL4	1.0	1.0	0.6070608480378086	33.0	0.02639394991468733
51646	ENSG00000119801	YPEL5	YPEL5	1.0	4.0	0.5462701518135307	51.0	0.09500350466322273
79693	ENSG00000196449	YRDC	YRDC	1.0	2.0	0.5561780674979059	33.0	0.04836331021720921
91746	ENSG00000083896	YTHDC1	YTHDC1	0.0	0.0	0.42294495585582137	32.0	0.0
51441	ENSG00000198492	YTHDF2	YTHDF2	1.0	2.0	0.5944940034378995	33.0	0.05169513073373039
7529	ENSG00000166913	YWHAB	YWHAB	1.0	7.0	0.6921483444605061	49.0	0.210653843966241
7532	ENSG00000170027	YWHAG	YWHAG	1.0	2.0	0.5353508703519824	33.0	0.04655224959582455
7533	ENSG00000128245	YWHAH	YWHAH	1.0	5.0	0.7308846321640382	52.0	0.15888796351392134
10971	ENSG00000134308	YWHAQ	YWHAQ	1.0	5.0	0.5179083719427032	58.0	0.11258877650928331
7534	ENSG00000164924	YWHAZ	YWHAZ	1.0	10.0	0.7471268579050626	31.0	0.3248377643065489
7528	ENSG00000100811	YY1	YY1	1.0	2.0	0.6550067446485514	33.0	0.05695710823030881
284273	ENSG00000180011	PTGR3	ZADH2	0.0	0.0	0.6144434342086572	32.0	0.0
79740	ENSG00000169064	ZBBX	ZBBX	0.0	0.0	0.41691366953121645	32.0	0.0
9189	ENSG00000214717	ZBED1	ZBED1	1.0	1.0	0.32087606518265827	32.0	0.013951133268811228
58486	ENSG00000236287	ZBED5	ZBED5	0.0	0.0	0.31409503453251336	32.0	0.0
100381270	ENSG00000257315	ZBED6	ZBED6	0.0	0.0	0.3640324403704659	53.0	0.0
114821	ENSG00000232040	SCAND3	ZBED9	1.0	1.0	0.5966179229112573	32.0	0.025939909691793793
22890	ENSG00000126804	ZBTB1	ZBTB1	0.0	0.0	0.20707452054184577	31.0	0.0
27107	ENSG00000066422	ZBTB11	ZBTB11	1.0	1.0	0.4862329996196369	32.0	0.021140565200853778
7704	ENSG00000109906	ZBTB16	ZBTB16	0.0	0.0	0.5301532079122216	32.0	0.0
10472	ENSG00000179456	ZBTB18	ZBTB18	1.0	4.0	0.7764560207559865	31.0	0.1350358296966933
57621	ENSG00000181472	ZBTB2	ZBTB2	1.0	1.0	0.5181474727619153	49.0	0.022528150989648492
26137	ENSG00000181722	ZBTB20	ZBTB20	1.0	1.0	0.362069707360441	32.0	0.01574216118958439
49854	ENSG00000173276	ZBTB21	ZBTB21	0.0	0.0	0.4844033232717051	32.0	0.0
9841	ENSG00000112365	ZBTB24	ZBTB24	1.0	1.0	0.5564050999296783	32.0	0.02419152608389906
57684	ENSG00000171448	ZBTB26	ZBTB26	0.0	0.0	0.2574179017989283	32.0	0.0
253461	ENSG00000177311	ZBTB38	ZBTB38	0.0	0.0	0.37955359991965243	32.0	0.0
57659	ENSG00000283868	ZBTB4	ZBTB4	1.0	1.0	0.5075852982743753	3.0	0.02206892601192936
9923	ENSG00000184677	ZBTB40	ZBTB40	0.0	0.0	0.4612311164759852	38.0	0.0
29068	ENSG00000196323	ZBTB44	ZBTB44	1.0	5.0	0.7413561330878331	40.0	0.1611643767582246
84878	ENSG00000119574	ZBTB45	ZBTB45	1.0	2.0	0.529891203336058	33.0	0.046077495942265914
51341	ENSG00000178951	ZBTB7A	ZBTB7A	0.0	0.0	0.4460908177714444	31.0	0.0
653121	ENSG00000160062	ZBTB8A	ZBTB8A	1.0	5.0	0.8252765231085214	32.0	0.1794079398062003
51101	ENSG00000104427	ZC2HC1A	ZC2HC1A	0.0	0.0	0.2829121479182801	9.0	0.0
340554	ENSG00000102053	ZC3H12B	ZC3H12B	0.0	0.0	0.6525740989817949	40.0	0.0
85463	ENSG00000149289	ZC3H12C	ZC3H12C	0.0	0.0	0.3408328361390667	31.0	0.0
55854	ENSG00000065548	ZC3H15	ZC3H15	1.0	7.0	0.6321638643793329	31.0	0.1923976978545796
29066	ENSG00000122299	ZC3H7A	ZC3H7A	0.0	0.0	0.5068279686839616	53.0	0.0
23264	ENSG00000100403	ZC3H7B	ZC3H7B	1.0	3.0	0.45388294389127243	3.0	0.059202123116252926
56829	ENSG00000105939	ZC3HAV1	ZC3HAV1	1.0	9.0	0.5655096990493799	33.0	0.22128640397584431
23318	ENSG00000134744	TUT4	ZCCHC11	1.0	2.0	0.5565409888960143	33.0	0.04839486859965342
170261	ENSG00000174460	ZCCHC12	ZCCHC12	1.0	12.0	0.6780528720864107	55.0	0.3537667158711708
23174	ENSG00000140948	ZCCHC14	ZCCHC14	1.0	2.0	0.7490875505800901	33.0	0.06513804787652958
51538	ENSG00000121766	ZCCHC17	ZCCHC17	1.0	7.0	0.6997128036397869	53.0	0.21295607067297864
644353	ENSG00000166707	ZCCHC18	ZCCHC18	1.0	13.0	0.7302809977080417	52.0	0.4127675204436757
54877	ENSG00000141664	ZCCHC2	ZCCHC2	1.0	3.0	0.6625258721661559	3.0	0.08641641810862903
84186	ENSG00000147905	ZCCHC7	ZCCHC7	0.0	0.0	0.4687552745870327	49.0	0.0
55596	ENSG00000033030	ZCCHC8	ZCCHC8	1.0	1.0	0.41665630432703177	32.0	0.01811549149247964
152098	ENSG00000206559	ZCWPW2	ZCWPW2	1.0	4.0	0.5741180164115447	40.0	0.09984661154983386
84885	ENSG00000160446	ZDHHC12	ZDHHC12	1.0	3.0	0.5058494428153539	53.0	0.06598036210635051
79683	ENSG00000175048	ZDHHC14	ZDHHC14	1.0	9.0	0.6590037886776143	53.0	0.2578710477434143
23390	ENSG00000186908	ZDHHC17	ZDHHC17	1.0	1.0	0.43470896094579653	32.0	0.01890038960633898
51201	ENSG00000104219	ZDHHC2	ZDHHC2	0.0	0.0	0.12833344562194043	32.0	0.0
340481	ENSG00000175893	ZDHHC21	ZDHHC21	0.0	0.0	0.48059639976876234	32.0	0.0
283576	ENSG00000177108	ZDHHC22	ZDHHC22	1.0	4.0	0.7145395184287158	32.0	0.12426774233542882
254887	ENSG00000184307	ZDHHC23	ZDHHC23	1.0	5.0	0.720695854104226	40.0	0.15667301176178824
254359	ENSG00000174165	ZDHHC24	ZDHHC24	1.0	4.0	0.5750999072378113	55.0	0.10001737517179328
51304	ENSG00000163812	ZDHHC3	ZDHHC3	1.0	1.0	0.42482859249835525	2.0	0.018470808369493705
55146	ENSG00000136247	ZDHHC4	ZDHHC4	1.0	3.0	0.5591075081481128	33.0	0.07292706628018863
25921	ENSG00000156599	ZDHHC5	ZDHHC5	0.0	0.0	0.351488797760163	31.0	0.0
10444	ENSG00000160445	ZER1	ZER1	1.0	7.0	0.7051206206947316	33.0	0.214601928037527
79752	ENSG00000104231	ZFAND1	ZFAND1	1.0	4.0	0.65710040145574	40.0	0.11427833068795477
90637	ENSG00000178381	ZFAND2A	ZFAND2A	1.0	4.0	0.564905358263847	7.0	0.09824441013284296
60685	ENSG00000156639	ZFAND3	ZFAND3	1.0	4.0	0.5518470266786433	52.0	0.09597339594411188
93550	ENSG00000172671	ZFAND4	ZFAND4	0.0	0.0	0.38698437110659967	32.0	0.0
54469	ENSG00000086666	ZFAND6	ZFAND6	1.0	2.0	0.4546191390533575	49.0	0.03953209904811804
57623	ENSG00000066827	ZFAT	ZFAT	1.0	2.0	0.5333797672273022	36.0	0.04638084932411323
85446	ENSG00000136367	ZFHX2	ZFHX2	0.0	0.0	0.3722763169220185	32.0	0.0
463	ENSG00000140836	ZFHX3	ZFHX3	1.0	2.0	0.49333802239351476	49.0	0.04289895846900128
79776	ENSG00000091656	ZFHX4	ZFHX4	0.0	0.0	0.4596855397445914	32.0	0.0
57677	ENSG00000142065	ZFP14	ZFP14	1.0	1.0	0.5859989659077678	32.0	0.025478215909033382
677	ENSG00000185650	ZFP36L1	ZFP36L1	1.0	3.0	0.41447332249035634	33.0	0.054061737716133436
678	ENSG00000152518	ZFP36L2	ZFP36L2	1.0	6.0	0.4812889673947198	33.0	0.12555364366818778
7539	ENSG00000136866	ZFP37	ZFP37	0.0	0.0	0.2954280860667277	31.0	0.0
55734	ENSG00000020256	ZFP64	ZFP64	1.0	11.0	0.66692925613832	5.0	0.3189661659791965
339559	ENSG00000187815	ZFP69	ZFP69	1.0	4.0	0.4551725384001118	53.0	0.079160441460889
284406	ENSG00000181007	ZFP82	ZFP82	1.0	2.0	0.6008886445770405	33.0	0.05225118648496004
146198	ENSG00000184939	ZFP90	ZFP90	1.0	1.0	0.5295699830050824	52.0	0.023024781869786192
80829	ENSG00000186660	ZFP91	ZFP91	1.0	2.0	0.43770673214809575	32.0	0.03806145496939963
23414	ENSG00000169946	ZFPM2	ZFPM2	0.0	0.0	0.41921493544340666	32.0	0.0
7543	ENSG00000005889	ZFX	ZFX	0.0	0.0	0.30830992945136937	32.0	0.0
53349	ENSG00000165861	ZFYVE1	ZFYVE1	0.0	0.0	0.3588014316888833	41.0	0.0
9765	ENSG00000039319	ZFYVE16	ZFYVE16	1.0	1.0	0.3316057669073574	32.0	0.014417642039450321
84936	ENSG00000166140	ZFYVE19	ZFYVE19	0.0	0.0	0.13345685676909466	41.0	0.0
79038	ENSG00000100711	ZFYVE21	ZFYVE21	1.0	7.0	0.5789205222862784	33.0	0.17619320243495432
23503	ENSG00000072121	ZFYVE26	ZFYVE26	1.0	1.0	0.41591621851394334	32.0	0.018083313848432318
57732	ENSG00000159733	ZFYVE28	ZFYVE28	0.0	0.0	0.6012283303748077	32.0	0.0
9372	ENSG00000157077	ZFYVE9	ZFYVE9	0.0	0.0	0.45410270831031563	32.0	0.0
55345	ENSG00000138658	ZGRF1	ZGRF1	0.0	0.0	0.45795001847442096	32.0	0.0
22882	ENSG00000178764	ZHX2	ZHX2	1.0	2.0	0.47931841967647404	53.0	0.04167986258056296
7545	ENSG00000152977	ZIC1	ZIC1	0.0	0.0	0.15700659852043675	32.0	0.0
7547	ENSG00000156925	ZIC3	ZIC3	0.0	0.0	0.32257573528094974	32.0	0.0
84107	ENSG00000174963	ZIC4	ZIC4	0.0	0.0	0.28677918333442476	32.0	0.0
23619	ENSG00000269699	ZIM2	ZIM2	0.0	0.0	0.6767478119258834	33.0	0.0
84460	ENSG00000166432	ZMAT1	ZMAT1	1.0	4.0	0.558889591018942	49.0	0.0971981897424247
79698	ENSG00000165061	ZMAT4	ZMAT4	0.0	0.0	0.41718006163784394	32.0	0.0
57178	ENSG00000108175	ZMIZ1	ZMIZ1	1.0	4.0	0.6186491555161132	33.0	0.10759115748106317
83637	ENSG00000122515	ZMIZ2	ZMIZ2	1.0	5.0	0.7596652260944964	52.0	0.16514461436836878
10269	ENSG00000084073	ZMPSTE24	ZMPSTE24	0.0	0.0	0.1348233737876055	31.0	0.0
9203	ENSG00000147130	ZMYM3	ZMYM3	1.0	5.0	0.6799587067004168	60.0	0.1478171101522645
9202	ENSG00000146463	ZMYM4	ZMYM4	0.0	0.0	0.49656492454253903	32.0	0.0
9205	ENSG00000132950	ZMYM5	ZMYM5	1.0	1.0	0.4581503825807843	31.0	0.019919581851338446
51364	ENSG00000004838	ZMYND10	ZMYND10	1.0	3.0	0.48522422051985525	32.0	0.06329011571998112
10771	ENSG00000015171	ZMYND11	ZMYND11	0.0	0.0	0.49267563377818113	53.0	0.0
84217	ENSG00000066185	ZMYND12	ZMYND12	1.0	5.0	0.5086158310879151	32.0	0.11056865893215545
84225	ENSG00000141497	ZMYND15	ZMYND15	1.0	9.0	0.5172253339133386	16.0	0.202392521966089
7556	ENSG00000256223	ZNF10	ZNF10	0.0	0.0	0.4436361764839145	33.0	0.0
94039	ENSG00000181896	ZNF101	ZNF101	1.0	1.0	0.40136244828776085	41.0	0.017450541229902646
51427	ENSG00000196247	ZNF107	ZNF107	0.0	0.0	0.4504855532976369	31.0	0.0
7771	ENSG00000062370	ZNF112	ZNF112	1.0	1.0	0.5138657864993131	33.0	0.02234199071736144
7559	ENSG00000164631	ZNF12	ZNF12	1.0	1.0	0.5541557438704713	33.0	0.024093727994368316
7678	ENSG00000196418	ZNF124	ZNF124	0.0	0.0	0.34689249619449497	38.0	0.0
7690	ENSG00000172262	ZBTB35	ZNF131	1.0	3.0	0.689468571599746	33.0	0.08993068325214078
7692	ENSG00000125846	ZNF133	ZNF133	0.0	0.0	0.5858947231080516	52.0	0.0
7695	ENSG00000196646	ZNF136	ZNF136	1.0	1.0	0.5542666348736961	39.0	0.024098549342334612
7699	ENSG00000196387	ZNF140	ZNF140	0.0	0.0	0.5135132515789077	32.0	0.0
7700	ENSG00000131127	ZNF141	ZNF141	0.0	0.0	0.4172823145722854	31.0	0.0
7705	ENSG00000167635	ZNF146	ZNF146	0.0	0.0	0.34295997868278566	32.0	0.0
7707	ENSG00000163848	ZNF148	ZNF148	0.0	0.0	0.5954047303282238	32.0	0.0
7712	ENSG00000147117	ZNF157	ZNF157	1.0	2.0	0.36613016569765305	55.0	0.0318374057128394
7718	ENSG00000197279	ZNF165	ZNF165	0.0	0.0	0.3892623902101208	31.0	0.0
7728	ENSG00000105497	ZNF175	ZNF175	0.0	0.0	0.3926207057539254	32.0	0.0
7738	ENSG00000096654	ZNF184	ZNF184	1.0	6.0	0.5972851041992701	51.0	0.15581350544328784
7567	ENSG00000157429	ZNF19	ZNF19	1.0	3.0	0.4763880322713586	33.0	0.06213756942669895
651302	ENSG00000226314	ZKSCAN8P1	ZNF192P1	1.0	2.0	0.6751234418059732	32.0	0.05870638624399767
7748	ENSG00000005801	ZNF195	ZNF195	1.0	1.0	0.43911618329886637	52.0	0.019092007969515927
7753	ENSG00000166261	ZNF202	ZNF202	1.0	2.0	0.6373051363046932	33.0	0.05541783793953854
7988	ENSG00000170260	ZNF212	ZNF212	1.0	1.0	0.5526343307903734	31.0	0.02402757959958145
7762	ENSG00000149054	ZNF215	ZNF215	1.0	7.0	0.7372779545606607	51.0	0.224388942692375
7764	ENSG00000171940	ZNF217	ZNF217	0.0	0.0	0.44193925707056037	1.0	0.0
51222	ENSG00000165804	ZNF219	ZNF219	1.0	7.0	0.47695061672561134	31.0	0.14515888335127303
7673	ENSG00000159885	ZNF222	ZNF222	1.0	1.0	0.5414838965240101	32.0	0.02354277810973957
7766	ENSG00000178386	ZNF223	ZNF223	0.0	0.0	0.542470324137352	31.0	0.0
7767	ENSG00000267680	ZNF224	ZNF224	0.0	0.0	0.43834697538353856	38.0	0.0
7769	ENSG00000167380	ZNF226	ZNF226	1.0	10.0	0.5553711124469762	52.0	0.2414657010639027
7772	ENSG00000278318	ZNF229	ZNF229	1.0	5.0	0.5451694169505392	53.0	0.11851509064142157
7775	ENSG00000167840	ZNF232	ZNF232	1.0	1.0	0.46829187714048026	52.0	0.020360516397412185
7776	ENSG00000130856	ZNF236	ZNF236	0.0	0.0	0.6459996224949615	49.0	0.0
8187	ENSG00000196793	ZNF239	ZNF239	1.0	2.0	0.6898217998789148	18.0	0.059984504337296934
57209	ENSG00000198105	ZNF248	ZNF248	0.0	0.0	0.6078513724804325	33.0	0.0
219749	ENSG00000175395	ZNF25	ZNF25	1.0	1.0	0.5250932023516114	33.0	0.022830139232678754
58500	ENSG00000196150	ZNF250	ZNF250	1.0	1.0	0.4910751474416076	19.0	0.021351093367026414
9534	ENSG00000213096	ZNF254	ZNF254	1.0	3.0	0.5786856290748552	35.0	0.07548073422715502
7574	ENSG00000198393	ZNF26	ZNF26	1.0	2.0	0.7014401544309891	31.0	0.06099479603747731
339324	ENSG00000254004	ZNF260	ZNF260	0.0	0.0	0.27846274508479374	32.0	0.0
10795	ENSG00000090612	ZNF268	ZNF268	0.0	0.0	0.3529228647469835	31.0	0.0
10778	ENSG00000293516	ZNF271P	ZNF271P	1.0	1.0	0.38100873650456246	33.0	0.0165655972393288
10793	ENSG00000198039	ZNF273	ZNF273	1.0	1.0	0.5084509079420125	31.0	0.022106561214870108
57335	ENSG00000187607	ZNF286A	ZNF286A	1.0	4.0	0.6066866070623714	31.0	0.10551071427171677
57336	ENSG00000141040	ZNF287	ZNF287	0.0	0.0	0.46152887807577453	32.0	0.0
23036	ENSG00000188994	ZNF292	ZNF292	0.0	0.0	0.48531047260253873	31.0	0.0
79692	ENSG00000181315	ZNF322	ZNF322	0.0	0.0	0.3805484872993825	32.0	0.0
25799	ENSG00000083812	ZNF324	ZNF324	1.0	1.0	0.7437980630674128	51.0	0.0323390462203223
79673	ENSG00000181894	ZNF329	ZNF329	1.0	3.0	0.5943443232927416	32.0	0.07752317260340107
84449	ENSG00000160961	ZNF333	ZNF333	0.0	0.0	0.44985473098995943	32.0	0.0
55713	ENSG00000198185	ZNF334	ZNF334	1.0	3.0	0.46420154907673844	35.0	0.06054802814044414
23567	ENSG00000113761	ZNF346	ZNF346	1.0	4.0	0.7483331462119592	9.0	0.13014489499338422
59348	ENSG00000256683	ZNF350	ZNF350	1.0	5.0	0.5036422872589315	39.0	0.10948745375194162
140467	ENSG00000198816	ZNF358	ZNF358	1.0	1.0	0.5969018529590527	3.0	0.025952254476480554
149076	ENSG00000160094	ZNF362	ZNF362	1.0	1.0	0.5997154596187935	32.0	0.026074585200817107
22891	ENSG00000138311	ZNF365	ZNF365	1.0	1.0	0.3976415732860225	32.0	0.01728876405591402
100129482	ENSG00000293313	ZNF37BP	ZNF37BP	1.0	1.0	0.584853010670269	2.0	0.02542839176827256
25946	ENSG00000161642	ZNF385A	ZNF385A	0.0	0.0	0.1952864926473588	32.0	0.0
151126	ENSG00000144331	ZNF385B	ZNF385B	0.0	0.0	0.49362880691099165	32.0	0.0
79750	ENSG00000151789	ZNF385D	ZNF385D	0.0	0.0	0.3603030195141342	32.0	0.0
84124	ENSG00000160908	ZNF394	ZNF394	0.0	0.0	0.2860140887941461	31.0	0.0
55893	ENSG00000186918	ZNF395	ZNF395	1.0	4.0	0.7215328628016653	33.0	0.12548397613942006
252884	ENSG00000186496	ZNF396	ZNF396	0.0	0.0	0.3893473299919337	32.0	0.0
57541	ENSG00000197024	ZNF398	ZNF398	0.0	0.0	0.6163164635560971	31.0	0.0
342908	ENSG00000176222	ZNF404	ZNF404	0.0	0.0	0.3761829280200759	52.0	0.0
147686	ENSG00000196724	ZNF418	ZNF418	1.0	5.0	0.6267990356976005	33.0	0.13626065993426098
23090	ENSG00000102935	ZNF423	ZNF423	1.0	1.0	0.24061847929670974	16.0	0.010461673012900423
155054	ENSG00000204947	ZNF425	ZNF425	1.0	1.0	0.5930126973423869	32.0	0.02578316075401682
353088	ENSG00000197013	ZNF429	ZNF429	1.0	5.0	0.5952779785522718	51.0	0.1294082562070156
80818	ENSG00000125945	ZNF436	ZNF436	1.0	8.0	0.8522154647368518	52.0	0.2964227703432528
148898	ENSG00000249087	ZNF436-AS1	ZNF436-AS1	1.0	1.0	0.5650152579591584	33.0	0.024565880780832973
220929	ENSG00000183621	ZNF438	ZNF438	1.0	8.0	0.6156833631015214	52.0	0.2141507349918335
51710	ENSG00000197857	ZNF44	ZNF44	0.0	0.0	0.3496876105876811	32.0	0.0
126070	ENSG00000171295	ZNF440	ZNF440	0.0	0.0	0.43340413971421426	52.0	0.0
10224	ENSG00000180855	ZNF443	ZNF443	0.0	0.0	0.37042984253462435	39.0	0.0
203523	ENSG00000173275	ZNF449	ZNF449	1.0	5.0	0.6366593935818817	33.0	0.13840421599606123
58499	ENSG00000148143	ZNF462	ZNF462	1.0	4.0	0.48240218304697136	33.0	0.08389603183425588
57573	ENSG00000196263	ZNF471	ZNF471	1.0	2.0	0.5221839908042888	59.0	0.045407303548199024
197407	ENSG00000180035	ZNF48	ZNF48	1.0	2.0	0.6159924374664352	33.0	0.05356455977969001
147657	ENSG00000198464	ZNF480	ZNF480	1.0	4.0	0.4500863034646477	33.0	0.07827587886341698
284443	ENSG00000196268	ZNF493	ZNF493	0.0	0.0	0.3226897394193476	32.0	0.0
26048	ENSG00000103199	ZNF500	ZNF500	1.0	1.0	0.5387279710320596	31.0	0.02342295526226346
91392	ENSG00000196653	ZNF502	ZNF502	0.0	0.0	0.5476388930976936	10.0	0.0
84858	ENSG00000165655	ZNF503	ZNF503	0.0	0.0	0.38585842829034805	31.0	0.0
22869	ENSG00000081386	ZNF510	ZNF510	0.0	0.0	0.43743807105522553	32.0	0.0
9658	ENSG00000101493	ZNF516	ZNF516	1.0	3.0	0.5361728004081525	42.0	0.06993558266193294
9849	ENSG00000177853	ZNF518A	ZNF518A	1.0	2.0	0.4376831337138217	32.0	0.03805940293163667
162655	ENSG00000175322	ZNF519	ZNF519	0.0	0.0	0.43700025772981543	32.0	0.0
25925	ENSG00000198795	ZNF521	ZNF521	1.0	9.0	0.5883761880371149	52.0	0.23023416053626236
55205	ENSG00000074657	ZNF532	ZNF532	0.0	0.0	0.5201438648962905	52.0	0.0
163255	ENSG00000171817	ZNF540	ZNF540	0.0	0.0	0.6645465268378352	32.0	0.0
84215	ENSG00000118156	ZNF541	ZNF541	1.0	5.0	0.8254160330156644	40.0	0.17943826804688354
147947	ENSG00000290720	ZNF542P	ZNF542P	0.0	0.0	0.4621085676761221	32.0	0.0
27300	ENSG00000198131	ZNF544	ZNF544	1.0	4.0	0.8014566447176322	40.0	0.13938376429871865
284306	ENSG00000152433	ZNF547	ZNF547	1.0	1.0	0.41379180006904953	32.0	0.01799094782908911
148254	ENSG00000186300	ZNF555	ZNF555	0.0	0.0	0.3101479939607572	31.0	0.0
79230	ENSG00000130544	ZNF557	ZNF557	0.0	0.0	0.558395341425135	32.0	0.0
148156	ENSG00000167785	ZNF558	ZNF558	1.0	2.0	0.38168846510507576	32.0	0.03319030131348485
54811	ENSG00000171466	ZNF562	ZNF562	1.0	2.0	0.48080311413258525	10.0	0.04180896644631176
147929	ENSG00000196357	ZNF565	ZNF565	0.0	0.0	0.30846224504332487	53.0	0.0
84924	ENSG00000186017	ZNF566	ZNF566	0.0	0.0	0.47830403943352096	31.0	0.0
163081	ENSG00000189042	ZNF567	ZNF567	1.0	1.0	0.48417362997111124	32.0	0.021051027390048313
148266	ENSG00000196437	ZNF569	ZNF569	1.0	2.0	0.5033606359119898	60.0	0.043770490079303455
137209	ENSG00000180938	ZNF572	ZNF572	1.0	6.0	0.5412743276064096	49.0	0.1412019985060199
284346	ENSG00000176472	ZNF575	ZNF575	1.0	13.0	0.7732461160868803	49.0	0.43705215257084534
84765	ENSG00000161551	ZNF577	ZNF577	1.0	5.0	0.6524382674555251	40.0	0.14183440596859243
51385	ENSG00000164048	ZNF589	ZNF589	1.0	5.0	0.6807371340441721	49.0	0.1479863334878635
9640	ENSG00000166716	ZNF592	ZNF592	0.0	0.0	0.32386683612694644	33.0	0.0
90850	ENSG00000292232	ZNF598	ZNF598	1.0	1.0	0.5082227100482004	31.0	0.022096639567313062
148103	ENSG00000153896	ZNF599	ZNF599	1.0	2.0	0.4303257338974027	49.0	0.037419629034556756
57507	ENSG00000168916	ZNF608	ZNF608	1.0	7.0	0.5798291731433161	33.0	0.17646974834796578
162963	ENSG00000167554	ZNF610	ZNF610	1.0	1.0	0.4688951931212377	32.0	0.02038674752701033
81856	ENSG00000213020	ZNF611	ZNF611	1.0	1.0	0.4547155076739206	53.0	0.019770239464083503
284370	ENSG00000197619	ZNF615	ZNF615	0.0	0.0	0.43743858220449233	32.0	0.0
114991	ENSG00000157657	ZNF618	ZNF618	0.0	0.0	0.4630645803656709	9.0	0.0
253639	ENSG00000177842	ZNF620	ZNF620	0.0	0.0	0.39012197180081976	33.0	0.0
285268	ENSG00000172888	ZNF621	ZNF621	1.0	1.0	0.41522933712937776	32.0	0.018053449440407727
90441	ENSG00000173545	ZNF622	ZNF622	1.0	2.0	0.5301944566544365	33.0	0.04610386579603796
57547	ENSG00000197566	ZNF624	ZNF624	0.0	0.0	0.47526872379678337	32.0	0.0
57232	ENSG00000221994	ZNF630	ZNF630	0.0	0.0	0.2857009205804932	33.0	0.0
121274	ENSG00000167528	ZNF641	ZNF641	1.0	1.0	0.4584980986166109	7.0	0.019934699939852647
9726	ENSG00000167395	ZNF646	ZNF646	0.0	0.0	0.34929249324315087	31.0	0.0
115950	ENSG00000161914	ZNF653	ZNF653	0.0	0.0	0.5887656160628937	31.0	0.0
79027	ENSG00000197343	ZNF655	ZNF655	1.0	1.0	0.5555148837430611	31.0	0.024152821032307006
63934	ENSG00000198046	ZNF667	ZNF667	1.0	1.0	0.6549829009743806	53.0	0.02847751743366872
93474	ENSG00000277462	ZNF670	ZNF670	1.0	1.0	0.4986842815269265	32.0	0.021681925283779414
79894	ENSG00000171161	ZNF672	ZNF672	0.0	0.0	0.32157910523572164	32.0	0.0
342926	ENSG00000197928	ZNF677	ZNF677	1.0	9.0	0.7203463463728027	53.0	0.2818746572763141
148213	ENSG00000196172	ZNF681	ZNF681	1.0	3.0	0.692280166608908	33.0	0.09029741303594452
127396	ENSG00000117010	ZNF684	ZNF684	0.0	0.0	0.2472617087629609	41.0	0.0
55657	ENSG00000171163	ZNF692	ZNF692	0.0	0.0	0.5175192194452348	3.0	0.0
90874	ENSG00000143067	ZNF697	ZNF697	1.0	4.0	0.5324621197645457	51.0	0.09260210778513839
55762	ENSG00000167562	ZNF701	ZNF701	1.0	1.0	0.44039699026508095	49.0	0.019147695228916562
51123	ENSG00000120963	ZNF706	ZNF706	1.0	9.0	0.7550785374391064	49.0	0.2954655146500851
7562	ENSG00000182141	ZNF708	ZNF708	0.0	0.0	0.31395636176582986	32.0	0.0
374655	ENSG00000140548	ZNF710	ZNF710	1.0	4.0	0.5232923129625201	33.0	0.09100735877609045
7552	ENSG00000147180	ZNF711	ZNF711	1.0	3.0	0.6889325894427645	32.0	0.08986077253601275
148206	ENSG00000160352	ZNF714	ZNF714	0.0	0.0	0.3632308336245349	53.0	0.0
100131827	ENSG00000227124	ZNF717	ZNF717	1.0	1.0	0.444724180672689	53.0	0.019335833942290825
442319	ENSG00000214652	ZNF727	ZNF727	1.0	4.0	0.6066257472583424	52.0	0.10550012995797259
728927	ENSG00000234444	ZNF736	ZNF736	1.0	2.0	0.7002077534488745	33.0	0.06088763073468474
7625	ENSG00000185252	ZNF74	ZNF74	1.0	7.0	0.7537918347851622	53.0	0.22941490623896243
7627	ENSG00000162086	ZNF75A	ZNF75A	1.0	1.0	0.43681372500833165	52.0	0.01899190108731877
284390	ENSG00000197054	ZNF763	ZNF763	0.0	0.0	0.396648458845631	55.0	0.0
91661	ENSG00000196417	ZNF765	ZNF765	1.0	1.0	0.43792647636005844	51.0	0.019040281580872107
27153	ENSG00000196453	ZNF777	ZNF777	1.0	3.0	0.6295536885459971	2.0	0.08211569850599962
284323	ENSG00000197782	ZNF780A	ZNF780A	1.0	2.0	0.5655508738998211	33.0	0.049178336860854
146540	ENSG00000197162	ZNF785	ZNF785	1.0	1.0	0.6445451456515717	52.0	0.028023701984850945
136051	ENSG00000197362	ZNF786	ZNF786	1.0	2.0	0.691604042109891	32.0	0.060139481922599214
285989	ENSG00000198556	ZNF789	ZNF789	1.0	5.0	0.7899309711361381	51.0	0.17172412416003002
388536	ENSG00000197863	ZNF790	ZNF790	1.0	1.0	0.5198344946792547	33.0	0.022601499768663248
7554	ENSG00000278129	ZNF8	ZNF8	0.0	0.0	0.7258095956738231	19.0	0.0
125893	ENSG00000180257	ZNF816	ZNF816	1.0	2.0	0.3565784247755501	5.0	0.031006819545700004
55565	ENSG00000102984	ZNF821	ZNF821	1.0	3.0	0.5600312699970749	33.0	0.0730475569561402
55552	ENSG00000197933	ZNF823	ZNF823	0.0	0.0	0.2641826287526545	32.0	0.0
152485	ENSG00000151612	ZNF827	ZNF827	1.0	5.0	0.5408517688419529	33.0	0.11757647148738105
55769	ENSG00000167766	ZNF83	ZNF83	1.0	8.0	0.5974375530470958	53.0	0.2078043662772507
128611	ENSG00000124203	ZNF831	ZNF831	1.0	10.0	0.7801966794127626	49.0	0.33921594757076634
55778	ENSG00000022976	ZNF839	ZNF839	1.0	3.0	0.702851903097566	7.0	0.09167633518663904
284391	ENSG00000223547	ZNF844	ZNF844	1.0	2.0	0.4575623936058481	53.0	0.039788034226595485
91664	ENSG00000213799	ZNF845	ZNF845	1.0	4.0	0.6097682445065912	53.0	0.1060466512185376
54753	ENSG00000236609	ZNF853	ZNF853	1.0	3.0	0.5301264483088072	4.0	0.06914692804027919
642280	ENSG00000290382	ZNF876P	ZNF876P	1.0	7.0	0.9542193739933654	53.0	0.2904145920849373
400713	ENSG00000221923	ZNF880	ZNF880	1.0	4.0	0.5009161425827382	31.0	0.08711585088395447
169834	ENSG00000228623	ZNF883	ZNF883	1.0	8.0	0.6031126371386591	1.0	0.2097783085699684
81931	ENSG00000184635	ZNF93	ZNF93	1.0	4.0	0.4113114086912001	53.0	0.0715324189028174
10467	ENSG00000106400	ZNHIT1	ZNHIT1	1.0	3.0	0.43364283730006015	53.0	0.05656210921305132
9326	ENSG00000273611	ZNHIT3	ZNHIT3	1.0	5.0	0.5751379738155012	9.0	0.12502999430771766
80862	ENSG00000232691	POLR1HASP	ZNRD1ASP	1.0	1.0	0.4373056320621456	53.0	0.01901328835052807
84937	ENSG00000186187	ZNRF1	ZNRF1	1.0	9.0	0.8821674309070272	53.0	0.34519595122448893
223082	ENSG00000180233	ZNRF2	ZNRF2	1.0	11.0	0.7605480672128462	33.0	0.3637403799713612
148066	ENSG00000105428	ZNRF4	ZNRF4	1.0	6.0	0.6457197300249874	55.0	0.16844862522390974
54764	ENSG00000019995	ZRANB1	ZRANB1	1.0	1.0	0.5272276152811708	2.0	0.02292293979483351
9406	ENSG00000132485	ZRANB2	ZRANB2	1.0	2.0	0.6039947795289903	51.0	0.05252128517643394
84083	ENSG00000121988	ZRANB3	ZRANB3	1.0	8.0	0.7068233881531366	32.0	0.24585161327065622
65982	ENSG00000121413	ZSCAN18	ZSCAN18	1.0	12.0	0.8066263943732472	49.0	0.420848553586042
54993	ENSG00000291625	ZSCAN2	ZSCAN2	1.0	1.0	0.5206366960428096	60.0	0.02263637808881781
7741	ENSG00000197062	ZSCAN26	ZSCAN26	1.0	4.0	0.7139649059746894	1.0	0.12416780973472859
100101467	ENSG00000186814	ZSCAN30	ZSCAN30	1.0	2.0	0.43164002953335046	33.0	0.03753391561159569
64288	ENSG00000235109	ZSCAN31	ZSCAN31	1.0	1.0	0.6199968304235736	2.0	0.02695638393145972
79149	ENSG00000131848	ZSCAN5A	ZSCAN5A	1.0	4.0	0.3667932609474853	16.0	0.0637901323386931
7746	ENSG00000137185	ZSCAN9	ZSCAN9	0.0	0.0	0.3993291603503765	32.0	0.0
65249	ENSG00000132003	ZSWIM4	ZSWIM4	0.0	0.0	0.3648831643302423	32.0	0.0
57688	ENSG00000130449	ZSWIM6	ZSWIM6	1.0	2.0	0.3773212586685281	55.0	0.03281054423204592
125150	ENSG00000214941	ZSWIM7	ZSWIM7	1.0	5.0	0.5170543399765791	52.0	0.11240311738621285
374920	ENSG00000185453	ZSWIM9	ZSWIM9	1.0	7.0	0.6402054325226852	32.0	0.194845131637339
55055	ENSG00000174442	ZWILCH	ZWILCH	1.0	4.0	0.6848186950634118	53.0	0.119098903489289
7789	ENSG00000198205	ZXDA	ZXDA	1.0	2.0	0.4685500856827775	32.0	0.04074348571154587
79699	ENSG00000162378	ZYG11B	ZYG11B	1.0	5.0	0.6351786362494789	9.0	0.1380823122281476
7791	ENSG00000285443	ZYX	ZYX	1.0	1.0	0.4266372835503012	32.0	0.01854944711088266
