,cPC3
A1BG,0.6360412541897766
A1BG-AS1,-0.021673310996005668
AACS,0.6329658219696052
AADAT,-0.4357381260005725
AAED1,0.5277411018377691
AARS2,1.7018004129109854
AASS,-0.0961712431391587
ABCA1,0.7644229901654389
ABCA2,-0.19795468553166637
ABCA3,-0.17454278770806933
ABCA5,0.8018827937615466
ABCA9,1.15693644506148
ABCB10,-1.3078018475387465
ABCB6,-0.12105683334510664
ABCC12,-0.5624338863522093
ABCC5,0.12629234042214643
ABCC8,-0.6913260049289188
ABCE1,0.9629185698728921
ABCF1,-1.0489010143399877
ABCG1,0.7111586189196133
ABHD1,-0.7181504856021499
ABHD17A,-0.025011845348726813
ABHD17C,-0.9091673785016458
ABHD3,0.3239281054707985
ABHD4,-0.2609907637767309
ABHD6,0.7857635895144055
ABHD8,-0.25979221152976745
ABI1,0.22593069606875113
ABI2,1.2352118845398024
ABR,1.0556506356991744
ABRACL,0.46799216717382025
ACAA2,-0.47657536562420466
ACACA,-0.9280746614847906
ACACB,0.311244675665602
ACAD8,0.7672831745439321
ACAD9,-0.7264508387237267
ACADL,0.304365401585171
ACADVL,0.23169680463434275
ACAP2,-0.7503471334314364
ACAT2,-0.6603613784565031
ACKR1,1.3548041851677979
ACKR3,-0.39886329640355495
ACLY,0.36462079663720603
ACOT2,0.4104887295502998
ACOT4,0.5653778120189028
ACOT8,-0.3911964376107772
ACOT9,-0.7941018298701634
ACOX1,-0.4192014119361334
ACOX3,-0.5304358898256155
ACP1,0.9873998426712636
ACP2,-0.5842442122121883
ACSBG1,-0.019908485805780113
ACSF2,-0.005215870507784229
ACSF3,-0.8043582295557026
ACSL4,0.32434167248542234
ACSM5,-0.3213445480055929
ACTA1,-1.6406509093225816
ACTG1,0.13382125196206898
ACTL6A,-0.7931164155460501
ACTL6B,-0.19743950744144784
ACTR10,-0.6124487834598239
ACTR1B,-0.4302657967728648
ACTR2,-0.2526408931609032
ACTR3B,0.6998723906170975
ACTR3BP2,1.1848616736190805
ACTR3C,1.2276862636741142
ACVR2A,1.7457141925139257
ACY3,-0.4383020300376555
ACYP1,-1.3410769040360566
ADA,-0.757653705554611
ADAD2,1.0126836924884113
ADAM11,-0.04831636698397201
ADAM19,-0.26592346740986406
ADAM20P1,0.40103857720353475
ADAM28,-0.4644422819239686
ADAMTS19,-1.664353143928826
ADAMTS8,0.0361738217950496
ADAMTS9,-2.152776034635495
ADAMTSL1,2.426876239265022
ADAMTSL2,-1.783733706375306
ADAP1,-0.206666049153996
ADAP2,-0.014486988931365064
ADARB1,-0.8677949287030412
ADAT1,-0.9174519134758619
ADCK2,-0.6578326967591361
ADCK5,0.38651348735045377
ADCY1,0.42899504558328677
ADCY2,-0.7212100337799343
ADCY6,-0.22759265235108228
ADCY7,-1.2307658512289594
ADCY8,1.5361552116085908
ADCYAP1,-1.4814209427461957
ADCYAP1R1,-0.0978640862420548
ADGRA1,0.23385857884819963
ADGRA3,-0.5090753305563146
ADGRB3,0.36493094338831095
ADGRG1,-0.29145100346276487
ADGRG6,-0.27590969402161347
ADGRL2,0.08938883630506211
ADGRL3,1.685824094186597
ADGRV1,0.976241334712737
ADH5,1.3255209859542145
ADI1,-0.5119984077486471
ADIPOR1,0.8499120043199309
ADIRF,2.5530669727636606
ADK,1.0803398419294423
ADM,0.06081354003930246
ADM5,0.7850721318547668
ADNP,-0.8135529716646261
ADO,-0.7492953603563054
ADRA1B,-1.7827106426504584
ADRA2A,-0.5183265144874237
ADRA2C,-0.20807942525624748
ADRB1,0.4398900000103528
ADRB2,-1.0320070011241969
ADSS,-0.07405188783169851
ADTRP,-0.7521994666949879
AES,-0.17776160349643327
AFAP1L1,-2.3362943759913235
AFF2,1.5742845555997733
AFTPH,-1.3398808219780758
AGAP1,0.9598433583599365
AGAP2,1.4052465717867595
AGAP3,0.3211067177230241
AGBL4,-0.012010011190842095
AGFG2,-0.16045865003032406
AGGF1,-1.2408079604369762
AGL,0.26804697565363234
AGMAT,-1.7735721551245374
AGO4,0.3963833427262342
AGPAT3,0.19748163909611416
AGPAT5,0.41994682182610554
AGRN,0.9767763945013443
AGTPBP1,-0.7633812582316712
AHCY,0.7766086539315572
AHCYL1,-0.7915207422061803
AHNAK,0.119277632038957
AHRR,-0.1665121798930753
AHSG,-0.6578051516700496
AIF1,-0.2707223020212601
AIFM2,-0.8070018069971218
AIFM3,-0.5737355886104908
AIM2,0.8785432491854406
AJAP1,-0.2966615677480479
AK3,0.3896420721696704
AK4,0.3790306478196153
AK5,1.2893833654219213
AK8,0.18525863498768397
AKAP13,2.1746390933474204
AKAP5,1.5614184824474322
AKAP8,-1.7514993488057686
AKIRIN1,1.591195236898174
AKIRIN2,1.3908396242173449
AKR7A2,-0.20501113120481462
AKR7L,-0.005835887024889434
AKT3,1.2334864822583322
ALAS1,-0.531196802425194
ALCAM,0.3571759918999195
ALDH1B1,-0.4505761747656238
ALDH1L2,-0.1543828221450891
ALDH2,0.2868048257226877
ALDH3A2,0.5925578411953297
ALDH3B1,0.27607122406467627
ALDH5A1,0.46609198132490154
ALDH6A1,-0.11963555030801105
ALDH7A1,1.2373589565784118
ALDH9A1,0.691527619979358
ALDOA,-0.3849443990867057
ALG10B,-1.2889227939249823
ALG13,-1.2663667036461748
ALG5,-1.1203920177606508
ALG8,0.8667623271373669
ALK,-0.3706107843006165
ALKAL2,1.483279578540329
ALMS1P1,1.181495813239323
ALOX5,-0.3871708494661407
ALOX5AP,-0.20438914386224902
ALPK1,0.6003416892171194
ALPL,-0.314381739194991
ALS2,0.24321824943406473
ALS2CR12,0.6047996733789421
AMER2,0.029391615337741712
AMER3,-0.20431627449331113
AMFR,0.3544929765929195
AMIGO2,-1.3513356557860103
AMMECR1,-0.9449574765217421
AMMECR1L,-1.8581929731974283
AMN1,-0.11427354153810747
AMPD2,-0.7510013391887952
AMPH,0.4641278363869424
AMZ1,-0.0344804445392446
AMZ2,-0.26286989718610737
AMZ2P1,1.1556623640091441
ANAPC11,-0.7659640049809259
ANAPC15,-0.594832479915537
ANAPC4,0.30998140354623194
ANGEL2,0.05969131443380764
ANK3,1.4740806531170814
ANKIB1,0.7598437952519353
ANKLE2,-0.48718088003890064
ANKRA2,-0.18278168170810485
ANKRD11,0.3237495355828479
ANKRD13D,-0.5436670893559082
ANKRD18B,2.4685952580712187
ANKRD19P,1.1055664563922074
ANKRD2,-0.6325108980581806
ANKRD20A11P,2.0422263403697567
ANKRD20A5P,1.9854182988977036
ANKRD24,-0.19470640359402114
ANKRD26,0.5287238126077001
ANKRD28,-0.47596119045299107
ANKRD30BP2,0.8268568899602285
ANKRD34A,-0.09241134279841488
ANKRD36BP2,2.03554490710957
ANKRD39,-0.16535058623921597
ANKRD45,0.21493529684525017
ANKRD46,0.2866506370806168
ANKRD49,0.17907989955548773
ANKRD50,0.7879000364966158
ANKRD6,1.0217976144162755
ANKRD9,-0.4949906815963239
ANKS3,-1.2109036988847974
ANKS6,-0.6586191180455612
ANKZF1,-0.8834205681930608
ANO2,-0.6730592948495249
ANO3,0.25272129930698345
ANO6,6.499992113613194e-05
ANOS1,0.1259038878043955
ANP32E,0.3630211193116972
ANXA1,-2.389729970251292
ANXA11,1.3683379345501727
ANXA2,-0.8485990245717948
ANXA4,-0.7600980754457227
ANXA7,-0.23595116245522857
AOAH,0.1598880156542677
AP1G2,0.8551882897046053
AP1M1,-0.3553032282398743
AP1S1,0.20996870453558242
AP2B1,0.5257913542154302
AP2M1,-0.2934042860876807
AP2S1,0.09857010995901078
AP3B1,0.12644960188574225
AP3B2,0.3605675726680664
AP3D1,-0.2714132162094793
AP3M1,0.46962208263384014
AP3M2,0.08196872439270093
AP3S1,1.2027955738201672
AP4M1,-0.9719963426945
AP4S1,0.022670181536462195
AP5B1,0.7624234920114672
AP5S1,0.6942274332314233
APBA1,1.7788276521346564
APBA2,-0.5765856704715968
APBB1,-1.1800910566163902
APBB1IP,0.16536760052871113
APBB3,-1.06667961793058
APC,0.47067723890505414
APEH,-1.3674194742644306
APH1B,-0.16349737340994486
APLN,-1.0146343708304801
APLNR,0.1661776290077319
APMAP,-0.21090740426458968
APOC1,1.5815061089852045
APOE,0.5988617363323898
APOM,-0.6408112183709458
APOO,0.368877368441395
APOOL,0.6517274598096485
APOPT1,0.7956702433560588
APP,0.2809090703774407
APPL1,-0.59657269887752
APPL2,0.3409380766865775
APRT,-0.007125866645695464
AQP1,-1.3312430812091507
AQP11,-1.0081170298946496
AQP4,-0.07220069726132775
AQP5,-0.9399371720163258
AQP6,-1.3591519639109781
AQR,0.6901673113448272
ARAP2,-1.125622496254779
ARF3,0.44220690332292534
ARF5,-0.10883094955762188
ARFGAP1,-0.012523925782962264
ARFGEF3,0.6347420826607502
ARGLU1,1.0351218498955705
ARHGAP10,-0.057756964587556296
ARHGAP12,-0.5312883139143412
ARHGAP18,1.8997329781111318
ARHGAP19,-0.07780313427756604
ARHGAP20,-1.1760813454959782
ARHGAP22,-0.3442850571772036
ARHGAP25,-2.934097614479491
ARHGAP26,1.0141545199800373
ARHGAP28,-0.2117825992657283
ARHGAP29,-0.2905227586706425
ARHGAP32,1.1797471784067766
ARHGAP33,0.3534183799982042
ARHGAP36,-0.25949952861017045
ARHGAP4,-1.3377659152143604
ARHGAP42,-0.5660563567163266
ARHGAP45,-0.767751322906456
ARHGAP5-AS1,0.37105544811738006
ARHGAP6,2.4432191968465906
ARHGDIA,0.6424304481317539
ARHGDIB,-1.5168790068210005
ARHGDIG,-0.5295268917239865
ARHGEF10L,-1.309346372311028
ARHGEF12,-0.059970845245547605
ARHGEF16,-1.7795384402602399
ARHGEF17,-1.7900289144909347
ARHGEF2,-0.15786793767839535
ARHGEF25,0.03857643824534229
ARHGEF28,-0.042133422857456325
ARHGEF3,0.12341744491200358
ARHGEF4,-0.516349582993668
ARHGEF40,-0.38857262693855577
ARHGEF6,0.3815892524636441
ARHGEF7,-0.7272445302367871
ARHGEF9,0.20679479614295132
ARID1A,0.1877043365630159
ARID3B,1.554704281077966
ARID5A,-0.9596395715081893
ARL10,1.599134976063948
ARL14EP,-0.43128807041525546
ARL15,0.2557036214091897
ARL16,1.05552045822956
ARL4A,2.022190215160739
ARL4C,-2.139259063174429
ARL5A,-0.016804034360299442
ARL8B,-0.8061620819373945
ARL9,2.9537222126826324
ARMC10,-0.647606675689068
ARMC2,0.8103853254636999
ARMC7,0.8159050860384728
ARMCX1,0.14566075106723902
ARMCX2,0.7484670502052213
ARNT2,0.6841535910268624
ARNTL,-0.1963139279251208
ARNTL2,1.0127741867040458
ARPC2,0.29676173464289335
ARPC5,0.815601413582328
ARPP19,-0.08134051671512921
ARPP21,0.2127392776791741
ARRB1,-0.5858102600223686
ARRB2,0.6517473329106304
ARSB,-0.0014809188439594122
ARSG,-0.7451990311441545
ARSJ,-0.0893722197894473
ARSK,-0.6532918993920113
ASAH1,0.20461043181353458
ASAP1-IT2,-0.4299041014451161
ASB1,-1.0340722492761019
ASB5,-1.088197455528062
ASB6,-0.29117112130726586
ASCC3,-0.5667211035892721
ASCL2,1.1020071808612042
ASF1A,-0.6229560130709246
ASGR1,-2.1552331025914917
ASGR2,-2.070860422111109
ASH1L,0.0031031758218195717
ASH1L-AS1,-0.42379677741906485
ASH2L,0.04222367846078466
ASIC1,0.8403101853880643
ASIC2,0.9701787281916634
ASIP,1.5957914770203907
ASL,-1.3595539981963107
ASNSP1,-0.3305541747192403
ASPHD2,1.0033772364818774
ASS1,0.8907075213365651
ASTE1,-0.7393508984302972
ASTN1,0.6447109762786462
ASTN2,-1.2992578202188731
ASXL1,-0.8232385752132126
ASXL2,-1.3331755465377506
ASXL3,-0.748996927246511
ATAD2B,-0.35011835890002313
ATCAY,0.10310386464848652
ATF2,-0.4588092751793509
ATF4,-1.2094879140316241
ATF7IP2,0.5919060630671148
ATG10,-0.5103182317935975
ATG101,-1.0287546951979338
ATG12,0.5930446479163446
ATG4B,-0.5538138361892626
ATG4C,-0.6377761411677477
ATG7,-0.5791667467469266
ATG9A,-0.6998168436280923
ATM,0.2751011620998825
ATN1,-0.2118381497784029
ATOH7,1.0789095105806
ATOX1,-0.041181585004111884
ATP10D,0.12824405707837722
ATP11C,-0.36852459788627545
ATP13A2,-0.245016038345602
ATP13A4,-0.6624400358882075
ATP1B2,-0.331745967669766
ATP2B4,1.204394312910287
ATP2C2,-0.17187485103352873
ATP5ME,0.7332019725640444
ATP5PF,-0.7479979317046176
ATP6AP1,-0.9112830854393245
ATP6AP2,1.2135504027300503
ATP6V0A1,-1.1060745548080397
ATP6V0A4,-0.29612812854405446
ATP6V0C,-0.4713403197848176
ATP6V0CP3,-0.7469618734068662
ATP6V0D1,-0.750960649964146
ATP6V0E1,-0.8491869309726072
ATP6V0E2,-0.51926156475054
ATP6V1A,-0.8914270087701996
ATP6V1C1,0.9998960067103441
ATP6V1E1,-0.4356525416635902
ATP6V1F,-0.33078793565940884
ATP6V1G2,-0.04856433183096154
ATP6V1H,0.8022275377610992
ATP7B,0.9033728673403857
ATP8A1,1.1056309895665488
ATP8A2,1.1524699004698407
ATP8B2,0.5325774912809587
ATP9A,0.5363091354698099
ATP9B,0.5419977528441791
ATRNL1,-0.3809349344623339
ATXN2,-0.8070439795115341
ATXN7L2,-0.0130903094589663
ATXN7L3,-0.4743437987376371
ATXN7L3B,-0.2766080136637904
AUNIP,2.330690347136271
AURKAIP1,-1.7419340885642582
AUTS2,0.9334284003272105
AVIL,1.2401043424138567
AXL,-0.5360989882684883
AZIN1,0.8339573543454722
AZIN1-AS1,-0.3970617630107276
B3GALNT1,0.25492464543069593
B3GALT2,0.682092261132477
B3GALT5-AS1,-0.9749920142152966
B3GALT6,-0.18957457246448758
B3GAT1,-0.4643917081489899
B3GAT2,-0.25931456053021323
B3GLCT,-0.9867877617153257
B3GNT2,-1.223506033339744
B3GNT4,1.5037264372430024
B3GNT5,-0.6904083380297181
B3GNT9,0.0108552575521801
B4GALNT1,0.07116605989185107
B4GALT2,0.11117476135184179
B4GALT3,-0.5999481691944326
B4GALT5,0.31174147258598883
B9D1,0.29932742784020705
BABAM1,-0.1248695522576119
BABAM2,0.7542262934610073
BACE1,-0.8907008483136226
BACE2,0.2591349280588819
BAD,-0.25361558107642235
BAG1,-0.23206386624474795
BAG3,0.39755137693318354
BAG6,-0.8209460636015735
BAIAP2,1.4315165730645971
BAIAP2L2,-1.2145440641679297
BAIAP3,0.15213966966626002
BANP,-2.4771998735867857
BAP1,-0.45360152612250526
BARD1,1.1687372361310564
BASP1,0.42929838198672543
BASP1-AS1,-0.3022580474649548
BATF3,0.9564881412706999
BAZ1A,-0.648545960155783
BBC3,0.1004921652115143
BBS7,1.2018591327723984
BBS9,-0.2348823499708459
BCAN,-0.09473999623679209
BCAR3,-1.1961335209609425
BCAS2,-0.6067376446716716
BCAS3,-0.9538337596856561
BCCIP,0.8500860373048682
BCHE,-0.3073166398259874
BCKDHA,-1.321728012286401
BCKDK,-0.6592112742003294
BCL11A,2.435382950803917
BCL2,-0.5167774832189469
BCL2L2,-0.5223730291687744
BCL7A,0.5479096470290837
BCL7C,-0.532169581988445
BCL9,0.09951889020544785
BCLAF1,-0.30300294212924345
BCLAF3,-0.1408532136773952
BCOR,0.6762479179215358
BCR,1.0708160475438324
BCRP2,1.2213949816896783
BDH1,-0.856820279515196
BDH2,-1.2565916374150004
BDKRB2,2.824612764872903
BDNF,1.2706329281813562
BDNF-AS,0.053779016561016836
BEAN1,1.7647175602189207
BECN1,-0.8530768033146345
BEGAIN,1.1429800343906722
BEND7,2.0300701677650954
BEST1,-0.38061344878350367
BEX1,0.5970761545858317
BEX2,0.40701114099547614
BEX3,-0.13472739138453751
BEX5,0.12656627439598975
BFSP1,1.7032047924193834
BHLHE22,1.0541754110891783
BHLHE40,-0.9419443219134364
BHMT2,-0.21354209044856948
BICC1,-0.8718929997985773
BICD2,-1.038797106081075
BICDL1,-0.03237001793058281
BICDL2,0.4562907830934468
BID,0.19900872199478453
BIRC3,1.077556404943679
BLM,-1.6631710135467432
BLMH,-1.355199703627673
BLNK,-0.6729307532300339
BLOC1S2,-0.3559667997470047
BMP2K,0.24562674457226477
BMP7,-0.2848725491170262
BMP8B,0.221273418334016
BMPR1B,-0.11129579632180482
BMS1P14,0.22393807578116978
BMS1P20,0.066800364721165
BNIP2,-0.22934287518240637
BNIP3,-1.070575358895641
BOLA3-AS1,-0.4823405565596607
BORCS7,0.25195644683529067
BPHL,0.8273098266720418
BRAP,0.6925123936704817
BRCC3,-1.4102976922491774
BRD2,0.8907988759881802
BRD8,-0.8270101039342067
BRF2,-0.4624848402272685
BRI3,-0.42366522831574865
BRINP2,1.0640603629267178
BRINP3,-0.7714034605681578
BRK1,-0.33973825736184454
BRMS1,0.3116534358124987
BRMS1L,-0.21070608623839532
BROX,0.2739419375597429
BRPF3,-0.4908843698525475
BRSK1,0.0720197478237655
BRSK2,1.1143449596501482
BRWD1,0.29479688469709525
BSDC1,0.5318657595841668
BSN,1.0887236848603308
BSPRY,-1.7667506992967605
BTBD1,-0.8136277310517634
BTBD10,-0.47209214588583953
BTBD11,-0.9542066140018737
BTBD3,0.6466807256722481
BTBD6,0.19089141319635608
BTBD9,1.0070781556385107
BTC,0.6606293861983535
BTG1,0.8299354560373835
BTG3,0.7246872079568021
BTN3A1,-0.5395229455889555
BTN3A2,-0.5479694441872015
BTNL9,0.47715401785727324
BUB3,0.7770458036482276
BZW2,1.5802466624296743
C10orf105,0.3612069555015311
C11orf1,0.39311921980191755
C11orf58,-0.20797094123286455
C11orf65,-0.2087629200074309
C11orf68,-0.22727324591550163
C11orf71,-0.19467280901627632
C11orf74,-0.6883017349739816
C11orf80,0.6619052112287029
C11orf87,-1.3843843969233778
C11orf95,0.5006266154908955
C11orf97,0.48345844188941733
C12orf29,-0.4761905865321147
C12orf4,-0.13766280353498314
C12orf43,0.062074156384884456
C12orf45,-0.0026233700462378034
C12orf60,-0.7201559275474639
C12orf66,-0.6011889467428609
C12orf75,0.6152233378715151
C12orf76,-1.3181406904002386
C14orf132,1.4865356067109727
C15orf41,0.9840766189367595
C15orf59,1.5313674483164943
C15orf61,0.8464539439494748
C16orf45,0.9899582187177454
C16orf58,0.3520756492667036
C16orf70,1.0431584892553416
C16orf74,-0.7216997995816133
C16orf87,-0.8592202513587046
C16orf91,-0.6336010919062065
C16orf95,-0.9939769018668728
C17orf100,0.15250387964549253
C17orf51,0.5898980224250614
C17orf58,-0.2678647712845618
C17orf97,0.7761478348473201
C19orf12,1.0300870749297824
C19orf18,-0.3291826291042198
C19orf33,-0.04496098295599665
C19orf53,-0.3028097741985071
C19orf57,-0.42883631576301906
C1D,-1.0296758732373188
C1GALT1,-0.670058776528286
C1QA,-0.10532978092404577
C1QB,-0.5227051960475408
C1QC,-0.5622595336834466
C1QL1,-0.34695469729784245
C1QL2,-0.4402911215616653
C1QL3,0.17306891445570763
C1QTNF3,-0.5806291866965521
C1R,-0.46396995159637544
C1RL,0.1960105493498682
C1S,-1.4935850910011719
C1orf115,0.6556833478666272
C1orf194,1.5331682745657564
C1orf198,-0.13450441089521603
C1orf21,0.3137434689624886
C1orf216,0.6888095458124215
C1orf226,-0.5260460680155372
C1orf50,0.1869752413242277
C1orf61,-0.24729810438741537
C1orf74,-1.8642744368041588
C20orf196,-0.3807684742542639
C20orf27,-0.6387759495482201
C20orf96,-0.11943875472124485
C2CD2L,1.0047079923468647
C2CD4C,0.6067450342330644
C2CD5,-0.2323562612850905
C2orf27A,0.20470496193313756
C2orf49,0.33458842944614975
C2orf69,0.6962118791953338
C2orf73,0.24606260420672135
C2orf80,1.193118322446436
C3,-0.8921016119655196
C3orf14,0.2270710105477742
C3orf70,0.7308017711297651
C3orf80,0.07902625036404891
C4orf48,-0.09370379135638475
C5orf30,-1.5332818678024023
C5orf42,0.11889974417148381
C5orf49,-0.7103497834736917
C6orf118,1.460907326128609
C6orf120,-0.5055266739967758
C6orf52,-0.7110466657272554
C6orf62,-1.2412963577832181
C7orf13,1.2204077422411068
C7orf50,0.7868010205777709
C8orf34,1.3167110800943265
C8orf44,0.45076563557225074
C8orf46,-0.5703860760329668
C9orf116,0.1509440213675386
C9orf129,-0.2206637118861973
C9orf16,0.9366112652974524
C9orf40,-0.09253060719810492
C9orf72,-0.2640229038743806
CA10,-0.49311525491754554
CA11,0.4313548131988341
CA12,0.9288620410683321
CA4,-1.7718566917175458
CA5B,-0.1905043711932853
CA8,0.8627496646908916
CAB39,0.6995921120231692
CAB39L,-1.022448729217339
CABLES1,0.3269793822806998
CABYR,0.15588138637598714
CACFD1,-0.6779745361854006
CACHD1,0.13496092985552685
CACNA1B,0.19947326704853846
CACNA1C,0.5783283458058631
CACNA1E,1.9342721108920433
CACNA1G,-1.8364811015475289
CACNA1H,0.4245222746359974
CACNA1I,1.2148119514224613
CACNB1,0.2314340682183238
CACNB2,-0.17672999879045542
CACNB3,1.1173281218077977
CACNG3,0.8273510824549243
CACNG4,0.34216566528453596
CACNG7,0.21304882644677772
CACNG8,-0.10140800275008242
CADM1,0.5995274235044805
CADM2,1.2699034155037654
CADM3,0.5231620516607464
CADPS,0.5182806619003275
CADPS2,-0.011865652624306442
CALB1,-1.0639639538204189
CALB2,1.4296698712129798
CALCOCO2,0.4782076921494039
CALCRL,0.7978584759812167
CALHM1,-0.3521198357986217
CALHM2,0.034059770758963395
CALHM6,1.8041374059345086
CALM1,-0.11876416774458647
CALM3,-0.32839510489742374
CALML3,0.4247166168520554
CALN1,2.6082841528365734
CALR,-0.68052749832036
CALU,0.35547050399679425
CAMK1,0.9646188891229992
CAMK1G,-1.5346908307311158
CAMK2A,0.9756917984081712
CAMK2D,1.7231781028937825
CAMK2G,-0.5737793486084369
CAMK2N1,1.0772236854116333
CAMK2N2,1.431097793762262
CAMK4,0.44427970526199395
CAMKK1,0.5995549143966858
CAMKMT,-0.7274540213025156
CAMKV,0.8539181024830799
CAMSAP3,0.8949614978445843
CAMTA2,-0.24801453703673107
CAND2,-0.8669176095160457
CANX,0.6847567704259997
CAP1,0.9383550955185709
CAP2,2.421807100929509
CAPG,-0.17703351249406774
CAPN1,-0.7673772135011078
CAPN12,1.4238003187309691
CAPNS1,-0.12940063600008797
CAPRIN1,0.7089071139375027
CAPRIN2,2.029386010571712
CAPZB,1.3260163010652881
CARD6,0.19052119024883551
CARHSP1,0.6619190044011085
CARMIL2,-0.014192748899618125
CARMIL3,0.37303144161926943
CARS,-0.39455300648472985
CARTPT,-0.6055425897143996
CASC15,0.5303072426995878
CASC2,0.6630310468132797
CASK,1.31174892801349
CASP10,-0.6866174843304991
CASQ1,-1.5818188826703174
CASTOR1,0.042504714497379324
CAV2,0.7201204795851541
CAVIN3,2.577853079097344
CBFA2T3,0.47545041676701266
CBFB,0.057984801062082564
CBLB,-0.9263949890843999
CBLN1,-1.1001521585609515
CBLN2,-2.83870499097491
CBLN4,0.5843282284015648
CBX6,0.4557157332292193
CBX7,-0.6704270962180002
CC2D2B,0.013966741550448426
CCBE1,-0.2087855937955498
CCDC112,1.0672491450517865
CCDC12,-1.2653333838200624
CCDC120,1.298379395644577
CCDC124,-0.28288663281057685
CCDC14,-1.1870821117528367
CCDC148,0.6056783182063941
CCDC15,0.642212325728642
CCDC152,1.642559493859409
CCDC153,-0.3871439019448115
CCDC159,-0.3596121828067697
CCDC167,-0.9228483440597738
CCDC171,2.3113420261052147
CCDC177,0.897092524348877
CCDC189,1.304708484752211
CCDC191,0.6605302893153554
CCDC24,-0.24817040812882787
CCDC28A,-0.030376187940646317
CCDC3,-1.08026464876992
CCDC32,-0.23382100325923008
CCDC34,-0.8455343463234587
CCDC47,-0.46718890109286876
CCDC50,0.26542596726724904
CCDC6,1.588024918782964
CCDC65,0.6837786235752495
CCDC68,-0.34105570336394436
CCDC71L,0.0584267178666418
CCDC77,0.2429170394687629
CCDC8,0.5432489541749871
CCDC80,-2.2423809637718297
CCDC82,-0.5136795547027305
CCDC85A,-2.421203977719238
CCDC85C,0.6338483885075915
CCDC88A,0.22387059938717532
CCDC88B,1.6319469423243762
CCDC9,-0.8959948962974549
CCDC90B,0.43921587932693773
CCDC92,0.49119210857397394
CCEPR,-0.4303497836026589
CCK,-0.9537192371790594
CCKBR,0.49834645342962675
CCL2,-0.18520679416059996
CCL28,1.8900809140048547
CCM2,-0.8489388567774158
CCNA1,0.8187472999324714
CCNB3,-0.4879806790702539
CCND2,1.1549918882797554
CCND2-AS1,-0.8991384633065732
CCNDBP1,-0.5522670857450862
CCNG2,-0.6712533600605016
CCNH,0.5746875510846697
CCNK,0.4300098292818253
CCNL2,-0.41653403477529144
CCNO,1.174368038715457
CCNT2,-1.0098350635606865
CCNY,1.4548589022062661
CCNYL1,-0.5810759008031363
CCR1,-0.8719747248077111
CCSER1,-0.6881128733061624
CCT2,-1.1882919116237518
CCT4,0.011811074123969941
CCT5,-0.3559871278948566
CCT7,-0.564940870486889
CCZ1P-OR7E38P,0.5718430577045162
CD163L1,0.7377048268440058
CD200,0.11501742479676466
CD226,-0.25709838510113836
CD24,1.21461364972407
CD247,0.30692689218097347
CD248,-0.8365159444640929
CD2BP2,-0.8027721486140269
CD33,-0.7468867495819643
CD3EAP,-0.003819178911223531
CD44,-1.3202318018701757
CD47,-1.5324246224548415
CD52,-0.4064425324633707
CD53,-1.8896734540843965
CD55,0.3686086575505604
CD58,-0.9318598311703313
CD59,0.11148814577053318
CD6,-2.649627524117306
CD63,-0.8487927956860241
CD68,-0.3544180375923464
CD74,-0.2448829665167084
CD81,-0.19347471379859432
CD82,0.3906659324203865
CD83,0.03173297718066991
CD84,-0.17068794377483912
CD99,-0.5113631814940774
CDC123,-1.0689411664777642
CDC14A,-0.6924677297440864
CDC14B,-0.3996222351049283
CDC34,-0.3216592689522174
CDC37,-1.2567185024696306
CDC42,0.8753008102371063
CDC42SE2,0.43142301796779126
CDC6,0.607455977410005
CDC7,-0.3113144599192157
CDCA5,-1.442252211488494
CDH10,0.18384412652652338
CDH11,-0.08415277305228351
CDH12,1.2230129801905727
CDH13,-1.5947168802993568
CDH18,-0.40374555393115796
CDH2,1.2641506315556967
CDH22,-0.18453563058971353
CDH4,1.0753476530158816
CDH8,0.6643157424859826
CDH9,-0.13002920871350981
CDHR1,0.02966335191932884
CDIP1,-1.0116501416214894
CDIPT,-1.331705622797535
CDK10,-0.002661642685008071
CDK17,1.0489529655198793
CDK20,0.1938496092000944
CDK5,0.24180450295385109
CDK5RAP2,0.6800648137983542
CDK9,-0.06241553013135286
CDKL3,-1.3023710387691179
CDKN2AIPNL,-0.3180022297211542
CDKN2C,-1.2538994400887178
CDKN2D,0.5903659968186437
CDKN3,-0.6449282870531047
CDS2,-0.7782936378342918
CDYL2,-0.8845148811730605
CEBPA,0.06832104885934312
CECR2,-0.39861750593943474
CELF1,0.9150378071492299
CELF3,1.3316358052135238
CELF4,0.27296990830873574
CELF5,0.617503873531938
CELSR2,0.6526788894381336
CELSR3,0.10237267338707115
CENPBD1P1,0.06163524252312828
CENPF,-1.270603258352619
CENPJ,0.818020380320414
CENPK,-0.04807961351778324
CENPM,-0.563012700165216
CENPQ,-1.0800284240052895
CENPV,-0.09011595842913235
CENPVL3,0.3697437193992889
CENPW,1.465389805947882
CEP112,0.25633558729197814
CEP120,0.5518987801050264
CEP126,1.5835651252580938
CEP135,-0.36585867771664315
CEP162,0.7672590921488472
CEP170B,0.07570344147383207
CEP68,0.8669113765759057
CEP70,0.3622502824460313
CEP72,0.8899000101592345
CEP83,0.7480502956859704
CEP89,1.690061992460666
CEPT1,0.4368432061817727
CERS6,0.1759082877750299
CES4A,1.6532994369432736
CETN2,-0.8382103317011914
CETN3,-0.2868306100405401
CFAP161,-0.22755202382944134
CFAP20,-1.2401555076140587
CFAP44,0.7264101818663666
CFAP52,-0.5442515504277946
CFAP53,0.1557466258666454
CFAP61,1.9019218274463157
CFAP65,-0.4369815500961256
CFAP97,-0.9073185183054163
CFD,0.8810896900463875
CFLAR,1.1999920823354806
CFP,0.6864798358118231
CGNL1,0.13263906398527234
CGREF1,0.9599792998685344
CHAF1B,0.7354048962820529
CHCHD4,-1.955871885604229
CHCHD6,-0.1369283766941535
CHD3,1.5734420846601094
CHD5,0.09622981542386631
CHD7,-0.610584505370383
CHDH,-0.5241678334649568
CHGB,0.8169093882917335
CHI3L1,0.44974039053228465
CHID1,-0.07840351018038522
CHL1,0.48351584495959693
CHMP1A,0.660118720500504
CHMP1B,1.6209897596519143
CHMP2A,-0.7768520669414414
CHMP4A,-1.045099452441323
CHMP4B,-0.6845377193546728
CHMP5,-1.010105972224742
CHMP6,0.011131369523395138
CHN1,0.2591768546901997
CHODL,0.028830870139236537
CHRAC1,0.2634763733204044
CHRD,-0.05978068993239159
CHRDL1,-1.588581451678443
CHRM1,0.4334292901626021
CHRM2,-0.8650233423689844
CHRM3,-0.19122219087360381
CHRM4,-0.8630291898030257
CHRNA2,-0.5445724050843537
CHRNA3,1.8895841586318134
CHRNA4,-0.9121677983612447
CHRNA7,0.6267438041584467
CHST1,0.05659215858071641
CHST11,-0.38498307052729525
CHST14,-0.7942337860813898
CHST3,-0.2850714330943118
CHST9,1.7509924732594777
CHSY1,-1.796607177837476
CHTF8,-0.3458146229124309
CIB1,-1.3677410394213236
CIB2,-0.40080406084709896
CIDEC,-0.4341053567472691
CILP2,-0.24923558881343658
CIP2A,-1.2926995787206996
CISD2,-0.6079570351211894
CISD3,0.7494958174024147
CIT,-0.46527259683400807
CKS1B,-0.5114737725710706
CLCA4,0.16252805191074127
CLCC1,0.5747078198934814
CLCN6,-0.6943919172932792
CLDN4,1.1914215222946707
CLEC2D,1.065800501225626
CLEC4G,1.244743667445534
CLEC9A,0.23340327800654945
CLIC5,-0.6287452109406686
CLINT1,0.942254830048992
CLIP1,-0.1730320963764244
CLIP2,-0.6245483273726214
CLK4,-1.3172506024541322
CLN3,-0.4421287087860729
CLN5,-1.2543317163478251
CLOCK,0.1881969133269168
CLPB,-1.2021322852093064
CLSTN1,0.2025098398427453
CLSTN2,1.2447055014864272
CLSTN3,-0.26114428367923914
CLTA,-0.30582041149683004
CLTC,-0.42464766920959124
CLTCL1,0.014939769958166978
CLU,-0.7222008776382655
CLVS1,1.914286756484005
CMAHP,-3.002751487102507
CMAS,1.7084305998876137
CMC4,-0.02157394266208274
CMIP,1.7661025521297653
CMKLR1,-0.3243578708406785
CMPK2,0.5125070940825966
CMSS1,0.5919659608389405
CMTM3,-0.2512064342777366
CMTM4,0.21627737082334836
CMTM6,-0.32174474959162186
CMTM7,-0.7623124126500344
CMTM8,0.7451318884570347
CMTR2,0.16883768415290692
CNFN,0.14916718439831167
CNGB1,1.2715921323538555
CNIH2,0.33919445269842124
CNIH3,0.6200315015518991
CNKSR2,1.5888333294906574
CNMD,-0.1226316765510906
CNN1,-0.7739611404078678
CNN3,0.011056909382303661
CNOT7,0.4280748223988323
CNOT8,-0.8472664604473584
CNR1,-0.1304174756363733
CNRIP1,0.4762180222853706
CNTLN,0.7028368624382068
CNTN1,0.163649578030493
CNTN3,-1.1344629534045243
CNTN5,2.309091569128901
CNTN6,-1.954097458458671
CNTNAP2,-2.2854293357994044
CNTNAP3,0.3259334847201525
CNTNAP5,1.5808788170496602
COA1,-1.3143765676947357
COA3,-0.5616956743028537
COA6,0.24578201434528074
COA7,0.5702797633389208
COASY,-0.8446985987136297
COBL,0.5471663562094582
COBLL1,1.9848303074335945
COCH,1.8032156312269327
COG1,1.8769107798855844
COG5,-0.058863178818769964
COL10A1,1.6113490136819684
COL12A1,0.025943787428468326
COL13A1,-0.6797998781275106
COL16A1,-1.1441153393110708
COL19A1,-0.2901960289037558
COL21A1,-0.0013518796621709351
COL23A1,-1.7215725325531905
COL24A1,0.2117715991882163
COL25A1,-0.572143048616133
COL26A1,0.22833414796549556
COL4A2,-0.35018574178579953
COL5A1,-0.11014495432832959
COL5A2,-1.3800887037661353
COL5A3,0.4055169811542264
COL8A2,-0.6171941510124285
COLCA1,0.38484110910591807
COLGALT2,-0.8289406571532609
COMMD2,-0.8397739009424614
COMMD7,-0.6413901160120121
COMP,-0.7255230651927816
COMTD1,-1.1412495597282275
COP1,0.6024716090381366
COPB2,0.7728649513442897
COPRS,0.01519560624199708
COPS4,-0.33002267315730116
COPS5,-0.798540716509608
COPS7A,-0.1851872522581356
COPZ1,-0.262539885787917
CORO1A,0.51056200999817
COX11,-0.7171635042219402
COX20,-0.24723430251091771
COX5A,-0.48180805699734836
COX6A1,0.8107170482997361
COX7A1,1.8937871209514079
CPAMD8,-0.769246447363599
CPE,0.9497614002567234
CPEB2,1.0325377754483194
CPEB4,-1.5345289004449407
CPLX3,1.7905110182569175
CPNE2,0.16051534246826943
CPNE3,0.47800216034989484
CPNE4,-1.6667482816862313
CPNE5,-0.2859009882509981
CPNE6,1.670791148684946
CPNE7,1.6368349959940864
CPNE8,-1.8168855297410333
CPT1C,1.4350431036526314
CPVL,0.9179156267110757
CRAMP1,-0.146943835279046
CREB1,0.4171816901968373
CREB3L2,-0.576326085786134
CREB3L3,-0.7298553267129815
CREBBP,-1.0351912317997116
CREG1,1.0485404611717115
CREG2,-0.408726536845493
CRELD1,-0.5174717320324245
CREM,0.25026442348365086
CRH,-2.861911200874532
CRHBP,-0.5235869814285955
CRIM1,0.8568139664759217
CRIP2,0.20436333772958662
CRIP3,0.4837677506807068
CRIPT,0.6194687717299354
CRLF1,-1.2596225834855157
CRMP1,0.7729013723288545
CRNDE,-1.7388466739628494
CRSP8P,0.16731494074365513
CRYBB1,-1.8192799104725892
CRYGS,-1.0770473182069973
CRYM,-0.06711782210745061
CRYZ,-0.40858092252809597
CSAD,0.9323304383588455
CSF1R,-0.11194742040312079
CSF2RA,-0.2579713676217775
CSGALNACT1,-0.13390254188992565
CSMD1,1.113579160362985
CSPG4P1Y,0.544810611468365
CSRNP2,-0.775011016770689
CSTB,0.13338913294221594
CSTF2,-0.5282300871995483
CSTF3,0.12982470438396843
CTBP2,-0.0068571532914754214
CTC1,0.41068787328088513
CTCF,0.4283851862855089
CTDNEP1,-0.3728903564024548
CTDSP1,-0.3979633668327973
CTDSPL,-0.5535751112605667
CTDSPL2,-1.3929174464732872
CTGF,1.1753128099337515
CTNNA2,0.7820895093210604
CTNNAL1,-0.33623981213424514
CTNNB1,0.5919020360168902
CTNNBIP1,-0.3978952494336487
CTNND2,-0.11664402576485912
CTNS,-0.7335879095743426
CTSB,-0.8958933582106879
CTSD,-1.176316602106471
CTSH,-2.005363323171617
CTSK,-0.7758493761010716
CTSL,-2.5148041053873342
CTSO,0.3666736442013532
CTSS,-0.3226932228388104
CTTN,0.34655637027101
CTXN1,0.478620595673465
CTXN2,-1.1761674742364259
CTXND1,2.166942894866995
CUEDC1,-0.01592192144143535
CUL1,-0.40448307390605326
CUL2,0.27204581831665137
CUL4A,-1.1099476274205462
CUL4B,1.8723731165783828
CUL9,-0.6597843836057793
CUX2,0.25588584934521297
CX3CL1,0.8843138583557953
CX3CR1,-0.9841103064972105
CXADR,1.3320960089447014
CXCL14,0.39154813227555835
CXCL2,1.1114886475596355
CXCL3,0.6786762887807198
CXCR4,-0.36349918707055323
CXXC4,-0.5365611408142953
CXXC5,-0.4756383906424811
CXorf38,-0.13184635856066523
CXorf57,-0.9450701426202692
CYB561,-0.4781392166595168
CYB5D2,-0.1199956683552264
CYB5R1,-1.67928684790164
CYB5R3,0.6989298886844546
CYBA,-0.14670639253722467
CYBB,-0.6037979265384262
CYBRD1,0.4644247595395284
CYCS,-1.0521934598817737
CYFIP1,-0.12439551247396455
CYHR1,-0.5083795824212831
CYLD,0.5082227971802137
CYP11A1,-0.09620935995215552
CYP1B1,-0.22679844400337398
CYP26A1,-0.43842798744948625
CYP26B1,1.0522614893383102
CYP2J2,-0.3674215663219138
CYP46A1,-0.14371915455454473
CYP4V2,-0.09844696488396318
CYP4X1,0.9833033231898116
CYP4Z1,0.9726604160933311
CYP7B1,-0.49559548994190095
CYS1,0.24979748693359233
CYSLTR1,-0.6969942877903931
CYSTM1,0.5506052272329754
CYTH4,-0.6381000358359044
CYTL1,-0.9231524393907716
CYTOR,1.0730034725707234
DAAM1,-0.24574230961553975
DAB2,-0.4580866403881422
DACH2,1.099657533528297
DACT1,0.8254477323761361
DACT3,-0.5866193042054013
DAD1,-0.6710075781388299
DAGLB,0.5195261427866888
DALRD3,-0.5218887247942617
DAP,0.391657100567015
DAP3,1.227602362457566
DAPK1-IT1,0.00854191617737543
DAPK3,0.12996364976801228
DAPL1,-0.21932705226954277
DARS,-0.524776741375371
DBI,0.18542190789930524
DBN1,0.5310815564301983
DBNDD1,-0.7971467321266215
DBNL,-0.5893418657855493
DBR1,0.04264450869377744
DBT,-0.4515909884092782
DBX2,-1.9514844838502687
DCAF10,-0.9729782121089544
DCAF11,0.23641482690920182
DCAF12,-0.18031658029997685
DCAF17,-0.1113861065689875
DCAF4,-0.2939955921912918
DCAF6,-0.27765041466907125
DCAF7,0.26766512986176044
DCAF8,-0.9481324758243401
DCAKD,0.6130739282518125
DCBLD1,3.105225161467374
DCC,1.8876702638416656
DCLK1,0.5592930919327819
DCN,1.7956375619135334
DCP2,-0.6909237081205133
DCTD,-0.040436280132657466
DCTN1,-0.28911041480696476
DCTN2,-1.1410464067612276
DCTN3,-0.46875850238416084
DCTN6,-1.6631358326979973
DCTPP1,-1.3493757251086596
DCXR,-0.07180644805209885
DDA1,0.3597386239506693
DDAH1,-0.9648042604454318
DDAH2,-0.004788429340132999
DDB2,-0.110666320216904
DDHD1,-0.8414518806733617
DDIT4L,-0.7904662744690192
DDN,1.3056925942277913
DDR1,-0.4864675288720077
DDR2,-0.6418973384286802
DDRGK1,-1.2537744998309999
DDX1,-0.9753036501339367
DDX10,-1.3716905473466996
DDX25,0.1661898090543341
DDX31,0.35152445110600866
DDX39A,-1.0775929072249806
DDX3X,0.234485441369993
DDX5,0.9603144399384612
DDX54,1.8002701873852174
DDX58,-0.7296967608827274
DDX59,-0.13115532504195193
DDX60L,0.19990141846634324
DEAF1,0.34628078098855286
DEDD2,-0.848599068696474
DEK,-1.0117007176806871
DENND1A,0.7497611583234797
DENND1C,0.3229380345829366
DENND2C,0.6330649329263399
DENND3,0.3482478039118642
DENND4B,-0.4774546051969401
DEPDC5,-0.8845386753738134
DEPDC7,-0.29958251238986794
DERL1,2.1534717136697856
DERL2,-0.46448605571816665
DGAT2,-0.7636537938415745
DGCR5,-0.17645322280644932
DGCR9,0.13198675950756733
DGKA,0.4869458501844721
DGKB,0.6638828222485663
DGKG,1.5912325280681323
DGKH,0.7088775834368815
DGKZ,0.6849464409133311
DHCR24,-0.4941904887402951
DHCR7,-0.45713088425101867
DHDH,1.7379721734281857
DHFR,-0.4735198604780459
DHODH,-0.05288266662430007
DHPS,-1.1249931340781114
DHRS11,-0.5729666052848512
DHRS12,0.2913100986156062
DHRS2,-0.4461702501671711
DHRS4,-1.1087921501198796
DHRS7,-1.7201875576962034
DHRSX,-0.9069846129009624
DHX16,-0.9510790928733707
DHX33,-0.8932347884313195
DHX40,0.33317049118381364
DHX58,0.0979533238186682
DIAPH2,1.3857001760029297
DIAPH3,-1.304161623101706
DIDO1,-0.317244728669806
DIMT1,1.070105052058265
DIO2,-0.29156542482083053
DIRAS2,-0.055147988993592814
DIRAS3,1.7024984943226185
DIRC2,0.10333828020383273
DIS3L2,0.6364380180884749
DKFZP586I1420,-0.9497995638742839
DKFZp779M0652,0.2756087948197121
DLD,-1.6359670509459745
DLEC1,-0.5840615823102194
DLEU7,-1.1614844728035
DLG2,0.6080161195260905
DLGAP1,0.8677129732460579
DLGAP1-AS4,-0.016582671538744057
DLGAP2,0.048730591557541114
DLGAP3,0.9233518489560248
DLK2,-0.6470709086496513
DLL3,1.0445540871080836
DLX1,-0.6907189509253253
DLX2,-0.6866566618110443
DMAC2,-0.26324936550025446
DMD,0.7960197820937333
DMGDH,0.2649133485669405
DMKN,-0.26471128105716696
DMTN,0.21124511718066022
DMXL2,1.1116175445788616
DNAAF2,0.594026029736886
DNAAF4,-0.1308130789593894
DNAH12,0.9414464994113114
DNAH14,0.5613068240985765
DNAH2,0.3729654740895601
DNAH5,-0.6551383285852782
DNAH9,0.4378510102453864
DNAJA1,-0.2733184267063206
DNAJA2,-0.056564981812456575
DNAJA3,-0.8048416035695788
DNAJA4,0.839710623654891
DNAJB1,-0.05589396925191694
DNAJB11,-0.47308173001921994
DNAJB13,-0.20346774664469694
DNAJB2,-0.5806021009495821
DNAJB6,0.4128000410501207
DNAJC1,-1.5813249177557498
DNAJC12,1.8414492512811989
DNAJC13,0.9463212371730069
DNAJC15,-0.5657345514077995
DNAJC18,-0.8592598574998017
DNAJC19,-0.07068404760402869
DNAJC2,-0.36079640514020384
DNAJC24,0.27210949377198307
DNAJC3,0.36494767960859364
DNAJC5,0.9112321552722769
DNAL4,0.7348139145410515
DNALI1,-1.513616085937675
DNASE1L1,0.7973891902633403
DNER,0.8117981915111611
DNLZ,-0.33690822836825485
DNM1,0.6188339745451737
DNM1L,0.28695651476103146
DNM1P35,0.6112454181742697
DNM1P46,-0.21809216309445073
DNM1P50,0.47469219603726887
DNMT3A,0.562731867158731
DNTTIP1,-0.9955545952611904
DOC2A,0.6461891955089791
DOC2B,0.61222864364976
DOCK3,0.43966669078267456
DOCK4,0.02473639135049103
DOCK7,0.6996296157574416
DOCK8,-0.22073200548879135
DOCK9,1.014758910199219
DOCK9-AS2,-0.6736320477092238
DOK1,-0.34263095792247156
DOK4,0.22749901034117784
DOK6,-0.05593432051029755
DPCD,-0.6421190404939483
DPF1,-0.46538174354500333
DPH3,-1.0584873343102836
DPH5,0.38915950685469824
DPH6,0.3321963171469763
DPM1,-1.5345750094025823
DPP10,0.0300949965505069
DPP10-AS1,-0.56177506164458
DPP6,1.4901615489647493
DPY19L1,0.01580559544796019
DPY19L2P1,1.237290324318133
DPY19L3,0.4027438347823959
DPYSL2,-0.44593958274310214
DPYSL3,0.3871782225217139
DPYSL5,-0.26168581863908896
DR1,0.2962860003686035
DRAIC,2.3291052417819267
DRAM1,-1.0951727702991267
DRAXIN,1.5872358175423387
DRD1,-1.3166560625314354
DRD2,0.6920547954979845
DRG1,-0.7300605343789629
DRP2,0.06579038382352355
DSEL,-0.1254534448130384
DSN1,-0.14757325404896943
DSTN,-0.4283136046469459
DTD1,1.7204746001735367
DTNBP1,0.3058784989042534
DTWD1,0.27109981398206745
DTX3L,-1.0612931479290655
DTX4,-0.3596921822296299
DUS4L,-0.17080571932888247
DUSP12,-1.3693661009636835
DUSP15,0.2961953613647093
DUSP18,0.7617563918812673
DUSP19,-0.6137892107491675
DUSP2,-0.1244174769426077
DUSP23,-0.8494310968324961
DUSP26,-0.35931760743148566
DUSP3,0.13397633255581545
DUSP5P1,1.60740072752791
DUSP6,-1.3704778824900787
DUSP8,1.2260289153040576
DVL1,-0.04809529410349512
DVL3,-0.4026124695976177
DYDC2,1.519963983150936
DYNC1I1,-0.22023285032246417
DYNLL1,-0.12041548306303967
DYRK1A,0.042432811515279015
DYRK2,-1.0844853767032405
DYRK3,0.2753432538909524
DZIP1,-1.2372948755735236
DZIP3,-1.1113806767724428
E2F3,-1.4362235346867673
E2F5,0.6928783622155507
E2F6,-0.34200737003095544
EAPP,-1.2258833184551852
EARS2,-0.06788612808400592
EBF4,0.08909703809821824
EBNA1BP2,-0.9770536925639455
ECEL1,-0.6165196051461209
ECHDC2,-0.03283973759440755
ECHDC3,0.3798650583424455
ECHS1,-0.6868267915562322
ECI2,-0.9795587258077983
EDA,0.30921927719396125
EDNRA,-1.2073260707223739
EDNRB,-0.0031014710378639925
EED,-1.0017462928199619
EEF1AKMT2,-0.43146257839451646
EEF1G,0.18337692856538315
EEF2,-0.09885675963119825
EEF2K,0.06062570104460055
EFCAB1,0.022049966874465737
EFCAB7,-0.47820434282649904
EFEMP1,-0.35200343028004133
EFHC2,-0.2405373461716548
EFHD2,1.3248127240961742
EFNA1,0.75429429512037
EFNA2,-0.08274109519649657
EFNB2,0.5316202468855943
EFNB3,0.583356689872219
EGFEM1P,-0.3320086915848979
EGFL7,-0.6289137747450397
EGLN1,0.7918876752275724
EGLN3,0.2936110085520697
EGR1,-0.6062742973517523
EGR3,0.4718424040097194
EGR4,0.8435705808483143
EHBP1L1,1.195609402039788
EHD3,-0.7427376825442163
EID2,0.3430753500635042
EIF1,-0.39276433305710073
EIF1AD,-0.46996957357316815
EIF1AX,-0.2195708136098246
EIF1AY,-0.983992360720246
EIF1B,-0.6110957669456061
EIF2A,0.39481332795502333
EIF2AK4,1.4282308835956579
EIF2B5,-1.193354412482002
EIF2S1,0.20519298519226079
EIF2S2,-1.4189021201160645
EIF3J,-1.9782713026613206
EIF3J-AS1,-0.13742900214480008
EIF3M,0.945165984484941
EIF4A2,-0.8642837701162454
EIF4EBP1,0.2529790600535414
EIF4H,-0.729151957423776
EIPR1,-0.020520741214869048
ELAVL3,-0.4511922171404262
ELAVL4,0.4557251233196233
ELFN2,1.042591086665498
ELK3,-1.4546560008243918
ELL2,-1.0729082202272695
ELL3,0.06996197546328503
ELMSAN1,-0.45390328351858106
ELOB,0.07401360876038061
ELOC,-0.3222180131624609
ELOF1,-1.1693917471323447
ELOVL5,-1.0393314351442229
ELP1,-0.4376457076231318
ELP4,-0.021496459607531215
EMC1,-0.059929347998733035
EMC3,-1.0330889722677297
EMC3-AS1,0.6922164033760057
EMC4,-0.7887677371597428
EMC7,-0.97668717151137
EMG1,-1.2809948753913143
EMID1,0.3082997978194697
EMILIN1,0.17313337111579205
EML4,0.3944794555936614
EMP3,0.08868983706690421
EMX1,0.41732489805974926
EMX2OS,0.2879958290654906
ENAH,-0.05970062508784156
ENC1,1.4881293926952244
ENDOG,-0.34854629086075906
ENHO,0.3228085010203738
ENKUR,-1.1150179219183385
ENO1,0.3838400162526507
ENO2,-0.5632018807316047
ENOPH1,-0.5068753686751123
ENOSF1,-0.11366652080451171
ENOX1,-0.2611208668859034
ENOX2,0.9308602714635618
ENSA,-0.020522142709264692
ENTPD6,0.8260373193479115
ENY2,1.1702060854363627
EP400,0.8946822621298353
EPB41L4B,0.6751086076040732
EPB41L5,0.04938889244843805
EPC2,-1.0817967415576324
EPCAM,3.679259348808934
EPDR1,0.2664602593120186
EPG5,-0.04479331982420201
EPHA10,0.23461223242307075
EPHA3,1.1099351996243563
EPHA4,0.8789460634501116
EPHA5,2.1292354455133995
EPHA6,2.245830275209611
EPHB2,-2.0163504604215348
EPHX1,-0.12733976385642584
EPHX2,-0.6920218170080611
EPHX4,-0.5077303082582025
EPOP,0.3142655098423231
EPS8,-0.5121149865828126
ERBB2,0.05426515232645061
ERBB3,0.6666329453007053
ERBIN,-0.1066771270072413
ERC1,0.8288648024262943
ERC2,2.003267285377402
ERC2-IT1,0.8013243610263125
ERCC2,-0.6917946901062931
ERCC4,-0.0418379065852114
ERFE,1.2681541521798247
ERI2,0.6555698219519399
ERI3,0.26848779151793073
ERICH1,-1.008585553557352
ERICH2,0.5001906972115806
ERICH3,-0.2740111695478391
ERICH6-AS1,0.6946663078049025
ERLIN1,0.10618503582571052
ERLIN2,0.3396743335351464
ERO1B,1.3807159292589266
ERP29,0.14736636177490775
ESYT3,-0.738347061742278
ETFB,-0.6615375304407677
ETFRF1,1.0628213702512768
ETNPPL,1.1672647272320495
ETS2,-0.6827214574029536
ETV5,-0.23195404407524006
EVA1B,-0.6101531365497103
EVI2B,-0.24750701053956084
EXD2,0.4971135379211042
EXD3,-0.4828875278812697
EXOC3L2,2.5678527867858945
EXOC5,0.8647065560059986
EXOC6,0.8308742681245755
EXOSC10,-0.17375567973362094
EXOSC3,-0.5235964320706005
EXOSC5,-0.3087679954360843
EXOSC9,-0.257843774597602
EXPH5,1.4044265292470661
EXT1,0.5067026680959434
EXTL1,0.1717490592074875
EYA1,0.353757579931312
EYA2,-0.9347339449107417
EYA4,-0.6563588940018944
EZH1,-0.6575671784736412
EZR,0.09291902273128357
F12,1.6194624746660655
FABP3,1.1213109820130363
FABP5,0.48954516347841537
FABP5P3,-0.021091228014163257
FABP7,1.3299558211326479
FADS1,-0.736193468950458
FADS2,0.14056967843247328
FADS3,-0.21563240016375626
FADS6,0.3403861629852605
FAIM2,-1.5284610748880554
FAM102B,-0.45842536848504967
FAM107A,-0.21741210807830402
FAM110A,0.25668068376900094
FAM110C,0.7854968571989984
FAM111A,0.041212817119077726
FAM114A1,-0.058239527393169066
FAM117A,0.8218435347647366
FAM118A,0.3038812779102381
FAM118B,0.23752910462606655
FAM120AOS,-0.9187871545175567
FAM129B,-0.3599337099596578
FAM131A,0.64032377791145
FAM131B,0.1443879579433876
FAM13A,1.28768412035019
FAM149A,1.1591535029846074
FAM151B,0.8451395120998825
FAM153A,0.6499210121457838
FAM155A,-0.05263839231738429
FAM160A2,-0.04698085566706316
FAM162A,-0.07804002475177046
FAM162B,-0.5482885941616888
FAM163B,-0.1273022776850853
FAM167A-AS1,-0.42462257174344586
FAM167B,-0.5601301135891912
FAM171A2,0.21543498965643468
FAM171B,1.5571602974150447
FAM172A,1.0956367448205044
FAM173A,-0.1390188293854912
FAM181A,0.01493209243744698
FAM181B,-0.672266476093417
FAM184B,0.03796915743945278
FAM187A,0.5041883144130909
FAM189A2,0.053498106191713544
FAM192A,-1.0016870588855467
FAM196A,1.3597084547095113
FAM199X,0.5151183508911227
FAM19A1,0.6899686928134076
FAM19A2,0.8349707450972287
FAM201A,0.04267773639555521
FAM204A,1.214504717525162
FAM207A,-1.2837801483292037
FAM20A,2.4484835392862294
FAM210A,-0.835072576377623
FAM210B,0.23229174578918863
FAM212B,0.900627944931867
FAM220A,1.1151941370274254
FAM228A,-0.4002419185423164
FAM228B,-1.0699647290929424
FAM234B,-0.34556372744883324
FAM241A,-0.13189585437866905
FAM241B,0.8359663042064206
FAM27E2,0.2669610110954955
FAM27E3,0.26045198431175365
FAM32A,-1.4154644864760673
FAM3C,1.2898983019950787
FAM46A,-0.41008130405733273
FAM47E,-1.005220071974431
FAM49A,1.083789681976517
FAM69C,-0.19174327177121567
FAM71F1,0.5299004872242528
FAM76B,-1.5869418161840971
FAM81A,0.42646258855007196
FAM84A,0.2064725669059004
FAM86B3P,-0.42486938192738394
FAM86C1,-0.14748909806896648
FAM86C2P,0.0030537054971608063
FAM86EP,-0.9544506561756679
FAM86FP,-1.0536362597776694
FAM89A,0.10209408205730625
FAM89B,0.2620360324475887
FAM92A,-0.1452575318933856
FAM98A,-0.3395765199524686
FAM98B,0.28651612789910097
FAM98C,0.4906573680103133
FANCL,1.5798357795972693
FAP,0.030529555058951715
FAR2P1,-1.487928292787831
FARP1,0.9362572060180211
FARP2,-0.4354122520761147
FARSA,-1.0140400370223714
FAS,-0.6872737260795647
FAT1,-1.287282455228291
FAU,0.4582551193521458
FAXC,-0.3116639048685315
FBL,0.2088756524924969
FBLN1,-0.22499307494833784
FBLN2,1.3220840457066114
FBLN5,-0.30748379872497766
FBN1,-1.9139580928005515
FBRSL1,0.3631548822650234
FBXL12,-0.32628042453892575
FBXL15,-0.9526323793053597
FBXL16,0.13829448540790482
FBXL18,0.7276346071188136
FBXL2,0.8716041326642343
FBXL20,-0.04617737737246813
FBXL4,0.38089733320610336
FBXL7,-0.2508604324887683
FBXO15,1.1932545989023502
FBXO16,0.37099036857291146
FBXO2,1.715059395440084
FBXO22,-0.6366623843639577
FBXO25,-0.8953217960678332
FBXO27,0.24590123422954657
FBXO3,1.3184431739523468
FBXO30,-0.8204752070014236
FBXO34,0.6059630054098432
FBXO40,-0.5522337809431461
FBXO41,1.0218958259160587
FBXO45,-0.465111344930628
FBXW2,-0.8810455526365337
FBXW5,-0.482895373890283
FBXW7,0.45867158652782614
FBXW9,-0.16092654732236603
FCGBP,0.3769896092857506
FCGR1B,-0.033499818147560076
FCGR2A,0.1889850392436197
FCGR3A,-0.7448122936912528
FCGRT,-0.1837756076610009
FCHO2,-0.848760654498237
FCHSD2,0.36487100009429824
FCRLB,-0.6415428635545942
FDFT1,-0.24000535556274685
FDPS,-1.1600836082603876
FDPSP2,-1.3724840041091608
FDX1L,-0.2897476960456369
FEN1,0.827617589577033
FERMT1,-1.9412104660500058
FERMT2,0.30889471936471796
FEZ2,-1.1905943710628188
FEZF2,1.216404871828527
FGD3,-0.716341641819355
FGD4,0.5373990582603252
FGF12,1.4788455533286564
FGF14-AS2,-0.10557888858951099
FGF17,0.07589975260303385
FGF2,-0.29375939058471295
FGFR1,-0.48705762175563405
FGFR1OP2,-0.5267301279106326
FGFR3,0.5638399049127982
FGGY,-0.5089104022958726
FGL2,0.6052561496059347
FHL1,0.7139328915093496
FHL2,-0.9170473111808712
FHOD1,0.7652693278052973
FHOD3,1.1796211554074383
FIBIN,0.07184499045675866
FIBP,-1.172761759798701
FIG4,0.6830124779860823
FIGN,-0.9346286335082691
FIGNL2,-0.10683750322884152
FILIP1,2.062586508181742
FILIP1L,0.3835061971978265
FIS1,-1.381132367197188
FJX1,-0.22872368597313242
FKBP14,0.7844665267034568
FKBP1A,0.8517637638189577
FKBP1B,0.601027466747287
FKBP3,-0.5036429924972007
FKRP,0.5362347644647307
FKTN,0.8068335179464159
FLAD1,-0.6152619674431532
FLJ33534,-0.23046679850135676
FLOT1,0.1309122981064131
FLOT2,-0.12828146647739758
FLRT1,0.1636320162935228
FLRT2,-0.2025945738816402
FLRT3,-0.3039528134198038
FLVCR1,0.2727129115476011
FLVCR1-AS1,0.12302251608226374
FLYWCH2,0.022660800379138257
FMNL1,0.6206933271355324
FN3KRP,-0.7851545051206197
FNBP1L,1.0537839325539877
FNDC11,-0.010122868294419538
FNDC3A,0.4759393643983233
FNDC3B,-1.878000549001818
FNDC9,0.7939530107261811
FNIP2,-0.16591867326227264
FOLR1,0.6371468052559395
FOLR2,-0.37319009428588923
FOSL2,0.21701962195581534
FOXF2,-2.9027526420960945
FOXG1,0.7236563163558913
FOXN3-AS1,-0.05181160563676861
FOXO1,0.050495041317786045
FOXRED1,-0.973205140900846
FOXRED2,0.29718288241388086
FPR1,-0.1602743652640598
FREM3,-2.969785753096409
FRMD3,1.2310362388228258
FRMD6,0.5743664367944963
FRRS1L,1.172527420367959
FRZB,-1.1566790644367106
FSD1,0.40839056600247575
FSIP1,0.8863098279808125
FSTL5,-2.766680876839039
FTH1,-0.6536040345454083
FTL,0.0638731076165846
FTO,0.09482650487813647
FUBP3,0.014372267899404581
FUCA2,-0.2566636239558704
FUNDC1,0.11441734845780856
FUOM,0.6723234948277265
FUT9,-1.5222642929323196
FXN,0.2738884009893057
FXYD1,-0.027108148747483726
FXYD6,0.11065312592022437
FXYD7,0.5300584479771984
FYB1,-0.49939040003744484
FYCO1,-0.5960278137042436
FYN,1.967053995584648
FYTTD1,0.049752051947391594
FZD1,0.6938976959314868
FZD2,0.2040071945809198
FZD3,0.16757415396216163
FZD7,1.4996357952567703
FZD9,-1.2001000581987233
FZR1,0.344047990654685
G3BP1,-0.05864961861740486
G6PD,-0.5393340214514859
GABARAP,0.711359740254506
GABARAPL1,0.02430251499102314
GABARAPL3,-0.30478396288529286
GABBR1,-0.4727694792202847
GABBR2,0.9575181270592293
GABPB1-IT1,-0.7591047636513197
GABRA2,0.771471214454823
GABRA3,0.5001026475589783
GABRA5,1.1011452561044635
GABRB1,1.6188416139055748
GABRB2,0.06934228512983541
GABRB3,1.3630762461926966
GABRD,-1.636560018512168
GABRE,-2.51320145567004
GABRG1,0.003497793429859637
GAD2,-0.06667259961369618
GAL3ST4,-0.6619986835472388
GALK2,0.31160218219928204
GALM,-0.840442547668844
GALNT10,-0.008117750084509864
GALNT11,0.0006822104657845284
GALNT14,-0.4735210626976077
GALNT17,-0.7835001371511623
GALNT7,1.732752118364697
GALNT9,-0.4585278417269948
GALNTL5,0.3493287789909177
GALR1,-1.428647642149517
GAMT,-0.5565464723107914
GAP43,-0.3264491366465741
GAR1,-1.0390153567810296
GAREM2,-0.3524168798579191
GAS7,1.1051065716444801
GAS8,-0.9448517789490674
GASAL1,1.9676022478395647
GAST,-0.5449994547541485
GATB,-1.421618980340662
GBA,-0.30363246431203156
GBA2,-1.1030223448860565
GBAP1,-0.0941918049153065
GBF1,-0.9223998401097827
GCC2,-0.33692090388532875
GCNT1,0.899506835511572
GCNT4,0.047997506570155946
GDA,1.0146744122871505
GDAP1L1,-0.028126496319376353
GDF11,-0.009834577125937199
GDPD1,-0.9251261077235649
GDPD2,-0.13459567324567567
GEMIN2,-1.1643437702934074
GEMIN5,1.3174131653415122
GFAP,-0.12876758439673103
GFOD1,0.3192643374055648
GFOD2,-0.795577853176167
GFPT1,0.399806527685116
GFPT2,0.2729533890210487
GGA3,0.6632185149606263
GGCT,-0.005554896784997943
GGCX,-0.05338775744374003
GGN,-0.4772127042823225
GGNBP2,-1.24678396015923
GGT6,0.6864728912749124
GGT7,-0.315691340326638
GGTA1P,-1.107338555678825
GHR,1.8956912149307412
GID8,-0.3915207855028932
GIMAP2,-0.10249906354461681
GINM1,0.5517127851993419
GINS2,-0.36142906909215894
GINS3,-0.3742490388087286
GJA1,-0.5960281379268632
GJB6,-0.33056838289450924
GLB1,-0.7740729769741213
GLDC,-1.578582018793118
GLG1,-0.4468309360348601
GLI1,-1.3449483255117396
GLI3,0.29790156097804804
GLIPR1L2,0.2587967139708578
GLIPR2,-0.4646244969250791
GLIS1,-0.03799018100365544
GLMN,-0.6641440762568188
GLMP,0.04996216389094302
GLOD4,1.0499409304503848
GLP2R,1.8523009425973158
GLRA2,1.6650525087483135
GLRA3,-0.45768752140547264
GLRB,0.38911780587135303
GLRX2,-0.925037913338346
GLS,1.5479101556852657
GLT1D1,-0.03788735156320283
GLT8D2,2.271238995961548
GLUD1,0.8099032153503866
GLUD2,0.6611567172589461
GMDS,1.6563791585973184
GMFB,0.5397192265261412
GMFG,-0.539042642171168
GMIP,-0.4408406250600027
GMPPB,-1.1334322056595014
GMPR2,-1.1276455019752036
GNA11,0.12552845926960673
GNA12,0.481699606086428
GNA13,-0.5972075856032615
GNAL,2.451870923513592
GNAQ,-0.2592577717252066
GNAZ,0.30162956213650916
GNB1L,-0.4130250757977223
GNB2,-0.12292801400623815
GNB3,-0.2675004731151977
GNB4,-0.6144927265437596
GNB5,0.42080764911897195
GNG10,1.367799692288345
GNG12,0.3362838385194101
GNG2,1.258552272115088
GNG3,-0.35228266535433317
GNG4,-0.5245718173141171
GNG8,-0.19902019018139194
GNPNAT1,-0.1797136616000504
GNPTAB,1.2463777206487032
GNS,0.1699054994445326
GOLGA2,-1.0334621734840252
GOLGA6L17P,0.8616169517744019
GOLGA7B,0.08754048479850826
GOLGA8A,0.7378496526969213
GOLGB1,-1.2423070199175397
GOLM1,-0.28759896167724397
GOLT1A,-0.2818405349881179
GOT1,-0.6311595689945253
GOT2,-0.9109516990233085
GPAM,0.1250143834774772
GPATCH11,1.1107352660720415
GPATCH4,-1.1725948773705146
GPATCH8,-0.17543498020402934
GPC4,1.1271667949992266
GPC5,1.1496763370645502
GPC6,-2.306216585936733
GPD1L,0.6282063630746804
GPD2,2.2264720841656707
GPHN,1.7630772604491738
GPI,0.3263321802527303
GPKOW,-1.6583946266421152
GPLD1,0.39972326525016977
GPM6A,0.6935863393577577
GPM6B,0.15115457242640046
GPNMB,-0.7446326340010985
GPR107,0.34419153033573896
GPR137,-0.5209625510035646
GPR137B,0.518150103327613
GPR143,-1.8797791399243426
GPR149,-0.07614931875617843
GPR155,-0.6331257386797022
GPR162,-0.34844014582050503
GPR171,-1.3731980114109255
GPR183,-0.19790810453842697
GPR19,0.3493422156126973
GPR22,0.5064742093184668
GPR26,-2.576406880587499
GPR34,-0.6158572084481857
GPR39,-0.01935379086429324
GPR52,0.09705973041496396
GPR6,1.8943051891591454
GPR61,0.3302228300142468
GPR68,-1.5497958809808647
GPR88,2.0883091821626754
GPRASP1,-0.3988513946497822
GPRC5C,1.6185749550185133
GPRIN1,1.3631998357059578
GPRIN2,-0.7180393504411653
GPS1,-0.6744318939428029
GPSM1,0.022931171712663286
GPSM3,-0.19791038106219966
GPT2,0.011343838155268786
GPX1,-0.889700821171094
GPX7,-0.3933369839267915
GRAMD1B,0.647927320380885
GRAMD1C,-0.15517408118006293
GRAMD2B,0.009652629350973696
GRAMD4,0.4799909314150229
GRASP,-1.311229117211048
GRB10,0.45391944857449357
GRB14,2.3494552207967945
GREB1L,2.644611804412837
GRIA1,1.7858460785202446
GRIA2,0.5986294696787922
GRIA3,0.28705447161549646
GRIA4,0.5611832510205033
GRID2,0.028780876140845003
GRIK1,-1.320038305385644
GRIK2,0.7236425595437778
GRIK3,0.2537021185936867
GRIK4,-0.7842394012688891
GRIN1,-0.47561423432397393
GRIN3A,0.04037846489829128
GRIP2,-2.0352685725412325
GRIPAP1,-0.7864813132763387
GRK2,0.06420211934460475
GRK3,0.40914836089142986
GRK5,0.07643144365566705
GRK6,0.6622667233361194
GRM1,0.3555381933105815
GRM3,-0.8770056994267004
GRM5,1.805376904973957
GRM8,1.5936481666990783
GRN,0.34494763380487753
GRP,0.22917445068236889
GRPR,0.7427217944127092
GRSF1,-0.019723138263853062
GS1-124K5.11,0.6136664431849066
GSAP,1.2449634539376075
GSDMB,-0.29580268146391375
GSDME,-2.394373939325628
GSE1,-0.07234831187056069
GSG1L,-0.3416970496502689
GSK3A,0.2059819088074276
GSK3B,0.39421086785182546
GSKIP,0.5014003988088138
GSPT2,0.8633092062986656
GSTA4,-0.2974708899939487
GSTM1,0.9140205984944827
GSTM2,0.538488525978435
GSTM2P1,0.9592390917242782
GSTM3,0.5725812879355389
GSTM5,0.6659593680512249
GSTP1,-1.7579540364924942
GTDC1,-2.255784302339269
GTF2F2,0.5587559927548635
GTF2H2B,-0.749724314468851
GTF2H4,-0.4600958518212954
GTF2H5,1.3070223050006025
GTF3C6,-0.23869222638522397
GTPBP2,-0.6638170105464094
GUCA1B,0.11416059715993637
GUCY1A1,2.5308218419922937
GUK1,0.3645846582624241
GULP1,-1.5534777610467854
GXYLT1,0.28716048440309105
GXYLT2,-0.9109222215952444
GYG2,-1.00785632441273
H1F0,0.8554394936301416
H1FX,0.3234035883165318
H2AFJ,-0.4323175942997005
H2AFV,-0.4935159203835248
H2AFZ,-0.8537836749256674
H2BFS,-0.019743737589251086
H3F3C,-0.528560967195549
H6PD,-0.12672214163523152
HAAO,0.04603280609315357
HACD1,-0.8198188209503775
HACD2,1.0082783655462235
HACD4,0.5122053996047357
HACE1,-0.6718331612906677
HACL1,-0.9338430067720265
HADH,0.14429268715469146
HADHB,-0.6697397736050498
HAGH,-0.8910553673474342
HAUS3,1.3346610800143714
HAVCR2,-0.7570066126079411
HBQ1,0.26733589768155186
HCFC1R1,0.5303410146505866
HCG23,1.9463591443770627
HCK,-0.6371638730527991
HCLS1,-0.5964790031924764
HCN3,-0.6611912716033762
HCN4,-1.6466923007365228
HCST,-0.09134710930630448
HDAC1,-0.6071247685139195
HDAC10,-0.08035017272882884
HDAC2,0.2627076809868701
HDAC4,-0.8277713267835161
HDAC7,-0.579581642050165
HDAC8,-0.21038470362123754
HDAC9,-1.030889366894708
HDC,-0.4207960857675226
HDGF,0.023234798113074044
HDGFL3,1.4757104207457195
HDHD3,0.3540311642482747
HEATR3,1.168882413280892
HEBP1,0.20080648833818937
HEBP2,0.33016346014142356
HECTD2,0.41057178927564864
HECW2,0.4177979967863702
HEPACAM,-0.18052199799523744
HERC1,0.42309359313663053
HERC2,0.19070214020449835
HERC5,-0.05578342767140202
HERPUD1,-1.753371155227903
HES1,-0.5812212813981286
HES4,-1.2161687796825729
HES5,-0.28605198936175374
HEY1,0.9152133315880917
HEY2,0.2900654284979295
HEYL,0.12632682110772422
HGD,-1.1876491987818563
HGF,-1.8915509395554728
HGH1,0.8446349445352753
HGS,-0.5958517508529806
HGSNAT,1.1123247907960487
HHEX,-0.34440279198139195
HHIP-AS1,-1.2843190032653544
HHIPL1,-0.029851137876452924
HIBCH,0.029158918351481194
HIC2,0.8089547751373019
HIKESHI,-0.44562167794908897
HILS1,0.8709504591871584
HINFP,-0.608604664442215
HINT1,-0.03588389525825367
HIRA,0.22578889587893705
HIST1H1A,0.6384322879396855
HIST1H2AD,-0.11934134134509061
HIST1H2AG,-0.5707948555351328
HIST1H2AK,-0.2980216908201967
HIST1H2AM,0.1776104390377205
HIST1H2BB,-0.04691228134851629
HIST1H2BE,-0.1670955530885252
HIST1H2BF,-0.24142808563732723
HIST1H2BH,0.48203770505843774
HIST1H2BK,1.1213192422901526
HIST1H2BL,-0.025810808321562493
HIST1H2BO,0.09586132479111291
HIST2H2AC,0.314191668995891
HIST2H2BE,-0.5021155836070216
HIST3H2A,-0.3575578950114212
HIVEP1,-1.07257964958463
HK1,0.4522814956894442
HK2,0.2264853162978782
HKR1,-0.6867341167677
HLA-C,0.06640211983497424
HLA-DMA,-0.1648456117366661
HLA-DMB,-0.7507155856118866
HLA-DOA,-0.2830176630911582
HLA-DPA1,-0.04051154113715273
HLA-DRA,-0.12622110029977018
HLA-F,0.22556226082177505
HLA-G,-0.011923273312762547
HLA-H,0.1863147627549895
HLCS,-0.4072144115518719
HMG20A,-0.3805878009125937
HMG20B,-0.39840924360054353
HMGA1,-0.31109369238142803
HMGB1,0.0829395672104859
HMGCR,-0.16090307227715503
HMGCS1,-0.2659890571287144
HMGN1,0.8654444591031496
HNMT,0.21389537257641236
HNRNPA3,-1.0341524425909803
HNRNPA3P1,-0.12590453235318552
HNRNPC,0.36730477527392547
HNRNPU,0.5220237184957851
HNRNPUL1,0.945788461722768
HOMER1,-0.24270163499537883
HOMEZ,-0.6861384125597318
HOOK2,-1.4079063019520652
HOPX,1.6819044758787696
HPCA,-0.33748598569257965
HPCAL1,-1.0284171703926233
HPCAL4,1.531507135576501
HPGD,0.20127057562752512
HPGDS,0.26494692652608226
HPRT1,0.28603295993407574
HPS4,-1.3161744324177516
HPS6,-0.8893677232002755
HRAS,0.6082054898091892
HRASLS,0.3790132112917245
HRH1,0.5581655452012242
HRH2,0.6362639313442923
HRK,-0.546932877337025
HS2ST1,0.0771715827638542
HS3ST2,-0.19498701316500594
HS3ST4,1.3967774585553814
HS6ST1,-1.3169340999454533
HS6ST3,-0.3410346040023538
HSBP1,-0.3430925735537117
HSD11B1L,-0.08064685496614729
HSD11B2,0.6470885937305809
HSD17B10,-0.5225144398219647
HSD17B11,0.23248002960448746
HSDL2,-0.440054745293182
HSF2,-1.5901113960510962
HSP90B1,0.08353126270240814
HSPA12A,0.17614469848350955
HSPA4,0.31464754653978855
HSPA6,-0.23387753834114125
HSPA8,-1.3405653146087078
HSPB11,0.8757090766344526
HSPB3,-0.2716173827331384
HTR1A,2.3140861821902616
HTR1F,0.7632049801157419
HTR2A,1.0085000522879723
HTR2C,1.3929588841806522
HTR4,2.342934058103448
HTR5A,0.19624922345736937
HTR7,-1.4495749501897157
HTR7P1,-0.9406515862349915
HTRA2,-1.1715762266370542
HTT,0.5537111138137917
HUNK,-0.4934142453831355
HYAL3,0.2693418249006244
HYDIN,2.0786802322757922
HYI,-0.6079148501508935
HYKK,0.9881497552414302
HYLS1,0.17205920321946533
IARS,-0.09084080793097057
ICA1,0.3708262652784299
ICA1L,0.08986584277776385
ICAM3,0.3039870075427661
ICAM5,1.5892492488364363
ICE1,0.17357827253321514
ICK,-1.3846630899038184
ID2,-0.28123285972933704
ID4,-0.5318562071198296
IDH1-AS1,-0.824173872103464
IDI1,-1.391612753362438
IDNK,-0.33253248114951184
IER2,-1.9127891278397675
IER3IP1,-0.6962678608378293
IER5,-1.2522871519760084
IER5L,-1.3064481320084518
IFFO2,-0.46410354797403275
IFI16,-0.14437239827169737
IFI27L1,-0.1320654906120153
IFI27L2,0.07036065092235587
IFI30,-0.056996701041705435
IFI44,-0.35242395240607394
IFI44L,0.1639977840708557
IFIT1,-1.413695257795505
IFITM10,-0.5819070117558027
IFNGR1,0.09063673666602236
IFNLR1,-1.2842923405871784
IFRD1,0.972659397793431
IFRD2,-0.29480585385208347
IFT122,-0.31937380540759625
IFT172,-0.38963710511012
IFT22,0.3192369104782667
IFT52,0.3161802337660557
IFT74,0.8343708944718675
IFT81,0.7242204144943472
IFT88,-0.3117007722488709
IGBP1,-0.4428615972524784
IGDCC3,1.3936682071440738
IGDCC4,-0.1129464868706842
IGF1,-0.49913478344802803
IGFBP3,1.9729735334247205
IGFBP5,0.7301349089098835
IGFBP6,-0.7132866203053041
IGFBPL1,1.055670650835583
IGFN1,-0.00795610670711139
IGHMBP2,-0.7925704895076997
IGLON5,0.04143583530769139
IGSF21,-0.4511493447438882
IGSF22,1.5524440013403131
IGSF3,-1.824507526840396
IGSF6,-0.7282756907694763
IGSF8,-0.4935602050927381
IKBIP,0.46974933958523296
IL12RB2,0.9351643895399616
IL13RA1,-0.1819466367204444
IL13RA2,1.096813944208571
IL17D,-0.7838458055716052
IL17RA,1.279664792683381
IL17RB,-0.8020320653153047
IL17RD,-0.7661579881428566
IL1B,1.8518400371479922
IL1RAPL2,-1.0389376177760754
IL27RA,0.5357362767736076
IL33,0.45066180353407864
IL34,0.3736890822788679
IL3RA,-0.28451775733802964
ILDR2,0.12742463622201308
ILF3,-0.4392171161973922
ILVBL,-0.6844534932066779
IMP4,-1.3556212109994987
IMPA1,0.5475981631326767
IMPACT,-1.2361499751512524
INCENP,0.6482475150166291
ING1,0.12729826310856213
ING2,-0.879964201732266
INHBB,-0.16124488568056575
INPP4A,0.24337042063049766
INPP4B,1.5533809661331568
INPP5E,-0.8980005864027762
INPP5J,-1.1001809530655957
INSM1,0.709921333116375
INTS10,0.9269123803699061
INTS12,0.28344481367960517
INTS14,0.014114782951246779
INTS4,0.2500197101116235
INTS6,0.3385317180665251
INTS6L,-0.42412174536195213
INTU,0.6436441774632167
IPO5,0.26698273182732923
IPO5P1,1.7036007914128728
IPO9,0.2893651984420171
IQCA1,0.4291181293117777
IQCB1,0.11336947798589662
IQCE,0.06839635607076135
IQCG,0.36757576888616905
IQCJ,2.969186802356679
IQCK,-0.821909162596939
IQGAP1,0.25477759156289964
IQSEC1,-1.1128572691096348
IQSEC2,1.1148017852659624
IRF2,-0.8681597123878536
IRF2BPL,-0.6872206468495826
IRF5,0.38201213667275974
IRF7,-0.10276570500394923
ISG15,1.6910633522219638
ISLR,-0.6034969757020231
ISLR2,0.3459667822144648
ISM1,0.05529029524994402
ISOC1,0.06492103290862235
ISYNA1,-0.3754256487321986
ITGA5,0.7482384083978691
ITGAX,-0.15234677060983903
ITGB1BP1,-1.2417210825831733
ITGB2,-0.5050827553561865
ITGB7,-0.17413975079521193
ITGB8,-0.3994911073377167
ITM2C,-0.33376401880851564
ITPK1,-1.4015520192333069
ITPKA,0.8526627235641897
ITPKB,-0.5275170822679238
ITPKC,0.7598519777702463
ITPRIPL2,0.5834190458609251
IWS1,0.5762823279696483
JADE1,-0.6746599331192017
JAG1,0.7253290087862889
JAK1,1.871303527467292
JAKMIP1,0.8880208600404551
JAKMIP2,0.4871165103872969
JAZF1,0.21997953915344456
JCAD,1.5564250984060657
JMJD1C-AS1,-0.7247913477124847
JMJD4,-0.3357492145812241
JMJD7,-0.452899013734883
JOSD1,0.06491299204856145
JPH3,0.26170608378983956
JPH4,0.7701644566453394
JPT1,1.904124704538034
JRK,-1.0453692852801468
JTB,-1.2916542220328076
JUP,-0.9595370427773623
KANK1,0.05918679198851719
KANSL1L,0.0905147704003694
KANSL3,-0.5104136896531257
KAT14,0.3178366636020695
KAT2B,-0.04906078104214908
KAT7,-1.4180772835559614
KATNAL1,-0.4894295309888851
KATNB1,-0.15402166327385886
KATNBL1,-1.2017981088886913
KBTBD11,-0.6806626071287466
KBTBD12,0.309752066201809
KBTBD3,-0.361909177632879
KBTBD4,-0.7319356017580966
KBTBD6,1.651625762427398
KBTBD7,-0.2984984743659661
KCMF1,0.5595310164553632
KCNA3,-2.298763641940049
KCNA4,1.1665417368962048
KCNA5,-1.5156417222373315
KCNAB1,1.1187934771287271
KCNAB2,1.1059137339012326
KCNB2,1.2717833740628386
KCNC2,-2.0348702492957833
KCND3,0.4860258425353625
KCNE4,1.7874799510674386
KCNE5,1.2255104073892982
KCNF1,0.2013151968315922
KCNG1,1.4747237700914513
KCNG3,0.8282812085366653
KCNH1,-0.2574092617704172
KCNH3,1.5251108245197385
KCNH4,-0.16196147341617645
KCNH5,-0.6342618885143932
KCNH7,-0.02079729888475262
KCNIP3,0.6143158204096555
KCNJ10,-0.5711618056409224
KCNJ12,-1.7889254834531232
KCNJ3,-0.18351645643056613
KCNJ4,0.00944410147900998
KCNJ6,-0.17217192088024905
KCNJ8,-2.270449626237538
KCNJ9,0.1681977884422713
KCNK1,0.2726536646552519
KCNK10,1.2051101544414884
KCNK12,1.230816926251221
KCNK2,0.1896669052316606
KCNK3,-2.279067593850464
KCNK6,0.24680051986301033
KCNMA1,-0.32484831733575054
KCNMB2,-1.2011766739777676
KCNMB4,0.23394594012235556
KCNN1,0.3127689999392572
KCNN2,-0.830297087894864
KCNN3,0.9037736924124045
KCNQ1,-0.7093193114895456
KCNQ2,0.31362465501029374
KCNS2,-0.22650067385858846
KCNS3,-1.503071314840159
KCNT2,-1.9586907465754393
KCNV1,0.13706926593955543
KCTD10,1.3044584849215923
KCTD12,0.6667936015249237
KCTD15,-0.5481634863664087
KCTD16,-0.36019757246345513
KCTD21,0.25460153292534016
KCTD3,-0.8077181981575674
KCTD4,2.418275462563037
KCTD6,-0.08023811358095141
KCTD8,-0.9007458626046174
KDELR1,-0.15688529588991906
KDELR2,0.3481033328386664
KDM1B,0.7363229269733804
KDM2B,-0.7709002144039803
KDSR,-0.2754515963036617
KHDC1,-1.124374041997413
KHDC1L,-0.6956053755441719
KHDC4,-0.4352859983135309
KHDRBS1,-0.37176929326891467
KHDRBS2,0.1522632437615441
KHDRBS3,0.37361213835181867
KHK,-1.3597020160489666
KHSRP,0.5088976848789853
KIAA0319,1.377828623444605
KIAA0368,0.4284916359435685
KIAA0513,0.8753252741371971
KIAA0586,0.9616669733173748
KIAA0895L,0.729582974314431
KIAA1024,-1.7080464650883602
KIAA1211,0.6614320104172793
KIAA1211L,1.1460109224277701
KIAA1217,0.1729495076194768
KIAA1257,1.8394454344310978
KIAA1324,1.219677630137894
KIAA1328,1.204584586276795
KIAA1522,1.0141400111301702
KIAA1549,-0.5970932817544701
KIAA1549L,-0.027752828545850698
KIAA2013,-0.17015473085508082
KIF17,-1.151420343197573
KIF1A,-0.05221928185397907
KIF21A,0.3093206117829842
KIF21B,1.2255423699257249
KIF22,0.5229283439464875
KIF27,0.34891941597657206
KIF2A,0.22472011774285963
KIF3A,0.6583494894894577
KIF3B,-0.7062549312726103
KIF3C,0.5196001751128285
KIF5A,-0.13254291925949793
KIF5C,0.2567884397362691
KIF9-AS1,-0.1475797446363824
KIFAP3,-1.2292176724011095
KIFC2,0.21229181052777377
KIRREL1,-0.10447765051850275
KIRREL2,1.0304302493189839
KIRREL3,1.3701136489900962
KIZ,1.2543212311881542
KLF10,0.3938846792515282
KLF11,-1.7747811712309642
KLF13,-0.4639329613826619
KLF6,-1.199126560350011
KLF8,0.8129209151500234
KLHDC2,-0.13661726041041794
KLHDC3,-0.9378557487208972
KLHDC8A,-1.972235035115304
KLHDC8B,-0.4495463093019325
KLHDC9,-0.6590948044111906
KLHL1,0.08021966247819086
KLHL13,0.04309578110593839
KLHL18,-0.41237864861733853
KLHL2,-0.04409035651825116
KLHL22,-0.06793359331383074
KLHL35,-0.6587708450130565
KLHL36,1.323756179763074
KLHL42,-0.25561348174779236
KLHL5,0.4919090098122096
KLHL8,0.10258381849779112
KLK10,-0.13664664019099373
KLK5,-0.7069700094646719
KLK7,0.8766475178951749
KLKB1,0.19130067457121544
KLRC3,-0.5654083792911407
KLRG1,-0.2915646990829198
KMT2B,-0.7024847577151832
KMT2C,0.915311388352765
KNDC1,0.5487389003860879
KNSTRN,0.5022039843354481
KPNA2,-0.4110708073734198
KPNA4,-0.9737823240686269
KRAS,-1.2799850695788864
KRBA1,-1.1319409299914194
KRBOX4,0.588257686246445
KRT14,1.3580236879857093
KRT17,0.8660548662064468
KRT19,-0.7709342670533238
KRT86,0.02080657360201053
KRTAP5-6,-0.6854445814360519
KRTCAP3,0.7309373042293806
KSR2,0.38312559197140844
KTN1,-0.1294526159294204
L3MBTL4,-1.374880048293386
LACTB2,0.04007184653501671
LAGE3,-0.7943631228498294
LAMA1,-0.9848574564636688
LAMA3,0.8572209252192173
LAMB1,-0.9404384680855684
LAMB2,-0.8055076617988158
LAMB2P1,-0.22817169813901408
LAMB3,-1.083525560863338
LAMP1,-0.6996055211725261
LAMP5,2.174088656951569
LAMTOR1,0.06491798563625631
LAMTOR3,-1.7216473718214216
LAMTOR4,-0.40098314725261724
LAMTOR5,-1.4865742554728911
LANCL2,1.0600580844909147
LAPTM4A,-0.6141366088069603
LAPTM5,-1.0187240774541875
LARGE1,1.561546912118573
LARP1,0.7044871021115472
LARP1B,0.4036854585588631
LARP7,0.09648960634443761
LAT2,-0.4090638952347701
LBH,-1.7175743848950056
LBR,-1.4789884517653076
LCLAT1,-0.09581863165580856
LCMT1,-0.7169000033349964
LCN12,-0.5046136598178506
LCN15,0.3018583706922248
LCP1,-0.47444216049912313
LCTL,0.629243465855804
LDAH,0.7038256934014371
LDB2,1.2542293647005434
LDHA,0.4312128936781864
LDHB,-1.275732649829912
LDHC,-0.2783020725371988
LDHD,-0.5328883305531926
LEF1-AS1,0.14460951928474794
LEPROT,0.4885457086732753
LETMD1,-0.4693510081980392
LFNG,-1.5070031705504217
LGALS3BP,-0.030014590956432472
LGALS9C,-0.6523226930116751
LGI4,-0.48454822687264615
LGMN,-0.44487987862771466
LGR4,0.041775606332739676
LHFPL2,-1.45270439292964
LHFPL3,-0.9679942158012421
LHFPL4,0.44900452227673515
LHFPL6,1.2510807754986868
LHPP,-0.9659049643184805
LHX1,-0.636415683795371
LHX2,0.834229625009493
LHX6,-0.9427481791518882
LHX8,-0.7995555534740235
LIFR,-0.9552617236501584
LIFR-AS1,0.5226343111926809
LILRB4,-0.17101919283986786
LILRP2,-0.14633986768865262
LIMD2,1.6193645432692576
LIMK1,1.1223215022480102
LIMK2,1.7363204158141157
LIMS1,-0.1950023824676669
LIN7A,-0.5056881401587565
LIN7B,0.3858645165212656
LIN9,-0.7621564732986521
LINC-PINT,0.7457440146980777
LINC00158,1.161747567929655
LINC00260,1.3153049517887567
LINC00294,-0.21330910819225143
LINC00319,0.7124681886022058
LINC00320,0.38389699658358845
LINC00467,-0.7738419216235364
LINC00473,-0.7479466377373295
LINC00476,-0.9332373707581305
LINC00484,-1.1363211387840404
LINC00507,-0.3599098849248883
LINC00622,-0.9222592272848887
LINC00632,0.8966638233889889
LINC00643,1.6237655973102696
LINC00672,-0.9939424555654622
LINC00839,0.55287737807757
LINC00886,-0.48759912872477784
LINC00900,0.24203658969188427
LINC00950,2.177939710731897
LINC00965,0.3082574715236631
LINC01011,0.8730970941028618
LINC01088,-0.10770383811344403
LINC01089,-0.6649111443618757
LINC01094,-0.11497263215119208
LINC01105,0.8280915576449824
LINC01106,-0.2722731584579833
LINC01116,-1.5087485990648049
LINC01128,0.4720590133914984
LINC01140,-1.7136049552333728
LINC01197,0.6098866228231485
LINC01296,0.75407524140919
LINC01315,0.623691381530689
LINC01485,-1.8212374909004694
LINC01547,1.308492188337018
LINC01551,0.09425780902073087
LINC01664,-1.5690360124254534
LINC01736,-0.32132657008519216
LINC01750,0.06505672222895627
LINC01792,0.38092889835012583
LINC01963,-0.8408058236266496
LINC02076,0.5345258398212143
LINC02210,0.5027280549252612
LINC02217,0.2626431171513224
LINC02361,-0.6411345396312775
LINC02381,0.5468657301474056
LINC02482,0.6501589337070802
LINGO1,1.278007664380436
LINGO2,1.6167224833587923
LINGO3,1.2288035273430868
LINS1,0.37304709702276473
LIX1,0.025723032061389556
LIX1L,0.22745282468828287
LMAN1,-0.15613485203072083
LMAN2L,-0.3009999404271341
LMCD1,0.4379813565437193
LMF1,1.0140395725224913
LMNA,-0.17792609106215462
LMO1,0.5770896769580843
LMO3,-1.2946272962173466
LMO4,-1.0668566014957765
LMO7,1.9940029331624134
LMTK2,0.1124435901560509
LNP1,-0.32290827986049514
LNX1,1.9080810266903903
LNX2,-0.8617619885269164
LOC100129291,2.0468638292573633
LOC100233156,0.6603113501188769
LOC100240735,-0.296840459978331
LOC100289230,-0.20185006305627354
LOC100505915,1.3680014680197603
LOC100506271,0.49751997907824963
LOC100507351,1.9515043338250897
LOC100996385,1.231383769287329
LOC101928087,-0.15735359401554236
LOC105372480,-0.36910134877784845
LOC105373383,0.5051556390305653
LOC105376360,-1.0879204513147573
LOC285097,0.6100816799505747
LOC389834,0.04517784783176379
LOC389906,1.4105113103147635
LOC390705,-0.08307997172348693
LOC440084,-0.2999113924048923
LOC440300,0.17449932642769028
LOC441052,0.6366613556341585
LOC441666,1.0717435865999339
LOC642929,0.5729114857908556
LOC728024,0.8294169179273755
LOC728715,0.03922953999586607
LOC729683,1.6087856765878772
LOC729737,-0.647560802766554
LOC729930,-0.8685693700726327
LOH12CR2,0.6134554769468655
LONP1,-1.3370656949863688
LONRF2,0.5123286659398402
LOR,-0.030505473211430788
LOXL1,1.6461736666377713
LOXL3,-0.6286619895217781
LPAR6,-0.1114976805078716
LPCAT1,0.5386122184518762
LPCAT2,-0.3111010588053644
LPIN1,0.4529793608483561
LPP,-0.8970037217983964
LRCH2,0.8903397691830796
LRCOL1,1.0472620700888537
LRFN2,0.3908845121316364
LRFN4,0.8640280654328133
LRFN5,0.6443394800402029
LRMDA,0.3682902949022842
LRP10,-0.05985967604019039
LRP12,0.8889113014342733
LRP1B,1.3485626771502308
LRP4,-0.3370109688521328
LRP8,-0.011953572230312485
LRPAP1,-0.5029390179737102
LRRC14,-0.031366293858785865
LRRC2,-0.25235610048433843
LRRC20,-0.5363536602775397
LRRC28,-0.5250144935728888
LRRC34,-0.3690180751857491
LRRC36,-0.26432638861735325
LRRC37B,1.3855794637822905
LRRC3B,0.7136453230527057
LRRC4,0.7156331797661543
LRRC40,0.027172501634355167
LRRC46,0.4266241689011791
LRRC4B,0.8277260168814963
LRRC4C,0.8359106634098018
LRRC56,2.501956225888088
LRRC57,0.3753491185517545
LRRC61,0.6492679729112998
LRRC7,1.9517922198294557
LRRC73,-0.5870262116427439
LRRC75A,-0.2419093895915848
LRRC75A-AS1,0.34451352492320314
LRRC8A,0.6751625707773898
LRRC8B,0.40549986461649706
LRRC8D,-0.1480501995316565
LRRIQ1,1.083827039424815
LRRK1,-0.02435506079544622
LRRN1,-1.9764608865554194
LRRN2,-0.10592592849428376
LRRTM1,2.685123501322062
LRRTM2,0.8869553373246727
LRRTM4,-0.46520050232067894
LRSAM1,-1.0902547634098692
LSAMP,0.07548687280057892
LSM10,-0.680099076399614
LSM11,-0.47217685175263724
LSM14A,-0.6134266247906677
LSM3,0.3213002523744049
LSM4,0.1183597381376875
LSM7,0.13677986395670597
LSP1,1.4935995455211262
LST1,-0.3926999448909248
LTBP4,0.9298692895075651
LTC4S,0.02428493202108371
LTK,0.3356226498293705
LURAP1L,-1.6729311589390228
LUZP2,1.087726180954992
LXN,3.6166541836780293
LY6D,-0.2461195229446981
LY6E,-0.5937165602942736
LY6H,0.9304419111225614
LY86,-0.04857973890985938
LY86-AS1,0.085744770975905
LY96,1.125258825942104
LYAR,-0.4682043723098292
LYNX1,-0.6633208619039567
LYPD1,-0.03070043165663746
LYPD6,-1.2848108850835236
LYPD8,-0.6751034708103358
LYPLA1,-1.1888989407937196
LYPLAL1,-0.3495050458053317
LYRM1,-0.010111344163334946
LYRM4,-0.5193086032015626
LYRM7,-1.0447872083694725
LYRM9,1.1060384591416321
LYSMD1,-0.8063664337425928
LZIC,-0.0215160133019632
LZTFL1,0.4125855761292361
LZTS1,-0.9620524258998966
MAATS1,-0.2976200024575269
MACF1,1.0379595704412334
MACO1,-0.09276561095265928
MACROD2,1.245355744269545
MADD,-0.725859870971733
MAEL,0.8495293076711193
MAFB,-1.0325465648895638
MAFG,0.44653749679113836
MAFK,0.22033626924099164
MAGED1,0.3625245740724877
MAGEF1,-0.5734509545047022
MAGEH1,-0.9800277709350942
MAGI1,-2.030467502959728
MAGI2,-0.5629062956347588
MAGI3,-0.7548293558554975
MAGT1,-0.4550240050550937
MAL2,-0.1473836045134636
MALAT1,1.009957377681751
MALL,1.558145737170658
MALSU1,-0.8366590538105215
MAML2,0.29119109224604245
MAML3,-0.7235840552900951
MAMLD1,0.2903453569415486
MAN1A1,1.9229684518412653
MAN1B1-AS1,0.6242923815619614
MAN1C1,-0.19684379282890557
MANEA,-0.28778218037762604
MANEAL,1.0453256232418258
MANF,-1.7455470684368866
MAOA,0.27271045344470185
MAOB,-0.12930832865476896
MAP1A,0.681504845258823
MAP2K1,0.6031903986340391
MAP2K4,-0.903610205036124
MAP2K5,-0.6445899057905172
MAP3K1,-0.8683744361003672
MAP3K10,1.521544120249876
MAP3K12,0.33263398119875714
MAP3K21,0.857015938175288
MAP3K5,-0.052995586550696354
MAP3K9,-0.2998997477422571
MAP4,0.04953799590223694
MAP7D3,-0.6012408909468697
MAPK1,2.4657174438201426
MAPK11,-0.1013759836609095
MAPK12,-1.4147819374755315
MAPK13,-0.2701810417653566
MAPK14,-0.5176841619935552
MAPK1IP1L,0.24356466181147504
MAPK3,1.0547747224419075
MAPK7,-0.6371668648481054
MAPK8,0.3479641268103052
MAPK8IP2,-0.5553055176486181
MAPK9,-0.20187411801633978
MAPKAP1,0.9159668253578611
MAPKAPK5-AS1,-0.3968150271270177
MAPKBP1,0.2981966775231363
MAPRE2,1.3052304087058961
MAPT,0.06547790690292286
MARCH1,-0.6422623584800672
MARCH11,0.38096139592657563
MARCH3,0.06535520632501579
MARCH5,-0.0936905851787854
MARCH7,0.9154311491951216
MARCH8,-0.7102730356635
MARCKS,-0.5693257843635091
MAST3,-0.032230322892262964
MATK,0.6353218706831846
MATN2,2.434619399304532
MAZ,0.5985909927312301
MB21D2,-0.7842719814102812
MBD1,-1.1141947823250822
MBD3,-0.7084760247496887
MBLAC1,-0.7797378966520588
MBLAC2,1.2958234228642707
MBNL3,0.48688886596109976
MBOAT2,-0.26462487347162783
MBOAT7,0.4405371923737583
MBP,2.9107315324015657
MCCC2,0.14191662488488666
MCF2L,-0.6122631787177777
MCHR1,-0.4152992198331815
MCHR2,-0.8237961744795379
MCM3,1.0057542349063373
MCM4,0.4184665474297366
MCM6,0.6126685020635184
MCM9,0.41930748750147445
MCMBP,-0.02810373474126503
MCRIP1,-0.14287412260137472
MCRS1,0.014951328578277167
MCTP1,0.15628119282184846
MCTS1,-0.16051057990738482
MCU,-0.07416344653391854
MCUB,-1.3988085492153364
MCUR1,-0.286786181871155
MDGA1,-0.12330502905719717
MDGA2,-0.3675709231798048
MDH1,-0.5495757793902747
MDH2,0.20667533062607005
MDK,-0.46616546625763267
ME1,-1.1390489417226544
ME2,0.9758759946616546
ME3,0.5650671219868898
MEA1,-0.2566637050166811
MED10,-0.5656683460197327
MED14,-0.14789638244607498
MED16,-0.1848085396584728
MED27,-0.1593703490105333
MED31,-0.746843235592339
MED8,-0.4812192369690213
MEDAG,-2.8284161550983775
MEF2C,1.6631256607257623
MEG3,2.1479259571902714
MEGF11,0.4408359255144756
MEGF8,-1.0587384398736164
MEI1,-0.08970551586673679
MEIKIN,-0.8391117638382255
MEIS3,0.761938884595295
MELTF,-1.0262429591322921
MESD,-0.2017997777471301
MESP1,0.9613962572600055
MEST,1.1648357542207002
MET,3.2322978715779342
METAP1,0.18876827269523086
METRN,0.12248867677795927
METRNL,0.5089589370775094
METTL1,0.02099365367951704
METTL15,0.011263807585913133
METTL21A,-0.681845801016579
METTL5,0.7013822986403306
METTL6,0.04913624682651847
METTL8,-0.11813305571921946
METTL9,1.176240942100812
MEX3A,-0.5774323682626177
MEX3B,-1.7261116101808835
MFAP1,-1.5610709169692372
MFHAS1,-0.35916326867055787
MFNG,-0.0803369766823968
MFSD1,0.1450789160174591
MFSD12,0.49336980032303474
MFSD13A,0.9479883611715713
MFSD3,-0.6754884722319975
MFSD4A,0.6476813500735755
MFSD6,1.6785625373000077
MGAT1,-0.25846071196897075
MGAT4B,0.5076827371926752
MGAT5B,0.08575605647914922
MGC16275,-0.0859154786117565
MGLL,-1.292983227654911
MGME1,-0.8749843606386573
MGMT,0.4648674482366466
MGP,0.529416798963105
MGST1,0.25469900396495476
MGST3,-0.2701349829539755
MIAT,-0.23228232903076623
MICAL1,0.8340334028757515
MICAL2,0.3147147193874545
MICAL3,0.647128679995418
MIEF1,-1.0030526887026734
MIEF2,1.1216806760196882
MIF,0.27620933846980006
MIGA1,-0.489030507433474
MILR1,-0.355644528698594
MINK1,1.3244366544546262
MINOS1,-0.6798953916381022
MIR22HG,-0.7984366031730555
MIR4435-2HG,2.7642836621900573
MIR7-3HG,-1.0806012420227435
MIR9-3HG,-0.41719784852652064
MIR99AHG,-0.7251410009739707
MIS18A,0.9203010597172555
MKL1,0.0657543392012067
MKL2,-0.22033434807738136
MKNK1,1.8162527889226512
MLC1,-0.10319524996392002
MLEC,0.5055483308859416
MLF1,0.9858350731924002
MLF2,-0.7385789060893155
MLIP,1.7173710120610306
MLLT1,-0.4616326757995788
MLLT11,0.2471368390860111
MLLT3,0.8706326692415166
MLLT6,-0.723289884944003
MLST8,-0.9847637637271708
MLXIP,0.2439493246945378
MLXIPL,-0.48209837937962097
MMADHC,-1.0972044786704922
MMD,1.4484117642031997
MMP15,-2.072969706342604
MMP16,-0.17128944965669426
MMP28,0.06166266001342547
MMS19,-0.10311006024847812
MNDA,-0.07908673648345386
MNT,1.319559739294206
MOAP1,0.3378379242173185
MOB1A,0.18552143563388812
MOB1B,0.35080935255866036
MOB3A,-0.4152751195901579
MOCS1,-1.5479449176632798
MON1A,-0.3639887639283448
MORC4,0.22825941384236165
MORF4L1,-1.4708521138492054
MORN3,-0.1706714270378114
MORN4,0.1313669472433811
MORN5,0.07078179558605696
MOSPD2,-0.3760694051833589
MOV10,-0.7338603914298618
MOXD1,0.7635106074296745
MPC2,-0.20588426943216886
MPEG1,-0.6169424801902234
MPG,-0.7079458441988135
MPHOSPH6,-0.05254854804252147
MPI,-0.588706431724792
MPND,-0.6209303179003113
MPP2,-0.27079923309978526
MPPE1,0.47361939049582297
MPPED1,-0.03721626089710005
MPST,-0.10103292217386285
MPV17L2,0.8566037608493785
MPZL1,-0.651505597068003
MR1,-0.13215691471939028
MRAS,-0.38186240899274604
MRE11,0.40598147025086667
MRFAP1,-0.7109561245331729
MRNIP,-1.2176580148948675
MRO,0.036329852241842736
MRPL13,-0.28863658145389715
MRPL14,-0.6786765661011889
MRPL16,-0.18549829495401188
MRPL23,-0.11135223590828557
MRPL28,0.1062809861368594
MRPL30,-0.705923557178065
MRPL33,-0.5412431612101649
MRPL37,0.08645441224830734
MRPL4,-0.8449602310862014
MRPL43,0.19229836766018021
MRPL45,-0.1792731674606796
MRPL9,-0.1764596985045461
MRPS11,0.08735631557982478
MRPS16,-0.9757908740438364
MRPS18A,-0.9542023963508092
MRPS18C,-1.716672376594238
MRPS33,0.6031271665705226
MRPS6,1.7002616545783857
MRPS7,-0.5287252565447227
MRTO4,0.13951943715572157
MRVI1,0.31546681068100274
MS4A7,-0.6944833866159703
MSANTD1,-0.41095558720751774
MSH3,1.8477908594624048
MSL3,0.5930781937444797
MSL3P1,0.056129301834824195
MSMO1,0.18610730184898197
MSN,-0.1930748576901296
MSRA,0.5282154643903785
MSRB2,-0.9914820181455174
MST1R,1.36934048344836
MSX1,0.7732753616484089
MT1A,0.3986605028459699
MT1B,0.2482834705349475
MT1E,-0.026723553135846307
MT1F,-0.26544784135526606
MT1G,0.5102206057770234
MT1JP,0.07533938363354568
MT1L,0.6906025955375505
MT1M,0.15476118796382665
MT1X,0.12267506515376979
MT2A,0.8107282612732607
MTA2,0.25076682345913826
MTA3,0.5922482480391775
MTBP,0.12579100164356058
MTCH1,-0.5014838937931698
MTCH2,1.112496206280578
MTERF2,0.8227626155658652
MTFR1,-0.2855921676384643
MTFR1L,0.5919543650983736
MTHFD1L,0.16794920853359824
MTHFD2,-1.2060551686110557
MTHFD2L,1.492755822006008
MTM1,0.4699296056253919
MTMR11,-0.7751149335500076
MTMR12,1.4402871881839514
MTMR9,-0.686245288485395
MTOR,1.8020424075690313
MTR,-0.24358852481865256
MTSS1,-0.7452737958851771
MTTP,-0.6826297511328379
MTX2,-0.8696678765567045
MUM1L1,-0.7153173025215709
MUS81,-0.3940067537811168
MUT,-1.2817044249606757
MVD,0.06354540358757173
MXD1,-1.025118685313219
MXD4,-0.5615000302794672
MXI1,-0.18443495755909659
MXRA8,-0.8285377152354618
MYADM,0.7151079599203172
MYB,0.5743526592689835
MYBPC1,-0.5406900494222769
MYBPH,-0.15318938011214656
MYBPHL,-0.3224680035787615
MYC,-2.146280187823096
MYCBP2,0.9683411429166545
MYCNOS,0.6874717783221176
MYEF2,0.6768079188473844
MYH10,-0.6879619548842341
MYH15,-0.16521009357213817
MYH7,-0.07799124493032618
MYL12B,0.6681005745353151
MYL5,0.7008475171748514
MYL6,-1.107032885156135
MYLIP,1.1664178769857543
MYO16,1.723467119239468
MYO19,0.16625554491713568
MYO1F,-0.5548531738585397
MYO5A,0.14132862472911797
MYO5B,-2.02538759999911
MYO5C,-0.13210428360136559
MYO7A,1.0604368628648035
MYOM1,0.3035968415876686
MYOM2,-0.5120549010156538
MYOZ3,1.0754190536558836
MYPOP,0.07115540427801388
MYRIP,1.2868613995475182
MYT1,-0.9325910247834752
MYT1L,0.22291758000785772
MZT2A,0.5582783293325346
MZT2B,0.3228617833998032
N4BP2,-0.12214429473758731
N4BP2L1,0.6320988849405323
NAA10,-0.15308051661365957
NAA20,-0.3103114325020708
NAALAD2,0.8024651534071522
NAB1,-0.12279670549327987
NABP1,0.6833804688652091
NABP2,-1.291163513473689
NACC2,-0.30453825387092104
NADK2,0.45751269493023916
NAGA,-0.1342795730180844
NAGK,-1.1106795734459942
NAGLU,-0.7267403480622189
NALT1,-0.14497314020766308
NAMPT,1.2996694783226062
NANOS1,-0.4711596316779944
NANOS3,-0.4709812094443941
NAPA,0.49028190365910246
NAPEPLD,-2.115428178411354
NAPSB,-0.6470873260387965
NARF,-0.22510090257035825
NAV1,0.8489133045014832
NAV2,-0.9020777236300319
NAV3,-0.20646558842742682
NAXE,-0.9967865879391534
NBAS,-0.3166347088790779
NBDY,0.7706317476056912
NBEA,-1.1280751991556328
NBEAL1,0.10125452677004274
NBPF3,1.017483832143313
NBR1,1.2552705243992517
NCALD,-0.2104892495381666
NCAM2,0.33761487018925634
NCAN,0.7563925603296668
NCBP1,0.0660112726924708
NCBP2,0.8959545433022956
NCBP2-AS2,-1.0564675634639882
NCF1C,-0.499570559277468
NCK2,-0.04544574119250177
NCKAP1,-0.05516623348584545
NCKAP5,0.2521281231078217
NCKIPSD,0.0021372515429495765
NCOR1,0.6543903710689397
NCOR1P1,0.8577157895122478
NCOR2,0.23063648330136347
NCR2,-0.07850990681333973
NCS1,-0.4220573648655934
NCSTN,-0.5256073440773671
NDFIP2,-0.04011575466883749
NDRG2,0.6511874113769605
NDRG4,-0.9680520280988206
NDST1,-0.11169805402886902
NDST2,-0.34317660756848267
NDUFA10,-0.36276854239234685
NDUFA12,-1.0157886579124784
NDUFA3,0.6046568720445904
NDUFA4,0.20203322173642738
NDUFA6-AS1,1.4840078731418145
NDUFA8,-1.0249436777869112
NDUFA9,-0.44688575191289737
NDUFAB1,-0.9078257603695804
NDUFAF1,-0.9345765250070122
NDUFAF4,-1.169445472484447
NDUFAF8,0.7696953907548636
NDUFB3,-0.25881654346928745
NDUFB8,-0.52493053033019
NDUFC2,1.309165668459612
NDUFS2,-1.1636602722971627
NDUFV1,-0.9684780134336489
NDUFV2,-0.8273434528702173
NEBL,-0.042227501141196
NEBL-AS1,0.6701505018003164
NECAB1,-0.20221062910166315
NECAB2,0.9173355921462236
NECAP2,-0.5123349382738873
NECTIN1,-0.722293353557757
NECTIN2,-0.851440245352995
NECTIN3,-0.6665504397303528
NEDD4,-0.23632826459357847
NEDD4L,0.7815924458270721
NEDD8,-1.2025877998161065
NEFL,0.34544062851177104
NEGR1,-0.3041427227177676
NEK10,1.3934640592975949
NEK6,0.429319118473425
NEK7,0.28557094840171715
NELFE,-0.27474362849496103
NELL1,1.9124396582530805
NELL2,0.7978280978136383
NENF,0.053116944805663126
NEO1,-0.8673034578647428
NETO1,0.8256991997073644
NETO2,-1.5021301823740794
NEU1,-1.047125534559214
NEURL1,1.0481473605846277
NEURL1B,1.5103534537173275
NEURL3,-0.2323392240863667
NEURL4,-0.578784966793271
NEUROD1,1.076625268954856
NEUROD2,0.680801426038193
NEUROD6,1.0821244873010076
NEXMIF,-0.018445399844610518
NF2,-0.5463596944330139
NFAT5,-0.7896232263060601
NFATC1,-1.0750993040847927
NFE2L3,-0.22028081513073897
NFIA,-0.88399459147845
NFIB,0.8825830403564615
NFIC,-1.129848324161267
NFIL3,-0.0902281674544637
NFIX,-0.5903644891873621
NFKBIE,0.3141445879856119
NFU1,-0.834955237349594
NFX1,0.23282599556347766
NGRN,0.06076037929934788
NHLRC2,0.02518032179222654
NHP2,-0.45877564055849585
NHSL1,0.03216077298651405
NICN1,0.4154090774155425
NIF3L1,-1.2003879728017335
NIM1K,0.5377975581040941
NINL,-0.7964296718662384
NIPAL2,0.6090158092019247
NIPBL,-0.059393168025965476
NIPSNAP2,0.4779213083389034
NIPSNAP3A,0.005043185297781973
NISCH,0.3665793108518493
NIT2,1.6927274372521295
NKAIN2,0.6653874834149448
NKAIN3,-0.12732176158102557
NKAIN4,0.045834920646520554
NKD2,-0.2720136523632681
NLE1,0.40206975023714564
NLGN1,2.3531994781518843
NLGN3,0.08276746820368419
NLK,0.7945533067254197
NME3,0.1634933570173911
NME5,0.3284666136419054
NME7,-0.675270206990604
NMNAT2,-0.8725386516099645
NMNAT3,-0.197652725132127
NMRK1,-0.8127906275317207
NMT1,-0.031200788074607837
NMT2,-0.5873079888977046
NMU,-2.663147861878706
NNAT,1.9342272544871055
NNMT,-1.2031736223584832
NOL3,-0.35453479663131027
NOL4,0.051659669192618725
NOL4L,0.5639267484030238
NOL8,0.2852741795230181
NOL9,0.062967414409133
NOMO1,0.20281074477638453
NONO,1.5348275032988163
NOP16,-0.7653628513787326
NOS1AP,0.1333147368697868
NOS2,-0.4668862915360434
NOS3,-0.09512216229751924
NOV,0.2902921990420751
NOVA2,0.9598643538548876
NPAP1,0.15156050455037506
NPAS1,-0.5950615200855794
NPAS3,-0.03599899181872899
NPC2,0.1109826278928939
NPDC1,0.10019177274661652
NPFFR2,-0.08310907595494843
NPHP1,0.09982597998545435
NPHS1,0.8623822042216113
NPIPA8,0.7040071148851972
NPIPB11,0.292405531345046
NPIPB15,0.8004889198892526
NPLOC4,-0.7949687220758065
NPM2,0.11166126789327546
NPM3,0.833744931062313
NPNT,0.11658783173189334
NPPA,-0.06092486592428896
NPPB,0.054198444928341596
NPR3,-0.3085204946794658
NPTX1,1.6801194820964493
NPTX2,1.1242810791943234
NPTXR,0.884029520052205
NPY,0.2399027915293317
NPY1R,-0.5270890783128367
NPY5R,0.6931775162460563
NQO1,-0.4193144690131804
NR1D1,0.03693046605250465
NR1H3,-1.0389579862261036
NR2C1,-0.5896957124564896
NR2C2AP,1.4663592880870353
NR2E1,0.0801006296925592
NR2F1,1.4158601030043338
NR2F1-AS1,-1.7640267445487334
NR2F2,3.8616047015210304
NR2F2-AS1,2.720395420197898
NR2F6,-1.306895145841058
NR4A2,1.1185637558659867
NR4A3,0.02612550179467359
NRAP,-3.2995477783831837
NRARP,0.11168542070826899
NRBF2,-0.21251533637341422
NRBP1,-1.0965568051651038
NRCAM,-0.9643289451091663
NRDC,-0.3302222655250706
NRG2,0.2555523090946293
NRG3,0.28339773802649215
NRGN,-1.371130454833896
NRIP1,-1.5909085602982644
NRIP3,0.09121893378241373
NRN1,0.3547151058954587
NRP1,-1.3221477592450854
NRXN1,0.5285526048823584
NRXN2,1.395558015126198
NRXN3,0.5013768159602876
NSD2,-1.0853258043647418
NSD3,-0.01803748918805308
NSDHL,-1.1688101209475257
NSFL1C,-1.0738906768671828
NSG2,1.6201219512432279
NSMAF,-0.4708931381544636
NSMCE1,0.011460340256042374
NSMCE4A,0.009900062874425315
NSMF,0.13577708147935483
NT5DC2,-1.001499306889997
NT5DC3,0.7956154635856308
NT5E,0.06159925443010401
NTM,0.2504748306248169
NTMT1,-1.3354793822822066
NTN1,-0.8665864696153988
NTN4,-0.9452845862961591
NTNG1,0.6534735487205227
NTNG2,-0.5739857488967287
NTRK2,0.6971497053532293
NTSR1,1.1156391332494755
NTSR2,-0.17068337836318367
NUAK1,-0.5068775569212276
NUB1,-1.0469096929845214
NUBPL,-0.753671635938615
NUCB2,0.3631544204670891
NUCKS1,0.08254094961304348
NUDC,-1.0982696384937405
NUDCD1,-0.7918336686548566
NUDCD3,-0.3685972436092059
NUDT10,-0.33715263140480234
NUDT11,0.3869694357980509
NUDT14,-0.41259499631914054
NUDT17,0.941657642994293
NUDT2,-0.3953266943237078
NUDT21,0.8518525707378115
NUDT4,-1.050583082964578
NUDT9P1,0.33578290291786483
NUMB,-0.6900960643340348
NUMBL,1.7263290583304405
NUP37,-0.5091259795909915
NUP85,-0.877728007160873
NUP88,0.6775500170721757
NUPL2,-0.41239169322683666
NUPR1,0.5521694578767268
NUPR2,1.4121065566275677
NUTF2,1.650691920193949
NWD2,-0.02111391229029469
NXN,0.3057224871944285
NXPH2,-0.6677014897444647
NXPH3,-1.1281389842793295
OAF,0.9824793709085393
OAT,-1.1234012484907807
OAZ1,0.29698256135544887
OAZ2,-0.4082539652805262
OBSCN,0.6231060967312182
OCA2,-0.22802833514044957
ODR4,-0.517108508285081
OGG1,1.5999900466449002
OGT,0.38793942708864265
OIP5-AS1,-0.5504448635772174
OLA1,0.09112564863678149
OLFM1,0.7307921110912116
OLFM3,0.048458109090432584
OLFML2B,0.0744600855889927
ONECUT1,1.3391849203468231
OPCML,-0.6862338026785908
OPHN1,0.7579793687227616
OPN3,-1.1409163989718196
OPRK1,-1.0393467141133645
OPRM1,-2.4802326410306366
OPTN,0.5002352774178505
OR14I1,-0.2972337236468636
OR52K2,-0.4289982169659514
OR5L2,-0.149536915147859
OR7E14P,-0.3486988195777914
OR7E156P,-0.0891220916170276
OR7E24,-0.42700676533340776
ORAI2,1.1150682302384178
ORC4,-0.0930307662307651
ORC6,-0.042288555055425336
OSBP,1.2023757175835865
OSBPL10,0.6309544835635413
OSBPL11,0.11523354425800877
OSBPL1A,-0.8943166867387762
OSBPL8,1.133669544056011
OSBPL9,-0.2973693341740533
OSCAR,0.7788722915467697
OST4,0.765064787312768
OSTC,-0.5176146985974397
OSTCP1,-0.22741232334937617
OSTF1,-0.4412868406642663
OSTN,-0.5723530454347678
OTOF,0.6184668425535478
OTOS,0.2520501405689195
OTUB1,-0.5495917504067741
OTUB2,0.3251344170724358
OTUD1,-0.0024643202609022875
OTUD6A,0.1761301471857797
OTUD6B,0.8566811693527134
OTUD6B-AS1,-0.4186381327830843
OVOL2,-1.1833783720957864
OXCT1,0.8771700139055326
OXR1,0.5781994064749268
OXT,-0.7568688846706342
OXTR,-0.11845313169820364
P2RX5,-0.26868822236239376
P2RX6P,-0.7994460495310879
P2RY1,0.17559367193754608
P2RY12,-0.32307537280450677
P2RY13,-0.4723397220769478
P2RY6,-0.08990931441085305
P4HA1,0.09321365235375652
P4HA2,0.859861054873829
P4HTM,-0.6158572378902846
PABPC1,1.3560310697192886
PABPC1L,0.8107682611154122
PABPC5,0.28458222369197494
PACRG,0.32564568853374726
PACS1,0.8254742639536962
PACSIN1,-0.1018182192320872
PACSIN2,0.14654261522671336
PAF1,-1.5065384034651326
PAFAH1B1,-0.2102701193699392
PAFAH1B3,1.1921831723646492
PAFAH2,-0.8798566160462302
PAGR1,-0.9257905479008786
PAICS,1.0578961797826696
PAIP2,-1.1284091195137276
PAK1,0.49170741964352116
PAK2,-0.8064728609449587
PAK3,0.5222811712261483
PAK5,0.17944170710454516
PALD1,-1.1793447690837955
PALLD,0.3628087468546417
PALM,0.5810797818046654
PALM3,0.7761954901674359
PALMD,2.727692074708044
PAM,0.2809716440637704
PANK2,0.770683286266709
PANK4,0.06651664772313697
PANX2,1.1178025044909765
PANX3,-0.2863746357058094
PAPD7,-0.7594414267731172
PAPOLA,0.8883356849111476
PAPSS1,0.590301626207427
PAPSS2,-1.682699334985248
PARD3,0.06736869645747952
PARD3B,-0.3552984289409896
PARM1,-1.2894268939665319
PARP1,-1.1775394198445652
PARP14,0.0018271648306084614
PARP16,-0.01591747774300171
PARP2,0.15551972655477458
PARP6,0.4874399854251953
PARP8,-0.6516987937246368
PART1,-0.8903997879993055
PARVA,0.1875604922127509
PARVB,2.4869406787917345
PATZ1,-0.3413673910427857
PAWR,0.1920837560394886
PAX6,-0.46138965093637985
PAX8-AS1,3.1688467818469688
PAXIP1,-0.6721319842656297
PAXIP1-AS2,-0.3471680139357809
PBDC1,0.7645591560979683
PBLD,-0.14470887169902236
PBX4,1.4711342882638827
PBXIP1,-0.38439348145823443
PCBD1,-1.1602172445034193
PCBD2,-0.07771482608512446
PCBP3,-1.8590974766282247
PCDH11X,1.4183940587265078
PCDH11Y,0.9514555940965983
PCDH15,-0.12116924501583395
PCDH17,-0.16224625185989122
PCDH19,0.3658351299547749
PCDH20,-1.1643786579813273
PCDH7,1.6676362733411176
PCDH8,-1.7011618817543026
PCDH9,0.303255758239012
PCDHA1,0.24721219118586138
PCDHA11,0.030019215100721825
PCDHAC2,0.27468057597117124
PCDHB10,-0.5908987251965687
PCDHB11,-0.8439758821220361
PCDHB14,-0.0017368427347857482
PCDHB9,-1.1954439206465266
PCDHGB4,0.23455606247446506
PCDHGC3,-0.03494917106090101
PCED1B,-1.197357843756626
PCID2,-1.0874730273776958
PCK2,1.0952284990105265
PCLO,0.7480588096176143
PCMT1,-0.3318089236713568
PCNP,-1.0422746331118704
PCNT,0.6340220389594812
PCNX2,0.6848953458899049
PCNX4,0.30545605876316223
PCOLCE2,1.9118668161536772
PCSK5,0.24675192985121014
PCSK9,0.11929922139624011
PCYOX1,-0.8042651929896877
PDCD2L,-0.017173484479462334
PDCD4,0.8627132090687523
PDCD6,-1.0299195547137818
PDE10A,-0.6762197017955791
PDE11A,-0.5249004926582773
PDE1A,1.9180731319759334
PDE1B,-0.3605836749553942
PDE2A,1.9699006710784497
PDE3A,0.3779259317489725
PDE4B,-0.3406567527156536
PDE5A,-0.17431933240217806
PDE6B,1.0763483729273382
PDE8B,-0.6579787317577958
PDE9A,-0.2903873120625528
PDGFC,-1.4045637926362575
PDGFD,0.8777072131457685
PDGFRA,-0.385939477830623
PDGFRL,0.10980669485523327
PDIA3,0.4609387322647756
PDIA3P1,0.6174549042179246
PDK1,-0.2020488364620565
PDK3,-0.8597602626565838
PDK4,-0.46679795642275085
PDLIM3,-0.880618815755725
PDLIM5,-0.11302523096599999
PDP2,-0.3716543025280626
PDPK1,0.5322174524235521
PDRG1,-0.8881874057347834
PDS5A,0.4759330690834921
PDS5B,-0.4705673213351902
PDXDC2P-NPIPB14P,-0.2653947225197467
PDXK,-1.205188191653501
PDXP,-0.2564922701449329
PDYN,3.3343568340421834
PDZD2,-0.4539240008448232
PDZD4,0.567134374879952
PDZD7,0.7208297831566085
PDZRN3,-0.2683610188093976
PDZRN4,-1.6487728061459823
PEA15,0.9530188498239004
PEF1,-0.5697506612540293
PEG10,1.463344076658098
PELI1,0.7098018383346925
PELI2,0.3297580738601825
PENK,-0.5154502490344535
PERM1,-0.4028514898243589
PEX1,0.04772566629296466
PEX10,0.4717976721546891
PEX19,0.1902952958815375
PEX2,0.0809220599386729
PEX5,-0.10795996992926335
PEX5L,-0.4937275735833581
PFDN5,0.29666695729778375
PFKFB3,0.30397037957054096
PFKP,0.3301714825239111
PFN2,0.44037281112655574
PGAM1,-0.4308753626195011
PGAM5,0.4636253312802981
PGAP1,1.4888261432394476
PGAP3,-0.03362015737458074
PGBD4,-0.609577664332398
PGBD5,0.7977206356374054
PGD,-1.0353374043197119
PGK1,-1.025515447140777
PGM2L1,2.1189179365817297
PGRMC1,1.0866580825971541
PHACTR1,0.6315170849498213
PHACTR2,1.1711517957530306
PHACTR3,-0.07700110980314624
PHAX,-0.36210009619000566
PHB,-1.114415691047832
PHB2,-0.29893407331367555
PHC3,0.3286837246254343
PHF12,-0.30759919548945514
PHF13,0.0029622427806136587
PHF20,-0.2052264102404573
PHF20L1,-0.036935756341212024
PHF23,-1.7038771111218571
PHF24,0.7164621384886399
PHGDH,-0.4818268431384544
PHKG2,-0.2053840883103704
PHLDA2,-0.7890069369877913
PHLDB2,-2.59548702784556
PHLDB3,-0.04592956976719429
PHPT1,0.21609994207252317
PHTF1,0.40462649444461907
PHTF2,-0.6055057501393403
PHYH,-0.23319106769279632
PHYHD1,0.06756738404110357
PHYHIPL,-0.04208304024811112
PI4KA,-0.10217120835797565
PI4KAP2,0.27238862962767424
PIANP,0.7058308545599961
PIAS2,0.5686637176446762
PICK1,-1.617665923228115
PID1,0.6545750837035099
PIDD1,-0.6997558843283794
PIFO,-1.0395796040862153
PIGL,-0.470195226491221
PIGP,0.06066502607476803
PIGZ,-0.6220909947999879
PIH1D1,-0.9189458105134907
PIH1D2,-0.054454939114143196
PIK3C2A,0.14204997901148916
PIK3C3,-1.38359596147375
PIK3CD,0.32918701912637616
PIK3R1,-0.24185553759768372
PILRA,-0.39823055154832526
PIN1,0.005547132908340633
PIN1P1,0.2986654197594764
PIN4,-0.1457759993900627
PINK1,-1.181035389511598
PINLYP,0.6781888493729433
PIP4K2B,1.1032969613494583
PIP4K2C,-0.4809020248752406
PIP4P1,-1.0021578546790482
PIP5K1B,-0.8344961600734914
PIP5K1C,0.17148778748375662
PIR,-0.777798774620055
PIRT,-0.5820106572124703
PISD,0.17538489281473496
PITPNB,-0.2835805817475163
PITPNM1,-0.9931932998764957
PITPNM2,0.5325609808360392
PITRM1,0.4063425220577268
PIWIL4,0.8392067528084188
PJA1,0.378212904584099
PKD1P6-NPIPP1,-0.09407566867391322
PKD2L1,0.254352065300494
PKDCC,-0.39576999644494293
PKIA,1.0629148520292193
PKIB,-0.09807065569958578
PKIG,0.13964852263483202
PKN1,-1.0148821580287422
PKNOX1,1.4053279203310893
PKNOX2,-0.02338720141457861
PKP3,-0.6501668646916132
PKP4,0.5809044155913824
PLA2G12A,0.3857873482944228
PLA2G4A,-1.2604171012337282
PLA2G7,-0.3464941420810472
PLAC4,0.2420724632951129
PLAC9,-0.030923207376111872
PLAU,1.5211321036593901
PLB1,1.1462714287026665
PLCB2,0.5657986179194936
PLCD3,0.4603670670799521
PLCD4,-1.1289667083877555
PLCG2,0.42062444879585154
PLCH1,-1.5490907981399429
PLCH2,0.4487150206308464
PLCXD1,-0.46430509290083516
PLCXD3,1.4033243722383346
PLD3,-0.22596368021224697
PLD6,0.7941732171350091
PLEKHA2,0.4597339580827458
PLEKHA4,-0.6119140953733825
PLEKHA6,-0.8557312190649695
PLEKHA7,-0.963461420035204
PLEKHG5,-1.074131515858327
PLEKHH2,-1.8140989233654596
PLEKHM1,-0.6696020692964914
PLEKHM2,0.03910740489006089
PLEKHO1,-0.49063378542843916
PLEKHO2,-0.289840938036778
PLIN5,0.761874629041023
PLK2,1.1999436176089593
PLOD2,-0.1322479069801378
PLPBP,1.3296278179188636
PLPP4,0.274115377093201
PLPP5,-0.4625095059911349
PLPPR2,0.9918671064160131
PLPPR3,0.5885855616527914
PLPPR4,2.100566356503569
PLPPR5,2.353759001323548
PLS3,0.4189966306547852
PLSCR4,-0.38655468065489984
PLTP,-0.5679761677280368
PLXDC2,0.42956743290212784
PLXNA1,-0.05831406611505129
PLXNA2,0.068213535701859
PLXNA3,-0.734165890886967
PLXNA4,0.8464465336865733
PLXNC1,1.3553275796895108
PLXND1,0.5397888894340613
PM20D2,1.0578242052677058
PMM1,-0.6602240917359443
PMP2,0.3275793018521324
PMPCA,-0.959807949358644
PMPCB,-0.9642510166942447
PMS1,-0.7030316403506129
PMS2,-0.3019635382768887
PMVK,-0.3867284268605395
PNCK,0.7205079673384642
PNMA1,-0.17066098792961526
PNMA2,0.26196701605232187
PNMA3,-0.09133786469895386
PNMA5,-1.1618174002883532
PNMA6A,-1.2757943677419445
PNMA6E,-1.1616025581125842
PNMA8A,0.42830655285302777
PNMA8B,-1.5095629589960398
PNMT,-0.46511037219543666
PNO1,0.2646311271491314
PNOC,-1.4828253865778167
PNP,-1.118741740154696
PNPLA3,-0.42030063140952073
PNPLA4,0.9018516172614536
PNPLA7,0.06924040884599944
POC1A,-0.48432512061943545
POFUT2,0.22638879566533449
POLE3,0.034510859387697705
POLE4,-0.12057061306431581
POLG,-0.1514671064771546
POLG2,-1.133734950655568
POLN,-0.6834673121641983
POLR1D,-1.1433672953044935
POLR2B,-0.29644612748938787
POLR2E,-1.144607702772498
POLR2G,-0.8927653628293731
POLR2H,-0.12441892524215116
POLR2J,0.44174361747854374
POLR2K,-1.0794668496953517
POLR2L,1.0238134524376301
POLR3A,0.19450137878932008
POLR3G,1.591365806495528
POLR3GL,-0.9728033887307191
POLR3H,-0.4198906374878684
POLR3K,-0.6882518876319826
POM121L4P,-0.1870336505307573
POMC,0.4610677964082958
POMT1,1.3056204079448477
PON2,-0.4382397579387585
PON3,1.3444316348948784
POP7,-1.0466799328439047
POPDC3,-0.8257886596713435
POU6F2,-0.7668464498110132
PP12613,-1.0695179295823976
PPA2,-1.1332354895321664
PPARA,0.06360000777000283
PPARG,-1.6356966768939007
PPDPF,0.5204621117274276
PPEF1,0.5186635096161903
PPFIA3,-0.3132286643253018
PPFIA4,0.8297863661733216
PPFIBP1,-0.5500744337736837
PPIA,0.33643406474989257
PPIAL4A,0.10306742256819407
PPIAL4G,0.15302994986667642
PPIB,0.03697730598286013
PPIC,-0.55955310256859
PPIH,-0.15339240382139654
PPIL2,0.34879347232218755
PPIL6,0.07690292482890666
PPIP5K1,-0.5070416158410038
PPL,0.47325351662842313
PPM1B,-0.9892782080596895
PPM1E,1.7918520653253345
PPM1H,-0.06515371400368787
PPM1J,0.4512700626103689
PPM1K,-0.7989851364676607
PPM1L,-0.3080363523113331
PPM1M,1.8196056476446287
PPM1N,0.6708992452483943
PPME1,0.004705662592123179
PPP1R11,0.3773571997038036
PPP1R12A,-0.9394623667902892
PPP1R12B,-1.00115541306212
PPP1R12C,-0.4206419142408901
PPP1R14C,-1.0509833547230234
PPP1R17,-1.7372802045438318
PPP1R1A,1.7916308258106324
PPP1R1B,-0.03629174678563036
PPP1R21,-1.4620067203228362
PPP1R26,0.14974042495714984
PPP1R32,-0.17070194468486138
PPP1R37,1.1587041941170786
PPP1R3F,-1.0672288104200522
PPP1R42,-0.44073663153713943
PPP1R8,0.8955948574818342
PPP2R2B,1.4060963676515958
PPP2R2C,0.06233862072121164
PPP2R3B,0.4241695032588881
PPP2R3C,-1.413566119217364
PPP2R5A,-0.5617941756220844
PPP2R5B,-0.9041397883621539
PPP2R5E,-0.28041587197066753
PPP3CB,0.1232506836516919
PPP3R1,0.1962255349423358
PPP4R4,0.09804152280810484
PPP5D1,0.39098277080426236
PPP6R2,-0.5598989829456106
PPP6R3,-0.03737008004140146
PPRC1,-0.9385983399785716
PQBP1,-0.8263529791178706
PQLC1,1.2596931276576424
PRADC1,-0.39144689372492625
PRAF2,-0.048194353887575016
PRC1,0.15738783032452672
PRDM11,0.8245668152225348
PRDM2,0.0495824839528824
PRDM8,-0.47078187048152403
PRDX1,-0.9132710842732152
PRDX4,-0.8494649504787509
PRDX5,-1.4833740883969728
PRDX6,0.3500082835165928
PRELID1,-0.21367657943606866
PRELID2,-1.3752417888972732
PRICKLE2,0.19749004396205339
PRICKLE4,0.1479165463828202
PRIM1,-1.4918497251776806
PRKAA2,0.47005302765478363
PRKAB1,-0.990496586145451
PRKAB2,-0.3275567439089443
PRKAG2-AS1,0.23996206549667148
PRKAR1B,-0.08520894354583379
PRKAR2A,-0.26810661120890805
PRKCA,1.172299257351345
PRKCD,1.1084344379428652
PRKCE,0.3486119522219314
PRKCG,1.7587152498994647
PRKCI,2.2366003049599876
PRKG1,0.15972655748395592
PRKN,0.5579409020832592
PRKRA,-0.017171878913614668
PRKRIP1,0.6214407015631748
PRMT2,-0.7246195984686514
PRMT5,-0.9252012782149249
PRMT6,-0.02913176398871426
PRNP,-0.3263658901564856
PROS1,-0.34751410449509246
PROSER2,0.04341559700890647
PRPF19,-0.300162525490078
PRPF38B,0.2604984973331853
PRPF40A,1.0817706272576266
PRPF6,-1.568447558865938
PRPF8,-0.7743980783547377
PRPH,0.4184315150647173
PRPH2,2.5139171768131217
PRPS1,-0.2710806876325151
PRPSAP1,-1.7224847404437589
PRR29,0.4730963489102537
PRR5,0.34940669817448844
PRRC2A,-0.1540603118227096
PRRC2B,1.3208441718026174
PRRG3,1.007512813014876
PRRT1,0.13938194932587236
PRRT2,0.06290972521479478
PRSS1,0.893532843117384
PRSS2,1.6704910432427449
PRSS23,0.17402110131151607
PRSS3,1.1233561832357843
PRSS35,-0.2902348688169933
PRSS3P2,1.425790139565329
PRTFDC1,0.04286647152808073
PRTG,-0.6310558876225699
PSAP,-1.6189826452161267
PSAT1,0.07213535265120316
PSD,0.6459355836277141
PSD3,0.8033265043169565
PSENEN,-0.21052792949954463
PSIP1,1.2339471934320143
PSMA3-AS1,0.6969365997091562
PSMA6,-0.943772717191028
PSMB1,-0.41529007385180905
PSMB10,-0.12297416200803422
PSMB5,-1.7683192234444556
PSMB7,-0.062190669958145386
PSMC3,-1.0812232702022435
PSMC6,-0.5215055216697212
PSMD1,-0.022423510241749243
PSMD11,-0.6992336461098305
PSMD2,-0.0830058106060213
PSMD4,-0.5200181840935066
PSMD7,-0.12413493064318172
PSME1,0.4148407235967172
PSME3,-0.5766614350418525
PSMG1,-1.1434051426780507
PSMG3-AS1,0.5203490186476712
PSORS1C1,0.9472940063714168
PSPC1,-0.8636726633483183
PSPH,-0.3831021959612353
PSRC1,-0.09094707884020159
PTAR1,-1.349822621266184
PTBP3,0.639666131244925
PTCH1,-0.7283538091676877
PTCHD1,0.5217262996264429
PTCHD4,-1.087808900673366
PTEN,0.6377620524157646
PTER,-0.10672361347681864
PTGDS,0.32727859290170075
PTGER3,0.3085038920034708
PTGER4,0.8427274096029137
PTGER4P2-CDK2AP2P2,0.348757574319535
PTGES,-1.0471207878495958
PTGES2,-0.18807887857314284
PTGIS,-0.8023335423829135
PTGS2,-0.5416795869322106
PTHLH,1.244242555316668
PTK2B,-0.36020234161396936
PTMA,0.020295329242441065
PTN,-0.1807095318967499
PTP4A1,-1.2872248700697768
PTPA,-0.13110313655275918
PTPDC1,0.41234435038599304
PTPN11,0.1454012277344601
PTPN14,0.988929645487899
PTPN3,1.8352481427899947
PTPN4,-0.06685208444120386
PTPN5,-0.18062716069555765
PTPRA,0.9923569835335302
PTPRC,-0.20678436347813625
PTPRF,-0.09415999561454949
PTPRJ,0.0464259494011809
PTPRK,-1.495626284285817
PTPRO,0.9599277340667174
PTPRR,2.1566507818812894
PTPRT,0.5339790155916945
PTPRZ1,0.03385142131654162
PTRH1,-0.8913946086831303
PTRH2,-1.426908733789405
PTS,-0.31306462815841407
PTTG1,1.5549156935310098
PTTG1IP,-0.029624234025165758
PTTG2,2.5463905962137665
PTX3,-0.43960108000392095
PUM2,-0.37663455238389354
PURB,-0.69869759841562
PUSL1,1.055573213897155
PWARSN,-1.1259791719609975
PWWP2B,1.0240980292434718
PXDN,1.2276769497215942
PXYLP1,-0.9805563788478509
PYCARD,-0.12312377964981731
PYCR1,-0.2695960884530123
PYCR3,0.9395793786720367
PYDC1,1.8480310103719277
PYGL,-0.6452832200017169
PYGO1,-0.5657352924991902
QKI,-0.33918388578099373
R3HDM1,0.028639590987881717
R3HDM2,0.24610362807304303
R3HDM4,1.3093260758494905
RAB10,0.1619135257553155
RAB11FIP1,0.5554368641627403
RAB11FIP3,-0.18474364963821582
RAB11FIP4,1.0553633185590876
RAB11FIP5,-0.29847138803426465
RAB13,0.010054183900383765
RAB15,0.42905291400236417
RAB1A,-0.38684428785158964
RAB22A,1.0128475713341518
RAB24,-0.5163669133183143
RAB27B,1.6945418719632672
RAB29,-0.487495805641859
RAB2B,0.12036064427150717
RAB31,-1.1234273311374012
RAB33A,-1.4883391938244015
RAB34,-0.5608877100040704
RAB35,0.3340405373932528
RAB36,0.6029215807051127
RAB3B,2.450886431332777
RAB3C,-1.832667511337143
RAB3GAP1,-0.02616734611116251
RAB3IP,-0.5130847267118563
RAB40B,0.5448881458702778
RAB40C,-0.1696926345170611
RAB4A,-1.4234368289047525
RAB6B,0.03280439973240801
RAB7A,1.1844845015672911
RAB8A,0.9576680661358323
RAB8B,0.38654794924468744
RAB9A,-0.9697707355911372
RABGAP1L,0.7499547642676271
RABGGTA,-1.320760082244947
RABL2A,-0.21520565841991396
RAC1,-0.353582586924462
RAD23A,-0.30595690132358677
RAD23B,-0.22153372774483301
RAD50,0.23858231496077778
RAD51AP2,-0.0811959592476955
RAD51C,-0.6196309680280776
RAD51D,0.6390822198977647
RAET1E-AS1,0.13116485337082717
RAI1,0.16922218976016118
RALA,1.229169143212292
RALBP1,-1.6079323039386832
RALGPS1,-0.3223051361744219
RALGPS2,1.3923094365350048
RAMP1,0.5728579841429453
RANBP17,-1.5993524814378406
RANBP3L,0.08178885749772156
RANGAP1,-0.6695607545124893
RANGRF,-0.09878764477648996
RAP1B,0.3966780936023779
RAP1GAP,0.45685537718494834
RAP1GAP2,0.1911235604130136
RAP2A,0.4671549883493197
RAP2B,1.00614800103142
RAP2C-AS1,0.13249728467037025
RAPGEF2,-0.8250912715508768
RAPGEF4,0.979330722033457
RAPGEFL1,1.4760783154377002
RAPH1,-0.48761308518161106
RARA-AS1,-0.09219477593874831
RARRES1,0.7040215368534515
RARRES3,-0.20209791707498942
RASA2,-0.6802386584354996
RASA3,0.15615438721419606
RASAL1,0.2740565585716941
RASAL2,1.927783099524624
RASAL3,-0.24793624071732498
RASGEF1A,0.9122302127228923
RASGEF1B,2.0646776176317454
RASGEF1C,-1.0501516416929733
RASGRF1,0.7039920759874444
RASGRF2,-1.2505772692039754
RASGRP2,-0.03899349063584858
RASIP1,0.9883307621525087
RASL10A,0.6793073940065919
RASL11A,-0.5377860796122115
RASL11B,0.8220246313795474
RASL12,-1.8358684743614888
RASSF3,-1.2049290619814372
RAVER2,1.118968639024748
RB1CC1,-0.6691650453543762
RBBP6,-0.3009452170279417
RBBP7,0.09123342867849984
RBFOX2,0.7047576130903721
RBL2,0.6798980838953768
RBM14,0.6058537879011644
RBM22,0.8249902984716576
RBM24,-0.06951619833874031
RBM27,-0.9928241933600584
RBM34,1.007772714995741
RBM43,-1.2425344534653104
RBM5,-0.24190565712574924
RBM7,0.20191448793811964
RBM8A,-1.2314120071335943
RBMS2,-0.053550431916091976
RBP4,0.05754279675448543
RBSN,-0.4489810025236128
RBX1,-1.4667044814019903
RC3H2,-0.7091307535596355
RCAN3,-1.2592140915483716
RCC1,-0.524245193687793
RCCD1,-1.5625134007752972
RCHY1,-1.2096925000228822
RCN1,0.4033953736292098
RCN3,-0.7134716909837827
RCSD1,0.3256479906090807
RDH10,-0.8949929058957391
RDH12,0.13507994178040417
RDX,-0.36836324584592395
RECQL5,0.03611788978909246
RELN,0.94732875414695
REPS1,-0.6068253691710483
REPS2,-0.6511784735956827
RESP18,1.009746618545454
REST,-0.6131757667587876
RETREG1,-2.3057464889745782
RETREG2,-0.813187023602573
RETREG3,-0.5608819187234487
REV3L,0.6696767568469806
RFC2,-0.02614212470794058
RFPL1,-0.290501165422609
RFPL1S,0.17927170817422877
RFPL2,-0.41202275912464653
RFPL3,-0.30106442980449494
RFTN1,0.45344163845418517
RFTN2,-0.32303720661881863
RFX2,0.3984014842855975
RFX3,-0.7722725841958759
RFX4,-0.4036951599884786
RGMB,0.0665225974255759
RGS10,-0.6004576246753472
RGS12,-1.0634848152230807
RGS14,1.9443584967447631
RGS17,1.416981098794948
RGS18,-0.6625128108011946
RGS20,1.0929923050476291
RGS22,-1.1839483217744928
RGS4,-0.00510523161555772
RGS7,0.9458237946150271
RGS8,0.6236942142902903
RHBDD1,-0.8472798144984344
RHBDD2,0.4078286300875548
RHBDF2,-7.062867472506965e-05
RHBDL1,-0.9266151977186627
RHCG,-1.0864769544863397
RHEBL1,-0.22799537092216351
RHOA,0.5423203886372044
RHOC,0.3573302883268966
RHOF,-0.3461436504377465
RHOJ,-0.7233089485730042
RHOT2,-0.8707665176350715
RHOV,-0.4345450402521902
RHPN1,0.288735739869571
RHPN2,0.0775061891913772
RIBC1,-0.3533898826788721
RIC3,-0.6356642419018169
RIC8A,-0.26567087909196774
RIDA,-0.2881581438285869
RIIAD1,1.464675718408645
RILPL1,0.32242933494147535
RILPL2,0.6958059324246165
RIMBP2,1.2982703826190822
RIMKLB,0.31476358107477714
RIMS1,0.07314406651145741
RIMS4,-0.346608258172065
RIN1,0.826364043990264
RIN2,-0.05107807200268352
RIOX2,0.7445749412122473
RIPK2,0.3812697212231352
RIPOR2,1.0345651814029067
RIT1,-1.669126575248734
RIT2,-2.352330284943215
RLBP1,0.4006189007402397
RLIM,1.602385698212374
RMC1,0.785263407786752
RMDN1,-0.14473366774462984
RMDN3,0.21157419682339967
RMI2,1.2721187136690746
RMND1,-0.7982101587006063
RMND5B,0.21939076296731808
RNASE6,-1.0058348756032176
RNASEH2A,0.6942530915675519
RNASEH2C,0.027814299272265915
RNASET2,-0.23882151310418703
RND1,-0.10556796875082872
RNF10,0.68821017563026
RNF11,0.1626167550194631
RNF111,-1.3579598898933947
RNF114,-1.097005253614236
RNF115,1.4411276361334
RNF123,-0.6179710782119496
RNF135,-0.6748842342705524
RNF139,-0.8271019659514547
RNF14,-0.008708490655224329
RNF144A,0.47471313463388776
RNF145,-0.3018592401725534
RNF150,1.131548681912854
RNF157,-0.5294341757227189
RNF157-AS1,-1.2556411814907054
RNF165,0.3757491526664029
RNF167,-1.493620886564231
RNF175,-0.8491648317711127
RNF181,-0.28999605274320917
RNF182,-1.7826645209643763
RNF185,0.21044158900713952
RNF187,-0.061559993008278316
RNF208,-0.2477034371377387
RNF212,2.730933603692624
RNF217,1.1319528774428593
RNF219,-0.45240127159753707
RNF24,-0.10971591089798625
RNF31,-0.022910629311707502
RNF4,-0.7025978989977096
RNF41,-1.1908023710874749
RNF43,0.0023106719995887367
RNF44,-0.5458996395117253
RNF7,0.5807905457410276
RNF8,-1.1545356302530867
RNLS,-0.6205998243853437
ROBO1,-0.6297692869112125
ROCK1P1,0.4677358376271152
ROM1,-0.08243364555088684
ROMO1,-0.16094520632151701
RORA,0.03740504894555875
RORB,-0.2950523474512773
RP2,-1.7332457549126041
RPA2,0.4236714199600114
RPAIN,-0.21850329132088414
RPF2,-1.138590421561035
RPL12,-0.12994140983523064
RPL15,0.16154042554163087
RPL18,-0.07358265964489336
RPL22L1,-0.8605251821659137
RPL23AP53,0.5022921097832066
RPL27A,0.9049969026549735
RPL30,0.4371123673213216
RPL32,0.19089900597661394
RPL36,0.6590657060143968
RPL37,0.7068571359103616
RPL39,-0.1413252379873679
RPL39L,0.8734213830378799
RPL41,-0.47571781214749626
RPL7L1,0.2261038804799991
RPN1,0.1519719080921516
RPN2,0.8778740623645708
RPRD1A,-0.2220269689681304
RPRM,-1.6880618129484772
RPRML,-0.08477818550771422
RPS10,-0.29328075138892373
RPS18,0.08307779449649812
RPS19,-0.37014983348967917
RPS2,-0.8212968213767406
RPS20,-0.40320727218530306
RPS24,0.4874584939021651
RPS27,0.3026503510360079
RPS27L,-1.1880371016850444
RPS2P32,0.29548454981867617
RPS4X,-0.09732819220339899
RPS6KA2,2.2770382592578566
RPS6KA4,0.49810275815450744
RPS6KL1,-0.2852789945436315
RPS8,0.3789199706188987
RPSAP9,-0.6452591255673804
RPTOR,1.154704450428422
RPUSD2,-0.5004962861134739
RPUSD3,-0.3766223493291351
RPUSD4,-1.235931306928107
RRAGA,-0.044766618660173896
RRAGB,1.4345684779239134
RRAGD,0.7141925722625444
RRAS,0.1987598443647413
RRAS2,-0.08545337574948812
RREB1,-1.1301694913811862
RRN3P3,0.6710795596364093
RRP7A,0.7634651366293413
RRP7BP,0.48143570330733054
RSAD1,0.4869683977918674
RSAD2,0.9921356451075144
RSL1D1,-0.27309503315854655
RSL24D1,-1.1658847124873148
RSPH1,0.8556119632247237
RSPH14,0.2628553286677415
RSPH3,-0.6992039568269925
RSPH9,0.6522225816618875
RSPO2,1.9650409365856079
RSPO3,1.6559779941532993
RSPO4,1.0795861216808111
RSRC2,-1.217766893557729
RSRP1,0.5330896739603419
RSU1,0.4232047325083766
RTBDN,0.5290491391975682
RTCA,-0.657408779065291
RTCB,-2.5245461265983025
RTF1,-0.06381049892263414
RTL10,-0.501814586607661
RTL5,-0.05915298042273522
RTL6,0.2857219061111651
RTL8C,-0.15140745352788298
RTN1,0.1029243481344356
RTN3,0.9941683978505005
RTN4,1.104797998396356
RTN4R,0.5969691753864984
RTN4RL1,-0.5330290722537981
RTN4RL2,0.11313003540741001
RTP1,-2.5842734035242474
RUBCN,-0.19729071723110791
RUNDC3A,0.15730296527760104
RUNX1T1,2.525126816107497
RUSC2,-0.8978798595991977
RWDD4,0.7539879547529401
RXFP1,-1.2822573303171843
RXRA,1.3906164848710714
RYR1,0.019614755954755755
RYR2,0.8961650384445018
RYR3,0.21111553317217435
S100A1,0.4466909457770894
S100A10,1.970166201543751
S100A11,0.0019449794319059683
S100A13,-0.19757663002819456
S100A16,0.10201061659289379
S100A6,-2.1590006961797825
S100A8,-0.59475298157071
S100Z,0.6226137115923066
S1PR1,-0.4416691521472907
SACM1L,-0.31213870307713093
SAE1,-0.32173580879768665
SALL2,-1.4489187422798908
SAMD12,0.7024437132972069
SAMD14,1.1334141570459644
SAMD15,0.4330790500862021
SAMD4A,-1.6472593950127976
SAMD5,0.0952251507531518
SAMD9,1.5190475983782914
SAMD9L,-0.019485315713158428
SAMM50,-0.6684339416197632
SAPCD2,2.0900058675312314
SAR1A,-0.13875086731703376
SARNP,-0.5319487832233758
SARS,-1.097033978750445
SASH1,0.2239651621656042
SAT2,-0.8250199191055655
SATB1,1.546876461489216
SATB2,-0.1701993435173602
SBF1,0.46240201333456626
SBF2,1.4793102651755863
SBNO1,-0.4052082280221385
SBNO2,-0.1120127539256122
SC5D,-1.4308735819927099
SCAI,-0.28861451207766653
SCAMP5,0.15333322091857157
SCAPER,0.7363112232633813
SCARA5,-0.8527821391676483
SCARB1,-0.03854232020914538
SCD,-0.2244779993360735
SCG2,-0.5338102160414097
SCG3,0.3654465042184668
SCG5,-0.5355630202711549
SCGN,-0.9679257768614944
SCIN,0.3872147569181957
SCN2A,0.798966406001389
SCN2B,-0.6160709259156648
SCN3A,0.8878867646849564
SCN3B,1.5551537424804445
SCN7A,0.1592541511637523
SCN9A,1.7726191329484757
SCOC,0.9700674566889886
SCP2,-0.47683548420357147
SCPEP1,1.673716048262616
SCRG1,-1.437608706301031
SCUBE2,0.1219466534915668
SCX,-0.35454644885744013
SDC2,0.056936855811610426
SDC3,0.5253837533147895
SDCCAG3,-1.3704423258178653
SDF2L1,-0.12267625990391272
SDHB,-1.0161861558484333
SDK2,0.6583948430315965
SDR16C5,1.9868086032190142
SDS,0.745663356050016
SEC11A,0.04390145419229186
SEC11C,-0.23861569969226434
SEC14L2,-0.649591281262138
SEC16A,-0.15114204585876856
SEC24B,0.8101946098322399
SEC24D,0.48855498209017495
SEC61A2,0.6904111636814368
SEC61B,0.5089693703704784
SEH1L,0.5788488171762869
SEL1L3,0.5434305221244288
SELENOH,-0.6067325254413914
SELENOK,-0.6943775552885669
SELENOO,-0.32277452987809524
SELENOW,0.11884569554372895
SELPLG,-0.7528271661335859
SEM1,-0.1380975136377692
SEMA3D,4.100958351033362
SEMA3E,1.1480889974612547
SEMA4A,0.9348768849132111
SEMA4F,0.7790402457163343
SEMA5A,-0.508394120485684
SEMA5B,1.3066812733845892
SENP1,-1.558777693742727
SENP5,-0.6095875365993305
SEPT2,-0.227649110099012
SEPT6,0.924577076460321
SEPT8,0.1247394783397338
SEPT9,0.3103067074515585
SERF2,0.4030410372716872
SERINC3,-0.8395576390880425
SERINC5,0.016587510265295584
SERP1,-0.2749701499021031
SERP2,-0.24800482002474306
SERPINA6,-0.31690791891968845
SERPINB1,-1.6309228761824344
SERPINB6,-0.2876234979390048
SERPINB8,0.0175106320100335
SERPINF1,0.005811294774029578
SERPINI1,-0.8491760991044038
SERTM1,0.38675761243755913
SESN1,0.11567206220106444
SESN3,0.4358844393362947
SETBP1,0.3525796234107416
SETD6,0.30722729622833533
SETD7,-0.5617360290637922
SEZ6,1.4645316685105378
SEZ6L,0.20352743584658833
SEZ6L2,-1.1818674474937554
SF3B3,1.0893813252584676
SFMBT2,-0.7702109488712037
SFRP1,-0.9781803424975536
SFRP2,1.1650282049520297
SFTPD,-0.28141354805853114
SGK1,-0.21508668356068206
SGK3,0.16235456858827702
SGK494,-0.7341492242067688
SGPP1,0.9044934798155494
SGSH,-0.4472969067588071
SGSM2,0.5305126964817217
SGSM3,-0.54815579670968
SGTB,-0.0013692811195353434
SH2B3,0.1764048076186842
SH2D2A,-1.5152087210607177
SH2D3C,-0.2533578893830729
SH2D5,-1.108920612867693
SH3BGRL3,0.16435839371375968
SH3BP4,0.17627175960505276
SH3BP5,0.14827025370028224
SH3BP5L,-0.012810625074218086
SH3GL1,-0.43865615161098587
SH3GL2,0.9836237429651112
SH3GL3,0.6744970855808242
SH3GLB1,-0.7246067051447531
SH3GLB2,-0.5543750015632828
SH3RF1,0.7023945076379934
SH3RF3,0.004995636397348831
SHANK1,0.6121473163670546
SHANK2,1.2812878896868083
SHC2,-0.7847718287395912
SHC3,0.8255304442515954
SHF,1.491499008265087
SHISA4,0.36811991648120346
SHISA5,0.41020038811213666
SHISA6,-0.4637096303287079
SHISA7,1.0925311609355106
SHISA8,-0.004116867929550732
SHISA9,0.5688224847671685
SHISAL1,-0.14467086807133156
SHISAL2A,-0.5024322360032433
SHOC2,-0.3211969026987646
SHQ1,0.2049125814049149
SHROOM3,-1.095944127798898
SHTN1,0.883638050055391
SIDT1,0.482941789635465
SIDT2,0.020104371428677235
SIGIRR,1.6817350931570785
SIGLEC11,0.2196859998877146
SIK2,-0.705141320639333
SIL1,-0.4573792629285208
SIM2,0.30495968677739477
SIN3B,0.6118580900042142
SINHCAF,-0.05690377700799018
SIPA1L1,0.3002197771688327
SIPA1L2,-1.7137594231901716
SIRPA,0.09353859673174425
SIRT5,0.14848417972867692
SIX3,-2.7622976665044265
SKAP2,0.11310679467730768
SKP1,-0.16616889947293625
SLA,0.4098971946990244
SLBP,0.6559814073040755
SLC10A4,-1.5838537961773809
SLC14A1,-0.30551846669066585
SLC15A2,0.029976119958391823
SLC15A3,1.0376297704854796
SLC16A14,-0.43117881506494826
SLC16A2,1.24986660126678
SLC16A8,1.0707232420901291
SLC17A7,1.3471413370493157
SLC17A8,0.2548643890929593
SLC18B1,0.12759878211607684
SLC19A1,-1.2891754158970268
SLC19A2,-1.559263616842575
SLC1A4,0.7191159900920597
SLC22A10,1.6658864644050624
SLC22A3,-0.0028736142454542446
SLC22A4,-0.6090231859797108
SLC22A9,2.018979136103919
SLC24A3,0.3106022897007111
SLC24A4,-0.9027766032647312
SLC25A11,-0.8164169490106709
SLC25A21-AS1,0.18900130876624374
SLC25A22,0.6707290965644813
SLC25A23,0.7068331869309809
SLC25A26,-0.4096381068593221
SLC25A27,0.1705528681793765
SLC25A3,-0.6086187295820185
SLC25A36,-5.7010354750341175e-05
SLC25A37,-0.417296382305067
SLC25A42,-1.3879412339531985
SLC25A44,0.6155369128045108
SLC25A52,-0.9574054773788665
SLC26A11,-0.2849536727119838
SLC26A4,0.055286728660879796
SLC26A4-AS1,0.757490201290018
SLC27A2,0.00024585945562719994
SLC27A5,-0.4582466032963563
SLC27A6,-0.8667680912502184
SLC29A1,-0.9158558230148065
SLC29A3,0.6058067502802813
SLC2A10,-0.2255454005678876
SLC2A11,-0.018485562331757896
SLC2A12,1.57072862441645
SLC2A4RG,0.08678294768995296
SLC2A5,-0.05125856675336565
SLC30A1,-0.039957588601689374
SLC30A10,0.4332700961374753
SLC30A3,0.017100992158228297
SLC35A1,0.22131886038930185
SLC35A2,-0.15276463650651645
SLC35A5,0.1336688456601234
SLC35D1,-0.16873977914078384
SLC35E4,0.5973261732629973
SLC35F1,-1.278788273166141
SLC35F2,-0.567613806450808
SLC35F5,-0.42106147848712466
SLC36A1,0.23402051889537984
SLC39A10,-0.28297138983861625
SLC39A4,0.6607030672703372
SLC39A6,0.13387829295513068
SLC40A1,-0.2939669391084091
SLC44A2,-0.01876465384208332
SLC44A5,0.847748714207717
SLC45A4,-0.42737763080618285
SLC4A10,0.8491325956656934
SLC4A11,1.4530702886276305
SLC4A1AP,-0.4801679307199694
SLC4A3,1.3447566032298082
SLC4A4,-0.06162257371739816
SLC4A7,0.04622054237283797
SLC50A1,0.21321054756258442
SLC6A15,1.4173386080684147
SLC6A17,-0.4559345722243808
SLC6A7,-0.24922140334230972
SLC7A1,0.44994420668012397
SLC7A10,-0.4307172723619389
SLC7A11,-0.8007367902438733
SLC7A4,0.5940817804830539
SLC7A5P2,-1.2978200573220964
SLC7A7,-0.7636046153646519
SLC8A2,0.2540760196527224
SLC8B1,0.5684794694448932
SLC9A6,-0.5157138628717989
SLC9A7,0.676257866876537
SLCO2A1,-2.4944285991695803
SLF1,-1.5312468598932811
SLIT1,0.8774988419169619
SLIT2,0.12561381329308757
SLIT3,2.2573147296331832
SLITRK1,-0.33129832950732707
SLITRK2,-0.12239606587390983
SLITRK4,-0.4346052540769114
SLITRK5,-0.6967253545879835
SLITRK6,-0.02999436767400257
SLMAP,0.3917370308375437
SLN,-1.3578613562652417
SLX4IP,0.8432639267606847
SMAD1,-1.4464038823762704
SMAD2,0.05174489692019005
SMAD3,0.5057095419785472
SMAD5,0.47557715337571765
SMAD7,-0.04950995451077485
SMAD9,-0.3461088647844582
SMAP2,-0.289893726872402
SMARCA1,-0.14551703900018884
SMARCA5,0.6198239143526466
SMARCC1,0.14584465785819847
SMARCD3,0.7178937418857384
SMCO2,-0.6700264829098959
SMDT1,-0.8421219580909654
SMIM10L2A,0.4570704170905773
SMIM10L2B,0.03045626467196744
SMIM14,0.47257621615948886
SMIM19,0.26681564161385773
SMIM24,-0.6163620628100918
SMIM29,0.49120931801932327
SMIM30,0.3800138211090338
SMIM32,-0.5449545887223224
SMIM4,0.45393377524779016
SMIM8,-0.3271274334462124
SMKR1,0.2347417272235387
SMO,-1.1769137016768787
SMPD1,-1.3811278723125808
SMPD3,1.1730477290869363
SMPX,-0.19031960582863708
SMS,0.9859267361774678
SMUG1,-0.950374696529488
SMURF1,0.020518330710780703
SMURF2,0.17600532724600101
SMYD2,0.36265411760675414
SNAI3-AS1,0.3367039668703251
SNAP25,0.019496941852798166
SNAP47,-0.7883981491460559
SNAPC3,0.6566693885128018
SNAPC5,-0.28969315827549474
SNCA,0.37318464119433825
SNCAIP,-0.056395469391777586
SNCB,0.4278758412906767
SNCG,1.611825930532433
SNED1,0.8091657922074005
SNF8,-1.1969473302586804
SNHG19,0.19117166250433756
SNHG21,-1.1623264874338954
SNHG28,0.11056054579961505
SNHG5,0.021012233722070974
SNHG8,0.13703359261024053
SNPH,1.1547215013087495
SNRNP200,-0.46902046195601604
SNRNP25,-0.686055171848478
SNRNP27,-0.2946647960193706
SNRPA1,-1.390990700856982
SNRPB,-0.7439029893116245
SNRPD3,-0.24321296599412365
SNTA1,-0.12838389109500714
SNTB1,-0.05457503036290702
SNTB2,-0.5492193253564314
SNTG2,1.026225531511232
SNU13,-0.7030670442521156
SNUPN,-0.48932306917854973
SNX10,-0.6691030379922212
SNX14,-1.2809739125468516
SNX17,-1.0354524975282706
SNX18,-0.7678042175028793
SNX2,1.2292236236565626
SNX24,-0.6591637365400318
SNX27,1.0154743992664736
SNX29,-0.044108722284308746
SNX3,-0.6639673007939415
SNX6,-1.2570574900064506
SNX7,-0.09841262333695297
SNX8,-0.5049611760777801
SOBP,-0.027000081401022957
SOCS1,-0.678106338092909
SOCS2,1.2309554648894052
SOCS7,0.4203131580031037
SOGA3,1.6757720762160022
SORBS2,1.9661429073524068
SORCS1,1.3852082238445897
SORCS3,0.4451985351673902
SOS1,0.37325066040786253
SOS2,0.36304067255068506
SOSTDC1,-0.03879524723144282
SOWAHA,1.97036664310309
SOWAHB,0.10522122096916828
SOWAHC,-0.0813488604293456
SOWAHD,-0.6081260022986529
SOX11,0.3749401360488503
SOX12,-1.011102114763878
SOX15,0.7092581176831854
SOX2,-0.9520202987043334
SOX2-OT,-0.3623441512976684
SOX21,-0.2699243614461961
SOX3,-1.6612874288505517
SOX4,-0.9642735924959649
SOX5,-0.16917905714824372
SOX8,-0.4815334589918848
SOX9,-0.5351101478101465
SOX9-AS1,-0.09409315022574666
SP1,-0.22466345014432992
SP110,0.07626831910322432
SP5,-1.564541418056553
SPA17,2.170013777240271
SPACA3,-0.16033694869963194
SPACA6,-1.619694468456903
SPAG16,1.4400783965862163
SPAG7,-0.8784701165458056
SPAG9,-1.5812481268308487
SPARC,0.04188857703130392
SPARCL1,-0.36372669484249937
SPATA1,0.7897433564327676
SPATA13,0.14987882771274078
SPATA18,-1.3595063056925416
SPATA20,-1.6016346875346639
SPATA33,0.1220361294214959
SPATA7,0.2177836931677161
SPATC1L,0.7459027121046014
SPATS2,0.3291604462665773
SPATS2L,0.24655361765835063
SPDEF,-0.9715129114192805
SPDL1,0.9023306664127326
SPEG,0.10835131115788892
SPG7,-0.2767883959019024
SPHKAP,0.06659676206392504
SPIDR,2.959152445018126
SPINK2,1.892489294539474
SPINT2,0.16287099830153118
SPON2,-1.8099148259267122
SPPL3,0.17567848147023124
SPRED1,0.9270058069493727
SPRED2,-0.04461966327204318
SPRN,-0.02188084115223342
SPRTN,0.004195353921359769
SPRY1,0.24773870489606067
SPRY2,0.4194122771126521
SPRY3,-0.7288484114557562
SPRY4,-1.0977424588637843
SPRYD3,0.03503435396258972
SPRYD4,-0.866586142153647
SPSB2,-0.7093675195908843
SPSB3,-0.9509533514582678
SPTB,1.4875235266165574
SPTBN2,1.2447390763129094
SPTBN4,-0.3819462099242324
SPTBN5,-1.425040714995355
SPTLC1,0.7268963206257735
SPTSSA,-0.326165098727219
SQLE,-0.6504035537326481
SQOR,-0.06373063280575968
SQSTM1,-0.7043445592453353
SRBD1,-0.5868823991996857
SRC,-0.4846155872242408
SRCIN1,-0.7784035526925954
SRD5A3,1.2561984245526105
SREBF1,0.23764116172351057
SREBF2,0.42154992813107683
SREK1IP1,0.2755784068610765
SRF,-0.47402344940248864
SRGAP1,0.2300016396540665
SRGAP2,-1.4206155463061825
SRGAP3,-0.5828870338925423
SRP19,-0.917245942870272
SRP54,0.22974569108685486
SRP68,-1.3591994188895382
SRP9,-0.35921192816485553
SRPK1,-0.3291507290464395
SRPK3,-0.9984261111823663
SRR,0.2417340015558711
SRRD,0.5408572255016796
SRRM4,0.8377489588111665
SRSF11,-0.1993350387462641
SRSF12,-0.02487303037332703
SRSF6,0.6147943584362818
SRSF7,-0.12197153617322377
SRSF8,-0.7126150858355824
SS18,0.02798240668892878
SS18L1,-0.6159514835450954
SSBP1,-0.4376451668741445
SSBP2,0.2685455458122612
SSBP3,1.1300572231881567
SSBP4,0.469823930600609
SSC4D,-0.4945897387994267
SSPN,-0.16608244853110657
SSR1,0.1862088102899786
SSR3,-0.770921734083043
SSR4,-0.6327522422530372
SSR4P1,0.9133649822474663
SSSCA1,0.5234478577575121
SST,-0.5857273740852836
SSTR1,0.24666316973553085
SSTR2,0.8728117928493286
ST20,-0.14284482633912735
ST3GAL1,-0.592234409444268
ST3GAL2,0.42520244236019905
ST3GAL6,1.042620584160001
ST5,-0.038087219423908594
ST6GAL1,-1.0724040053101251
ST6GAL2,1.9670406552452881
ST6GALNAC5,0.976153884615039
ST6GALNAC6,0.8952147634523966
ST7,-1.061346102327583
ST8SIA3,-0.5877182007504673
ST8SIA4,-0.930331196049668
STAG1,0.23551134318456735
STAG2,-0.1888215034923622
STAMBPL1,-0.024207355615745635
STARD13,0.5754390045088968
STARD3NL,1.0249565164419452
STAT1,2.0178432643337727
STAT6,-0.5019471038416558
STEAP1,-1.3713491459404448
STH,0.21733503582382857
STIM1,0.3933330075154805
STK10,-0.42450714283588514
STK17A,-0.8979435515856211
STK19,-0.7743488605299755
STK24,-0.9230236038965328
STK25,0.14370856299709062
STK32C,-0.15483060167567125
STK33,-0.6777745249091205
STK39,-0.876738741196015
STK4,-0.6222268225796227
STMN1,0.19017482374580244
STMN2,1.2337171256090085
STMN3,1.1826381541347575
STOM,0.13256699631463187
STOML1,0.9182979396561262
STOML2,-1.2282124203845637
STON2,0.043340011677731966
STOX2,0.2532118724917645
STRADA,-0.5120864382973598
STRIP1,-0.942224249968101
STRIP2,0.5943401731337308
STUB1,-0.9154612051763648
STUM,0.05424041123585871
STX12,-0.4884569784013668
STX17,0.46405355262439546
STX17-AS1,0.5510496137149036
STX19,-1.3633245862073275
STX1A,0.8968892801086021
STX2,0.08189228622012404
STX3,-0.37806610503160576
STX6,0.12519275910512587
STX7,0.6518659150986149
STXBP1,0.946615037051706
STXBP3,0.6503257306336361
STXBP4,-0.03194974520717663
STXBP5,-1.8002603229665002
STYK1,1.5688876611077198
STYXL1,0.9676549704686018
SUB1,0.03923937923084776
SUCLA2,-0.6062314518304205
SUCLG2,-0.5099179139510371
SUCO,0.4644511617914458
SUGCT,-0.4236739361051644
SUGT1P3,-0.09590178170352309
SULF1,-1.134408811095072
SULF2,0.3903205388243323
SULT1C4,-1.0158178114119494
SULT4A1,0.4747789194896661
SUMF1,-0.18073997489736998
SUMO3,0.38036996444578386
SUN1,0.08032824119675311
SUPT7L,-0.28675492730565966
SUPV3L1,-0.4072496720952701
SURF4,-0.20947285981467414
SUSD1,0.8012136746430447
SUSD2,-0.33828265025780296
SUSD3,-0.7646399919255934
SUSD6,-1.811253603406998
SUV39H1,-1.0213972414707795
SV2B,-0.3623622550325996
SVOP,0.538846312607445
SWI5,-0.572208183094758
SWSAP1,0.06078130224087916
SYBU,0.23614135836661732
SYCE1,0.1122297832180462
SYCE3,-1.1826984767587605
SYF2,-0.48860278001025
SYK,-0.3255688333348153
SYN2,1.6791895488723507
SYN3,1.9954187636122047
SYNCRIP,-0.32374617061523453
SYNDIG1L,0.8497009406812934
SYNE3,-0.6950001310761266
SYNGR1,-0.8743162590110681
SYNGR3,-0.7685952751273136
SYNM,-3.489398354391238
SYNPO2,-0.23133480801516454
SYNPR,-1.3929382205838774
SYNRG,-0.8185041397741691
SYP,0.2007890927863373
SYT1,1.4003408271495443
SYT10,-2.162499853838013
SYT12,-0.2847317051975782
SYT13,-0.9718676161631101
SYT17,0.5084190097731459
SYT5,0.6176270047601363
SYT9,-0.8941351791498114
SYTL2,0.9590088264620984
SYTL4,-0.8875945679821712
SYTL5,-0.5745332518531145
SZRD1,-0.5175057263438048
TAB2,-0.12052499732342342
TAB3,-0.13893941484916844
TAC1,-0.8071916122500898
TAC3,0.8205714915225353
TACC1,-0.21539614995265724
TACC2,-0.46627953768280933
TADA2A,-0.7398345954854761
TAF10,0.9284327880007408
TAF1D,0.11683642952537096
TAF2,0.5686723936813091
TAF6,0.344287954709076
TAF9B,0.32660064895445806
TAGLN2,-0.7733364838413291
TAGLN3,0.7141962193578028
TAL2,0.8976209274769911
TAMM41,-0.24406278300785544
TAOK1,0.15098804572093918
TAPT1,-1.1721952589704734
TARBP1,0.2147226906406477
TASP1,-0.7234741033450804
TATDN1,-0.7801367455634152
TATDN2,0.93898293825892
TATDN3,0.11525115516740977
TBC1D10C,0.14975942514336504
TBC1D16,-0.6712195398862274
TBC1D22B,-0.3980406617457346
TBC1D24,0.3128974880315025
TBC1D25,-0.9728408321958556
TBC1D26,1.4970551773712193
TBC1D31,1.059125090541085
TBC1D5,0.751454108872279
TBC1D9B,0.3390339316164709
TBCC,0.11290764816374821
TBL1X,0.8740807280578091
TBPL1,-0.09478346428709458
TBR1,0.297044977139169
TBX19,-0.058946282086041184
TBXA2R,-0.2704287914570043
TC2N,-1.6385744114277792
TCAP,-1.1126153084817434
TCEA1,0.016542406267160307
TCEA2,-1.0008916517989255
TCEA3,-0.8874316587385715
TCEAL3,-0.9207879955891035
TCEAL4,0.2708481013479664
TCEAL5,-0.43716214188531255
TCEAL6,-0.7632960073652938
TCERG1L,-1.2124803193241014
TCF12,-0.45019092149598
TCF3,-0.2861031627909657
TCF4,1.5381200346426345
TCF7L1,0.20267525020353944
TCF7L2,-2.703110148076903
TCFL5,0.24949468853070123
TCIM,-1.8426640832411563
TCIRG1,-0.6575290242003549
TCP1,-0.47052940293822765
TCTA,-0.08959124984279147
TCTE1,0.7059100158548782
TCTEX1D2,0.5086569219818123
TCTN1,0.4497560083557722
TDRD10,0.44316373998130093
TDRD3,-0.6608646847619201
TDRD9,0.6691231381233185
TDRKH,0.29203552263233123
TDRP,0.3131595102089325
TEAD1,0.37891441807433085
TEAD3,0.23051997999065282
TECPR1,0.334494802412592
TEKT2,0.17875242517584025
TENM1,1.1934320111156478
TENM2,1.9119878337751923
TENM3,1.3320246473276165
TENM4,2.5770982604698918
TEP1,-0.5096646795107309
TEPSIN,-0.22824484020650765
TERF2,-0.7912043216128574
TESPA1,-0.6316836262095795
TEX9,-0.052651034437172325
TFAM,-1.1833048608618972
TFEC,-0.624972554403961
TFIP11,-1.1580968416549666
TFPT,-0.15291726024111799
TFRC,-1.1073675100851836
TG,0.8167165390755818
TGFBI,-1.2075615876148886
TGFBR3L,0.9657802644883674
TGFBRAP1,-0.5530771493315204
TGS1,-1.2943355818310247
THAP11,-0.4487609506898867
THAP7,-0.9370366863620541
THBS4,-0.3600379563298319
THEMIS,-1.0332415639464205
THOC5,-0.40006419127414616
THOC6,0.1977226455815203
THOC7,0.33160801365053433
THRA,0.009100981252257076
THRB,1.216310731339278
THSD7A,-0.016736720504469425
THTPA,0.8034457056514727
TIAM1,1.8085863457686389
TIGAR,0.11929036184682423
TIMM17A,-0.7864251014130295
TIMM17B,-0.6666928485545496
TIMM22,-0.849391945369778
TIMM23,-0.3353890471988192
TIMM44,-0.8800860698172309
TIMM8B,0.012573852511628115
TIMP1,0.7175999333745634
TIMP2,0.903337526849538
TIMP3,-0.4710332386076676
TINCR,-0.6744293283239464
TINF2,-1.2969273099793939
TK1,1.835030983985605
TK2,0.9247250341083125
TKFC,1.0431434234694692
TLDC1,0.2802911435472193
TLE1,2.637221249265904
TLE2,-0.983649365437915
TLK1,1.3521239102470755
TLL1,0.943026249130044
TLN2,2.024994925681958
TLR1,-0.16919047440543789
TLR2,-0.27042606032643335
TLR3,-0.8292775626886234
TLR4,0.3255407703043709
TLX2,-0.7117795472462253
TM2D3,-0.47337513808188186
TM6SF1,-1.6114873122860958
TM7SF2,0.02828631371455829
TM9SF2,-0.7367286920616
TMBIM1,-0.560023244757721
TMBIM6,-0.702949590767978
TMC8,-0.3356636775519966
TMCC1,-0.1971999971944393
TMED10,0.14890297489961749
TMED5,0.3173709227533532
TMED7,0.12203857874948265
TMEFF2,-0.20435726166239587
TMEM100,0.2980656059180663
TMEM106A,-0.014070881950414286
TMEM106B,0.3620800978850275
TMEM106C,0.3619188847540521
TMEM107,0.5790022270586326
TMEM108,1.145522180505825
TMEM117,-0.6994390315906923
TMEM120A,-0.44829898775506327
TMEM120B,0.44375989298016233
TMEM121,-1.21788149173817
TMEM126A,-0.6102699788184954
TMEM126B,1.7009034919805437
TMEM130,0.21899932400719238
TMEM131,-0.11938436486800286
TMEM132A,-0.6943982708029083
TMEM132B,-1.1521620272308393
TMEM132D,-0.13163892849976455
TMEM132E,0.8444921847071378
TMEM136,0.02858621161283453
TMEM141,-1.2553993197214695
TMEM145,0.20074160779304417
TMEM150C,-0.5818888798380497
TMEM155,-0.4953526224463419
TMEM158,1.4581017737073432
TMEM159,0.6448746601776257
TMEM160,0.3904847549573478
TMEM161B-AS1,-0.633276343017494
TMEM163,-0.19509577107912746
TMEM164,-0.5005129016869649
TMEM168,-0.006907079231100274
TMEM17,0.8341493059880333
TMEM170A,-0.0206490686877415
TMEM170B,-0.08515945413445855
TMEM173,-1.337850815957696
TMEM175,0.21207429867515326
TMEM176A,0.8365400106536552
TMEM176B,0.5178645801193499
TMEM178A,0.6436546479660437
TMEM178B,-0.7234852072387759
TMEM179B,-0.6592665363609492
TMEM182,-0.68988678821394
TMEM183A,-0.7526294203504874
TMEM184B,-1.840324508289913
TMEM185B,-0.48162262184202925
TMEM189,0.3760065468503683
TMEM19,-0.016811376378356013
TMEM198,0.902307515253397
TMEM200A,2.3110473272894123
TMEM200C,-1.8685578962459566
TMEM203,-0.7460128922848486
TMEM205,-0.7301950132256377
TMEM208,-0.0011805184911139503
TMEM209,-1.3732981929136798
TMEM215,-1.2262650021260175
TMEM219,-0.35339156442082575
TMEM229A,-0.2786495531006998
TMEM229B,1.2370238933311068
TMEM230,-0.3369403999352201
TMEM233,0.7002900345337537
TMEM237,-1.292379609264106
TMEM238,0.27479412440266593
TMEM241,0.7421916461729665
TMEM242,0.40645672782030023
TMEM249,4.374593872401
TMEM25,-0.36631687302797455
TMEM250,0.7463688242039533
TMEM251,-0.8523179937565888
TMEM254,0.9236884090033947
TMEM255A,-0.576621662288726
TMEM255B,0.5884746642858626
TMEM256,-0.23610785324360617
TMEM260,0.37500387809853286
TMEM263,-0.6675054324136782
TMEM266,0.77000867796805
TMEM268,1.4117392249019287
TMEM42,-0.5519770779213385
TMEM47,0.026856547572409933
TMEM50A,0.5927986846154374
TMEM53,-0.509481034672016
TMEM54,0.042626709739883833
TMEM59,-0.5450817725560071
TMEM59L,-0.5352141462528592
TMEM65,-0.7821450933700171
TMEM70,-0.5263133846620138
TMEM74,1.0152890706636275
TMEM74B,-0.370642381443376
TMEM87B,0.08530423714487083
TMEM8B,1.4680140526306404
TMEM9,-0.49603491754988227
TMEM91,2.5531093452544265
TMEM97,2.5386262823896644
TMIE,1.1203560013257134
TMOD1,0.2105493572851145
TMOD3,0.8892227672843591
TMPO,-0.23689491550183833
TMPRSS6,-0.027451316476934003
TMSB10,1.2613548642173373
TMSB15B,-0.20938492987095964
TMSB4X,-0.02846457652822472
TMTC1,1.027150373319801
TMUB2,-1.0480869509622186
TNFAIP1,-0.6224057021819027
TNFAIP2,1.5019730735580596
TNFAIP8L1,0.37913190054216733
TNFAIP8L2,-0.7278351948308567
TNFAIP8L3,0.9543620007325043
TNFRSF10B,-0.6182644406546047
TNFRSF11A,0.5370688729728171
TNFRSF12A,-0.41092070763332655
TNFRSF13C,-0.39792737154372954
TNFRSF14,-0.4291762843018657
TNFRSF25,-0.834379685349538
TNFRSF4,-0.3457083253760563
TNFSF12,0.035551215632521484
TNFSF13B,-0.6923971324328693
TNIK,0.4142768256657271
TNNI3,-0.7636930435142426
TNNT1,0.02545568422945901
TNNT3,-0.5277708619527242
TOLLIP,-0.44534942497395497
TOM1L1,-0.5726311099360591
TOMM20,-0.3244107347169308
TOMM40L,0.22028298914659578
TOP2B,-1.118934367431406
TOP3A,-0.7128879032967945
TOPORS,0.008310193154139589
TOR4A,-0.6459201160534619
TOX,-2.571961627974496
TOX3,0.8981756719140369
TOX4,-1.1160357286411022
TP53BP2,0.22757109071907644
TP53I11,0.762539670532722
TP53I3,-0.06079148909050942
TP53TG1,0.41592432676955526
TP53TG3D,-0.3841831431698143
TPCN2,-0.14610200391345085
TPD52,-1.3127490393361916
TPD52L1,1.2418150454971746
TPGS2,0.09513803918437233
TPI1,0.03447637931485604
TPI1P2,-0.3412058388605347
TPK1,-2.1683124864362706
TPM3,-0.33932601598275736
TPMT,-0.46893095311558824
TPP1,-0.02280084697762405
TPR,1.0876622823621582
TPRG1L,0.06705657123335941
TPRXL,0.2934972533572163
TPST2,-0.9426962550538338
TPT1,1.1086943923041384
TPT1-AS1,0.17625165425740866
TPTE,0.40638253982571165
TPTE2P1,1.6716914895117456
TPTEP1,0.2572811887486263
TRA2B,-0.2825349459732586
TRABD2A,-0.9223452628448999
TRADD,0.47598892995238934
TRAF3,-0.2962920911843353
TRAF3IP2,-0.8018368164270245
TRAF3IP3,-1.0534171569461837
TRAF5,0.45980270028813197
TRAF6,-1.5469622557652216
TRAF7,-0.2694856799741977
TRAIP,1.1033241636075382
TRAPPC11,0.7811080468548471
TRAPPC2L,0.35259590671862834
TRAPPC3,-1.0053530649753193
TRAPPC4,-1.4301340562072848
TRAPPC6A,-0.9625616662169193
TRDMT1,0.23374800394338502
TRH,-0.7147904053307954
TRHDE,-0.4091021584208514
TRIB1,-1.1352043150733178
TRIB2,-0.4610315694323076
TRIB3,0.37894020697854874
TRIL,-0.3698849638212108
TRIM17,0.029620156324662354
TRIM22,-0.44024029226897726
TRIM23,0.6233447368844127
TRIM24,-0.7349095748909595
TRIM25,-0.09018888653413502
TRIM26,-1.8358923067033979
TRIM27,-9.091362641865073e-05
TRIM28,-0.7069535820022779
TRIM3,-0.085403393113907
TRIM36,1.3769162942530648
TRIM44,0.052649792577316876
TRIM45,-0.24737813152876992
TRIM56,-0.46982177654956675
TRIM58,0.5646022344878616
TRIM62,-0.8414498709627422
TRIM65,-0.22942553735324017
TRIM69,-0.12032602916230507
TRIM7,-0.9309278231167898
TRIM71,0.6180644039908422
TRIM8,0.19012444119194968
TRIM9,-0.276196980678913
TRIO,1.423570644120298
TRIOBP,-0.5799585679278996
TRIP12,0.02603038025431862
TRIP6,-0.30894648188331086
TRMT10C,-0.8452365399921756
TRMT12,-0.15154807889188338
TRMT13,0.0282710416449541
TRMT61B,-1.3251506339032288
TRNAU1AP,-1.2421659045751365
TRPC4,1.8053630034018942
TRPS1,-0.9465201880342365
TRPV2,0.15465924700074007
TRUB1,-0.35348527669694296
TSACC,-0.13270442259051513
TSC2,-0.9137691729616306
TSC22D1,0.996089582670991
TSEN34,-0.2652940413635687
TSHZ2,1.0645478078657613
TSHZ3,0.8520705666609729
TSNARE1,-0.11408371900854675
TSNAXIP1,-0.5888261499659144
TSPAN12,-1.1836718290524075
TSPAN13,-0.6105032921367503
TSPAN14,-0.4875791203667309
TSPAN17,-0.38359063371746965
TSPAN18,0.5940318160422795
TSPAN2,-0.5315702812956133
TSPAN33,-1.9060820155158287
TSPAN4,0.0816884972609413
TSPAN5,0.7384367263656402
TSPAN6,0.46650500305062725
TSPAN7,-0.2711365719824887
TSPAN9,-2.2542533263143576
TSPOAP1,0.5959641366515714
TSPOAP1-AS1,-0.6584431879637053
TSPYL2,-0.1649141595183645
TSPYL4,-0.1743613518827733
TSPYL5,0.5097592113370211
TSR1,0.09493777702782692
TSR2,-0.6727825369559226
TST,-0.9165391012157302
TSTA3,-0.3468121363122811
TSTD1,0.7806443117375174
TTBK1,1.2186595022486353
TTC19,-0.8569189606255555
TTC21A,0.11455970115791302
TTC23L,0.42202415323129533
TTC30A,0.08308034486509565
TTC37,-1.3980182088711557
TTC38,-0.7330828619672477
TTC39C,0.3185797006977019
TTC7B,0.5673761138948267
TTC8,1.4424480701946425
TTC9,-0.6652282305113063
TTC9B,1.7499899949779798
TTF2,-0.35522273998652004
TTL,1.1328150234313321
TTLL1,-0.05959851513307126
TTLL12,-0.7929090632089745
TTLL4,-0.1835720262644849
TTPA,-0.5581982361455471
TTPAL,0.30532738593797404
TTR,4.048618697044505
TTYH1,0.2058923391022259
TUB,1.239827965748613
TUBA1A,-0.3882449616596153
TUBA1B,0.7872427870194386
TUBA1C,-0.5282812333731011
TUBA3C,-0.24004403403204397
TUBA4A,-0.09808115233407672
TUBA4B,0.014085929211104043
TUBB2A,0.8764950448809739
TUBB2B,0.11234458399808385
TUBB3,-0.1263556191747818
TUBB4A,-0.8393857800325595
TUBB4B,-0.003971529018495893
TUBB6,0.802262512441506
TUBB8,0.01117282938777903
TUBB8P12,0.8368677263771183
TUBE1,0.4045365559903809
TUBG2,-0.7106473458109593
TUBGCP4,-0.5304758916467548
TUBGCP6,-0.25598450017424706
TULP3,0.4651101173635216
TUNAR,-0.8013917310295804
TUSC1,0.6673191114247901
TUSC3,1.016996596725827
TVP23A,-0.8122736305579543
TWF2,-0.05836636296587842
TWIST1,1.2763989306656842
TXLNA,0.5334584802467528
TXLNB,1.2097657360305214
TXN,0.42261595630983567
TXNL4A,0.3281334992989144
TXNRD3,-0.8297233929673403
TYMP,0.01113839679978919
TYRO3,1.3188581768467194
TYROBP,-0.569288632097125
TYRP1,-1.5360638102613193
TYW5,0.10584314567399797
U2SURP,1.1377238245950825
UAP1,-0.21744233467091856
UBA3,1.0499080315206453
UBA52,0.5155620918837167
UBALD1,0.632675934857921
UBAP2,0.1251597735748257
UBC,-0.14511860099165208
UBE2A,0.3319168820452446
UBE2B,-0.4039369263785915
UBE2D2,-0.40768773672167874
UBE2D3,-1.025715171295291
UBE2E2,-0.24892833424384106
UBE2H,-0.6728506379114587
UBE2I,0.12376582463591852
UBE2J1,1.250532691043478
UBE2K,0.055717164066688155
UBE2M,-0.7401574796246889
UBE2MP1,-1.1244199079427142
UBE2Q2L,0.34050497409364955
UBE2R2,1.6497725154415706
UBE2W,1.0502150152657495
UBE2Z,-0.6182908290773819
UBE3A,-0.673673171515688
UBE3B,0.1412993087966283
UBE3C,0.05476771430380723
UBE3D,-0.9138963651396228
UBIAD1,-0.9018700407913974
UBL5,0.5558683078698227
UBL7,-0.3791722659735756
UBL7-AS1,-0.5326710628108392
UBP1,-0.1591773871266245
UBQLN4,0.19429441796664487
UBR1,-1.695926398423511
UBR4,-0.9724069079828369
UBXN2B,0.5795496984615777
UBXN6,-0.02963220979380915
UBXN8,-1.1723315830195222
UCHL1,0.1906117289401898
UCHL3,1.8368741294267077
UCN2,-0.3602057242548335
UEVLD,0.23162080853637068
UFC1,-0.2517231924436329
UFL1,0.48691388455383994
UFM1,1.0435170387258563
UG0898H09,-0.13397213639140013
UGGT2,-0.7005021242689404
UGP2,-0.9412768910230576
UHMK1,-0.2816647478104619
UHRF1,-1.7105931420806364
UHRF2,-0.4442647616365662
ULBP2,0.20131899164564715
ULK1,0.7408306342310546
ULK2,-1.5120026957353838
ULK3,-0.16411758326649709
UMODL1-AS1,-0.9993344283772208
UMPS,-0.5137111138128888
UNC13A,0.5405579640435341
UNC13B,2.249706579648105
UNC50,-1.1990181431671076
UNC5A,-0.3822395935134357
UNC5B-AS1,0.5431715165749964
UNC5D,0.42183004158074694
UNC79,-0.5841424131749055
UNC93B1,0.6578621456437829
UPP2,0.5216294340477612
UQCC2,0.21397779697852956
UQCR10,-0.5498445214170204
UQCRC2,-1.1263258415501005
UQCRFS1,-0.6469043097567506
UQCRH,-0.9884769392471473
UQCRHL,-0.6356105411773368
UROS,0.7671136654152851
USE1,0.17498734222599002
USO1,-0.8230620274653785
USP13,-0.10675091462364801
USP14,2.2180181215505104
USP18,0.045864257407910926
USP19,-0.8386182573097468
USP22,0.4359326878069789
USP24,0.6148845509025558
USP28,0.6026909006750214
USP3,0.5040396629942344
USP32P1,0.8397324374474938
USP32P2,-0.2149075154313992
USP37,0.5806651513991038
USP4,0.3426541118395534
USP42,-0.8184814542115147
USP43,-0.053674575303969525
USP46,1.5323229458062835
USP49,0.18105597202475965
USP5,-0.7847924979363184
USP51,-0.9724409930306066
USP53,-1.7451868482399062
USP6NL,-0.8336967478412997
USP7,-0.7747744470318564
USP9X,0.6449576408672639
UST,0.7453716951463617
UTP18,-1.1770269390698116
UTP20,0.3859729520635022
UVRAG,-0.325778036368549
UXS1,1.8192689511142233
VAMP8,-0.40752326121878835
VANGL2,0.6781634237287713
VAPB,0.7310858666314851
VASH1,0.06401847280172529
VASN,-0.027611081963944094
VASP,0.06444476751760074
VAT1,-0.8671469672895957
VAT1L,-0.6729269672420196
VAV1,0.9250198011808092
VCAN,-0.21345270747275924
VCL,-2.03964110059126
VCP,0.5856180847390627
VDAC3,-0.93251511642112
VEZT,-0.2765480250993976
VGF,-1.0521310627954454
VGLL4,-0.057475176580515264
VIM,1.417971881780279
VIP,0.9845735367694812
VIPR1,-0.06763934276527388
VIT,-1.3213194624372788
VKORC1L1,0.8032470601459941
VLDLR,1.3867263475336753
VMA21,0.6859722917853317
VOPP1,-0.3829428710321529
VPS13A,1.587858005084013
VPS13C,-1.25411701012421
VPS13D,-0.8444875200822997
VPS16,-1.116969025780906
VPS26A,0.078118861829363
VPS26B,0.6653572100728953
VPS28,-0.9090432109913275
VPS29,-0.2158864254011343
VPS33B,-0.2874248973279911
VPS35,0.11958129955931335
VPS37B,1.2208856416102825
VPS37C,-0.19865522221597023
VPS37D,-0.34965512159759754
VPS41,0.816493034520491
VPS4A,0.9224662873241197
VPS51,0.552750622024862
VPS52,0.18244682788708602
VPS53,0.11373995793472798
VPS9D1,0.286440854680805
VSIG10L,0.44546379905815503
VSNL1,0.3904065221380309
VSTM2B,-0.40530355000242485
VSTM2L,-1.0263755942440032
VTA1,0.15689385858073326
VTI1A,0.4753029471567337
VTI1B,0.07479526896588197
VWA1,-0.2672399443184991
VWA3A,-1.4229732107435806
VWA5A,-0.6061241768093162
VWA5B2,1.1091505097224614
VWC2L,1.5077775006715401
VWCE,-1.9650809600620887
VWDE,1.8071180387448698
WAC,-1.4003818565373414
WAC-AS1,-0.18660600406890834
WASF2,-0.08852792739971299
WASHC2C,1.3695915727481247
WBP2,-0.8533879031225204
WDFY4,-0.4104846519102264
WDHD1,0.9413335501532241
WDR1,1.3473377679013312
WDR13,0.6537091405989894
WDR17,0.8204526296517639
WDR24,-0.9608482007485734
WDR26,-0.3134152146960454
WDR37,0.24736261049453445
WDR4,-0.37167794590854486
WDR44,1.5759810584011629
WDR45B,0.6567606456782598
WDR46,-1.2639107865929995
WDR47,0.07167337244253778
WDR53,-0.12316347085643253
WDR54,0.3213894205415857
WDR6,-0.16238813815985662
WDR60,-0.18725679601781375
WDR66,0.22824148459586582
WDR7,0.10311496515313594
WDR74,-1.036709145696485
WDR78,-1.5886527812613844
WDR83,-1.3059175544704769
WDR86,0.21569868789545746
WDR97,4.252761712609119
WFDC1,-2.2111327917555634
WFIKKN1,0.7314058232132604
WFS1,2.018227869229388
WIF1,-0.37962143926439795
WIPF2,0.061554115970180005
WIPI1,-0.8394275113940883
WIPI2,0.8599393936582751
WIZ,0.7239924003885945
WLS,-0.5864004059182643
WNT10B,0.9394792359685847
WNT4,0.8394104843085213
WNT6,-1.0843385305522246
WNT7A,-2.3161655193703856
WNT7B,1.3101407957346736
WRN,0.6592408588341192
WSB2,0.32405774578999313
WSCD1,0.8402737207029084
WTIP,-0.9096986904820674
WWC1,0.7550997818592794
WWC2,1.4186657140882684
WWOX,0.2196253679209475
WWTR1,-0.07350138872055723
XAF1,0.018153959948961698
XIAP,0.37442702470610395
XK,0.0864363895949618
XKR4,0.9797082245015525
XKR9,-0.7762111017888182
XPA,-1.943922741015895
XRCC4,-0.6939514294554965
XRCC6,-0.5762165292964295
XYLB,-0.2617896769888094
XYLT1,0.6148591865400349
YAF2,0.5156229926471817
YAP1,-0.3220416935131315
YARS2,-0.41292193853767395
YBX1,0.28287418524550073
YBX2,-0.5145085513582732
YBX3,-0.285785493139463
YBX3P1,-0.07525712940818279
YEATS2,-0.7462525529786309
YEATS4,-1.1635832394275214
YIF1A,-0.5855251139796361
YIPF4,1.3540242155487185
YIPF6,-0.5315529683243897
YJEFN3,0.5293814670528048
YLPM1,-0.8359492379016344
YME1L1,-0.7489894833760357
YPEL1,1.1674940656351447
YPEL3,0.34339388895820927
YPEL4,-0.5405604510847264
YPEL5,-1.6191813549789762
YRDC,-0.8988028806660365
YTHDF2,-0.9688579928714981
YWHAB,0.6625920850782995
YWHAG,-0.5171857498174081
YWHAH,1.1283513561387475
YWHAQ,-0.29568358838410286
YWHAZ,2.024617301923755
YY1,0.4340491347651062
ZBED1,-0.5398289501874156
ZBED9,0.6633867408804255
ZBTB11,-0.4283262089357501
ZBTB18,1.8779957334154067
ZBTB2,1.1723297132946293
ZBTB20,-1.480470631906129
ZBTB24,-0.15367317744005538
ZBTB4,-1.0882727914592736
ZBTB44,-0.557312346773684
ZBTB45,-1.656651992684293
ZBTB8A,0.8012325195364561
ZC3H15,-0.22953483977207428
ZC3H7B,-0.3152880837634559
ZC3HAV1,-0.15653730408862368
ZCCHC11,0.7287565677596204
ZCCHC12,-0.7285655142210208
ZCCHC14,-0.5679523652162598
ZCCHC17,1.432428382990331
ZCCHC18,-0.2576976289753066
ZCCHC2,-1.352446177610657
ZCCHC8,-0.253736281032266
ZCWPW2,1.7715410362178943
ZDHHC12,0.4968731961582964
ZDHHC14,0.8341385821592204
ZDHHC17,-0.8047760842457873
ZDHHC22,-1.676376173918577
ZDHHC23,-0.36382933823042374
ZDHHC24,0.3857971860027176
ZDHHC3,-0.7802519580285421
ZDHHC4,-1.456582379685096
ZER1,0.31781276649664564
ZFAND1,-0.14268959291845892
ZFAND2A,-0.7673754512377814
ZFAND3,-0.01568455713221639
ZFAND6,0.21035189942276275
ZFAT,1.148332462128969
ZFHX3,-0.12386557978015973
ZFHX4-AS1,0.7680478982256114
ZFP14,-0.4804044597882105
ZFP36L1,-0.6378558993454595
ZFP36L2,-0.37028494804611484
ZFP64,0.36754728745332327
ZFP69,0.2705876580148599
ZFP82,-0.5270919606187532
ZFP90,1.2843083239850759
ZFP91,-0.4726334007408839
ZFYVE16,-0.11286748922970763
ZFYVE21,-1.2000595780100318
ZFYVE26,-0.4907709292054203
ZHX2,-0.06290239329834088
ZMAT1,0.5496747879894122
ZMIZ1,-1.6313063614271892
ZMIZ2,0.8965810670272438
ZMYM3,1.406209024385949
ZMYM5,0.6476945172967572
ZMYND10,-1.6613820065100018
ZMYND12,-1.5321204055061548
ZMYND15,0.42129208453797534
ZNF101,0.876554826495745
ZNF112,0.4532399248932744
ZNF12,0.21907844722781078
ZNF131,0.38364496665859954
ZNF136,-0.35327678389791906
ZNF157,0.28494302247287695
ZNF184,-0.08736335280973437
ZNF19,0.03204705308439061
ZNF192P1,-0.47737130461944743
ZNF195,1.479667384745399
ZNF202,-0.20586633792250925
ZNF212,-1.3180403740566604
ZNF215,-0.10769600103062275
ZNF219,-1.2555319427047003
ZNF222,-1.9365648298370715
ZNF226,-0.8531079458668653
ZNF229,0.47062897192957537
ZNF232,-1.2022795654203933
ZNF239,-1.1133082661610698
ZNF25,-1.04479897581925
ZNF250,-0.9400595705197192
ZNF254,0.4475609196399852
ZNF26,1.3123202925281665
ZNF271P,0.9649666986992462
ZNF273,-0.31474233319201045
ZNF286A,2.0076270864542565
ZNF324,0.14762157966534187
ZNF329,-0.6533732966009977
ZNF334,0.28896217492108506
ZNF346,-0.056742382143580024
ZNF350,-0.8497364243740928
ZNF358,-0.9117676539843934
ZNF362,0.9467067445940401
ZNF365,-1.2418932362301964
ZNF37BP,1.1271084661203845
ZNF395,-0.3130018622308809
ZNF418,-1.3538705851207662
ZNF423,-1.5658349949243997
ZNF425,-0.5581359266535717
ZNF429,-1.2971718034151751
ZNF436,0.5464296352046194
ZNF436-AS1,-0.7705841601320998
ZNF438,-0.009332681676426525
ZNF449,0.9290586411982674
ZNF462,0.548292298957114
ZNF471,1.0597239846661326
ZNF48,-0.8086920714592631
ZNF480,-0.5399723817142108
ZNF500,-0.8967844103245645
ZNF516,1.3016425565387855
ZNF518A,-0.33227923694832634
ZNF521,-0.8985957795279222
ZNF541,1.0307915140947777
ZNF544,0.1718935444985957
ZNF547,0.08029828921535916
ZNF558,0.36025804089629176
ZNF562,0.42831960619442394
ZNF567,-1.0994830490221716
ZNF569,0.8440633422762046
ZNF572,-0.3468265887771264
ZNF575,0.936392698943529
ZNF577,0.6949633133621926
ZNF589,0.594887337510592
ZNF598,-1.5213997445607952
ZNF599,-0.4015805360355863
ZNF608,-0.4556393514982816
ZNF610,-0.20294221634823784
ZNF611,0.6161829425755924
ZNF621,-0.39665076586032205
ZNF622,-1.2959211919583036
ZNF641,-1.791259288693799
ZNF655,-1.1814501333374996
ZNF667,2.2647172665561066
ZNF670,0.12414902579358887
ZNF677,2.113499117439429
ZNF681,-1.0156354053642076
ZNF697,-1.0226710615072703
ZNF701,-0.06124587414445018
ZNF706,1.0409490376907324
ZNF710,0.6580211268877018
ZNF711,1.8461207571445128
ZNF717,0.7442343954242886
ZNF727,0.6956010081007522
ZNF736,-0.8238919835203584
ZNF74,0.7937840628822369
ZNF75A,0.8734174836742817
ZNF765,1.0177743559037264
ZNF777,0.22772378787012354
ZNF780A,-1.5362290034133088
ZNF785,0.1413931229525145
ZNF786,0.1405140899162931
ZNF789,-0.05089192772187064
ZNF790,0.768112625951229
ZNF812P,-0.6579069970606667
ZNF816,0.1571578921950185
ZNF821,-0.3325975779047769
ZNF827,-1.8770520076666726
ZNF83,0.6262863269518683
ZNF831,0.753345117070213
ZNF839,-0.5318198337703914
ZNF844,0.3987861801726779
ZNF845,-0.2925594751986223
ZNF853,-0.6362833739494494
ZNF876P,0.8929135944141315
ZNF880,0.34459499352699074
ZNF883,0.9450301228128228
ZNF93,0.20376771081455294
ZNHIT1,0.22759600287994547
ZNHIT3,-0.5316373433110598
ZNRD1ASP,-0.03698038202825525
ZNRF1,1.8092720879083768
ZNRF2,0.7171441462356639
ZNRF2P1,0.0508658754694736
ZNRF4,0.7216388658132201
ZRANB1,-0.19159264300099055
ZRANB2,-1.2067445764279794
ZRANB3,0.5638592676777429
ZSCAN18,0.5460746153254066
ZSCAN2,0.22339695905449972
ZSCAN26,-0.9760000960741934
ZSCAN30,-0.39202543685652924
ZSCAN31,-0.3351527298321082
ZSCAN5A,0.6296389876883717
ZSWIM6,-0.5890143322239385
ZSWIM7,-1.0485506659731076
ZSWIM9,-0.24884882613168863
ZWILCH,1.3680722178231335
ZXDA,-0.26046257423151226
ZYG11B,0.28857115207519096
ZYX,-0.923786530835959
