,cPC1
A1BG,-2.9259447106752754
A1BG-AS1,8.12141733088456
AACS,10.54841619704247
AADAT,5.634261850701165
AAED1,-6.020203454991119
AARS2,5.409671919472905
AASS,-7.990702585285151
ABCA1,-6.214817443424333
ABCA2,-0.8608327631546253
ABCA3,5.243303376207999
ABCA5,-2.4871192563867663
ABCA9,-3.0943173692795374
ABCB10,5.867911276659237
ABCB6,-5.400966843806625
ABCC12,6.094394271285046
ABCC5,6.30862412300256
ABCC8,9.295539933910014
ABCE1,-8.028096799129475
ABCF1,5.461846540370791
ABCG1,-6.658131081511206
ABHD1,-6.609342743330096
ABHD17A,3.519335790385308
ABHD17C,-4.450167124849495
ABHD3,-6.954653654198166
ABHD4,-7.860439118329272
ABHD6,-1.0625763460456823
ABHD8,7.441406850010866
ABI1,0.794388591574436
ABI2,5.470738321349625
ABR,5.265286120402673
ABRACL,4.033878096030458
ACAA2,-4.121528590223899
ACACA,4.827958709304032
ACACB,-7.50984925580393
ACAD8,4.190917525384349
ACAD9,4.0810798566332895
ACADL,0.4865495674962433
ACADVL,-7.437024680425471
ACAP2,-6.937451386637673
ACAT2,1.8710050146653459
ACKR1,0.6847622278877096
ACKR3,-1.8429644665511982
ACLY,-8.476801143087654
ACOT2,1.156341654734918
ACOT4,9.567856585878394
ACOT8,3.951552179284827
ACOT9,1.0609896683041016
ACOX1,-7.300040381257615
ACOX3,-0.9188116743673501
ACP1,3.656893671352144
ACP2,-1.2566628723399715
ACSBG1,-6.569066063724437
ACSF2,-3.8965998311122996
ACSF3,4.904284215673628
ACSL4,-6.713048172696453
ACSM5,-8.763449340870793
ACTA1,-1.4042871273956816
ACTG1,3.0443096109738956
ACTL6A,-7.027773940221483
ACTL6B,8.749701091776476
ACTR10,4.172419318985485
ACTR1B,11.012886444009553
ACTR2,4.8465662255462885
ACTR3B,-2.5008716190492413
ACTR3BP2,-2.5068804375951603
ACTR3C,-3.6771411215131127
ACVR2A,-0.7685271302487657
ACY3,-5.945786438252521
ACYP1,2.5905340590809214
ADA,-1.69850141017124
ADAD2,1.4882169709714137
ADAM11,4.71864536214669
ADAM19,2.0409589282392226
ADAM20P1,4.065294971517814
ADAM28,-7.699869248457082
ADAMTS19,-2.0092311811680155
ADAMTS8,3.875904238237643
ADAMTS9,0.28463627954995413
ADAMTSL1,-2.369987858068212
ADAMTSL2,1.6772271807699326
ADAP1,5.406322623538068
ADAP2,-7.009282054234083
ADARB1,1.2239064623146905
ADAT1,4.924480837185797
ADCK2,6.524274735579817
ADCK5,6.912755482528229
ADCY1,6.150813322214155
ADCY2,6.309278115978814
ADCY6,5.805646343359691
ADCY7,1.3406328278871351
ADCY8,-3.254221157025959
ADCYAP1,1.7359877053580604
ADCYAP1R1,-8.051815957552686
ADGRA1,2.6666497224592614
ADGRA3,-5.878597878906301
ADGRB3,6.585325905891618
ADGRG1,-3.8315274762914937
ADGRG6,-7.641571542484059
ADGRL2,4.270528495050466
ADGRL3,-2.3515124947027566
ADGRV1,1.1019406128796592
ADH5,-6.655274888425814
ADI1,-6.158832574301425
ADIPOR1,-9.655168955687593
ADIRF,-3.162980897012251
ADK,-5.813497871123133
ADM,-6.232058909732347
ADM5,-1.5463125914488194
ADNP,5.154361162611257
ADO,4.830185010778543
ADRA1B,2.3723906121060248
ADRA2A,5.332605545121428
ADRA2C,-2.0992042049982538
ADRB1,3.8216385792490177
ADRB2,-6.444170221736817
ADSS,5.926737731839435
ADTRP,7.566004981230363
AES,6.330385271416596
AFAP1L1,1.635442554210075
AFF2,-2.634020044084266
AFTPH,5.527972597913731
AGAP1,6.010119310145186
AGAP2,-0.7285785074647978
AGAP3,4.418890279292256
AGBL4,9.28796541744546
AGFG2,-4.293779004406822
AGGF1,4.367846829545845
AGL,-6.7370994582118096
AGMAT,2.78609408040709
AGO4,0.5869730921996148
AGPAT3,3.9907401665026896
AGPAT5,-8.996122368136126
AGRN,4.647172593759622
AGTPBP1,3.321972780499974
AHCY,-6.408355570211474
AHCYL1,-6.236070756738885
AHNAK,-7.242627275480823
AHRR,-1.6902637558479048
AHSG,4.186877125764637
AIF1,-4.514811617009839
AIFM2,-5.086287820913085
AIFM3,1.6205053401587828
AIM2,-6.029574724603584
AJAP1,-0.8042761540272134
AK3,-9.102238047870426
AK4,-8.257989372738015
AK5,1.2742386879826506
AK8,-7.531224479917711
AKAP13,0.3379721688151134
AKAP5,0.62061668109018
AKAP8,6.180651921843996
AKIRIN1,-6.50075309904678
AKIRIN2,-8.445260090941714
AKR7A2,-3.4295798566205793
AKR7L,-4.679962735033139
AKT3,6.598811656277167
ALAS1,9.092039002213548
ALCAM,-4.834449601510914
ALDH1B1,-0.46844526393508445
ALDH1L2,4.27405541815664
ALDH2,-2.101691916062929
ALDH3A2,-8.951687439751243
ALDH3B1,-6.290115549646287
ALDH5A1,-6.809936558610276
ALDH6A1,-3.2317449027827077
ALDH7A1,-5.928914080126243
ALDH9A1,-6.519863623545235
ALDOA,7.225854212703291
ALG10B,-3.0747864860461425
ALG13,7.022185915392402
ALG5,-4.68119094815704
ALG8,-7.817117557240651
ALK,-4.32594140269776
ALKAL2,-8.072856566970119
ALMS1P1,-6.655640456636957
ALOX5,-4.379089638561239
ALOX5AP,-5.671887434645859
ALPK1,-7.437315543119919
ALPL,1.0555401636565096
ALS2,4.0418973925281065
ALS2CR12,-4.782381552732725
AMER2,-6.521720450877176
AMER3,4.97253667808665
AMFR,-7.396202758303958
AMIGO2,-7.667081615730949
AMMECR1,2.806072717224738
AMMECR1L,3.679286857337571
AMN1,6.748658762322774
AMPD2,2.9702311374133403
AMPH,4.058300030329782
AMZ1,-6.295866270425349
AMZ2,5.24867741683637
AMZ2P1,2.432154643206859
ANAPC11,5.666805659306232
ANAPC15,4.333853606631284
ANAPC4,5.318951845993087
ANGEL2,-0.3212894364160388
ANK3,-7.612913960387744
ANKIB1,-8.860341320653419
ANKLE2,3.729150069271698
ANKRA2,-6.472058386670708
ANKRD11,3.7697175606213844
ANKRD13D,5.11448503053437
ANKRD18B,1.7657849975633897
ANKRD19P,-2.32621356466404
ANKRD2,5.945217712528128
ANKRD20A11P,-3.472598379258443
ANKRD20A5P,-1.4687335714402725
ANKRD24,12.312817163568907
ANKRD26,3.008634148461082
ANKRD28,0.9780189285152563
ANKRD30BP2,-1.3780958473594977
ANKRD34A,6.6246972919063
ANKRD36BP2,-3.951110401011675
ANKRD39,6.061829913801298
ANKRD45,-5.651014372705226
ANKRD46,7.708100147021996
ANKRD49,-1.821418245029299
ANKRD50,-3.66220293083055
ANKRD6,0.6728760625669254
ANKRD9,2.0997071186628187
ANKS3,2.6325919648620726
ANKS6,3.6002638829194864
ANKZF1,3.677964886197818
ANO2,-7.3450557626587045
ANO3,-3.420448411472863
ANO6,-8.272992416088453
ANOS1,-5.264142376120606
ANP32E,-7.903840446395308
ANXA1,3.276204561367226
ANXA11,2.470018445200171
ANXA2,-4.792967714345479
ANXA4,0.2664535106880232
ANXA7,-0.1577659171295915
AOAH,-5.547166596928837
AP1G2,-1.0307079426228254
AP1M1,3.426255139135389
AP1S1,5.165706010208707
AP2B1,-6.212480398921842
AP2M1,6.356492317145548
AP2S1,6.219055705267694
AP3B1,-7.267737769622992
AP3B2,5.5043499119234305
AP3D1,5.015955913617355
AP3M1,-6.310345881301477
AP3M2,5.904363519986944
AP3S1,-1.1842844653117508
AP4M1,6.018691655328748
AP4S1,8.778590849010326
AP5B1,3.1674412087988792
AP5S1,-5.504331571819869
APBA1,-5.427173758111145
APBA2,7.584715248196325
APBB1,9.482362167778948
APBB1IP,-6.918500630294462
APBB3,5.908305797796742
APC,-0.5364773645769242
APEH,5.733846632502301
APH1B,-9.161979053331388
APLN,-5.816801665096839
APLNR,-2.1416866635800513
APMAP,-1.1215673558815156
APOC1,-7.381803135090506
APOE,-6.208750017725407
APOM,-6.633955303007739
APOO,4.117867763924454
APOOL,-6.467795354015311
APOPT1,-2.238498874522029
APP,-2.2527869466506725
APPL1,4.196830706596082
APPL2,-8.69644012631555
APRT,-6.694567575016199
AQP1,-5.202540555898799
AQP11,2.728893458482304
AQP4,-7.075061094260203
AQP5,-7.7928729749266346
AQP6,-7.077826087044676
AQR,-6.708063705120386
ARAP2,0.8113599428283915
ARF3,3.9994727443024343
ARF5,7.201527494605693
ARFGAP1,4.666746639712208
ARFGEF3,1.6211008457399105
ARGLU1,-6.538244204356015
ARHGAP10,1.1758152035123242
ARHGAP12,-7.006151841326524
ARHGAP18,-9.422591485162975
ARHGAP19,-7.803866977506775
ARHGAP20,4.040878685317337
ARHGAP22,-2.5790135721627494
ARHGAP25,7.76375589112839
ARHGAP26,5.69172648880818
ARHGAP28,-2.555837399037371
ARHGAP29,0.7583112851189769
ARHGAP32,8.661598880785421
ARHGAP33,1.8562767691666129
ARHGAP36,-7.346897983649251
ARHGAP4,-3.2967447802830514
ARHGAP42,-4.615060741496222
ARHGAP45,-5.12026592202809
ARHGAP5-AS1,-6.768130004916699
ARHGAP6,-5.80370163087927
ARHGDIA,-7.368213051911183
ARHGDIB,-3.527118562984346
ARHGDIG,7.936937068469708
ARHGEF10L,-0.2742438163719871
ARHGEF12,6.20881986441983
ARHGEF16,-1.0833332986975521
ARHGEF17,0.32559735459028827
ARHGEF2,5.1995011382021925
ARHGEF25,4.725783435524141
ARHGEF28,-0.12613154992131484
ARHGEF3,2.8529857369724168
ARHGEF4,1.7281690685246267
ARHGEF40,-6.693670653455592
ARHGEF6,-8.257565287930818
ARHGEF7,8.772021836522638
ARHGEF9,5.294468704720917
ARID1A,-6.079003873046223
ARID3B,-5.116640980695004
ARID5A,3.385872628361211
ARL10,0.9616967023195256
ARL14EP,3.2372851852559035
ARL15,0.3350381938982324
ARL16,3.8649029823270706
ARL4A,6.370217963832638
ARL4C,4.741401860999414
ARL5A,-3.297667969139636
ARL8B,-1.2090579587585786
ARL9,2.4051877533087938
ARMC10,5.04783952410258
ARMC2,-5.775397581708124
ARMC7,3.377904315593705
ARMCX1,3.930127586667935
ARMCX2,3.0109535957776425
ARNT2,4.692449570021404
ARNTL,8.829927318291027
ARNTL2,4.379619949612058
ARPC2,-0.4017498749582474
ARPC5,-7.225959904855783
ARPP19,3.016716820186546
ARPP21,12.161979808295902
ARRB1,-5.252642342301532
ARRB2,3.3769860504637568
ARSB,-6.071394690775707
ARSG,0.8378084326088607
ARSJ,1.3117261292762092
ARSK,-0.42610518842094747
ASAH1,-6.872520153416965
ASAP1-IT2,4.670665669015842
ASB1,-3.1873937517013657
ASB5,1.2534943056394732
ASB6,6.287181276496344
ASCC3,-10.303926817557064
ASCL2,-6.2463762219863765
ASF1A,-8.100460896472645
ASGR1,5.9313390718030705
ASGR2,6.185041995556829
ASH1L,4.559865736376676
ASH1L-AS1,1.8485528844947143
ASH2L,4.808424970306269
ASIC1,-6.915884560551199
ASIC2,-1.4966658807522124
ASIP,-7.02786982265693
ASL,3.6630388428513023
ASNSP1,1.1873330207377892
ASPHD2,1.8761047870063772
ASS1,1.4292451996095035
ASTE1,2.5266011472507492
ASTN1,3.4402563844443392
ASTN2,-0.7045914375037073
ASXL1,4.6134736874640625
ASXL2,-7.455950722079493
ASXL3,8.391214708379623
ATAD2B,-5.74892861741576
ATCAY,7.55606709318074
ATF2,4.712533491374984
ATF4,5.18035828253423
ATF7IP2,2.149305663267332
ATG10,4.233658359817521
ATG101,8.48750155369409
ATG12,-6.695114418762661
ATG4B,4.499991247975802
ATG4C,-2.5787951011484895
ATG7,6.556552182848576
ATG9A,6.617271203372558
ATM,-8.536133517200813
ATN1,4.0074928756563
ATOH7,1.17052342481362
ATOX1,-3.340639867397538
ATP10D,-10.273235747110192
ATP11C,-7.702241665143622
ATP13A2,0.7000113858707214
ATP13A4,-6.520817748214188
ATP1B2,-6.619145476244001
ATP2B4,1.914392022136681
ATP2C2,-1.3038352360104486
ATP5ME,-4.703664864780459
ATP5PF,5.365563570512332
ATP6AP1,6.6531945649171345
ATP6AP2,-2.2978310497708807
ATP6V0A1,4.736833463317152
ATP6V0A4,-7.63175072117623
ATP6V0C,8.121312471899746
ATP6V0CP3,4.9813941651994895
ATP6V0D1,5.6044517546139545
ATP6V0E1,-5.352063096790463
ATP6V0E2,2.1066509756294667
ATP6V1A,7.697497340628025
ATP6V1C1,6.752301172408919
ATP6V1E1,8.186310704086338
ATP6V1F,6.935021420019071
ATP6V1G2,3.1389934953387506
ATP6V1H,0.1316395004807824
ATP7B,-6.792944318491136
ATP8A1,-3.3325105118387452
ATP8A2,-2.811191595129642
ATP8B2,1.2019498575615217
ATP9A,3.82689550944077
ATP9B,0.9044496031035562
ATRNL1,11.740589564501358
ATXN2,3.537958114891272
ATXN7L2,-1.3484297130422658
ATXN7L3,8.033654097709409
ATXN7L3B,7.929244459561753
AUNIP,3.277009118372865
AURKAIP1,4.6066480466854385
AUTS2,-7.963131838114589
AVIL,-7.665604091782299
AXL,-5.415037149586417
AZIN1,2.841186635836545
AZIN1-AS1,-4.587792136236309
B3GALNT1,-0.6213802435255454
B3GALT2,6.862304946759677
B3GALT5-AS1,-9.779396375079108
B3GALT6,-2.1288497262610373
B3GAT1,4.459849889220958
B3GAT2,-8.084853941120564
B3GLCT,-0.8920156771259526
B3GNT2,-3.0405930374689643
B3GNT4,1.5554741541700903
B3GNT5,-7.246796628560967
B3GNT9,2.222485747879486
B4GALNT1,2.9092404600041024
B4GALT2,2.3188819152648423
B4GALT3,4.991695424863008
B4GALT5,4.41334216964931
B9D1,-0.001218518443528316
BABAM1,8.093790703316513
BABAM2,2.1806126977639693
BACE1,0.47229809251709687
BACE2,-0.8533313531683885
BAD,6.039045078472119
BAG1,-3.6731162336030256
BAG3,-10.303607190676429
BAG6,5.30440163229748
BAIAP2,-1.7814701660005
BAIAP2L2,11.345407830728284
BAIAP3,1.3689159901568675
BANP,5.744623505937754
BAP1,5.523161649023664
BARD1,1.4599518596765173
BASP1,9.159546391125897
BASP1-AS1,7.607234810425311
BATF3,0.6190524629869446
BAZ1A,-5.468195738961993
BBC3,9.100244740902106
BBS7,0.017600736904420256
BBS9,-6.810073795684919
BCAN,-4.320702192818151
BCAR3,-3.9229394151839054
BCAS2,4.589298663611477
BCAS3,8.234281152309721
BCCIP,-7.540446606845268
BCHE,-9.243604289030216
BCKDHA,4.758466640490306
BCKDK,1.7101653203071134
BCL11A,7.49687692394362
BCL2,-2.866793767127449
BCL2L2,8.501326913990797
BCL7A,4.769431987867463
BCL7C,-4.9236798806658415
BCL9,-0.5264402198582678
BCLAF1,3.735471293356381
BCLAF3,-6.172271502484225
BCOR,1.384051569124782
BCR,-0.8371769742720246
BCRP2,-1.3423936815413413
BDH1,7.162184555683662
BDH2,-4.532566606253209
BDKRB2,0.5073680416633618
BDNF,2.0493543574857305
BDNF-AS,-5.242910436404054
BEAN1,7.4336271291480145
BECN1,8.007242782740146
BEGAIN,2.7983358709283634
BEND7,-2.9622216126491945
BEST1,-5.776339042167766
BEX1,4.989364552484497
BEX2,6.0820012148019424
BEX3,3.592076014327147
BEX5,7.545112518343155
BFSP1,-0.06312183887532173
BHLHE22,2.959793329814199
BHLHE40,3.7151834985134187
BHMT2,-7.529632459997675
BICC1,6.375326140307532
BICD2,3.617674876947748
BICDL1,5.1269649126706875
BICDL2,9.848326614967405
BID,8.932667518015034
BIRC3,-4.5102512481561705
BLM,1.7508211860440133
BLMH,5.3405983033599504
BLNK,-8.526699647582648
BLOC1S2,3.433301824909019
BMP2K,-9.530006182532562
BMP7,-6.0609927173554645
BMP8B,2.2794841673025177
BMPR1B,-6.310156497485911
BMS1P14,7.563504200467578
BMS1P20,7.61586433555897
BNIP2,-9.564455418048711
BNIP3,2.8338413840481365
BOLA3-AS1,3.054281855750377
BORCS7,2.282313633447149
BPHL,-3.2836612420238502
BRAP,-4.417614784050943
BRCC3,6.997466902989684
BRD2,-5.2631653388759965
BRD8,7.141053355032151
BRF2,4.240085451100689
BRI3,-5.165932522583824
BRINP2,6.6963548962837605
BRINP3,4.123798681264769
BRK1,8.264479246455835
BRMS1,-5.8239579414084135
BRMS1L,4.199084081702378
BROX,-9.802677955011033
BRPF3,6.091800712519653
BRSK1,3.500450444461368
BRSK2,4.839676841812863
BRWD1,3.2874549218600344
BSDC1,2.224172734365235
BSN,3.4044920702382337
BSPRY,-4.614400010952727
BTBD1,5.385608785947915
BTBD10,6.82518344868131
BTBD11,-0.32596538294102045
BTBD3,-2.446565278392409
BTBD6,7.037833052298025
BTBD9,0.9718074195587941
BTC,-1.1506097980901846
BTG1,-2.62319349142968
BTG3,-5.611488730211608
BTN3A1,-8.164282240504106
BTN3A2,-9.239610329412168
BTNL9,-6.848679431789627
BUB3,-7.078504637929815
BZW2,2.306873769663753
C10orf105,-10.216623600780206
C11orf1,-9.330819924388011
C11orf58,1.6876228099636317
C11orf65,-8.611029621801361
C11orf68,6.383711748003022
C11orf71,-9.126036128040797
C11orf74,4.920012001537879
C11orf80,5.145635605640014
C11orf87,3.01053496624719
C11orf95,5.248521078578859
C11orf97,-1.9962174673509485
C12orf29,3.9066410263762017
C12orf4,7.095268427674893
C12orf43,7.34592189738887
C12orf45,-4.579332659416652
C12orf60,-7.59661602844193
C12orf66,-6.253822076742802
C12orf75,-8.385874230494238
C12orf76,1.8847822528967144
C14orf132,5.452642093495958
C15orf41,-5.018189275834504
C15orf59,0.006870572458021116
C15orf61,4.1614964833614785
C16orf45,4.8316321411966126
C16orf58,5.361563669559545
C16orf70,2.912478492603495
C16orf74,-6.2330651587029955
C16orf87,4.310391840737575
C16orf91,9.582676942719266
C16orf95,4.019918117325485
C17orf100,4.4907046888750015
C17orf51,1.6235918503883247
C17orf58,6.299072139664222
C17orf97,-7.938995091277653
C19orf12,-0.5745030680700227
C19orf18,-6.396758670667917
C19orf33,-7.168374263441655
C19orf53,-6.346970139216322
C19orf57,3.9638655580673423
C1D,6.627518661199121
C1GALT1,-5.817577832557801
C1QA,-4.924159693002443
C1QB,-4.819745378282349
C1QC,-7.468751524663271
C1QL1,-1.4155964445319735
C1QL2,1.3073350437420095
C1QL3,4.243144665047128
C1QTNF3,-7.391965942580597
C1R,-0.3716064130609484
C1RL,1.9021545585285258
C1S,-1.2021833635716879
C1orf115,8.960931062506159
C1orf194,-3.6364914048921784
C1orf198,-4.39853900063621
C1orf21,9.100634319145469
C1orf216,7.24897424318936
C1orf226,-1.9893939995811964
C1orf50,-1.7150496700609614
C1orf61,-4.46161340928557
C1orf74,2.2874230884305837
C20orf196,2.4889246543628127
C20orf27,-3.665177457321145
C20orf96,-7.834093948409401
C2CD2L,-2.9797445747886013
C2CD4C,9.692714144503565
C2CD5,9.70188613368096
C2orf27A,6.239519013491278
C2orf49,-5.318534358677947
C2orf69,6.254985247409144
C2orf73,-8.529908275897338
C2orf80,3.0517096797684946
C3,-5.629724537653892
C3orf14,6.2352608439530774
C3orf70,-7.284850390076546
C3orf80,13.453350026734554
C4orf48,-5.590653382457299
C5orf30,3.1256077401602607
C5orf42,6.141970814472302
C5orf49,-1.81130480569225
C6orf118,-10.28068708418406
C6orf120,2.530266811634087
C6orf52,-4.19101782006203
C6orf62,-6.8577527213458875
C7orf13,-6.0041354971950165
C7orf50,6.321677127708338
C8orf34,-1.8542105237801978
C8orf44,-0.16119586758187732
C8orf46,2.2631783185514265
C9orf116,-5.736055123057784
C9orf129,10.544517398489612
C9orf16,1.4765411777657065
C9orf40,6.492296189119917
C9orf72,0.7798339359764819
CA10,5.149329439705967
CA11,9.288905907036787
CA12,-13.52234850262099
CA4,6.677283793418511
CA5B,-5.3251567142505225
CA8,-3.3941592057960044
CAB39,0.5504982793658318
CAB39L,6.116624981773736
CABLES1,-1.7935956922467113
CABYR,2.029816240027473
CACFD1,-7.714713997330887
CACHD1,-10.081451134414241
CACNA1B,3.933360405764657
CACNA1C,1.4600782774952568
CACNA1E,-3.766194506275931
CACNA1G,1.2353646901691429
CACNA1H,-7.670135040506485
CACNA1I,1.7816478201674484
CACNB1,3.483950486356679
CACNB2,2.83401216076489
CACNB3,7.315728736156482
CACNG3,5.431883166801514
CACNG4,-10.493688672757363
CACNG7,6.616391997005778
CACNG8,2.1554509558611663
CADM1,-8.920290217416389
CADM2,3.619784220109615
CADM3,6.816480795320415
CADPS,-1.53573447887502
CADPS2,8.505318297642695
CALB1,-4.883807935367168
CALB2,-5.766333028399978
CALCOCO2,-6.799281435428773
CALCRL,-0.3691877970810705
CALHM1,3.6341016883369477
CALHM2,4.439957722669116
CALHM6,-5.399910080814993
CALM1,6.170710116770692
CALM3,3.820382392663344
CALML3,2.9413415453303946
CALN1,-2.539598635217461
CALR,-7.110035598559569
CALU,-7.000994710001738
CAMK1,2.5932352427557634
CAMK1G,0.2933102511553679
CAMK2A,5.155248142373149
CAMK2D,-1.0681743041027172
CAMK2G,9.940253202371018
CAMK2N1,6.490282400621088
CAMK2N2,0.9514845374279423
CAMK4,-1.4828738388433755
CAMKK1,8.53839044766552
CAMKMT,-10.413738172149474
CAMKV,-1.3176220087416046
CAMSAP3,4.735442009228325
CAMTA2,5.765906851690038
CAND2,5.707108670248032
CANX,-1.026321515935406
CAP1,-8.594325385708387
CAP2,1.8155885617710255
CAPG,-6.97297178256491
CAPN1,3.981919412922396
CAPN12,-0.6989096004989526
CAPNS1,7.1255532360484315
CAPRIN1,5.570204140851789
CAPRIN2,-6.619173612898869
CAPZB,-5.676756870466122
CARD6,-8.4484004602061
CARHSP1,-2.5932346918559603
CARMIL2,2.124219633139494
CARMIL3,-5.399342117245796
CARS,5.509061977184052
CARTPT,-1.902673481298914
CASC15,6.349005239743136
CASC2,-9.37556306002608
CASK,-8.26773827328993
CASP10,-8.805132493852442
CASQ1,12.406296101713522
CASTOR1,-7.456555125077274
CAV2,-4.32050876338621
CAVIN3,-3.799578817966469
CBFA2T3,0.2291487162640763
CBFB,-5.6258526407660145
CBLB,-5.53955336421916
CBLN1,-3.1634103271094385
CBLN2,8.652589634066842
CBLN4,3.2310612559393643
CBX6,6.564813108602732
CBX7,8.677299186510346
CC2D2B,-7.374597164001259
CCBE1,-3.6462357878545824
CCDC112,-9.149310952842459
CCDC12,5.959664052401857
CCDC120,-1.462185239923071
CCDC124,5.932531639219196
CCDC14,2.8060347798929706
CCDC148,-3.772897447071148
CCDC15,-6.181842212797928
CCDC152,-7.17188402300558
CCDC153,-5.35935218826425
CCDC159,-7.055980602935131
CCDC167,1.4868861885565103
CCDC171,-2.7226697867175687
CCDC177,7.663804509037743
CCDC189,-1.720002381413579
CCDC191,-9.914747085919574
CCDC24,4.263278869957407
CCDC28A,-1.2059182501914871
CCDC3,4.670435084563861
CCDC32,1.8509502586640216
CCDC34,4.920395915803407
CCDC47,3.2793516497999575
CCDC50,-6.34179486181837
CCDC6,-2.0118462321991792
CCDC65,-3.8207236415685557
CCDC68,2.1058436370148423
CCDC71L,0.47542128507059567
CCDC77,-9.448414652999563
CCDC8,-7.551773221552463
CCDC80,-8.248027159014462
CCDC82,5.092403635781512
CCDC85A,4.4971727175110505
CCDC85C,-10.198627378044892
CCDC88A,-5.929283245359396
CCDC88B,-3.7536716825834415
CCDC9,4.513747360598762
CCDC90B,-6.911279260392588
CCDC92,2.124906113732066
CCEPR,-2.9908871799233094
CCK,9.213571947944535
CCKBR,14.353758608075767
CCL2,-6.477104485402766
CCL28,3.765896595224546
CCM2,4.773193198861742
CCNA1,0.09795198393099044
CCNB3,-4.9855367932271655
CCND2,8.348383750189724
CCND2-AS1,2.3265821904736916
CCNDBP1,7.322900847773905
CCNG2,8.426235317445485
CCNH,1.869892777214864
CCNK,-7.437052966806324
CCNL2,7.146304380402644
CCNO,3.404564541632438
CCNT2,3.6767919194742715
CCNY,-6.175294136153444
CCNYL1,7.029294007055
CCR1,-6.4156390882196055
CCSER1,3.412211147356572
CCT2,5.201133609697267
CCT4,6.2578433684219625
CCT5,-2.19793971439914
CCT7,5.446850205734874
CCZ1P-OR7E38P,-7.5882987319142305
CD163L1,5.542575793069576
CD200,1.691484621356163
CD226,-8.876114414369114
CD24,-1.8536783316405054
CD247,-2.7727592417511606
CD248,-5.9150729850010855
CD2BP2,5.7618572023139425
CD33,-6.173034258870529
CD3EAP,-6.854862222899869
CD44,-7.512016491194656
CD47,5.363221016566872
CD52,1.2001636395764645
CD53,-0.06960980839780224
CD55,-8.33240748949507
CD58,-3.6380761895844085
CD59,-4.483144056136138
CD6,0.9831311461259619
CD63,-2.3893914800970126
CD68,-5.067723885660432
CD74,-4.9916854627466645
CD81,-5.4152346002739264
CD82,-4.977238842662505
CD83,-2.8603977384156494
CD84,-6.996431927816353
CD99,-9.051132014807777
CDC123,5.31310156339621
CDC14A,-3.8838418136462076
CDC14B,-4.486660445631366
CDC34,3.3287947983624244
CDC37,5.702732941969983
CDC42,-4.127475663398791
CDC42SE2,3.4954774921656617
CDC6,3.9949234880513083
CDC7,7.34519426216686
CDCA5,6.598851479948859
CDH10,10.36351774342738
CDH11,-5.636608650181777
CDH12,4.518361812625319
CDH13,7.507531572221596
CDH18,7.083195145428614
CDH2,-5.534901413355529
CDH22,10.489858357594585
CDH4,-2.845750096686222
CDH8,-2.3294647135953466
CDH9,1.7812698718558537
CDHR1,-3.105714249170975
CDIP1,7.725163619300741
CDIPT,4.334541222662834
CDK10,4.451990060507763
CDK17,-2.4425497032755743
CDK20,2.713024845530016
CDK5,5.41165193188126
CDK5RAP2,-6.231605884621471
CDK9,4.60260583823048
CDKL3,4.007188176707837
CDKN2AIPNL,7.335522800488099
CDKN2C,3.4866982059403533
CDKN2D,0.18433704110725524
CDKN3,6.557035444343702
CDS2,-5.583040915266859
CDYL2,3.257968598605754
CEBPA,-7.196446444962571
CECR2,-8.890937509723228
CELF1,-0.2369696083881171
CELF3,3.0977045368685565
CELF4,4.653933970307035
CELF5,2.4294204453231623
CELSR2,2.2005430298742663
CELSR3,3.552169821993955
CENPBD1P1,7.7289323193238
CENPF,1.366519191667131
CENPJ,4.668053194880633
CENPK,-8.614717767805491
CENPM,-7.5565201869306495
CENPQ,-5.258208271025139
CENPV,3.6292957648278583
CENPVL3,-9.095415431729277
CENPW,-0.33115775973260975
CEP112,-2.4324833653244595
CEP120,-7.137762746056126
CEP126,-4.511192645190502
CEP135,-0.8666429711769915
CEP162,-5.371839247790647
CEP170B,6.7078701383350845
CEP68,7.114061528228859
CEP70,-8.081572798420765
CEP72,7.588982662196062
CEP83,-4.357881739205791
CEP89,-3.316216345433478
CEPT1,-6.381863652603921
CERS6,6.1772928578046775
CES4A,3.273971486566874
CETN2,-5.12839920964443
CETN3,-6.525917732951341
CFAP161,-7.20248235791601
CFAP20,5.14886400825364
CFAP44,0.39462501643312764
CFAP52,3.9525786534944887
CFAP53,-5.976750460569591
CFAP61,-9.235791180552757
CFAP65,0.808247479255279
CFAP97,-7.4372393525533225
CFD,-3.7362108799039095
CFLAR,-10.287359001690032
CFP,-2.315843403789968
CGNL1,-4.4509654520888295
CGREF1,4.142142725463439
CHAF1B,5.826541004612615
CHCHD4,3.1481300243413997
CHCHD6,1.3291160566860822
CHD3,-1.3452530107569833
CHD5,4.710238206004673
CHD7,-7.042524819647415
CHDH,-8.252632863481255
CHGB,0.13656932892474918
CHI3L1,-1.8151054754267515
CHID1,-3.34485546239416
CHL1,4.563090984388355
CHMP1A,-2.3738774529432005
CHMP1B,-0.9882442968930807
CHMP2A,1.4366550857901172
CHMP4A,-0.7067061109107581
CHMP4B,8.152353713356826
CHMP5,7.264049718634746
CHMP6,0.9471861201885581
CHN1,11.851916574806776
CHODL,-9.012816045611569
CHRAC1,-9.088410131998904
CHRD,9.427834427232893
CHRDL1,4.198774432290414
CHRM1,5.302438722079415
CHRM2,8.391594652040807
CHRM3,10.40632539120388
CHRM4,-8.563337420155959
CHRNA2,0.057256705817044784
CHRNA3,-14.34778815803359
CHRNA4,-0.13028277744276462
CHRNA7,1.7472533855250008
CHST1,2.8632617427737284
CHST11,-10.380827817355526
CHST14,-6.461530237941678
CHST3,-6.335767234699224
CHST9,-7.906199184748122
CHSY1,-4.935133159126312
CHTF8,4.466781753051031
CIB1,-2.61175813601155
CIB2,-3.546792210903371
CIDEC,8.703648615289259
CILP2,-8.642595526500818
CIP2A,2.67794543820673
CISD2,3.0244496746109895
CISD3,-2.0812526141082595
CIT,0.03929973678228004
CKS1B,-1.8511783559017327
CLCA4,-6.5102207170081865
CLCC1,-5.778272797415435
CLCN6,-3.325411179791403
CLDN4,3.426141351274761
CLEC2D,-6.788009985303553
CLEC4G,0.6244348378659516
CLEC9A,-8.07490493310286
CLIC5,-4.237818442061923
CLINT1,-8.197833858428801
CLIP1,3.89667071656741
CLIP2,5.451715451708928
CLK4,6.350657582643794
CLN3,3.8264297066195008
CLN5,-3.5399027904698
CLOCK,6.189573726265919
CLPB,-1.028905324623923
CLSTN1,7.371242897525812
CLSTN2,2.295282613287416
CLSTN3,4.7335428020216375
CLTA,9.12163241174328
CLTC,5.514433584964435
CLTCL1,-6.83082630351727
CLU,3.690442567415124
CLVS1,-4.051162398917977
CMAHP,5.735459707151379
CMAS,-2.176349860379964
CMC4,-6.131042984467031
CMIP,-2.6501570760341795
CMKLR1,-8.132700880741025
CMPK2,-5.292372338351138
CMSS1,3.7202900896329187
CMTM3,-8.393132008325214
CMTM4,1.7345026504048924
CMTM6,-6.5116990331719045
CMTM7,-5.756526011191059
CMTM8,0.6836615077498135
CMTR2,-8.130496892022826
CNFN,-8.07277259283141
CNGB1,-4.983941552597454
CNIH2,-3.1456491870357928
CNIH3,2.2316419996402486
CNKSR2,0.6802509842773217
CNMD,-6.641729068038433
CNN1,4.624798516517416
CNN3,-6.002392001792071
CNOT7,2.942166152570299
CNOT8,6.1127830747528815
CNR1,-1.0570083826572199
CNRIP1,5.933266086321538
CNTLN,-10.536288064796656
CNTN1,3.273023860567159
CNTN3,2.688704658801544
CNTN5,3.166740192156219
CNTN6,0.6228249625232644
CNTNAP2,4.651662849559723
CNTNAP3,-1.8702028991652628
CNTNAP5,4.0601757574897235
COA1,7.169272654146613
COA3,6.685180889656877
COA6,4.285813660097216
COA7,7.815770797484124
COASY,5.744506978755835
COBL,5.905985517179342
COBLL1,-3.20562612863978
COCH,-6.671826196643355
COG1,0.6434804031024546
COG5,-1.9251877072833146
COL10A1,0.6998639383663567
COL12A1,3.92966591210755
COL13A1,3.0880436458506075
COL16A1,-0.5059571010675679
COL19A1,4.776985810133595
COL21A1,-0.7001897374095366
COL23A1,5.047603151513682
COL24A1,3.176378218859962
COL25A1,-7.271291522592695
COL26A1,3.7524720650491696
COL4A2,-1.6771406564289677
COL5A1,4.569274924611205
COL5A2,6.306873212731975
COL5A3,4.978877613737227
COL8A2,-9.859964001536571
COLCA1,-6.974497670378215
COLGALT2,4.202261197039357
COMMD2,2.850135795549668
COMMD7,6.917193468035813
COMP,-6.470188626926509
COMTD1,-0.9170790185617633
COP1,1.512342696950124
COPB2,-7.214871968975687
COPRS,7.153322923766159
COPS4,5.858588610706711
COPS5,2.759011563185751
COPS7A,7.947449085145889
COPZ1,-6.898350292410446
CORO1A,6.684527076580632
COX11,5.578986025734417
COX20,-2.265033793725282
COX5A,7.321019087344277
COX6A1,4.0488754422407105
COX7A1,14.047422384006044
CPAMD8,-5.220558209993405
CPE,-2.4914797952600707
CPEB2,-6.9341023063132265
CPEB4,2.3385363749645185
CPLX3,0.8184817884264818
CPNE2,-6.0918114988785526
CPNE3,-10.706660299416036
CPNE4,-0.248115117231264
CPNE5,1.0559665108552265
CPNE6,-5.224167516003359
CPNE7,-2.4656848729906287
CPNE8,2.722581198921226
CPT1C,-2.866196852163809
CPVL,-9.391459270643228
CRAMP1,7.278648777753261
CREB1,4.484999416048667
CREB3L2,-7.736497081818642
CREB3L3,0.11861298545459935
CREBBP,6.451124490543467
CREG1,-6.104246684727382
CREG2,7.202248906221423
CRELD1,6.585791742968131
CREM,-6.005143076700103
CRH,2.4970325610549686
CRHBP,2.802213676317297
CRIM1,-1.8164656646272506
CRIP2,8.439145634329753
CRIP3,-0.5460136685840292
CRIPT,-6.811525687871128
CRLF1,5.44370907179851
CRMP1,2.466611718224702
CRNDE,-16.809471723029436
CRSP8P,0.7314980640800525
CRYBB1,5.257520893143932
CRYGS,5.0175106214448535
CRYM,4.599247164540125
CRYZ,-3.702745159469995
CSAD,2.7404976051161674
CSF1R,-8.640452485438978
CSF2RA,-5.07919231034541
CSGALNACT1,7.4375731099454825
CSMD1,5.011630680317558
CSPG4P1Y,6.1507616156325176
CSRNP2,5.707317557602344
CSTB,-4.19546187693581
CSTF2,1.087859488505491
CSTF3,4.8720243482880425
CTBP2,-6.358068862456406
CTC1,6.515807675072865
CTCF,3.8651951335580375
CTDNEP1,3.4222282033730713
CTDSP1,-3.791362053359715
CTDSPL,5.452244660507095
CTDSPL2,3.5093616548257773
CTGF,1.3087835109616954
CTNNA2,7.208348068057508
CTNNAL1,10.004753763562713
CTNNB1,-5.1544880791799
CTNNBIP1,3.1930947537821877
CTNND2,4.596691964431557
CTNS,-3.8574656765751127
CTSB,6.475184619826783
CTSD,3.825620988441215
CTSH,-1.9869049329175992
CTSK,3.709818190309455
CTSL,2.323537771970094
CTSO,-9.49813046860117
CTSS,-3.9186835172660968
CTTN,-6.795584187062259
CTXN1,-0.4336367001632001
CTXN2,2.315622765630179
CTXND1,-8.535576281774402
CUEDC1,-4.718504240631701
CUL1,3.2212237706080216
CUL2,3.775930868930264
CUL4A,3.0835513829181638
CUL4B,-4.082504235482212
CUL9,4.033765038693185
CUX2,7.665588643866557
CX3CL1,0.7651549131427213
CX3CR1,-4.026866704693156
CXADR,-1.293994209000731
CXCL14,5.355642316357288
CXCL2,-8.077061895540936
CXCL3,-7.952837245233786
CXCR4,-6.872691560187163
CXXC4,-0.19218745719799302
CXXC5,8.3410911558092
CXorf38,-9.812852384612057
CXorf57,-6.000475311515344
CYB561,0.6235273090697395
CYB5D2,-0.07904286490189702
CYB5R1,-5.500779648227573
CYB5R3,-9.449218707540261
CYBA,-9.977130890310727
CYBB,-8.20569080667538
CYBRD1,-7.460070359114505
CYCS,5.69489620610423
CYFIP1,1.4870611172319383
CYHR1,3.85324565894405
CYLD,-9.419263579890705
CYP11A1,-6.499646238585259
CYP1B1,-1.6466135441443064
CYP26A1,5.272857029409925
CYP26B1,5.928083452745262
CYP2J2,-6.8367218370704625
CYP46A1,-0.13683045187034826
CYP4V2,-5.449657597871432
CYP4X1,5.478297117103891
CYP4Z1,3.9906007274872985
CYP7B1,-10.931749827079846
CYS1,6.547904484932113
CYSLTR1,-7.2673444102821465
CYSTM1,-6.906554116845756
CYTH4,-6.17621913671211
CYTL1,-7.3386920931190165
CYTOR,-0.7709112118051646
DAAM1,1.604975026251719
DAB2,-10.375082474935551
DACH2,-3.3469247952767383
DACT1,2.210084630331835
DACT3,2.181831684838483
DAD1,-2.7028918412250755
DAGLB,8.639002245329863
DALRD3,5.3819711780556565
DAP,-9.416800494200311
DAP3,-6.515176453088229
DAPK1-IT1,-0.3112441789699055
DAPK3,7.505175834371069
DAPL1,-9.17049348612367
DARS,-7.0678921147183535
DBI,-5.486779487507713
DBN1,-0.4311580365625735
DBNDD1,3.5714340187224027
DBNL,4.411525175598464
DBR1,-5.012874360778326
DBT,5.009261063780348
DBX2,-5.899850811794769
DCAF10,5.896198787016603
DCAF11,3.539829666415857
DCAF12,-7.268759195281365
DCAF17,-7.674632109136482
DCAF4,4.058223966377896
DCAF6,9.34685316039479
DCAF7,3.5189166814099364
DCAF8,4.4457584089753395
DCAKD,-8.6807652825461
DCBLD1,4.307182332590504
DCC,-4.107740835268873
DCLK1,8.047285485524968
DCN,-4.127248869062084
DCP2,7.351178948459601
DCTD,4.355927605885101
DCTN1,6.823343799394551
DCTN2,3.3601507091708975
DCTN3,8.001278798440362
DCTN6,3.4659172739425803
DCTPP1,7.059633053977604
DCXR,-6.446145639196603
DDA1,-4.504286767280293
DDAH1,-1.5400623695752151
DDAH2,-6.800537885512301
DDB2,6.540849947105423
DDHD1,4.21297081707539
DDIT4L,-4.47273666833121
DDN,2.9265639937223846
DDR1,-5.286922776752405
DDR2,-7.221706732784678
DDRGK1,8.375833123543076
DDX1,8.03362406361754
DDX10,4.888055567898311
DDX25,3.167493448061969
DDX31,-6.7134061565705
DDX39A,-1.1048966532701976
DDX3X,-6.6512023605040325
DDX5,-4.594424696204512
DDX54,-1.1440259404757687
DDX58,-7.920922328533308
DDX59,-8.891599923824874
DDX60L,-8.204667469906862
DEAF1,-0.028597732043767934
DEDD2,5.63824373826942
DEK,4.98020927612378
DENND1A,3.312655644488827
DENND1C,-6.330596457409155
DENND2C,-7.9794992442911825
DENND3,11.259183022813671
DENND4B,5.515810641769531
DEPDC5,8.020327122845043
DEPDC7,-5.201456092491044
DERL1,-9.882305670370824
DERL2,-5.538100006845857
DGAT2,1.3454813275393758
DGCR5,8.164145112506379
DGCR9,5.596335566543397
DGKA,3.5000804467408257
DGKB,-0.3499274129635233
DGKG,-0.061250180756164674
DGKH,-5.004667369505078
DGKZ,3.5438095576235424
DHCR24,-0.8843507795632337
DHCR7,-6.069245456138567
DHDH,1.3015724671081847
DHFR,-5.798694501566803
DHODH,-8.704865837660863
DHPS,7.367615742796209
DHRS11,4.562122245746419
DHRS12,-4.05591455390613
DHRS2,-7.221667045207641
DHRS4,-3.6333401659228253
DHRS7,5.113316810077939
DHRSX,-7.893904575114747
DHX16,4.08306208399666
DHX33,6.467387831112771
DHX40,-6.668280539124167
DHX58,-5.080247210964173
DIAPH2,-4.126187525109814
DIAPH3,-5.520261601116758
DIDO1,7.466176054943714
DIMT1,-7.032315235280669
DIO2,3.313836184536909
DIRAS2,10.265607219782815
DIRAS3,-5.840548569290362
DIRC2,-9.95161605470155
DIS3L2,2.3746596209168995
DKFZP586I1420,5.2969947767777485
DKFZp779M0652,-7.480575944661673
DLD,5.636776184619712
DLEC1,-7.396401851681033
DLEU7,4.754131008104561
DLG2,2.4042929854266264
DLGAP1,6.132037116156348
DLGAP1-AS4,14.165262033047142
DLGAP2,6.084577346356632
DLGAP3,-3.208179113219718
DLK2,1.8769697254255648
DLL3,0.0517802942365421
DLX1,6.239070846069286
DLX2,3.2383000604355274
DMAC2,3.3509919232257612
DMD,0.022321544841617972
DMGDH,-6.366055916935282
DMKN,3.8638099291240464
DMTN,6.888317395943329
DMXL2,1.5471545926012105
DNAAF2,-0.3926065249949103
DNAAF4,-4.324623830250379
DNAH12,-9.01631205200042
DNAH14,-5.871511114213204
DNAH2,-2.740631603893705
DNAH5,-3.891384556198672
DNAH9,-10.357874832449376
DNAJA1,7.238298276600446
DNAJA2,4.9488450904581915
DNAJA3,4.724161649197418
DNAJA4,-8.437797318500776
DNAJB1,-6.484315395906211
DNAJB11,-9.306593658236467
DNAJB13,-8.13943866851168
DNAJB2,3.0672210694111577
DNAJB6,6.386280117403439
DNAJC1,-5.323517582729055
DNAJC12,-10.565837345067782
DNAJC13,-7.445537981273682
DNAJC15,-5.927533703557266
DNAJC18,7.013700063268175
DNAJC19,4.030398409583147
DNAJC2,-0.14261830829404423
DNAJC24,-6.862166737238558
DNAJC3,-6.891937089689715
DNAJC5,3.6242755681698395
DNAL4,0.29120183200355176
DNALI1,-5.817476056305639
DNASE1L1,2.4205828687577204
DNER,-6.555379784071237
DNLZ,3.5309840238628314
DNM1,5.269002557734283
DNM1L,6.11063320774625
DNM1P35,6.714101015739241
DNM1P46,-5.969522867298634
DNM1P50,8.09074304261605
DNMT3A,-5.047361426606326
DNTTIP1,5.171458748951013
DOC2A,10.515096298809112
DOC2B,-8.046558801365759
DOCK3,7.7962193344135535
DOCK4,-1.6194599424383427
DOCK7,-7.660636096940886
DOCK8,-5.979764357590107
DOCK9,-4.218061888640176
DOCK9-AS2,-0.7304473809738052
DOK1,-5.399792603185365
DOK4,1.239849693196869
DOK6,0.368474479003208
DPCD,1.6979805751559687
DPF1,3.8198897160614527
DPH3,0.5496768157641296
DPH5,-5.606915428419854
DPH6,-7.902880721620959
DPM1,6.912792580165104
DPP10,7.224688335693282
DPP10-AS1,3.4442234475992044
DPP6,-3.516495212360499
DPY19L1,8.128275372938228
DPY19L2P1,3.9799778264511305
DPY19L3,-8.760286329634834
DPYSL2,4.138697184829317
DPYSL3,-3.393678346197912
DPYSL5,-4.010432748930176
DR1,-5.681101134217157
DRAIC,-9.366243298871698
DRAM1,-4.356374084027433
DRAXIN,-3.374948225050765
DRD1,-0.12043353527141093
DRD2,-12.963912264084097
DRG1,5.555601133383642
DRP2,3.776775691373661
DSEL,-8.482158739181456
DSN1,6.858122969904131
DSTN,5.701072717685177
DTD1,-6.413988797818595
DTNBP1,-3.5889880403212984
DTWD1,-6.134980766496125
DTX3L,-7.366200419805799
DTX4,8.02095983642999
DUS4L,-5.704108200688798
DUSP12,6.551451544686669
DUSP15,-8.302680960196515
DUSP18,-4.8398152279755715
DUSP19,1.5501176325849366
DUSP2,6.525934182252356
DUSP23,-2.9009870604827452
DUSP26,4.615826059174703
DUSP3,7.9658977822905115
DUSP5P1,0.6566391567330762
DUSP6,2.556577909466567
DUSP8,2.805778518547514
DVL1,3.5817233793486594
DVL3,3.8696972799707843
DYDC2,-4.102209626868056
DYNC1I1,4.881172556882483
DYNLL1,2.2777550323686806
DYRK1A,4.063950587840868
DYRK2,2.322520330366459
DYRK3,-4.672201388228505
DZIP1,3.7081581568661433
DZIP3,-0.40824815634662476
E2F3,-1.1934524159307707
E2F5,-5.457879868394876
E2F6,3.5539325663882564
EAPP,5.902651162150195
EARS2,3.004697509652697
EBF4,-5.5552293139786215
EBNA1BP2,7.091163251460372
ECEL1,-15.42273503020453
ECHDC2,-4.978936851929426
ECHDC3,-5.016432683419417
ECHS1,1.7816668978691397
ECI2,-5.173443802405354
EDA,-8.062723852536378
EDNRA,2.1333918567328847
EDNRB,-7.772080794529907
EED,5.276841366749605
EEF1AKMT2,4.306849948188259
EEF1G,-2.4641344365509266
EEF2,6.980780850617121
EEF2K,1.7746722025962438
EFCAB1,-2.272120497328217
EFCAB7,5.549577182976962
EFEMP1,-6.0058237236750935
EFHC2,-0.9326887705823323
EFHD2,9.545284037209107
EFNA1,-6.9370042915766525
EFNA2,-10.430577916095508
EFNB2,6.1729827492340466
EFNB3,-0.9190645116427161
EGFEM1P,-5.254768030377775
EGFL7,9.106789028651244
EGLN1,-7.60048648807326
EGLN3,-4.870310235933151
EGR1,5.632816580203675
EGR3,1.7590832708658424
EGR4,-1.7028569992902445
EHBP1L1,6.309484501033895
EHD3,3.442663595942803
EID2,7.327114917354074
EIF1,0.7412164636199938
EIF1AD,5.366872749389955
EIF1AX,7.050319402878434
EIF1AY,-5.763241806655323
EIF1B,5.682626489055172
EIF2A,-2.4525127389640358
EIF2AK4,-6.947981914162734
EIF2B5,6.045764764129441
EIF2S1,6.582247777348544
EIF2S2,5.35968315600173
EIF3J,0.17781840075040312
EIF3J-AS1,4.3069082808660015
EIF3M,-5.5431717448831925
EIF4A2,10.801832779834823
EIF4EBP1,-7.063391728700956
EIF4H,7.215142771152811
EIPR1,5.632031539133547
ELAVL3,6.611079333984951
ELAVL4,11.564604460821997
ELFN2,3.6493321468951607
ELK3,-6.309624385730155
ELL2,8.547851677988307
ELL3,-1.0781779257099107
ELMSAN1,-5.528401975013625
ELOB,-2.7710811267035367
ELOC,6.9578725471407585
ELOF1,7.497996246761975
ELOVL5,-6.425754701068456
ELP1,5.072623184797039
ELP4,-11.32096145100274
EMC1,5.402629457451864
EMC3,5.459740171335101
EMC3-AS1,1.0089943979341642
EMC4,6.269533019616965
EMC7,-3.2769639529104992
EMG1,-5.09130181550115
EMID1,4.2380943547619925
EMILIN1,-7.862381164868537
EML4,-8.70965009825835
EMP3,-7.302987239791088
EMX1,9.864237850918597
EMX2OS,2.61839761424081
ENAH,-7.869766451629375
ENC1,8.394916705388557
ENDOG,6.662968510562366
ENHO,-5.93459814163551
ENKUR,-10.202306365098105
ENO1,2.3546731566398393
ENO2,9.182093773558103
ENOPH1,4.025686690846619
ENOSF1,-7.061110584550237
ENOX1,-2.4557922494321107
ENOX2,-7.74177634818696
ENSA,9.460403745472798
ENTPD6,-0.0747809982262434
ENY2,-7.65119907197093
EP400,-6.1586967655672264
EPB41L4B,7.408836740514335
EPB41L5,4.258796253488668
EPC2,7.921224166278885
EPCAM,-7.063872466639085
EPDR1,-1.7269137762954228
EPG5,-4.427274454736835
EPHA10,3.284737274567268
EPHA3,5.052177938914273
EPHA4,2.115417473427412
EPHA5,1.3883533970833462
EPHA6,-4.8285008621781325
EPHB2,3.5549967914504825
EPHX1,-10.167146963121837
EPHX2,-7.849910992965438
EPHX4,12.951945887339651
EPOP,14.997243734365233
EPS8,-6.84904272337089
ERBB2,-8.851878207411756
ERBB3,-4.148278925172114
ERBIN,-4.7336149024254
ERC1,-8.483106418360169
ERC2,5.882696587259595
ERC2-IT1,4.3545165512535196
ERCC2,2.038333069737253
ERCC4,1.5683998148721359
ERFE,3.9006697838580338
ERI2,-6.39328199982457
ERI3,4.670057837293731
ERICH1,4.052912230419046
ERICH2,-7.284993891511659
ERICH3,3.343431062086631
ERICH6-AS1,-7.890521424020978
ERLIN1,-2.9889329265782174
ERLIN2,-7.294971170614592
ERO1B,-4.484172692858946
ERP29,-9.197755622760816
ESYT3,0.6229014319265651
ETFB,-4.5614433046633
ETFRF1,-9.30110768806688
ETNPPL,-6.85805871924342
ETS2,12.042441048030541
ETV5,6.798140696554031
EVA1B,-8.311569217018949
EVI2B,-7.220601336268797
EXD2,-6.765404569596265
EXD3,3.97914445673493
EXOC3L2,14.422236411125711
EXOC5,-8.609077242709647
EXOC6,3.2120732282114153
EXOSC10,4.227487469708418
EXOSC3,-6.138607181986205
EXOSC5,5.107273495646341
EXOSC9,4.795321694668281
EXPH5,2.0719120463118794
EXT1,4.082684364313241
EXTL1,6.8947221674809995
EYA1,-10.640718392952992
EYA2,-5.658809318267887
EYA4,0.31956034669026573
EZH1,4.990391325845762
EZR,-6.433113348474311
F12,-2.550224018245116
FABP3,1.2285107492258631
FABP5,-7.620589527475328
FABP5P3,-7.45388810941949
FABP7,-0.24741773031448472
FADS1,-4.338092857141034
FADS2,-6.990125060371369
FADS3,6.5711432900031195
FADS6,3.2053084174222897
FAIM2,6.548728718301186
FAM102B,3.2733081595526925
FAM107A,-2.2777738028834547
FAM110A,-6.586163814319277
FAM110C,5.565054611372826
FAM111A,-9.57324754044631
FAM114A1,-9.709770136910134
FAM117A,-8.500179537400296
FAM118A,-5.298288820636126
FAM118B,-3.155613205715919
FAM120AOS,0.7186980605114288
FAM129B,-2.766135377811638
FAM131A,3.8907160612473013
FAM131B,9.498984812071429
FAM13A,5.4932675584006825
FAM149A,-3.963792252800623
FAM151B,-1.1789310711067742
FAM153A,6.994298863911755
FAM155A,0.39658393687471044
FAM160A2,6.043678480241123
FAM162A,-3.629980804437894
FAM162B,12.773000616393263
FAM163B,5.6113165903555196
FAM167A-AS1,-9.005142984261859
FAM167B,4.185824045870438
FAM171A2,1.9420838761049346
FAM171B,3.1167379516445193
FAM172A,-6.182366708686271
FAM173A,6.868346355151494
FAM181A,-4.927436841285864
FAM181B,-4.2025731573474046
FAM184B,-6.747010030374376
FAM187A,2.897847519889959
FAM189A2,-9.745652004287548
FAM192A,2.7588674005590685
FAM196A,-12.256648880069196
FAM199X,-7.43849157809609
FAM19A1,5.68347576955403
FAM19A2,8.784632794389259
FAM201A,-8.154625322306886
FAM204A,-7.263734170028198
FAM207A,-5.1408129018452104
FAM20A,-0.27678748263757263
FAM210A,0.7229040745264556
FAM210B,-9.685469271636684
FAM212B,2.6010924304303287
FAM220A,1.9686376206860885
FAM228A,5.329233143262627
FAM228B,1.5335594455299277
FAM234B,6.160903022502257
FAM241A,-3.400286968892141
FAM241B,2.566755592232708
FAM27E2,0.44498331387369233
FAM27E3,1.414595797544443
FAM32A,3.371257971514407
FAM3C,8.32311067640405
FAM46A,-10.433755099918391
FAM47E,4.487243274137508
FAM49A,4.326869494654141
FAM69C,-8.135338383968104
FAM71F1,-5.304653322933446
FAM76B,4.454281217315924
FAM81A,7.585682613070928
FAM84A,7.659059124248183
FAM86B3P,-5.088955331086404
FAM86C1,-7.7572467874181665
FAM86C2P,-8.099710005966747
FAM86EP,-6.480168775470906
FAM86FP,-7.27710764073472
FAM89A,-5.621457809639371
FAM89B,6.278412241890035
FAM92A,8.486662987734254
FAM98A,-0.9515684794824407
FAM98B,4.629702788152971
FAM98C,7.126951221722725
FANCL,-2.1687941472185606
FAP,6.7579749161642795
FAR2P1,-0.7709215587366699
FARP1,-0.14141029321616885
FARP2,-4.947324236447339
FARSA,8.867246642916768
FAS,1.1596397030405818
FAT1,-5.644713479683684
FAU,-4.314616859505629
FAXC,9.676806510718011
FBL,-1.1383519874756833
FBLN1,-6.5260652040087175
FBLN2,-7.552556647086384
FBLN5,-5.066208546947464
FBN1,1.8483080913948702
FBRSL1,8.319867833339368
FBXL12,5.523388498974416
FBXL15,4.868098627289343
FBXL16,2.664405289942209
FBXL18,1.2809148251595008
FBXL2,-1.7849955355899627
FBXL20,3.674344965282324
FBXL4,-4.190676144178268
FBXL7,-6.843800528654979
FBXO15,-8.564946592217396
FBXO16,5.748514123009211
FBXO2,-2.7710997953475247
FBXO22,5.146903225328709
FBXO25,5.131508546374989
FBXO27,5.34481685378877
FBXO3,-5.0620113840292005
FBXO30,-7.297511250219484
FBXO34,2.4937021313322543
FBXO40,7.6420908183931475
FBXO41,7.3228940040737776
FBXO45,5.286510809627172
FBXW2,4.254060685509115
FBXW5,5.904576891442424
FBXW7,11.831866984148157
FBXW9,5.005934996856331
FCGBP,-8.942952986928779
FCGR1B,-5.565606699837676
FCGR2A,-8.874466879700478
FCGR3A,-4.1781605729933
FCGRT,-8.688876867240282
FCHO2,3.9097336636824225
FCHSD2,-4.712150436079731
FCRLB,5.752879700678884
FDFT1,0.37593646121245394
FDPS,2.6023742740000744
FDPSP2,3.26576453649288
FDX1L,5.647558706949511
FEN1,-7.130622384357426
FERMT1,-5.13283330438134
FERMT2,-7.017484229796623
FEZ2,6.430670307926778
FEZF2,2.6587351196823312
FGD3,-2.0497303655935357
FGD4,-10.233455098337771
FGF12,10.892448407798113
FGF14-AS2,-7.645010073361533
FGF17,2.844987820581645
FGF2,-6.018176101417474
FGFR1,-7.424664953421993
FGFR1OP2,5.496423326697177
FGFR3,-3.6732315557970048
FGGY,-6.159018427882548
FGL2,-5.944382393914994
FHL1,-6.919199066108258
FHL2,5.381509159740835
FHOD1,-4.0285913840209435
FHOD3,0.3997884897292707
FIBIN,-6.922932309607274
FIBP,5.828002919219018
FIG4,0.8600878025649181
FIGN,-0.6410482476665519
FIGNL2,3.798218184729146
FILIP1,-0.33650653665535546
FILIP1L,3.1418590510300732
FIS1,3.5698088971485267
FJX1,-2.175990852541868
FKBP14,-4.097068837307311
FKBP1A,-3.368773962143792
FKBP1B,-2.485957002411913
FKBP3,6.572662925272595
FKRP,-4.670863600966294
FKTN,-7.083433903272357
FLAD1,4.209498176372243
FLJ33534,9.009923786125473
FLOT1,6.31524405914848
FLOT2,6.108611253542458
FLRT1,-1.7367352928987874
FLRT2,10.209797763194493
FLRT3,3.0408391592165764
FLVCR1,-10.20067612267419
FLVCR1-AS1,-3.5403144278692054
FLYWCH2,-6.149029284092798
FMNL1,2.0291264797717203
FN3KRP,4.371878933831408
FNBP1L,-6.426770762293853
FNDC11,2.6920113250282767
FNDC3A,-8.720069508655381
FNDC3B,-4.273311260698587
FNDC9,-0.0932704418091706
FNIP2,4.683599332666569
FOLR1,-8.441398460215739
FOLR2,-5.8673497268981265
FOSL2,4.833630506444414
FOXF2,-1.4195187722126665
FOXG1,0.8447714117453514
FOXN3-AS1,-4.086519911334482
FOXO1,-7.474463336149035
FOXRED1,6.129457024850406
FOXRED2,5.619145268395973
FPR1,-7.4098496406013235
FREM3,4.958688934614233
FRMD3,-2.3292295701440358
FRMD6,4.598424575749447
FRRS1L,-1.2697130919769624
FRZB,-0.2275505098462229
FSD1,6.378105320992456
FSIP1,-1.7626065513520284
FSTL5,-1.3658077830934072
FTH1,3.9483404011901144
FTL,-2.5549910665273425
FTO,-6.97712399491971
FUBP3,-7.744671421398948
FUCA2,-8.31791654247577
FUNDC1,-5.818561185602311
FUOM,-3.922958658547438
FUT9,8.716608031817431
FXN,-9.300742727949059
FXYD1,-6.060736870637351
FXYD6,11.061511995079616
FXYD7,8.098688527305256
FYB1,-9.105700608981886
FYCO1,-2.2298070722382137
FYN,-6.7172142550062715
FYTTD1,-7.202392341066518
FZD1,-8.878950981093496
FZD2,-7.478457679395613
FZD3,8.13472557184469
FZD7,-7.810202870897578
FZD9,-4.991731494591437
FZR1,-1.1405004952177744
G3BP1,-8.21367366171402
G6PD,3.6596704528216613
GABARAP,-8.007620893982034
GABARAPL1,9.237384064163304
GABARAPL3,6.487685036988363
GABBR1,0.7312311251829829
GABBR2,4.1466627038826065
GABPB1-IT1,1.84836057113813
GABRA2,-2.314031242388936
GABRA3,-3.104809607665971
GABRA5,-2.484897760605851
GABRB1,-3.526599835824475
GABRB2,5.948604801818789
GABRB3,-0.33812548434095746
GABRD,8.210451898198595
GABRE,-0.8188954096121547
GABRG1,-5.539599880313085
GAD2,-2.784703668367221
GAL3ST4,-5.590669003715875
GALK2,-7.120135048698797
GALM,-5.898357046138943
GALNT10,-7.516391321232369
GALNT11,6.410297263401493
GALNT14,0.029621083565761784
GALNT17,8.24226773483883
GALNT7,-4.295874819102952
GALNT9,7.697571224407572
GALNTL5,10.030526351969616
GALR1,1.5107266987234922
GAMT,-6.403620779970108
GAP43,4.467034954099236
GAR1,1.2546394105484104
GAREM2,-6.891100337132745
GAS7,7.143971957198253
GAS8,4.590446614769731
GASAL1,-3.5898975846326784
GAST,8.531727931589797
GATB,8.01595493066355
GBA,1.534284486435114
GBA2,4.704643838413146
GBAP1,2.6586135397822046
GBF1,2.955122547658892
GCC2,7.550220727878423
GCNT1,0.13150110352382424
GCNT4,5.84136505611323
GDA,7.868167997505416
GDAP1L1,8.8369275379904
GDF11,-7.585429879410572
GDPD1,7.123161662899366
GDPD2,-7.090901013795422
GEMIN2,4.517424368473266
GEMIN5,-9.306391590506156
GFAP,-2.220763030497397
GFOD1,2.984496683535297
GFOD2,6.449325008300821
GFPT1,5.563542075504542
GFPT2,6.3854975880064515
GGA3,7.049135960576658
GGCT,6.993897938102571
GGCX,3.0297810676617116
GGN,2.505429350994251
GGNBP2,5.728675880915407
GGT6,6.909946085952637
GGT7,5.708905331373004
GGTA1P,-4.5372615084822
GHR,-5.112316166554779
GID8,4.268153416682121
GIMAP2,-6.603033295208077
GINM1,-6.482325980096826
GINS2,-6.353390402744754
GINS3,-12.354301961824076
GJA1,-8.021347103107484
GJB6,-7.094449531135392
GLB1,2.2633484039514573
GLDC,6.426222126904673
GLG1,-5.673545264055765
GLI1,-5.729473254431945
GLI3,-7.447915723583736
GLIPR1L2,-7.641726894115895
GLIPR2,-3.8812634314598204
GLIS1,5.109419186725617
GLMN,8.838752715259764
GLMP,-5.597254296577631
GLOD4,-3.4070539842562346
GLP2R,7.8751772509722375
GLRA2,-3.95743073836302
GLRA3,-1.1459559084304811
GLRB,6.64067129694074
GLRX2,9.251444412040977
GLS,3.9806884281040333
GLT1D1,6.4998673434430785
GLT8D2,-0.34140824542571535
GLUD1,-9.96467722738589
GLUD2,-9.32330592329774
GMDS,-5.975274167213631
GMFB,4.478413096282216
GMFG,-4.065634464816842
GMIP,-3.901362292653133
GMPPB,3.104267072636405
GMPR2,5.804550615196558
GNA11,3.7213452902058335
GNA12,-7.928808363924226
GNA13,-7.55027946478379
GNAL,-6.387960243276619
GNAQ,2.9682454708797947
GNAZ,2.9316925778350944
GNB1L,4.000253751572999
GNB2,0.4524516064394859
GNB3,2.4556539960828534
GNB4,2.9366084475759684
GNB5,6.613266031916422
GNG10,-8.232498270680107
GNG12,-7.01486124943698
GNG2,-1.2325912363744569
GNG3,8.550329486885477
GNG4,-4.954832755634491
GNG8,-6.048136807208543
GNPNAT1,3.7738356024829094
GNPTAB,0.6629610680232854
GNS,-6.728999619389456
GOLGA2,3.6419378288844007
GOLGA6L17P,3.306292531171292
GOLGA7B,4.85113263516133
GOLGA8A,1.6997855530591959
GOLGB1,6.157876851557602
GOLM1,4.618353215056757
GOLT1A,-9.181015366214078
GOT1,7.990713197478149
GOT2,5.723099455019922
GPAM,-6.5089180734326
GPATCH11,-6.545275006781861
GPATCH4,6.432524991173868
GPATCH8,3.597667539874019
GPC4,-3.0195127288001777
GPC5,-5.477659118945447
GPC6,0.7896189726790597
GPD1L,8.271324235252173
GPD2,-5.4646692278539
GPHN,-3.5302393548587276
GPI,5.456430152900269
GPKOW,5.20236734525066
GPLD1,4.969832217466363
GPM6A,7.9266164396360175
GPM6B,-2.6609773728505943
GPNMB,1.7810080124326462
GPR107,-7.015771491834405
GPR137,4.804090732670237
GPR137B,-7.217157285935957
GPR143,-5.300614691361075
GPR149,-8.219249070738758
GPR155,1.2497731906941019
GPR162,7.0336566871021144
GPR171,5.103115328075139
GPR183,-8.243678918269708
GPR19,-7.475880437090248
GPR22,3.6114828890166257
GPR26,6.651540454918706
GPR34,-4.8532353071210155
GPR39,-6.416145283479127
GPR52,-7.584314333664812
GPR6,-1.656354364258717
GPR61,3.6040036176853274
GPR68,-0.6838951799723046
GPR88,-3.9606681578190774
GPRASP1,6.452575652604019
GPRC5C,-7.848749613994077
GPRIN1,2.75012759956275
GPRIN2,-10.4023510094023
GPS1,4.088881481935494
GPSM1,5.686496267391368
GPSM3,-8.522368325833833
GPT2,0.49071438717147947
GPX1,6.087908364811221
GPX7,-4.584854652289604
GRAMD1B,0.21803336710512125
GRAMD1C,-7.501737081621452
GRAMD2B,-4.930074581319336
GRAMD4,4.7737693190437325
GRASP,6.578106744283869
GRB10,-6.9436501703103
GRB14,-0.3977819740258362
GREB1L,-7.471212606371526
GRIA1,-1.9495723019650257
GRIA2,0.5956246862476039
GRIA3,2.5723273791430574
GRIA4,3.349148092069273
GRID2,-3.214815361157212
GRIK1,-0.39651724894214263
GRIK2,-0.5253221902775063
GRIK3,6.119510740893077
GRIK4,-3.1558432983136586
GRIN1,5.506282236477002
GRIN3A,2.476276865739725
GRIP2,0.8198718482341825
GRIPAP1,4.546329543856611
GRK2,5.541733510418866
GRK3,3.7215306201042493
GRK5,-0.8788968356560226
GRK6,3.4342992448917897
GRM1,-1.352481784475465
GRM3,0.2579970404680942
GRM5,-2.111375789139956
GRM8,2.779998208460735
GRN,-8.032814614888094
GRP,-1.823604292907181
GRPR,2.1064444577155377
GRSF1,7.580158543323665
GS1-124K5.11,8.141371958986346
GSAP,-0.44735628269555794
GSDMB,4.021130833968086
GSDME,4.1994507392289036
GSE1,6.775369653514622
GSG1L,-4.008097430467594
GSK3A,4.096417193505926
GSK3B,7.4956245409116855
GSKIP,-1.2097992337076786
GSPT2,-4.534230305557317
GSTA4,5.804746068848123
GSTM1,-4.091734343984968
GSTM2,-5.349108730407108
GSTM2P1,-4.45406387204272
GSTM3,-1.1466976832832547
GSTM5,-0.9354929046644933
GSTP1,-4.221442238814096
GTDC1,5.400620495336627
GTF2F2,-9.274249107578013
GTF2H2B,1.853017523543975
GTF2H4,2.4584736976103754
GTF2H5,-1.3562303675226317
GTF3C6,0.6645338136668901
GTPBP2,4.899857778128726
GUCA1B,11.585403205116158
GUCY1A1,-3.5101683337868175
GUK1,4.0957489299373275
GULP1,1.540117619728457
GXYLT1,-6.374996158345983
GXYLT2,-1.4584792971474658
GYG2,-6.315447193527689
H1F0,4.387445375632765
H1FX,4.91368087514892
H2AFJ,-8.64096148056347
H2AFV,-4.808894113111929
H2AFZ,7.9211479871691015
H2BFS,-5.523479724036382
H3F3C,-2.5677786331249717
H6PD,-6.49825054692934
HAAO,1.8465148033837673
HACD1,-1.1698014807677477
HACD2,-3.7479683458351514
HACD4,-6.284420195609199
HACE1,6.275256895649937
HACL1,10.318138505787832
HADH,-4.048006168262837
HADHB,-8.33916859081472
HAGH,6.070781361495813
HAUS3,-3.4588529396750864
HAVCR2,-7.082187750119759
HBQ1,1.5668472998073009
HCFC1R1,-5.821547700993216
HCG23,-1.075639712016257
HCK,-4.545074946170609
HCLS1,-4.447455850649341
HCN3,-1.5878144395123739
HCN4,-5.98235535684448
HCST,-7.9751846715562955
HDAC1,-6.195011990934136
HDAC10,5.2630354580448655
HDAC2,-8.610797903116874
HDAC4,6.636137559101642
HDAC7,-5.298573194118659
HDAC8,4.928417713264502
HDAC9,3.4297547892219797
HDC,-4.748741431074796
HDGF,-5.782934522685829
HDGFL3,7.955329031568172
HDHD3,-6.23968272477657
HEATR3,-5.486034685952122
HEBP1,-8.620092058887906
HEBP2,-8.99479033279037
HECTD2,4.16400323762327
HECW2,5.3616810548681935
HEPACAM,-5.2881191207929845
HERC1,8.58934711221918
HERC2,2.3489309957776134
HERC5,-7.64685105391982
HERPUD1,1.5363699112190654
HES1,-6.785028444295406
HES4,-4.711569238144822
HES5,-4.706417653317155
HEY1,-7.294111647998759
HEY2,-9.426107062303675
HEYL,-11.252745916641006
HGD,2.2271586935690597
HGF,2.806931337746767
HGH1,-7.288657455956955
HGS,3.3628313477083815
HGSNAT,-2.8442990680445273
HHEX,-8.751427480764224
HHIP-AS1,-7.600242777834308
HHIPL1,-7.1160943659807065
HIBCH,-8.50805337615012
HIC2,2.9543149611453794
HIKESHI,6.643853597729568
HILS1,-5.718438630777938
HINFP,5.926171967149305
HINT1,6.40476368611005
HIRA,4.400634462227505
HIST1H1A,1.0641597797387918
HIST1H2AD,-6.803132680696941
HIST1H2AG,-6.933857683606298
HIST1H2AK,-7.252753535594329
HIST1H2AM,-8.084948261853967
HIST1H2BB,-7.995305313214852
HIST1H2BE,-7.308882808406946
HIST1H2BF,-6.952899295223834
HIST1H2BH,-7.857217198482018
HIST1H2BK,-5.176793293651471
HIST1H2BL,-7.203375815978863
HIST1H2BO,-7.793632581652025
HIST2H2AC,-7.612590428234785
HIST2H2BE,-7.134784482574005
HIST3H2A,-7.170475676580028
HIVEP1,10.278552614095085
HK1,7.818916987692943
HK2,-8.492857962177375
HKR1,4.375097312272257
HLA-C,-4.945141743332795
HLA-DMA,-7.135971383516897
HLA-DMB,-5.574241564254853
HLA-DOA,-6.470937140909548
HLA-DPA1,-4.3257642867455655
HLA-DRA,-4.225598466342449
HLA-F,-4.891126079599911
HLA-G,-5.264719656033644
HLA-H,-4.373121848727865
HLCS,-8.893967755256428
HMG20A,3.4142548163870807
HMG20B,-6.331664155864475
HMGA1,4.572710234515056
HMGB1,1.5827008054324656
HMGCR,-0.45770142197281416
HMGCS1,0.8230682082404448
HMGN1,-7.357933778733295
HNMT,-5.262799807638606
HNRNPA3,8.06016810676267
HNRNPA3P1,2.608547675946699
HNRNPC,-2.535177982603518
HNRNPU,-6.2786233600932855
HNRNPUL1,-8.747480974431946
HOMER1,5.62968140896915
HOMEZ,-6.856993878445788
HOOK2,6.673095268976805
HOPX,10.069094617612295
HPCA,-1.3706887530172156
HPCAL1,5.159989357538111
HPCAL4,1.3178775768186481
HPGD,-7.799388003835048
HPGDS,-7.146656367825624
HPRT1,5.814063601130075
HPS4,0.6999101504132804
HPS6,6.261652244048881
HRAS,0.3976361885647767
HRASLS,0.15542729885575504
HRH1,11.30447067803003
HRH2,5.4083856030348025
HRK,2.8402085171842053
HS2ST1,3.64889413601413
HS3ST2,13.66657995601682
HS3ST4,5.162622308816147
HS6ST1,9.095395303796947
HS6ST3,1.5386774080214967
HSBP1,-4.046423618573755
HSD11B1L,5.7716083965725
HSD11B2,-5.0296806954199935
HSD17B10,-7.448454997143741
HSD17B11,6.796249316469083
HSDL2,-7.941056662816598
HSF2,3.89205001202488
HSP90B1,-5.157685229320126
HSPA12A,2.5301181070267886
HSPA4,-6.61727985240604
HSPA6,-7.1575633416226445
HSPA8,8.243061767779
HSPB11,3.1864947443346794
HSPB3,14.146546080782445
HTR1A,0.5340341785177927
HTR1F,10.837171965663627
HTR2A,14.130989672266693
HTR2C,-7.224406776150075
HTR4,-2.5883726705384036
HTR5A,8.96557560023843
HTR7,-4.7716380730907835
HTR7P1,-3.434643383475988
HTRA2,5.480542364934579
HTT,5.039852125668466
HUNK,1.60705371515551
HYAL3,0.952853049160739
HYDIN,-8.307740213734268
HYI,-2.702989705212144
HYKK,-7.0058396185350595
HYLS1,3.904826020371382
IARS,7.262828822239872
ICA1,4.01634042583882
ICA1L,3.709698877073912
ICAM3,-5.97039438945084
ICAM5,-0.8798222702278935
ICE1,0.784961675612366
ICK,-2.1534102055187376
ID2,10.561735303770655
ID4,-8.85073927973951
IDH1-AS1,-4.790949966094052
IDI1,1.5776369013725253
IDNK,-2.619686408674151
IER2,3.5195525165470496
IER3IP1,5.1089437016459875
IER5,12.582319275041723
IER5L,11.189362861057411
IFFO2,7.712160204233284
IFI16,-6.938742313793444
IFI27L1,-5.429098165077412
IFI27L2,-7.389116983741028
IFI30,-6.092115540996593
IFI44,-6.333015067641168
IFI44L,-4.520456901903351
IFIT1,3.8509805653319247
IFITM10,6.759998908903577
IFNGR1,-6.855722570260909
IFNLR1,-2.286799070488901
IFRD1,-5.563653372908725
IFRD2,-0.6673315701260547
IFT122,5.213402899717848
IFT172,3.7231015444728985
IFT22,-0.33058073477688854
IFT52,-7.7696528104601414
IFT74,-8.16205177262362
IFT81,-6.265545730793262
IFT88,-7.974659671354771
IGBP1,5.39405661590349
IGDCC3,-0.9556491619145717
IGDCC4,-5.172998781615181
IGF1,-0.4121314095918544
IGFBP3,2.445169951394328
IGFBP5,-2.363136067525086
IGFBP6,6.028835245627673
IGFBPL1,-7.40759181290496
IGFN1,-9.17454736155867
IGHMBP2,7.367459710926221
IGLON5,-2.4397146642934624
IGSF21,8.44178655811736
IGSF22,-3.1197438154450268
IGSF3,-0.0035479975068415976
IGSF6,-7.931210145274152
IGSF8,4.290623366384297
IKBIP,-2.632084550088821
IL12RB2,0.529288585650652
IL13RA1,-6.805866151620078
IL13RA2,-8.478650903821404
IL17D,-1.0543321913282977
IL17RA,-6.367463876215628
IL17RB,-4.946039819896605
IL17RD,-7.350226960925037
IL1B,-3.48725940306192
IL1RAPL2,1.496358403711533
IL27RA,1.624772729936861
IL33,-6.4771232822872
IL34,-0.6646139397871096
IL3RA,-6.299731042425322
ILDR2,0.4222571724997205
ILF3,6.045197148888906
ILVBL,-5.914658314930117
IMP4,4.866335135717942
IMPA1,1.8823328336046339
IMPACT,-7.4717617880998946
INCENP,2.6353419933214974
ING1,5.7289184833305695
ING2,2.6868694035965244
INHBB,-6.771931821600118
INPP4A,4.578306371467526
INPP4B,-4.1892992694505615
INPP5E,2.511382592596714
INPP5J,1.3882609892658322
INSM1,-2.051140775885963
INTS10,3.998812368822988
INTS12,-7.037077444971051
INTS14,-6.508490589459299
INTS4,-5.543754115521678
INTS6,-7.326402295146674
INTS6L,4.87387603987519
INTU,-5.286186696446996
IPO5,10.600273206072615
IPO5P1,-0.35145590220196427
IPO9,4.083369592269817
IQCA1,-8.475745936514928
IQCB1,3.865345761087736
IQCE,6.744711965775374
IQCG,-6.923445037903448
IQCJ,-4.247942965158074
IQCK,-7.743631092217097
IQGAP1,-5.51749545174463
IQSEC1,10.099472254829408
IQSEC2,3.0724992352159406
IRF2,-7.579751700002217
IRF2BPL,-4.391118514357681
IRF5,-6.658100233952329
IRF7,-5.807242087574179
ISG15,-4.563918707783175
ISLR,8.790843096276758
ISLR2,1.1532106992472182
ISM1,-7.776258314993978
ISOC1,-6.253119724818613
ISYNA1,-5.876425153339683
ITGA5,-7.50646039913016
ITGAX,-7.060814319915886
ITGB1BP1,5.586523551134151
ITGB2,-6.492217282704245
ITGB7,-7.819367144069381
ITGB8,-6.387833473354678
ITM2C,2.855909814132329
ITPK1,3.3776469035702927
ITPKA,5.448295025979231
ITPKB,-6.628213782505411
ITPKC,1.9297264357429993
ITPRIPL2,-6.659343060181297
IWS1,-7.4401630512688595
JADE1,6.750559788028635
JAG1,-7.235917587882128
JAK1,-6.537740407319199
JAKMIP1,-2.8549184944913013
JAKMIP2,4.63483138780432
JAZF1,4.131917321007644
JCAD,1.8381441111888186
JMJD1C-AS1,-0.4794543281683865
JMJD4,-1.8164841264639444
JMJD7,-2.1954025227303764
JOSD1,9.754685562668161
JPH3,0.6150321727905863
JPH4,-0.9264333758695691
JPT1,1.4791305800685324
JRK,4.175010364830273
JTB,5.215957589424155
JUP,-6.0664555919679
KANK1,-5.260998910580709
KANSL1L,-6.364848690536774
KANSL3,6.592727719871225
KAT14,3.9205811347148134
KAT2B,-7.415709278627541
KAT7,5.068970335353643
KATNAL1,0.42133505559549594
KATNB1,5.658311994489915
KATNBL1,2.5751526988053244
KBTBD11,9.513853223735875
KBTBD12,4.339048415088858
KBTBD3,-2.513507287987918
KBTBD4,4.662822405334787
KBTBD6,-6.763226367961316
KBTBD7,5.400426409562032
KCMF1,0.11917213086535028
KCNA3,-3.2783396568393477
KCNA4,-5.75200660015201
KCNA5,-9.53803795264511
KCNAB1,-2.245023161474542
KCNAB2,3.2996763731001018
KCNB2,1.216347983104658
KCNC2,4.292622611195801
KCND3,2.915145435756028
KCNE4,-7.487706101246649
KCNE5,-10.560730063836951
KCNF1,6.617022059159971
KCNG1,2.0594478612816514
KCNG3,-3.0713480290734285
KCNH1,6.950561920829819
KCNH3,4.200601943601763
KCNH4,1.8252411346089286
KCNH5,5.291049630527311
KCNH7,6.19485944747182
KCNIP3,12.441752183061988
KCNJ10,-5.113873199226676
KCNJ12,1.8029452816889022
KCNJ3,8.698335238966129
KCNJ4,7.285207800844157
KCNJ6,4.034046966185258
KCNJ8,7.735838791929082
KCNJ9,5.030075207057883
KCNK1,4.142689788222609
KCNK10,3.216376784567019
KCNK12,6.55473659753548
KCNK2,-5.4932640613760695
KCNK3,0.989743134911411
KCNK6,1.6760594856790934
KCNMA1,12.819738958282056
KCNMB2,1.2261764247927358
KCNMB4,5.208408127111028
KCNN1,3.809984215716221
KCNN2,2.5124974520907593
KCNN3,-7.6809529389918545
KCNQ1,-6.6024608446406985
KCNQ2,3.925328292563394
KCNS2,12.36508716549403
KCNS3,5.521523693605931
KCNT2,6.156411915839618
KCNV1,7.799130870125105
KCTD10,-5.635941445375405
KCTD12,-7.193159469378241
KCTD15,3.177211189551696
KCTD16,3.216757341159333
KCTD21,-7.5684171767032495
KCTD3,-8.117019779171732
KCTD4,-5.590385133149456
KCTD6,1.0247108661341477
KCTD8,2.9461879508048496
KDELR1,-7.5621860751100085
KDELR2,-7.048207809493342
KDM1B,-7.732011241997521
KDM2B,5.863387009976323
KDSR,-9.14395971932913
KHDC1,5.94111510131468
KHDC1L,2.039096250701706
KHDC4,4.121950123700239
KHDRBS1,5.686977757606313
KHDRBS2,9.466983003634873
KHDRBS3,10.698780017043388
KHK,7.528656066182266
KHSRP,-7.529612601848841
KIAA0319,-4.248919560172983
KIAA0368,-5.645473419189748
KIAA0513,8.474700607657859
KIAA0586,-6.772921837520709
KIAA0895L,5.810144115213676
KIAA1024,-2.353968370155295
KIAA1211,-4.49235061181287
KIAA1211L,5.777068600641655
KIAA1217,4.621080763320886
KIAA1257,-2.007543843135124
KIAA1324,-2.6542798822813753
KIAA1328,-4.736056741529301
KIAA1522,7.790380704727816
KIAA1549,6.1564221477211385
KIAA1549L,12.180356254168633
KIAA2013,4.319522911691401
KIF17,9.881328492103378
KIF1A,6.492099738338279
KIF21A,-2.411040390941598
KIF21B,3.7742168898212443
KIF22,-2.469315481381252
KIF27,-2.8742090601353296
KIF2A,-4.780583072141565
KIF3A,5.268484823137333
KIF3B,8.858682210991589
KIF3C,4.265563927164661
KIF5A,9.898356806621225
KIF5C,9.375205706434718
KIF9-AS1,0.3276583496831683
KIFAP3,6.817233638250585
KIFC2,6.0777578581337695
KIRREL1,-5.5319821368890105
KIRREL2,-2.371163153423925
KIRREL3,-1.3732262690713826
KIZ,-5.159001065481135
KLF10,7.827867515236335
KLF11,2.9645739728111056
KLF13,5.4443035812525995
KLF6,4.03723402226188
KLF8,-1.5339938229706214
KLHDC2,10.234312433738875
KLHDC3,9.970756133940819
KLHDC8A,-7.514761033980414
KLHDC8B,0.49494561075289006
KLHDC9,7.909448813487315
KLHL1,-4.9933441561174625
KLHL13,-10.661542209312767
KLHL18,8.101600644390725
KLHL2,-0.9375320761488078
KLHL22,6.7623103998649166
KLHL35,-3.9819904403725377
KLHL36,-2.866834639784142
KLHL42,6.524797789124102
KLHL5,-5.3087915479041765
KLHL8,6.188311995796993
KLK10,-5.940892682350498
KLK5,0.4918135894452167
KLK7,5.915869203980588
KLKB1,-7.255568033198784
KLRC3,-3.8079118221157295
KLRG1,0.463517057587941
KMT2B,3.7136649436036455
KMT2C,-9.27640316950708
KNDC1,2.2419463045767762
KNSTRN,6.373221966107376
KPNA2,0.11233871002450996
KPNA4,3.982065709466408
KRAS,7.008949370918662
KRBA1,3.9000996570902955
KRBOX4,-2.530040358831857
KRT14,6.836260765228101
KRT17,8.062327069098183
KRT19,-3.934403091689477
KRT86,-1.9361937066933865
KRTAP5-6,5.666902499551247
KRTCAP3,-0.45181927446090586
KSR2,2.2251611938192966
KTN1,-6.80024245955376
L3MBTL4,0.8209256632106968
LACTB2,-4.165025175571695
LAGE3,5.438833792914098
LAMA1,-9.05293851297255
LAMA3,1.4418383403142643
LAMB1,-3.766841234699889
LAMB2,-5.863723394644509
LAMB2P1,3.4244111270445465
LAMB3,11.353223866418425
LAMP1,-5.735475058249917
LAMP5,-0.2584312552555062
LAMTOR1,-7.495400962356247
LAMTOR3,3.6903259130939805
LAMTOR4,-5.100513645797716
LAMTOR5,2.6485050716858645
LANCL2,-0.9704357344364888
LAPTM4A,-6.51565236110216
LAPTM5,-2.392001820476563
LARGE1,0.8102759364159935
LARP1,-5.0029463383093145
LARP1B,3.802182827804173
LARP7,-4.71864428124463
LAT2,-7.529071094962079
LBH,-0.3359779163785837
LBR,-5.929704175176214
LCLAT1,-2.303985433840753
LCMT1,5.947325822611218
LCN12,-7.033051591988506
LCN15,8.55818357844095
LCP1,-4.688586113819733
LCTL,-8.931595572277093
LDAH,-6.5480435608979946
LDB2,4.600350286030829
LDHA,1.391018534062075
LDHB,4.814381639703228
LDHC,3.0317886886161207
LDHD,-2.9468118809966457
LEF1-AS1,-8.838277595605906
LEPROT,-8.542786876212663
LETMD1,5.751844669342212
LFNG,-7.7670022370563006
LGALS3BP,-8.0357264578372
LGALS9C,-7.295860886709928
LGI4,3.001085341366921
LGMN,5.349317838384909
LGR4,-6.166157348312965
LHFPL2,-7.179003690973172
LHFPL3,-6.991538375945208
LHFPL4,3.57881169162103
LHFPL6,-1.765977666481763
LHPP,6.018680701945272
LHX1,-6.893287107242023
LHX2,5.0336042890191015
LHX6,5.290764762888659
LHX8,-11.010879773372395
LIFR,-7.66063295551986
LIFR-AS1,-6.1058542772747675
LILRB4,-7.713917584826907
LILRP2,-7.07161403048455
LIMD2,-2.9713242939949494
LIMK1,2.9857348811014988
LIMK2,-9.927037606194553
LIMS1,-5.467405374956148
LIN7A,1.7803929325004968
LIN7B,-5.635509757213935
LIN9,2.072123875542598
LINC-PINT,1.4313577342462593
LINC00158,-5.32023474814571
LINC00260,-2.1727781992438544
LINC00294,7.518815411706714
LINC00319,-3.9345314207924695
LINC00320,-1.3004599610947336
LINC00467,-10.679797029678575
LINC00473,8.723195907637738
LINC00476,1.1300182924828552
LINC00484,-1.0629245935828415
LINC00507,15.892374096171016
LINC00622,8.242565935859236
LINC00632,1.3692299840775575
LINC00643,-0.9375830021395422
LINC00672,12.211325365251247
LINC00839,2.0414388967266577
LINC00886,-9.54067279183211
LINC00900,1.3140172939678045
LINC00950,0.20470177490964253
LINC00965,4.093903759317621
LINC01011,8.094895653599274
LINC01088,-7.085600041185682
LINC01089,1.2867350501905501
LINC01094,-6.321241720643433
LINC01105,-5.677937862461427
LINC01106,11.834599932237095
LINC01116,5.0384888505986725
LINC01128,4.2424512857816525
LINC01140,3.139084086843487
LINC01197,0.4412303741354326
LINC01296,7.396418985409075
LINC01315,-5.475317409155278
LINC01485,-9.944600315606873
LINC01547,-5.298558830635513
LINC01551,-1.640918173488923
LINC01664,0.4506946817453776
LINC01736,-6.464186742815776
LINC01750,3.1693942367251617
LINC01792,-3.049177728009712
LINC01963,8.550922871688588
LINC02076,-5.398765273074948
LINC02210,3.8155377567251527
LINC02217,12.717417789334736
LINC02361,5.666050114290384
LINC02381,-7.394715725874989
LINC02482,-4.826628291626876
LINGO1,5.040973326287276
LINGO2,2.029515044164983
LINGO3,-7.333696438610344
LINS1,4.740844157863093
LIX1,-6.8943052038781385
LIX1L,-8.05089947514161
LMAN1,-7.067654833037397
LMAN2L,-4.286268961336579
LMCD1,-5.463412418668989
LMF1,-1.8589354037310917
LMNA,-7.138159032260154
LMO1,-2.961486318056628
LMO3,3.7619267753408057
LMO4,9.222797305318815
LMO7,-0.6383551976263601
LMTK2,9.913525095784973
LNP1,1.642328188192905
LNX1,5.492045299294771
LNX2,1.8217618757788665
LOC100129291,1.5720713524690215
LOC100233156,-10.400896715776403
LOC100240735,-4.148254297487486
LOC100289230,1.4315559925387515
LOC100505915,5.14280961389703
LOC100506271,-2.087893851401014
LOC100507351,4.444660696266053
LOC100996385,11.744531591135317
LOC101928087,6.96404991202715
LOC105372480,2.5391127823236332
LOC105373383,-3.0903895386045583
LOC105376360,9.01897385263651
LOC285097,-4.910641827812332
LOC389834,-4.175892824967
LOC389906,2.693485701692122
LOC390705,-6.119334135247569
LOC440084,0.9750384130376113
LOC440300,7.492250462610825
LOC441052,-5.364937556012381
LOC441666,-4.135468086106408
LOC642929,-5.334295403412888
LOC728024,-7.367949368310949
LOC728715,-6.1448147062787655
LOC729683,-1.8861844383136652
LOC729737,7.9341535793094495
LOC729930,5.04688076583935
LOH12CR2,-5.157351030050542
LONP1,5.2285512483802
LONRF2,-1.9014557444662503
LOR,1.1403899609546038
LOXL1,-5.377248621089065
LOXL3,-5.227423889258827
LPAR6,-6.551216841147743
LPCAT1,-7.372973537492046
LPCAT2,-5.553983580147241
LPIN1,-8.565069778982323
LPP,-6.67353818269383
LRCH2,-8.619301674857697
LRCOL1,1.0388719972009703
LRFN2,7.347611807017457
LRFN4,4.660917261875606
LRFN5,1.3040714598552934
LRMDA,-7.1619482018918506
LRP10,-6.3922206509027575
LRP12,-0.897918174138916
LRP1B,-1.8825903844796512
LRP4,-7.31985958829078
LRP8,2.204682966691168
LRPAP1,1.6054535237199754
LRRC14,10.128813114142485
LRRC2,3.978816030187162
LRRC20,10.138303737740275
LRRC28,5.743298834219429
LRRC34,-3.646920999464623
LRRC36,-7.748593698711639
LRRC37B,-5.00548462900886
LRRC3B,-6.09733422224457
LRRC4,9.362126790449969
LRRC40,3.88968409490154
LRRC46,-8.628084825562494
LRRC4B,-6.785910628068997
LRRC4C,4.704320292846713
LRRC56,-1.2650239933921312
LRRC57,1.600066539570633
LRRC61,-5.529199295302238
LRRC7,-3.93657766235649
LRRC73,5.654888304421523
LRRC75A,6.229917347840229
LRRC75A-AS1,-4.713462416079633
LRRC8A,-6.264117887710786
LRRC8B,9.486610580316665
LRRC8D,-5.41811481441766
LRRIQ1,-5.603208224675777
LRRK1,9.842471416419981
LRRN1,-8.63331677101457
LRRN2,-7.419462317610608
LRRTM1,-4.643087340771073
LRRTM2,-4.575297463598611
LRRTM4,10.098121647605545
LRSAM1,3.2730107553147474
LSAMP,-6.776900512941322
LSM10,5.434752486787825
LSM11,3.4002307078228786
LSM14A,-7.532639863689746
LSM3,2.240085001306079
LSM4,-0.21519106254052828
LSM7,-6.985273619835257
LSP1,2.3811183296081966
LST1,-7.200417932734726
LTBP4,-3.030329127434441
LTC4S,-7.24858647623237
LTK,6.968364724543532
LURAP1L,3.2886996729817057
LUZP2,-6.707059986755072
LXN,-1.2828535361108422
LY6D,9.480046187001095
LY6E,2.692935816792339
LY6H,-0.14145765464365023
LY86,-8.800632882914682
LY86-AS1,10.626417346415074
LY96,1.3221981870239397
LYAR,-7.878931039160908
LYNX1,3.0716079497798368
LYPD1,-7.345508772221416
LYPD6,-0.3687233728220658
LYPD8,8.207092535639209
LYPLA1,1.8879938551078006
LYPLAL1,-7.982389592715184
LYRM1,3.5321927323014632
LYRM4,6.900945912092899
LYRM7,5.40907813808354
LYRM9,2.4590474898015837
LYSMD1,6.005370415480924
LZIC,-4.443103220375114
LZTFL1,9.247923242844395
LZTS1,0.4709724260488115
MAATS1,-0.8764528158008847
MACF1,-7.5940135948135525
MACO1,0.7222031285949421
MACROD2,-6.13359058096545
MADD,8.769251416458307
MAEL,5.710877136972618
MAFB,13.725349528474592
MAFG,-0.3659694178188415
MAFK,3.811865915356154
MAGED1,-1.0936410827774774
MAGEF1,6.904627579781547
MAGEH1,3.002958969027247
MAGI1,4.600541613879541
MAGI2,7.4117309609034665
MAGI3,7.4781890292424675
MAGT1,-5.526606711079797
MAL2,8.755263461306127
MALAT1,13.245572490224443
MALL,0.6344795016912355
MALSU1,5.117111158223873
MAML2,-9.336551225222191
MAML3,-6.999949889597344
MAMLD1,-8.80594971543504
MAN1A1,-3.0995140273334063
MAN1B1-AS1,-9.066567826745565
MAN1C1,7.377315778386352
MANEA,-7.643476642764283
MANEAL,-6.020838014885656
MANF,-8.791620011478168
MAOA,-8.963607817307501
MAOB,-8.551787731834619
MAP1A,7.043037588367459
MAP2K1,4.266839148471948
MAP2K4,0.284671891410927
MAP2K5,4.71291272040179
MAP3K1,-10.198702073505837
MAP3K10,4.123246939663566
MAP3K12,6.653545550377276
MAP3K21,2.762090122624332
MAP3K5,-1.2681148699564773
MAP3K9,4.537964974650246
MAP4,-3.3463807210244725
MAP7D3,-7.9167365302870465
MAPK1,-2.7742569302238302
MAPK11,5.339180811744968
MAPK12,5.7009465294584745
MAPK13,11.5976992742647
MAPK14,4.282069665028407
MAPK1IP1L,-7.471456943188955
MAPK3,-3.5462232296569773
MAPK7,-8.161268249485557
MAPK8,6.786660608767396
MAPK8IP2,5.718757073335373
MAPK9,6.354095357451044
MAPKAP1,-7.578717347746813
MAPKAPK5-AS1,4.091521869024465
MAPKBP1,2.5793970460785887
MAPRE2,-7.14159715020753
MAPT,7.0024918286330555
MARCH1,4.276158370445851
MARCH11,3.9146957971884615
MARCH3,-6.82341648848305
MARCH5,1.859491971153276
MARCH7,-5.627387654727511
MARCH8,-3.2344756458850767
MARCKS,2.366820690632165
MAST3,5.080199377562253
MATK,6.952886377944383
MATN2,-7.8261102792584
MAZ,3.273152102764176
MB21D2,2.3516343541866265
MBD1,5.1619308506888215
MBD3,4.581092245246907
MBLAC1,5.492527977278631
MBLAC2,-2.1302403817236044
MBNL3,-7.562019521923171
MBOAT2,-5.332351288416462
MBOAT7,-0.6887959119111712
MBP,1.5805611673562936
MCCC2,-8.0879308925402
MCF2L,8.758602700464177
MCHR1,8.291900289778116
MCHR2,9.257326578553478
MCM3,-6.5646749060038285
MCM4,6.255532928662385
MCM6,5.459267634832598
MCM9,-6.209775969271406
MCMBP,-5.167601078573593
MCRIP1,7.606661271925529
MCRS1,8.435210771072695
MCTP1,-1.6517905340092263
MCTS1,4.193504004999255
MCU,-4.2548876038134225
MCUB,-2.6475054247058356
MCUR1,-1.4187787777677034
MDGA1,-3.0951129839082374
MDGA2,8.19749460867058
MDH1,8.890235884174082
MDH2,6.48266255178099
MDK,-4.452878641728381
ME1,-8.016019335516276
ME2,-7.538971868955616
ME3,-1.9608155787287083
MEA1,6.164403025083069
MED10,6.762707661089109
MED14,-9.186102185188899
MED16,2.6838135933100573
MED27,3.351551377680054
MED31,4.959048147855414
MED8,1.94207553376734
MEDAG,2.3269650432668674
MEF2C,13.126302760904572
MEG3,-2.246212970213942
MEGF11,-10.69706671932304
MEGF8,8.339495110257252
MEI1,1.2570503653989735
MEIKIN,2.404743584749225
MEIS3,6.517043414141235
MELTF,3.9405423492297875
MESD,-6.194036703906391
MESP1,1.67140736976483
MEST,0.41609202240607107
MET,10.961264274199822
METAP1,8.24258754370924
METRN,-3.7982523293583523
METRNL,-4.3862342282245725
METTL1,-6.649838622549759
METTL15,-2.108959956655579
METTL21A,7.779802878766563
METTL5,1.8548304548558436
METTL6,5.488100711564252
METTL8,-8.690699815288495
METTL9,0.23067719863600428
MEX3A,-5.666273856137418
MEX3B,0.4173146628615659
MFAP1,6.112167906993815
MFHAS1,2.599133157653367
MFNG,-7.690759305386793
MFSD1,-7.208161848893193
MFSD12,-4.748873492892418
MFSD13A,-2.585543624952826
MFSD3,4.786476568838805
MFSD4A,4.775036866498975
MFSD6,-4.498986403286023
MGAT1,3.1909952383095983
MGAT4B,1.0230630833574998
MGAT5B,8.04055313506188
MGC16275,-4.445147652792858
MGLL,9.277330375003094
MGME1,-4.375385531182623
MGMT,-3.8134663400612743
MGP,1.2776635290838159
MGST1,-5.827240016036418
MGST3,3.4847740228541166
MIAT,10.97569556704637
MICAL1,3.8622989691795566
MICAL2,6.38777132396976
MICAL3,3.7089126026062695
MIEF1,4.267106586428918
MIEF2,4.384435056907323
MIF,2.3549228194151506
MIGA1,6.028219071182029
MILR1,-6.922561721462504
MINK1,-10.104067493811527
MINOS1,3.2037578966863136
MIR22HG,4.7394096239247245
MIR4435-2HG,-2.048365049721307
MIR7-3HG,2.5729091473678096
MIR9-3HG,4.218099657962468
MIR99AHG,-8.61560681573762
MIS18A,-1.5981995812364498
MKL1,4.8208847879531165
MKL2,1.3855568071225568
MKNK1,0.37675533503341313
MLC1,-3.170583339303781
MLEC,-6.189290395538331
MLF1,-9.230308383548055
MLF2,6.288900160739934
MLIP,12.457145470849632
MLLT1,-8.770567008736146
MLLT11,5.383630326316223
MLLT3,-7.497873720807771
MLLT6,9.132281677706342
MLST8,5.83176773065956
MLXIP,5.21250637556795
MLXIPL,6.019643157815897
MMADHC,6.660071879530438
MMD,-1.9440299455426564
MMP15,-2.4379283313085107
MMP16,4.877970592474672
MMP28,-6.84658009105377
MMS19,5.3678414650866175
MNDA,-7.108066869188922
MNT,1.7549234986384623
MOAP1,8.215853814600191
MOB1A,-8.601054413059726
MOB1B,-1.6015986215290723
MOB3A,-7.987005714451503
MOCS1,2.7526384515528743
MON1A,5.230877843251804
MORC4,-7.83689015366187
MORF4L1,5.9687781373073445
MORN3,2.22694913258861
MORN4,3.7036797894313134
MORN5,-4.692533277626655
MOSPD2,-5.362525930098738
MOV10,-6.128001300979216
MOXD1,-0.8099831132769654
MPC2,5.9288092402350845
MPEG1,-8.179262306495797
MPG,5.032529172205861
MPHOSPH6,3.3871397605914977
MPI,-0.7372422987238167
MPND,8.349124814767473
MPP2,1.926466998478545
MPPE1,-7.024753460798714
MPPED1,8.910071422753656
MPST,-5.391941881283277
MPV17L2,-4.464165023212735
MPZL1,-7.373896626491239
MR1,-7.698464004570533
MRAS,1.8613849656580903
MRE11,-7.420459597935828
MRFAP1,7.531479027914223
MRNIP,5.677579446571788
MRO,-7.195615412555048
MRPL13,-7.232082107807088
MRPL14,4.676740129410895
MRPL16,6.753160519655783
MRPL23,-6.135252884706622
MRPL28,2.7391704297655464
MRPL30,5.184935177313376
MRPL33,6.662533680269766
MRPL37,1.6785697306998562
MRPL4,5.2297227172517
MRPL43,-7.493362672751346
MRPL45,5.957179743457395
MRPL9,5.394987090902723
MRPS11,4.000016611521986
MRPS16,-4.270780643814158
MRPS18A,4.584997404867288
MRPS18C,5.827929956244833
MRPS33,-7.700133258293478
MRPS6,-1.6512351114015977
MRPS7,4.665401139977851
MRTO4,5.92110321764405
MRVI1,-10.330494239905535
MS4A7,-8.111762063168323
MSANTD1,-4.939224701630124
MSH3,-7.2833725317497855
MSL3,4.059601577424777
MSL3P1,2.5714854236666422
MSMO1,0.5537750050692726
MSN,-8.731054407207736
MSRA,4.0857349324676715
MSRB2,-4.150619571840664
MST1R,-0.20016915770936564
MSX1,3.3207439792857834
MT1A,-3.149099208049311
MT1B,-5.177478944951716
MT1E,-4.520790568447875
MT1F,-4.684618746702978
MT1G,-4.794047287024081
MT1JP,-4.147442833882465
MT1L,-4.814478094537425
MT1M,-3.4859843036048135
MT1X,-4.437578136997104
MT2A,-4.47490999818661
MTA2,-9.074875260778663
MTA3,1.0022979794745
MTBP,3.4615336385418076
MTCH1,7.594477055590447
MTCH2,-7.398193329368324
MTERF2,-6.0401354767459905
MTFR1,-6.381670693237906
MTFR1L,-7.345817266634185
MTHFD1L,4.3684920038526505
MTHFD2,-2.954525270258391
MTHFD2L,-4.006660643254893
MTM1,-8.382854188103039
MTMR11,-2.6520231604412827
MTMR12,-1.7493354480237553
MTMR9,6.016170315150448
MTOR,-6.183087898824629
MTR,2.9990987826142073
MTSS1,-3.6547221474869716
MTTP,-5.742887702222037
MTX2,4.170721977445907
MUM1L1,6.758659499081692
MUS81,5.102680808772086
MUT,5.391017376820115
MVD,4.002846967854689
MXD1,8.277756666756472
MXD4,7.048828499955392
MXI1,-0.5609837156725404
MXRA8,-9.163385484087392
MYADM,-1.0569578261505097
MYB,-4.880465664024494
MYBPC1,-3.9206928377302983
MYBPH,-6.749215706055536
MYBPHL,5.955549086367441
MYC,3.670501485169352
MYCBP2,3.2087015540913235
MYCNOS,-7.08899238673209
MYEF2,5.023905667072945
MYH10,1.1016056140721082
MYH15,-7.676725390574826
MYH7,-3.8747464396549955
MYL12B,-6.2421210184388825
MYL5,-5.6317895348841684
MYL6,-0.5581495012765678
MYLIP,1.7439381606027389
MYO16,-0.44268064494247084
MYO19,5.177048288789248
MYO1F,-5.6799654900593595
MYO5A,5.04128598711568
MYO5B,2.1104641827682014
MYO5C,3.334849148886487
MYO7A,1.7497377314428668
MYOM1,-7.437221181346324
MYOM2,7.359634911610038
MYOZ3,-2.332171569264443
MYPOP,8.018799623193749
MYRIP,6.145616808504594
MYT1,-6.356163420796145
MYT1L,7.545784674931934
MZT2A,3.8638068712660836
MZT2B,4.070123702101178
N4BP2,-4.284066530269889
N4BP2L1,8.249391938883289
NAA10,4.551005348417933
NAA20,5.985291587492533
NAALAD2,-0.775101235896298
NAB1,4.184468673637597
NABP1,-2.146500533514187
NABP2,5.440906119352804
NACC2,-3.724595249695445
NADK2,-2.397629444532384
NAGA,-8.6633597707097
NAGK,0.3780670599396911
NAGLU,-4.673197457643525
NALT1,-8.141242504516088
NAMPT,-7.319476168920781
NANOS1,-3.547598165479257
NANOS3,7.405487638916144
NAPA,0.6685851225390061
NAPEPLD,8.524038956733722
NAPSB,-6.279662391283628
NARF,8.022100990424683
NAV1,-5.988173926125137
NAV2,-8.498340787319282
NAV3,4.030380577242166
NAXE,6.644416870788177
NBAS,3.904800569974342
NBDY,-4.874883762275645
NBEA,5.280500661932913
NBEAL1,-8.903594121032334
NBPF3,-7.842379327182972
NBR1,-6.734249096083661
NCALD,6.709890129203077
NCAM2,1.7173473424799952
NCAN,-5.53053115612583
NCBP1,-5.676741239172934
NCBP2,-9.476815171363354
NCBP2-AS2,6.823735341672456
NCF1C,-7.708493425795809
NCK2,5.950861816375826
NCKAP1,1.8462627501028481
NCKAP5,-7.266527609440144
NCKIPSD,5.916009011908691
NCOR1,6.4079853626205265
NCOR1P1,6.175310189494057
NCOR2,2.3717289351064097
NCR2,-6.776519270017429
NCS1,5.407545187576055
NCSTN,-9.330861293437685
NDFIP2,5.71568391599733
NDRG2,-3.5307655319404136
NDRG4,2.1124083556982196
NDST1,-9.199916365412983
NDST2,4.217525853067322
NDUFA10,6.455828796399424
NDUFA12,5.2585188464071555
NDUFA3,-7.055094110624765
NDUFA4,8.740648064594794
NDUFA6-AS1,-0.8089787632866272
NDUFA8,6.031277012287918
NDUFA9,6.7066016717040755
NDUFAB1,4.432891959442539
NDUFAF1,4.630430584519928
NDUFAF4,2.622638299857711
NDUFAF8,-3.4057282690073736
NDUFB3,2.3266207790766864
NDUFB8,5.739948052495007
NDUFC2,1.907236446820023
NDUFS2,6.674083145631956
NDUFV1,6.435287320798353
NDUFV2,4.700033599894356
NEBL,-4.493865840724421
NEBL-AS1,-5.622640509258761
NECAB1,9.846084081221457
NECAB2,-1.699734057461932
NECAP2,-6.595035316527324
NECTIN1,1.878441872677902
NECTIN2,-5.262690034039194
NECTIN3,5.711931232483398
NEDD4,-8.569208713180894
NEDD4L,0.16960568980389332
NEDD8,8.28632198442782
NEFL,3.4238341964086754
NEGR1,7.846012616194595
NEK10,-2.830786714247464
NEK6,-4.267564464572662
NEK7,-5.266358121648855
NELFE,-6.32328175071147
NELL1,9.238437104312085
NELL2,2.5253033517194314
NENF,-4.927094400557164
NEO1,-8.063474174225778
NETO1,0.5972506940951864
NETO2,0.5042737932441005
NEU1,2.877903511964131
NEURL1,4.264912718986957
NEURL1B,0.907151770382053
NEURL3,4.58448462335975
NEURL4,6.052415774279706
NEUROD1,1.192117966297135
NEUROD2,1.9950549485065607
NEUROD6,2.297680877654686
NEXMIF,-0.8803901879457973
NF2,2.447546289372398
NFAT5,6.691069757892433
NFATC1,-7.6542949822332425
NFE2L3,-6.012645128862391
NFIA,-5.157738250968794
NFIB,0.4594679172911371
NFIC,6.825794045049817
NFIL3,-6.522608019306819
NFIX,8.02221766200827
NFKBIE,4.565992563135514
NFU1,5.368156387351641
NFX1,0.9566654441434075
NGRN,8.02170530646892
NHLRC2,3.650956755932544
NHP2,4.755411121195385
NHSL1,-11.791004879301898
NICN1,10.285405249845143
NIF3L1,9.152894399651286
NIM1K,4.8209720518923955
NINL,-5.873767667767026
NIPAL2,11.939011848649232
NIPBL,-6.648021437113914
NIPSNAP2,-7.969714047507525
NIPSNAP3A,-2.007206388182249
NISCH,8.00367432517933
NIT2,0.14995480102491565
NKAIN2,0.5683388996934808
NKAIN3,-6.293528201626368
NKAIN4,-9.652346719378137
NKD2,0.9603021271657676
NLE1,0.3397422402962142
NLGN1,-4.647553149807414
NLGN3,-6.7094597750563665
NLK,11.33324903575717
NME3,-6.992495698723638
NME5,2.4942637241211476
NME7,5.3941293681339095
NMNAT2,9.003158456739472
NMNAT3,0.050178649356072004
NMRK1,10.198934306987475
NMT1,7.410613489771059
NMT2,1.283924277571825
NMU,2.8423628242423296
NNAT,-2.780597855591297
NNMT,3.1172122035456518
NOL3,-1.9928105828689748
NOL4,5.766081391383031
NOL4L,3.6503560838174045
NOL8,-8.366799650431375
NOL9,2.1724748587281217
NOMO1,4.49083060237145
NONO,-8.768685969724801
NOP16,4.459476657006482
NOS1AP,0.9557543357034557
NOS2,11.958509770849249
NOS3,-5.825245291326476
NOV,3.847039540109565
NOVA2,-1.7356157340466825
NPAP1,-7.114476131698082
NPAS1,6.002727897207867
NPAS3,-4.289726659676015
NPC2,-6.465513993296394
NPDC1,2.029978877726037
NPFFR2,0.6672666775315785
NPHP1,-4.395740689624387
NPHS1,-2.2376251030935475
NPIPA8,4.6462920557404495
NPIPB11,3.175849174108149
NPIPB15,2.36870486189419
NPLOC4,6.156368378403687
NPM2,10.312812792714585
NPM3,4.810753835058372
NPNT,-3.9295988186310855
NPPA,9.248423798971928
NPPB,-6.972101162517482
NPR3,1.5125915267033907
NPTX1,3.318538187827904
NPTX2,3.7589524456566146
NPTXR,2.143647494339035
NPY,2.045972473115151
NPY1R,-0.09432283597901132
NPY5R,-1.6543448137279066
NQO1,-4.383713112496307
NR1D1,4.0315408249468625
NR1H3,-3.8638455466472963
NR2C1,3.878313990138779
NR2C2AP,3.5102306748066816
NR2E1,-0.6951404080459893
NR2F1,1.371709213302702
NR2F1-AS1,8.55586142743658
NR2F2,-4.547739761718313
NR2F2-AS1,-4.702645788086676
NR2F6,5.544125090613065
NR4A2,2.403644501860855
NR4A3,0.5281953141941985
NRAP,-0.528210357808018
NRARP,-7.724933894048543
NRBF2,2.8307324938330702
NRBP1,6.556012785618033
NRCAM,4.273958447930661
NRDC,3.3246928054820994
NRG2,-1.44094277050635
NRG3,5.539195704715675
NRGN,10.290936145139078
NRIP1,6.417239751712653
NRIP3,-0.8212966284641859
NRN1,4.90459365962982
NRP1,-4.76804048299133
NRXN1,6.02718773449595
NRXN2,1.8389167506590436
NRXN3,5.1239724254275405
NSD2,8.77386154408771
NSD3,4.362128812246652
NSDHL,0.7827708425925406
NSFL1C,-1.5668215299320327
NSG2,-7.069656942915095
NSMAF,-0.08304826010895634
NSMCE1,-7.820550616938118
NSMCE4A,-2.877802307875632
NSMF,3.4972359051116952
NT5DC2,0.9875592378397136
NT5DC3,2.7727737499081155
NT5E,-4.338887359734013
NTM,5.134090517436325
NTMT1,5.031621688023196
NTN1,-7.186622401035651
NTN4,11.602571953024905
NTNG1,2.0855093556490196
NTNG2,2.385243903685332
NTRK2,9.208774145572512
NTSR1,-1.2509540869124232
NTSR2,-9.52921183342754
NUAK1,19.107348853296088
NUB1,0.09437771318349379
NUBPL,4.432551821976909
NUCB2,-9.415515936750818
NUCKS1,-6.752510477364614
NUDC,8.34792225972702
NUDCD1,4.1195396999611456
NUDCD3,8.210635396282585
NUDT10,3.8931476021424656
NUDT11,1.1931298436055733
NUDT14,6.215078970964537
NUDT17,-6.515546920591999
NUDT2,3.4475222978040105
NUDT21,-6.307840923154556
NUDT4,8.436742827005569
NUDT9P1,1.959667141068379
NUMB,5.934034628131992
NUMBL,-3.2379419351162397
NUP37,-8.011863571737294
NUP85,4.490892669202193
NUP88,-5.851953749139914
NUPL2,5.418902183314122
NUPR1,-8.963935011298824
NUPR2,0.3671793161265275
NUTF2,-8.159361537649996
NWD2,6.30571167430929
NXN,-9.690829419137073
NXPH2,3.4436113296501714
NXPH3,5.72601594407852
OAF,0.34230781820553075
OAT,4.573976554995317
OAZ1,5.733936662783322
OAZ2,3.8777462405000915
OBSCN,-7.062820753587521
OCA2,3.127313142252874
ODR4,-6.452782166985434
OGG1,5.660581967709096
OGT,1.2289930941223783
OIP5-AS1,9.104971616528193
OLA1,6.601125099365138
OLFM1,11.701443858541857
OLFM3,5.487738774608623
OLFML2B,-0.41142136491417286
ONECUT1,-5.3628031113482715
OPCML,1.6242941950170042
OPHN1,-7.919164544044418
OPN3,7.678340357443454
OPRK1,-3.7112873891869276
OPRM1,-7.615498411276749
OPTN,3.538020972591393
OR14I1,8.288094380068868
OR52K2,7.535923794144813
OR5L2,-5.795538313624155
OR7E14P,-8.378413951568888
OR7E156P,-7.857294603034124
OR7E24,-6.831201937461793
ORAI2,-6.061639823176711
ORC4,5.864700344466709
ORC6,1.8782735788717748
OSBP,-7.069336435551797
OSBPL10,5.869639502714218
OSBPL11,-9.332791479514562
OSBPL1A,11.131353697841368
OSBPL8,-5.20679355245809
OSBPL9,-8.858928929314835
OSCAR,9.41310681404432
OST4,-4.387853432757154
OSTC,-7.035663861124228
OSTCP1,-8.05742610319238
OSTF1,7.846418358245273
OSTN,6.118556284981426
OTOF,-5.506384067333826
OTOS,-8.940347397396755
OTUB1,7.357975880256319
OTUB2,-2.575955074193123
OTUD1,3.8581445734511384
OTUD6A,-8.788478073842889
OTUD6B,-8.613959400538032
OTUD6B-AS1,7.136420001010834
OVOL2,6.627483804441158
OXCT1,8.70247365273388
OXR1,7.841724131662926
OXT,-8.298138212800742
OXTR,-9.250587194589507
P2RX5,2.152866666879501
P2RX6P,8.937946384724556
P2RY1,-6.5295310127233295
P2RY12,-6.385106038523394
P2RY13,-5.784156003386113
P2RY6,-1.8521723129145482
P4HA1,-8.987625882955678
P4HA2,-3.168766209840862
P4HTM,6.475764890583036
PABPC1,-6.691510978271176
PABPC1L,-5.615838843876961
PABPC5,-8.200836854461011
PACRG,-4.470135908054399
PACS1,-3.481986646787611
PACSIN1,9.07365508666085
PACSIN2,-4.502463398785901
PAF1,3.458122984117623
PAFAH1B1,7.583965669142032
PAFAH1B3,-1.2619410196141034
PAFAH2,-8.324983427337283
PAGR1,-4.212605277615459
PAICS,-3.1360847671757024
PAIP2,7.560712987986043
PAK1,9.616959416243729
PAK2,-8.320911655830415
PAK3,3.4601258875945584
PAK5,8.99001251418928
PALD1,-8.867401589136783
PALLD,-8.321804576940579
PALM,2.979609971016201
PALM3,2.0886004979110533
PALMD,-7.709651607566802
PAM,-5.329446360608371
PANK2,2.6749700962661374
PANK4,5.84519065534586
PANX2,-0.4761056810437161
PANX3,-7.354035018446074
PAPD7,10.865780006026169
PAPOLA,-7.92541345751925
PAPSS1,-8.463943700025121
PAPSS2,5.664587250825192
PARD3,-9.76743253344639
PARD3B,-11.365873631785135
PARM1,4.342161833942811
PARP1,-5.263342477037041
PARP14,-5.681515690028341
PARP16,2.581517185303453
PARP2,6.8283297532203235
PARP6,4.981492467472756
PARP8,1.8758410051984706
PART1,14.348043302232675
PARVA,0.4015950705249652
PARVB,1.7132413328566303
PATZ1,-6.414665223353006
PAWR,-4.497438940294623
PAX6,-3.7570467883114285
PAX8-AS1,-3.330830155507548
PAXIP1,2.0006578959136982
PAXIP1-AS2,-5.1089796620504355
PBDC1,-8.06038191953657
PBLD,-7.42922016216789
PBX4,-7.136830474747937
PBXIP1,-6.149299372216221
PCBD1,-3.7110907177212824
PCBD2,-7.925041776638617
PCBP3,-4.274358694700781
PCDH11X,0.6878458930420808
PCDH11Y,1.823548001874905
PCDH15,-9.2081968485037
PCDH17,-3.5421542359986735
PCDH19,1.6843468320299135
PCDH20,-0.015773475275910755
PCDH7,5.847960912395152
PCDH8,0.3878009136894998
PCDH9,4.9470219741868275
PCDHA1,3.9099056999494106
PCDHA11,3.316522769466184
PCDHAC2,3.368757794534158
PCDHB10,1.0232065346268626
PCDHB11,1.9629372698205254
PCDHB14,3.002183101597483
PCDHB9,5.639594760100507
PCDHGB4,-3.3323865020368206
PCDHGC3,-7.339112921280217
PCED1B,-5.144357316878555
PCID2,7.793755719452842
PCK2,-2.0683122710146624
PCLO,3.3796706315850678
PCMT1,7.082448867982897
PCNP,5.314566883865202
PCNT,2.996578223110796
PCNX2,1.251417595858261
PCNX4,-6.745467178092478
PCOLCE2,-3.541970882983002
PCSK5,-3.4922331477646074
PCSK9,-1.8793298926525874
PCYOX1,-0.11476681116475572
PDCD2L,4.764724093622444
PDCD4,-7.013395576994768
PDCD6,6.018686483603245
PDE10A,-5.309639098049055
PDE11A,-5.929139180046933
PDE1A,2.533909494847915
PDE1B,-0.5002352773426655
PDE2A,1.7649791673099704
PDE3A,-11.088532666313363
PDE4B,0.4279721884991626
PDE5A,-7.60293463533481
PDE6B,-7.184969369447143
PDE8B,4.5025941627018655
PDE9A,-6.197184619556083
PDGFC,0.35378499487214116
PDGFD,0.865082707947768
PDGFRA,-4.70683360032394
PDGFRL,-5.605019984329436
PDIA3,-9.68837988332732
PDIA3P1,-10.026836136171843
PDK1,4.216400197813705
PDK3,5.030128460705117
PDK4,-7.129118006407439
PDLIM3,-3.032740299266368
PDLIM5,-10.091371371353285
PDP2,4.366866571297403
PDPK1,4.472312859664916
PDRG1,6.330439888341302
PDS5A,2.7348852599302234
PDS5B,7.703503061115126
PDXDC2P-NPIPB14P,3.6789022207098014
PDXK,6.039074787892635
PDXP,8.476401010970076
PDYN,-3.0688680874625813
PDZD2,1.2482490044374543
PDZD4,4.512100623599533
PDZD7,5.5620834796660095
PDZRN3,10.100293545921053
PDZRN4,4.471410346356905
PEA15,-0.7586865069674775
PEF1,5.897019904465277
PEG10,-3.3090493438520707
PELI1,-7.221371040915129
PELI2,-7.500249334404675
PENK,-0.9641335501046472
PERM1,1.632336183215619
PEX1,-5.733708768793147
PEX10,-4.896470601123462
PEX19,-4.44016410948058
PEX2,-5.418339536076759
PEX5,4.789541600565504
PEX5L,2.806835340243286
PFDN5,-3.8890239534680604
PFKFB3,-8.883563622692344
PFKP,7.16069457921307
PFN2,6.277806574936855
PGAM1,4.7064200806033
PGAM5,2.4544965397235834
PGAP1,-9.840974262687636
PGAP3,1.6338643676127902
PGBD4,5.098241892684357
PGBD5,2.5652307224580984
PGD,4.418486777704537
PGK1,8.338658470131323
PGM2L1,2.5729702730932242
PGRMC1,-7.862980987629293
PHACTR1,2.606964377963379
PHACTR2,-4.6512710295725
PHACTR3,2.9495191685293127
PHAX,3.5109513324328527
PHB,2.6794817057487768
PHB2,6.044563646961428
PHC3,-6.070651807865052
PHF12,-6.523865421418484
PHF13,1.7202296271967916
PHF20,5.524949717196448
PHF20L1,2.189717239867546
PHF23,3.7577303107046225
PHF24,10.513595783755159
PHGDH,-4.022093666110322
PHKG2,4.582249032824387
PHLDA2,8.511630563326467
PHLDB2,6.491327223680388
PHLDB3,-5.327033047516855
PHPT1,-0.907809887922097
PHTF1,0.29722803134035214
PHTF2,4.617730806899595
PHYH,5.663200729297156
PHYHD1,-6.502503699962939
PHYHIPL,6.0478046370795155
PI4KA,12.083048401343861
PI4KAP2,5.9975065016365345
PIANP,-1.919961903202705
PIAS2,2.6808901451938443
PICK1,5.286780458595545
PID1,3.1916349861170192
PIDD1,4.301615173169708
PIFO,-8.870981198587504
PIGL,5.597309479302405
PIGP,-5.471431197015723
PIGZ,4.636566647788634
PIH1D1,5.7358576149346945
PIH1D2,-7.882646944545216
PIK3C2A,-8.50778430396667
PIK3C3,-1.514324877475091
PIK3CD,2.022395273899332
PIK3R1,10.802788735036886
PILRA,3.0323773391270175
PIN1,8.755540874933988
PIN1P1,7.6303829633500895
PIN4,6.03757334558964
PINK1,9.57767716798014
PINLYP,-10.571178151719085
PIP4K2B,3.040257198783397
PIP4K2C,4.531117727085705
PIP4P1,5.760300088441942
PIP5K1B,4.10993415470309
PIP5K1C,7.481893570706695
PIR,-4.50374893883499
PIRT,-10.745513216208385
PISD,5.2944591007166215
PITPNB,8.120088711367895
PITPNM1,2.752906142978298
PITPNM2,6.774946640101408
PITRM1,3.4672502958092983
PIWIL4,-3.926870940399686
PJA1,4.207950656587385
PKD1P6-NPIPP1,5.594228841999011
PKD2L1,11.22484551406111
PKDCC,11.988234338440973
PKIA,-3.753212092339623
PKIB,-7.015014025177554
PKIG,6.454660983654961
PKN1,-7.36396491794992
PKNOX1,-10.327938440920665
PKNOX2,12.252152397246748
PKP3,5.4651191269518575
PKP4,-8.654035545491643
PLA2G12A,-6.876322892280189
PLA2G4A,4.145485332406314
PLA2G7,1.3794907708289839
PLAC4,-6.88308760422121
PLAC9,-1.3579592429728293
PLAU,0.8562009394112708
PLB1,-5.25415280573133
PLCB2,-5.937422745263821
PLCD3,-3.9391629532109356
PLCD4,-1.1496676347735288
PLCG2,-7.724587652088968
PLCH1,2.4408353204155846
PLCH2,0.44766931853721303
PLCXD1,6.529452923011982
PLCXD3,0.2752736373697056
PLD3,6.240658924500759
PLD6,-7.945025813140386
PLEKHA2,2.6644452073258806
PLEKHA4,-6.403781521052177
PLEKHA6,3.5210207426449776
PLEKHA7,-9.242287174621655
PLEKHG5,4.076272284262333
PLEKHH2,-0.03319416188299997
PLEKHM1,-0.7834970278531255
PLEKHM2,9.573382136870151
PLEKHO1,4.614539583845808
PLEKHO2,-4.553808325628038
PLIN5,-6.158505032046003
PLK2,-0.4725475868163993
PLOD2,-1.9092317330369237
PLPBP,-3.0600212973582432
PLPP4,-7.21960815954621
PLPP5,-0.15806800831768406
PLPPR2,-2.4215070665424467
PLPPR3,-2.858675554241838
PLPPR4,-3.487315089011705
PLPPR5,0.15072065571345858
PLS3,1.8201466203723964
PLSCR4,-6.2629787747437815
PLTP,-5.563817473426838
PLXDC2,-10.74033428780844
PLXNA1,4.847038113190174
PLXNA2,6.325864515652126
PLXNA3,-8.19743656229024
PLXNA4,2.5968674035936012
PLXNC1,-4.605050865522383
PLXND1,9.010874414396234
PM20D2,-7.74354724300154
PMM1,6.914459676571274
PMP2,-5.224372675241431
PMPCA,4.384936413501927
PMPCB,9.231852894499008
PMS1,5.370182028145431
PMS2,6.085838836916976
PMVK,-1.2453266134640142
PNCK,1.2313180522301508
PNMA1,10.119408511773287
PNMA2,10.122138370995504
PNMA3,5.9285529829062025
PNMA5,7.471264347245824
PNMA6A,7.670744213919252
PNMA6E,3.8475091334277653
PNMA8A,2.851395879120068
PNMA8B,9.349000845074183
PNMT,-4.922534443863125
PNO1,-5.374530064918323
PNOC,3.0726721591332424
PNP,-8.732527153178808
PNPLA3,1.3047357880577928
PNPLA4,-7.444882016015024
PNPLA7,1.5114375265038968
POC1A,1.8047372040483383
POFUT2,-6.7353300307283925
POLE3,5.3671260002341885
POLE4,-0.30737368340486854
POLG,6.52269866410686
POLG2,3.8370541865687127
POLN,2.9379700292093336
POLR1D,5.515477021358508
POLR2B,5.408929800354944
POLR2E,3.938849710303049
POLR2G,-2.276257130004707
POLR2H,8.599055997732988
POLR2J,-6.3064414476030395
POLR2K,5.406453616271397
POLR2L,-5.564881991409817
POLR3A,3.462710686780199
POLR3G,-5.470663761184835
POLR3GL,1.099886304022716
POLR3H,5.918204188458698
POLR3K,8.298495803189969
POM121L4P,-6.158809742172497
POMC,-6.917818633405614
POMT1,-3.4818838359510376
PON2,-4.269855566322462
PON3,-8.492785418425813
POP7,9.089929067741416
POPDC3,2.6752835106358233
POU6F2,9.057700461321014
PP12613,13.702982686772692
PPA2,5.49240159378188
PPARA,-8.826622653243627
PPARG,2.267430689019439
PPDPF,-4.825792980882966
PPEF1,6.79204492612157
PPFIA3,4.8508060283895365
PPFIA4,5.690403096564257
PPFIBP1,1.5711812662726132
PPIA,5.3669074311909695
PPIAL4A,6.843803035668936
PPIAL4G,6.606021381434412
PPIB,-6.534120963970067
PPIC,-6.000029740935206
PPIH,4.046874031227766
PPIL2,3.9250016554640816
PPIL6,-0.7821547472161442
PPIP5K1,5.10680452684251
PPL,8.299676235855987
PPM1B,4.9678091877057495
PPM1E,-2.7983548402250698
PPM1H,2.2111609172355924
PPM1J,0.30870638836554953
PPM1K,8.90857444952375
PPM1L,9.147848143107097
PPM1M,0.33614750023097956
PPM1N,-5.601671055708296
PPME1,6.003508869324286
PPP1R11,2.373048208801783
PPP1R12A,7.35806698957375
PPP1R12B,4.91677653089071
PPP1R12C,5.422056534890853
PPP1R14C,7.880223325710406
PPP1R17,-0.4936649854051977
PPP1R1A,-2.699515159564951
PPP1R1B,-0.9414752717366001
PPP1R21,6.377944895292823
PPP1R26,6.091079536375628
PPP1R32,-5.1464805535146585
PPP1R37,5.28102680579688
PPP1R3F,7.111408379712286
PPP1R42,-4.208384071821864
PPP1R8,-8.987649629656213
PPP2R2B,0.029369435504575967
PPP2R2C,5.961861933102056
PPP2R3B,-6.9600874304951015
PPP2R3C,4.928814466114024
PPP2R5A,-4.397576867246503
PPP2R5B,4.548082061686085
PPP2R5E,5.5469973663892835
PPP3CB,6.931635259327187
PPP3R1,2.662433669315897
PPP4R4,-0.673738837953622
PPP5D1,-1.472002579070845
PPP6R2,7.401022562718545
PPP6R3,-6.348550548712212
PPRC1,4.374958338114712
PQBP1,4.422605153292069
PQLC1,0.4659769197748657
PRADC1,4.8035794359042
PRAF2,-4.984495735592491
PRC1,5.341292361051441
PRDM11,-0.1368283703419389
PRDM2,9.444863507534059
PRDM8,4.354989194369755
PRDX1,-1.5050582965484507
PRDX4,-3.0898844410057174
PRDX5,4.619298706294152
PRDX6,-8.079646199515965
PRELID1,3.991336495401102
PRELID2,3.903260408369093
PRICKLE2,1.83907971499961
PRICKLE4,-6.5253610924206855
PRIM1,4.563416227409182
PRKAA2,5.183256099011439
PRKAB1,4.001692588751971
PRKAB2,4.292353757783955
PRKAG2-AS1,7.659274661578918
PRKAR1B,8.626667265663045
PRKAR2A,-2.388384925775459
PRKCA,0.9611227208527537
PRKCD,-0.7810248332928778
PRKCE,1.9260299797639229
PRKCG,-1.967651511569903
PRKCI,-0.22205736184847577
PRKG1,-2.8513002673366334
PRKN,1.5693816721360094
PRKRA,5.535409281650249
PRKRIP1,-6.427118724209711
PRMT2,1.190626211277143
PRMT5,6.160627065889879
PRMT6,-7.004714495034378
PRNP,6.659943228691925
PROS1,-6.358339416831657
PROSER2,-8.535896612546008
PRPF19,8.043279616283142
PRPF38B,-7.467312900046605
PRPF40A,-8.040085349881371
PRPF6,5.34887123701579
PRPF8,6.600529563757961
PRPH,-0.7485771176387427
PRPH2,4.995466631561633
PRPS1,5.455410980559034
PRPSAP1,2.3038069456214956
PRR29,-8.58785672072419
PRR5,-5.703033725464713
PRRC2A,5.415202578658819
PRRC2B,1.7815280375842681
PRRG3,2.09732073756258
PRRT1,2.446076117863417
PRRT2,4.297278747085415
PRSS1,9.940825737583049
PRSS2,6.526856987234135
PRSS23,-3.4646856808600917
PRSS3,10.363036705405142
PRSS35,-7.255794409474066
PRSS3P2,6.0843092052717
PRTFDC1,-9.34912832518574
PRTG,-7.202265858512091
PSAP,6.2079110849511085
PSAT1,-7.551176686014477
PSD,0.9028255364594714
PSD3,0.4952148810053697
PSENEN,-5.639373420991415
PSIP1,-7.516855727277689
PSMA3-AS1,-3.8621827680269085
PSMA6,7.665465095907433
PSMB1,-6.057482446785321
PSMB10,-7.240421005011802
PSMB5,5.616971757204549
PSMB7,2.6749176635357705
PSMC3,5.718960792742437
PSMC6,6.768879328192315
PSMD1,3.0971487215813918
PSMD11,7.836762847224647
PSMD2,6.097147866406606
PSMD4,4.8854830346781695
PSMD7,7.6245389164236865
PSME1,-3.9964025730027286
PSME3,3.4295203752819714
PSMG1,6.018404904066135
PSMG3-AS1,2.5356175742858627
PSORS1C1,1.1115519211699796
PSPC1,4.641650948051093
PSPH,-7.158289365986807
PSRC1,0.7091422133985136
PTAR1,-8.089957851831361
PTBP3,-3.155448247700774
PTCH1,-2.1282183969278896
PTCHD1,-3.0221193101126023
PTCHD4,4.1849032644023945
PTEN,5.305897497393429
PTER,-0.9100033311723069
PTGDS,-2.492250482389379
PTGER3,-4.821806235913665
PTGER4,-5.555777944838564
PTGER4P2-CDK2AP2P2,-7.193295381841258
PTGES,-2.2320750193414955
PTGES2,7.53170773767523
PTGIS,-0.4176422071344757
PTGS2,4.146664049634799
PTHLH,-0.2537871101553921
PTK2B,2.3428279020319462
PTMA,-8.066535883449879
PTN,-3.179351312233142
PTP4A1,-4.250158968730304
PTPA,6.838049704261003
PTPDC1,-7.511187437590933
PTPN11,-6.888464587562273
PTPN14,1.5236140013362138
PTPN3,0.4807520197720514
PTPN4,3.0417023384191757
PTPN5,1.836431131083282
PTPRA,-4.874411211016711
PTPRC,-7.879496175275296
PTPRF,0.6248087561987512
PTPRJ,-7.312214090257152
PTPRK,4.377626576161042
PTPRO,-0.3174883534322023
PTPRR,3.9135337232790492
PTPRT,7.28326994015437
PTPRZ1,-4.370710336476561
PTRH1,2.506948201916445
PTRH2,-0.6612766965374863
PTS,0.4486703136990536
PTTG1,2.8615096650396747
PTTG1IP,-9.287338401668446
PTTG2,2.083823472668873
PTX3,0.43913919075419294
PUM2,6.9517293886105795
PURB,6.356866801073136
PUSL1,3.06010507242875
PWARSN,8.315022431586666
PWWP2B,-5.380959145034542
PXDN,1.7916550266218771
PXYLP1,5.131404785374113
PYCARD,-5.6938880841601165
PYCR1,-5.031643569590985
PYCR3,-1.901564930770502
PYDC1,-3.2817934367525656
PYGL,-6.464676967492732
PYGO1,-9.506345763750042
QKI,-7.466023618638488
R3HDM1,13.117018128273052
R3HDM2,8.474183343752332
R3HDM4,-3.7267766516208125
RAB10,-7.713518686901156
RAB11FIP1,1.353875218404044
RAB11FIP3,7.626255986188538
RAB11FIP4,4.594728049937831
RAB11FIP5,5.054220405065673
RAB13,-4.0298347968191965
RAB15,5.150398858559485
RAB1A,-4.559572630775974
RAB22A,-7.115651614864048
RAB24,7.397945847381976
RAB27B,3.6589112050790855
RAB29,-8.770445119113504
RAB2B,-10.627397690889286
RAB31,-4.4997603237517225
RAB33A,2.901797900513465
RAB34,-4.578648692998385
RAB35,-0.014476114173382177
RAB36,-2.694556926310462
RAB3B,-2.315618113990361
RAB3C,-2.737353913197535
RAB3GAP1,6.53233646538471
RAB3IP,-3.8514833849293675
RAB40B,-2.689433322973922
RAB40C,9.186475767425142
RAB4A,0.06291035871395842
RAB6B,9.916638433877441
RAB7A,-7.0509969375632675
RAB8A,-7.323863577549336
RAB8B,-8.102926656320143
RAB9A,-5.176458819616654
RABGAP1L,-8.952668708475981
RABGGTA,3.4100486351770085
RABL2A,3.658333399569791
RAC1,5.657437029828932
RAD23A,7.162963294210194
RAD23B,4.574118828598817
RAD50,4.5011731376862425
RAD51AP2,2.368184473723941
RAD51C,7.977143738944075
RAD51D,4.4846992856743535
RAET1E-AS1,-0.00404060850785554
RAI1,8.193886224754184
RALA,-7.389050919480882
RALBP1,9.347051130583985
RALGPS1,6.2950273396191125
RALGPS2,-9.363602321906198
RAMP1,-6.405291729063739
RANBP17,1.8925322067262955
RANBP3L,-2.884262465343472
RANGAP1,7.43497370970687
RANGRF,-6.740149445155383
RAP1B,-8.080073480276685
RAP1GAP,-2.837814478718003
RAP1GAP2,4.794195848830533
RAP2A,5.5374797296848985
RAP2B,-2.388554437158834
RAP2C-AS1,-7.326839901672369
RAPGEF2,8.6748072888163
RAPGEF4,4.281653784060177
RAPGEFL1,0.5356385182196455
RAPH1,2.1912585590164144
RARA-AS1,4.134317327003742
RARRES1,0.6664235761225386
RARRES3,-6.782465932292656
RASA2,7.004313020796185
RASA3,5.577591037369852
RASAL1,2.96576555178808
RASAL2,2.682332263916854
RASAL3,-6.632508332806301
RASGEF1A,-1.3580664619790268
RASGEF1B,-6.190228168466181
RASGEF1C,0.611361151101274
RASGRF1,0.04494676070786198
RASGRF2,5.35586437344791
RASGRP2,-1.2253071595629652
RASIP1,8.783339982541682
RASL10A,5.313169187374523
RASL11A,-9.65897789677855
RASL11B,12.196192070820029
RASL12,-10.40866249534529
RASSF3,0.8879701680008597
RAVER2,-9.663620770879952
RB1CC1,6.068022649048349
RBBP6,2.754101751966251
RBBP7,2.9426541448488623
RBFOX2,6.22933723843811
RBL2,-7.454830862259945
RBM14,2.058152377198827
RBM22,-8.346266276438815
RBM24,2.8077510196758246
RBM27,5.870412526119391
RBM34,-7.91031819808889
RBM43,-5.773865684939563
RBM5,5.287939343508939
RBM7,-4.431503291241537
RBM8A,-0.7643383773367766
RBMS2,-7.366584314823562
RBP4,-0.6030517478809374
RBSN,6.454966509765094
RBX1,1.9642563467499419
RC3H2,5.7341145832872575
RCAN3,-4.433024097289766
RCC1,-7.501037972337218
RCCD1,-0.8000629729838366
RCHY1,5.515188309416383
RCN1,-2.880653891943517
RCN3,2.4025279471847685
RCSD1,5.044804423641817
RDH10,-8.581209337474844
RDH12,-0.8075155295420229
RDX,-7.945020445930036
RECQL5,-6.915020028939119
RELN,-2.2254548141745847
REPS1,4.779725735141893
REPS2,6.46433135902109
RESP18,-6.234034434646
REST,-6.797018234577073
RETREG1,0.8806514342412476
RETREG2,8.065940070631603
RETREG3,5.510679754164264
REV3L,-5.4588610106691196
RFC2,6.4410991808794105
RFPL1,4.7149507073576356
RFPL1S,10.00442297272484
RFPL2,6.8704152991814915
RFPL3,5.953192654337763
RFTN1,12.250253571421126
RFTN2,-6.147780692368226
RFX2,-6.684403587804057
RFX3,1.7258212652479354
RFX4,-7.58164793883441
RGMB,-1.1701919316742062
RGS10,-5.591842161159028
RGS12,5.463337345642659
RGS14,-2.9130875834226146
RGS17,-5.844339110281766
RGS18,-7.076034320819652
RGS20,-2.9389686939570954
RGS22,-8.753536110257754
RGS4,14.618226029696334
RGS7,4.461655893413797
RGS8,-12.560930267715195
RHBDD1,-5.684123806838293
RHBDD2,-3.0044880283312394
RHBDF2,-6.3085327406759015
RHBDL1,3.9075978770558106
RHCG,3.393363737532371
RHEBL1,12.029416207345125
RHOA,-8.008136181905659
RHOC,-9.526712463121823
RHOF,1.7991511211877742
RHOJ,-3.6762887488330547
RHOT2,5.469520845642817
RHOV,4.582479662331288
RHPN1,-6.107613240196877
RHPN2,-7.121825473734396
RIBC1,-6.453908566947396
RIC3,4.516207470459094
RIC8A,4.9161954000776955
RIDA,-1.4553870755822051
RIIAD1,-5.983546328691365
RILPL1,1.3402401699478288
RILPL2,2.6073580771422047
RIMBP2,2.1897843922764606
RIMKLB,-7.076646435325134
RIMS1,2.7715446209189154
RIMS4,4.089669773940378
RIN1,-2.217770739866177
RIN2,-7.542850860981638
RIOX2,-7.7743634122506
RIPK2,-0.9565260617916432
RIPOR2,-1.542722340303919
RIT1,-5.546444664642672
RIT2,2.333943973025853
RLBP1,1.1368622808059534
RLIM,-4.707283796408413
RMC1,3.7222997353871508
RMDN1,-7.559235278756434
RMDN3,5.8681811617444515
RMI2,5.446235078496725
RMND1,4.576344956963781
RMND5B,4.94791357114807
RNASE6,-7.951246966555228
RNASEH2A,-7.869156843305006
RNASEH2C,-3.3072533692471215
RNASET2,-6.363159510672624
RND1,11.8213063364101
RNF10,-4.5945749041058335
RNF11,5.311762904027371
RNF111,6.351247139160781
RNF114,-4.699370436713574
RNF115,4.256347496184545
RNF123,3.989402548897116
RNF135,-5.328446350682271
RNF139,-2.2358460800512767
RNF14,-0.14478312383710806
RNF144A,-1.306998812569176
RNF145,7.597321588229054
RNF150,-3.4805859128753838
RNF157,4.768552415983676
RNF157-AS1,-5.579448746791596
RNF165,6.159587866756006
RNF167,2.1941951752326934
RNF175,4.370913515619903
RNF181,-4.107822481550533
RNF182,-1.363512217552157
RNF185,-0.7606224773469052
RNF187,7.704600329164981
RNF208,8.85943583196377
RNF212,-7.171087621883325
RNF217,-6.475827719281424
RNF219,3.091746571551672
RNF24,4.129128876451939
RNF31,4.744726939173245
RNF4,4.739215344892893
RNF41,7.765775453264221
RNF43,1.320534143981194
RNF44,7.246653392272487
RNF7,-7.551422567625984
RNF8,4.992049112609464
RNLS,3.948128781830331
ROBO1,-9.144163895498172
ROCK1P1,-9.236080149074834
ROM1,-5.748434934747416
ROMO1,-6.734965023216569
RORA,0.7071124242198724
RORB,12.474073260297134
RP2,-7.359247402736771
RPA2,4.08537664942942
RPAIN,4.132422965710769
RPF2,5.563876947132506
RPL12,-0.34940830278597007
RPL15,7.0907690063654485
RPL18,-4.803952778366136
RPL22L1,-2.8587514956454365
RPL23AP53,-6.85936537403511
RPL27A,-3.499244871919866
RPL30,-2.6519506174190552
RPL32,-1.852837730354075
RPL36,0.8075136356543785
RPL37,-1.579737545010315
RPL39,-3.1534527516112503
RPL39L,-0.3655175940575566
RPL41,4.541415301091644
RPL7L1,4.605184537437136
RPN1,-6.615347558145099
RPN2,-9.547436848784837
RPRD1A,7.661392216351745
RPRM,3.2357789121894935
RPRML,0.9162692170619803
RPS10,-0.6586397398050293
RPS18,-1.4571421144682604
RPS19,-1.22930386795749
RPS2,2.3284573052055215
RPS20,-0.9135499928349778
RPS24,0.44770425298553834
RPS27,-2.667584777039952
RPS27L,-5.069328710580618
RPS2P32,-5.103913512943251
RPS4X,-1.3115451455602958
RPS6KA2,-1.251693120696421
RPS6KA4,4.970270466242142
RPS6KL1,3.8966118786688053
RPS8,-2.1798745834043927
RPSAP9,3.69717646154817
RPTOR,3.4250872723480774
RPUSD2,3.762759038613129
RPUSD3,7.2485009263961455
RPUSD4,5.8802227479927085
RRAGA,0.14456754771568725
RRAGB,-7.488799227630498
RRAGD,2.6865359653655823
RRAS,-6.124471964295265
RRAS2,-4.887203778963029
RREB1,-6.246328731354535
RRN3P3,3.454637596893875
RRP7A,-7.641180901640801
RRP7BP,-2.9526906062921743
RSAD1,1.45020466232347
RSAD2,-7.733672046603584
RSL1D1,6.346764463160903
RSL24D1,7.421003121111052
RSPH1,-2.9541913483997964
RSPH14,-9.491219753796484
RSPH3,8.08807833318479
RSPH9,-2.4800240514628618
RSPO2,9.50833427028493
RSPO3,-4.102015589877516
RSPO4,-12.575174927060985
RSRC2,6.922928803125297
RSRP1,-5.381845343739209
RSU1,-8.754520287991948
RTBDN,-4.97045722787349
RTCA,3.3556444006271495
RTCB,2.536476978996246
RTF1,5.926640438589356
RTL10,4.642101325598233
RTL5,4.206985000830486
RTL6,8.091740991559368
RTL8C,0.4022967889965076
RTN1,10.943523576115135
RTN3,4.457811260545179
RTN4,6.1783833862432225
RTN4R,6.449662290455903
RTN4RL1,6.532874659466012
RTN4RL2,3.2737312641498844
RTP1,5.482870403001716
RUBCN,3.124933262330128
RUNDC3A,6.990489143365375
RUNX1T1,6.198222155232305
RUSC2,6.826584043471174
RWDD4,-7.643878495279516
RXFP1,10.679965366503028
RXRA,-4.620034369012949
RYR1,-8.559801631811574
RYR2,-0.031095621467846352
RYR3,-8.081685689095481
S100A1,-5.177129103942765
S100A10,-6.306854999851681
S100A11,-5.216288045136483
S100A13,-4.4822182537892665
S100A16,-4.808694138354355
S100A6,0.02478942324786252
S100A8,1.2364175636859385
S100Z,-7.870562954544898
S1PR1,-7.318154682260119
SACM1L,-1.5751671135866874
SAE1,8.020062863496891
SALL2,-7.419289034633897
SAMD12,10.102601906361322
SAMD14,-0.3035375151902083
SAMD15,-4.887842691568026
SAMD4A,-1.1655407182341224
SAMD5,-3.334130253914765
SAMD9,-4.936607761399448
SAMD9L,-7.570647891428094
SAMM50,5.893291049233579
SAPCD2,3.5697183472316962
SAR1A,-5.284711876230442
SARNP,1.5275600839048078
SARS,8.885731466180115
SASH1,-7.8702264380902
SAT2,9.185758109867228
SATB1,9.89516505726152
SATB2,12.397979391693664
SBF1,5.273488401571106
SBF2,-4.8459160759533875
SBNO1,10.188212382385991
SBNO2,4.692211485720323
SC5D,2.119257566793946
SCAI,9.664938668114061
SCAMP5,6.559154952469287
SCAPER,-7.4380576056839125
SCARA5,2.6736758034577193
SCARB1,-7.37220742472971
SCD,-5.110739215024604
SCG2,-4.460000958510765
SCG3,10.564988119810186
SCG5,6.012727587107326
SCGN,-2.239360640118582
SCIN,-12.036123416322745
SCN2A,5.319267065146698
SCN2B,5.601212617362044
SCN3A,-3.7998231620259517
SCN3B,1.588884255780318
SCN7A,-9.158220825649442
SCN9A,-8.663305421948738
SCOC,-7.835306931179329
SCP2,-7.584178041970622
SCPEP1,-2.60418843559841
SCRG1,-1.9307978795777585
SCUBE2,-6.282278607470302
SCX,1.1683952173254042
SDC2,-9.721138536049043
SDC3,-7.319567387812729
SDCCAG3,4.400558504236594
SDF2L1,-7.717366007296163
SDHB,5.197635553621706
SDK2,-1.7323478408100759
SDR16C5,1.4355304727822282
SDS,-7.8177742920403395
SEC11A,-8.027277805988726
SEC11C,-6.697924711679917
SEC14L2,3.2632271720844988
SEC16A,5.989763653796756
SEC24B,-4.463773176431554
SEC24D,9.869100173032805
SEC61A2,-2.3982562491806942
SEC61B,-9.42313357334235
SEH1L,2.8968687273288354
SEL1L3,4.779532483914762
SELENOH,10.571387714718442
SELENOK,-4.876999765555284
SELENOO,5.907315490531486
SELENOW,3.6148236555158655
SELPLG,-6.0773063509869685
SEM1,-5.976708135374048
SEMA3D,-3.69303274593375
SEMA3E,1.2390257284798176
SEMA4A,-1.8105414546223055
SEMA4F,1.7878409688760908
SEMA5A,-3.0241352117447415
SEMA5B,2.853645261081624
SENP1,2.117111017748932
SENP5,-7.148216908800531
SEPT2,-8.18421884159084
SEPT6,-0.9908042217645288
SEPT8,12.960996109544755
SEPT9,7.808485255777618
SERF2,-7.473322551726266
SERINC3,8.480660055223776
SERINC5,-3.746577788473624
SERP1,-1.0252290770959118
SERP2,8.883057129796923
SERPINA6,-9.184572505711673
SERPINB1,-10.040779165692937
SERPINB6,-6.820974264209975
SERPINB8,-4.497946742662007
SERPINF1,7.457402066551049
SERPINI1,5.438953699439124
SERTM1,4.7394857705340705
SESN1,3.5703105777056416
SESN3,-7.492192821853573
SETBP1,9.148424982589724
SETD6,5.088221514148114
SETD7,1.8766451590570905
SEZ6,-5.04755229268144
SEZ6L,-2.225697963155851
SEZ6L2,5.985151374290002
SF3B3,-0.9527170491142892
SFMBT2,-6.280529544440796
SFRP1,-3.2078445770931716
SFRP2,1.3553751897356183
SFTPD,-1.4674575902473443
SGK1,-7.0829820840640885
SGK3,-3.0723942183541415
SGK494,4.569176300274632
SGPP1,-7.277294351611
SGSH,-2.6583396560316115
SGSM2,4.171749345459328
SGSM3,7.803496191380267
SGTB,9.06541483105236
SH2B3,2.9551105240850144
SH2D2A,3.4218381673696623
SH2D3C,5.4485410734521
SH2D5,0.08202790133569608
SH3BGRL3,-6.439046104518226
SH3BP4,-8.864519882928466
SH3BP5,5.989684237694808
SH3BP5L,5.592733650855534
SH3GL1,3.5724707470500356
SH3GL2,7.392200867597055
SH3GL3,1.6317443520673403
SH3GLB1,-4.480626764281935
SH3GLB2,7.559967305049127
SH3RF1,-1.7740582090829327
SH3RF3,0.20069457449315486
SHANK1,5.5263363125746245
SHANK2,0.2696035316065556
SHC2,2.225975120436907
SHC3,9.844265430412026
SHF,0.25809475714894914
SHISA4,-3.4272843136214104
SHISA5,0.7582635734394089
SHISA6,-7.203014045297002
SHISA7,-4.994158427257116
SHISA8,1.9746412885612097
SHISA9,-1.4463215450637787
SHISAL1,2.086487958876592
SHISAL2A,-8.1792199342779
SHOC2,5.334971540588699
SHQ1,-6.234090748042884
SHROOM3,11.928650579970839
SHTN1,-5.874313083916119
SIDT1,3.2359387198892335
SIDT2,-6.535544186383221
SIGIRR,-4.146445905549923
SIGLEC11,-6.208093979199555
SIK2,4.524981158550854
SIL1,-8.716115406813955
SIM2,-8.291805664581561
SIN3B,-0.6440533352509875
SINHCAF,-9.70024302522948
SIPA1L1,-0.35641162146457184
SIPA1L2,3.221824480156744
SIRPA,4.299025927672826
SIRT5,5.661317349839167
SIX3,-12.82397565289041
SKAP2,2.8871536090007033
SKP1,4.888548648965013
SLA,-6.561212301203802
SLBP,5.520981117136784
SLC10A4,-0.803552383821816
SLC14A1,-6.806629994775209
SLC15A2,-4.165513633939363
SLC15A3,-5.176873568973623
SLC16A14,6.844713098729802
SLC16A2,-1.9385765536236599
SLC16A8,-6.7145261919907915
SLC17A7,2.900841421186816
SLC17A8,-4.374514351346273
SLC18B1,-6.240960742931656
SLC19A1,-8.233910627658524
SLC19A2,1.1376311698084651
SLC1A4,-3.986794056538139
SLC22A10,5.201303332484423
SLC22A3,-5.688223049136178
SLC22A4,-6.367045315008756
SLC22A9,8.936758989845528
SLC24A3,-9.701560413898367
SLC24A4,5.149548964455724
SLC25A11,4.226245623409935
SLC25A21-AS1,-4.64560227728386
SLC25A22,1.9033889588457855
SLC25A23,-1.8417685282923733
SLC25A26,7.51155338123331
SLC25A27,2.8699807557540318
SLC25A3,5.1779332518106616
SLC25A36,0.35801120165131606
SLC25A37,2.351827035510585
SLC25A42,3.4901416687708453
SLC25A44,6.212518235114679
SLC25A52,4.789308891761033
SLC26A11,-0.041932589356397855
SLC26A4,9.176582118661457
SLC26A4-AS1,9.860975965927555
SLC27A2,-0.14586604661113814
SLC27A5,-2.980007183781756
SLC27A6,-8.203553060872066
SLC29A1,4.875642261504354
SLC29A3,2.288564217415053
SLC2A10,-8.72102454136562
SLC2A11,2.804166538778745
SLC2A12,-3.8991597756230156
SLC2A4RG,-2.5208654780319533
SLC2A5,-5.221533502803236
SLC30A1,-7.256843645107671
SLC30A10,-5.418974931178711
SLC30A3,6.45296883731377
SLC35A1,4.57706293518975
SLC35A2,0.6565660577503545
SLC35A5,-6.549623377289234
SLC35D1,-8.378037877102479
SLC35E4,8.266869953828358
SLC35F1,6.740549614330326
SLC35F2,-4.13144370500626
SLC35F5,-9.474432834999403
SLC36A1,5.149163929462376
SLC39A10,9.807942911397364
SLC39A4,5.505688356584982
SLC39A6,-7.05535844984285
SLC40A1,-7.130053363332795
SLC44A2,-6.962083216010109
SLC44A5,2.75944399830328
SLC45A4,6.499965907532548
SLC4A10,5.863455447074889
SLC4A11,-3.9464787278025155
SLC4A1AP,8.574338437427436
SLC4A3,-7.380040865120569
SLC4A4,-5.678225731565958
SLC4A7,3.382976623160911
SLC50A1,-6.693475235161417
SLC6A15,-4.910301193496272
SLC6A17,3.013303536196102
SLC6A7,3.506458190307566
SLC7A1,1.5845403149205337
SLC7A10,-7.473013849778416
SLC7A11,-8.980464797325036
SLC7A4,0.11322248641390484
SLC7A5P2,2.552597539504759
SLC7A7,-8.269000928713602
SLC8A2,2.206238104842698
SLC8B1,-4.17234946310433
SLC9A6,-1.9354060823492314
SLC9A7,-3.4512040616931774
SLCO2A1,5.620866076161951
SLF1,1.3427524782627698
SLIT1,0.1827653291914951
SLIT2,4.015646163947104
SLIT3,-3.4116468158418436
SLITRK1,7.655587882279581
SLITRK2,-5.333941913846853
SLITRK4,8.907045201137853
SLITRK5,7.8307380218525395
SLITRK6,-11.599387568711153
SLMAP,-7.224285423693238
SLN,3.483090380298268
SLX4IP,-8.353750134115415
SMAD1,-4.980232942126822
SMAD2,-2.2168325199847265
SMAD3,3.7835804562440734
SMAD5,-7.415060984991949
SMAD7,-9.393857788419044
SMAD9,-6.99175652131885
SMAP2,8.441706284865266
SMARCA1,-5.203033644482024
SMARCA5,-6.930254023109845
SMARCC1,-4.197371629228279
SMARCD3,-6.296240984493108
SMCO2,1.9725148389299918
SMDT1,3.3496543804172596
SMIM10L2A,-1.9697651659511974
SMIM10L2B,-1.4865452179614602
SMIM14,-5.292641073549599
SMIM19,7.568985936686743
SMIM24,5.799673813419987
SMIM29,0.3514039217338603
SMIM30,-12.085709122364706
SMIM32,2.9151239787462906
SMIM4,-6.118677972522437
SMIM8,5.447856173550532
SMKR1,3.108473489929122
SMO,-8.769759679500481
SMPD1,1.6480387916089732
SMPD3,-3.9041566074028884
SMPX,-0.30917008698766285
SMS,7.546973296010836
SMUG1,4.08551601872981
SMURF1,-0.12791670347559733
SMURF2,-4.738051745554715
SMYD2,11.643651967833232
SNAI3-AS1,2.4841006788341966
SNAP25,11.806755708276814
SNAP47,6.786655675093543
SNAPC3,-4.670453106320043
SNAPC5,5.649717653165082
SNCA,8.947636069568714
SNCAIP,-6.565793489279207
SNCB,8.037553760015557
SNCG,-4.275338030665776
SNED1,2.579806125839204
SNF8,4.697401556850833
SNHG19,-3.876076947352912
SNHG21,3.356293834103537
SNHG28,4.776587418715614
SNHG5,-5.7680072280230785
SNHG8,-0.15654892001834053
SNPH,4.778247689911486
SNRNP200,6.082866476571567
SNRNP25,7.042011955742054
SNRNP27,0.502250734845905
SNRPA1,7.724272591839973
SNRPB,8.86437706977863
SNRPD3,-5.562532195682498
SNTA1,-5.342401418786301
SNTB1,-7.14670117995698
SNTB2,11.677896844789315
SNTG2,-4.542122160351167
SNU13,7.523059150409308
SNUPN,4.114354314191477
SNX10,0.9216102674368996
SNX14,5.928008706307978
SNX17,6.704985524068928
SNX18,-8.047946462130765
SNX2,-7.8778505799884515
SNX24,-1.6718384941151383
SNX27,-7.345266800490549
SNX29,-8.638870910708418
SNX3,5.128981886396666
SNX6,-2.364926351826105
SNX7,-2.143756564076778
SNX8,3.8927271690047887
SOBP,8.016238109418355
SOCS1,-8.053316627421426
SOCS2,1.355288281655906
SOCS7,1.7683375018197425
SOGA3,0.7833203559261551
SORBS2,0.355846621823582
SORCS1,4.526022735402515
SORCS3,2.9159466871097495
SOS1,-7.51677385329565
SOS2,-6.990351616692998
SOSTDC1,2.4906339993037228
SOWAHA,-0.2665886448028612
SOWAHB,17.23767841708901
SOWAHC,-4.5091345347348
SOWAHD,-5.684260208980461
SOX11,-7.620714507569605
SOX12,2.0699564934326884
SOX15,3.928283270224376
SOX2,-3.2156378750770056
SOX2-OT,-6.732520473643826
SOX21,-6.465564791721473
SOX3,-6.229640176121736
SOX4,0.10145789806087661
SOX5,1.1557977414750862
SOX8,-3.7174093358495135
SOX9,-7.109623918835054
SOX9-AS1,-6.491195708530433
SP1,-8.61317586081193
SP110,-7.721306679321483
SP5,-3.7352217507434577
SPA17,-6.152998744244658
SPACA3,-7.322503174059858
SPACA6,-1.0208901772543921
SPAG16,-5.562903280971976
SPAG7,6.208133798525924
SPAG9,4.862384827957913
SPARC,-7.566945741057308
SPARCL1,9.404107341394258
SPATA1,-4.494926598393259
SPATA13,-10.301571634927466
SPATA18,-6.846383650925738
SPATA20,3.042449930123884
SPATA33,-3.59759113101387
SPATA7,5.906357405363244
SPATC1L,-3.7892108843815793
SPATS2,8.121838543930053
SPATS2L,8.336446243494505
SPDEF,2.4771191375683292
SPDL1,-6.9974785295104445
SPEG,0.57373720127069
SPG7,8.291772951363313
SPHKAP,-3.291426175824237
SPIDR,3.3894371180986242
SPINK2,2.020453866129291
SPINT2,0.015821831691148713
SPON2,7.487835565647866
SPPL3,-0.6310404559630908
SPRED1,-1.370363035150149
SPRED2,8.326244447555569
SPRN,7.1303426025125205
SPRTN,-6.13062109469437
SPRY1,-0.6022404657627705
SPRY2,5.336930180883016
SPRY3,-6.7924001463855745
SPRY4,3.7522585112814486
SPRYD3,7.241269660066722
SPRYD4,-5.430550300985988
SPSB2,-4.358227555370603
SPSB3,6.571157208940864
SPTB,-0.30084401548405204
SPTBN2,3.794259885238751
SPTBN4,4.762371356182737
SPTBN5,5.215110349378238
SPTLC1,-7.439124118243074
SPTSSA,-8.689072583380472
SQLE,-4.312894514861428
SQOR,-6.134909794164763
SQSTM1,5.422953050649141
SRBD1,-7.81369063458019
SRC,-0.2880698448529025
SRCIN1,6.521406754804661
SRD5A3,-4.2377963494839594
SREBF1,-5.423403648403395
SREBF2,4.2705713529074405
SREK1IP1,-6.680873344690688
SRF,3.739401709894093
SRGAP1,-7.014504711636415
SRGAP2,-0.41989662169230235
SRGAP3,7.903767011617023
SRP19,4.048250439121244
SRP54,-6.441985122743561
SRP68,5.7296543062978955
SRP9,4.775430643115614
SRPK1,8.77126694575418
SRPK3,0.25701743030318136
SRR,-4.5478532003660055
SRRD,5.512515193084566
SRRM4,10.032465592002374
SRSF11,4.483442711580723
SRSF12,4.838066691722658
SRSF6,-8.365546944897199
SRSF7,5.1246113848338615
SRSF8,5.766327852100828
SS18,-7.985122161360825
SS18L1,4.146764546428436
SSBP1,-4.562054815066485
SSBP2,1.0832813493280602
SSBP3,9.830913897459364
SSBP4,-0.3182173384435779
SSC4D,-5.076428927058616
SSPN,-5.069160272926402
SSR1,-8.837898976815216
SSR3,-6.881141123094784
SSR4,-4.356741103311677
SSR4P1,-5.236968903673511
SSSCA1,-3.828812930669307
SST,-1.375921061134467
SSTR1,3.6389075515210876
SSTR2,3.3355234251708374
ST20,-2.523921697098119
ST3GAL1,8.040379394518398
ST3GAL2,-0.4099637727701591
ST3GAL6,6.0075847708803956
ST5,-2.6490211613609795
ST6GAL1,4.966573952610074
ST6GAL2,4.8819303337628375
ST6GALNAC5,-0.42702415450470815
ST6GALNAC6,1.2098685410365746
ST7,3.0848463009317006
ST8SIA3,-1.7652514795610887
ST8SIA4,-3.172523039458387
STAG1,-4.671386142328012
STAG2,-4.004577579231339
STAMBPL1,12.402410965077337
STARD13,5.220562689208106
STARD3NL,-8.711680528106951
STAT1,-8.649306059119311
STAT6,6.867413379661176
STEAP1,4.893377932945096
STH,4.129115384586899
STIM1,2.3449191876344724
STK10,-5.932042525858398
STK17A,-3.820723588439164
STK19,5.734173669008638
STK24,1.1557042087623597
STK25,4.938832043179606
STK32C,4.645750856741912
STK33,-9.396802376476455
STK39,2.204879931585675
STK4,4.837294716561084
STMN1,12.079153876579111
STMN2,4.170848512648118
STMN3,5.002638897932347
STOM,-5.865582400831175
STOML1,1.3946453769738691
STOML2,5.8913547105587805
STON2,-6.395877860574959
STOX2,3.44983072388452
STRADA,2.2365737003712662
STRIP1,2.369126271220122
STRIP2,-2.077253280805511
STUB1,8.006426153966821
STUM,-7.124081615606736
STX12,3.1805103115160915
STX17,-9.149715529908136
STX17-AS1,-6.046259777881648
STX19,5.665496557407871
STX1A,11.139761437430039
STX2,-8.359151321287849
STX3,6.701144424246174
STX6,2.9340489700036443
STX7,-0.6143730188966732
STXBP1,4.84344900840458
STXBP3,-8.85949372385775
STXBP4,-9.084177517665573
STXBP5,5.860531761725261
STYK1,5.731421932728419
STYXL1,-5.658502875899459
SUB1,3.5892021716674876
SUCLA2,6.275229117760737
SUCLG2,-7.250736275536507
SUCO,-8.44462683496432
SUGCT,-8.346266093916249
SUGT1P3,2.954483745498849
SULF1,1.867040379666977
SULF2,-4.355099172235163
SULT1C4,-8.452454835315127
SULT4A1,6.500172820797249
SUMF1,-6.754438406641787
SUMO3,-7.241581636026162
SUN1,5.726847942335099
SUPT7L,5.211581928114792
SUPV3L1,4.329166468554124
SURF4,0.9841620181190022
SUSD1,-0.6346412178112895
SUSD2,-8.827106771990334
SUSD3,-5.739288287220099
SUSD6,2.679616524803501
SUV39H1,2.577612844537703
SV2B,8.721690746987406
SVOP,6.213072205920745
SWI5,-2.9271854388462386
SWSAP1,-6.207288558677644
SYBU,4.537850935244392
SYCE1,7.899401379420744
SYCE3,-6.1319928415615035
SYF2,-4.821062534476733
SYK,-5.178762629016557
SYN2,2.992878137213
SYN3,5.703122238721017
SYNCRIP,3.1251541781863033
SYNDIG1L,-6.885576152763803
SYNE3,-5.913813295724507
SYNGR1,9.499153312269915
SYNGR3,2.6162536434659205
SYNM,3.682784321951996
SYNPO2,3.057105920305675
SYNPR,-5.1386662491911075
SYNRG,-8.243743333584813
SYP,8.469007967325135
SYT1,4.850888389369625
SYT10,-0.29789910041560663
SYT12,9.14229011750987
SYT13,4.796734226208296
SYT17,0.2740075592106938
SYT5,2.188329114795563
SYT9,-7.835986338626878
SYTL2,13.94611830275245
SYTL4,-8.478805208574144
SYTL5,-5.373077411622959
SZRD1,-9.970259832981707
TAB2,-8.314312585761805
TAB3,-0.7192562666147351
TAC1,-2.7738572956281633
TAC3,2.582041722984163
TACC1,9.351588982568735
TACC2,7.3550542154864536
TADA2A,4.891964415608156
TAF10,-5.629654235048954
TAF1D,6.63862885372993
TAF2,-5.0333406135314585
TAF6,7.356298656074398
TAF9B,-6.681168195659469
TAGLN2,-5.432107260421424
TAGLN3,9.682831093803605
TAL2,-7.710083503234311
TAMM41,-2.0778137462241992
TAOK1,-7.871856357708924
TAPT1,3.0313988670426055
TARBP1,5.73215363150112
TASP1,6.8652164564924085
TATDN1,2.1373299500527025
TATDN2,4.254344592970726
TATDN3,-5.56071596094651
TBC1D10C,-7.945184272053093
TBC1D16,-1.925449065366737
TBC1D22B,4.011238541903347
TBC1D24,1.510974615965914
TBC1D25,3.5298022161263827
TBC1D26,-4.504539661638961
TBC1D31,-3.889650026193958
TBC1D5,1.3052304228108298
TBC1D9B,2.3742211963909967
TBCC,6.067299596919819
TBL1X,-5.02583840843622
TBPL1,-0.3943893728635549
TBR1,9.059115941933719
TBX19,-8.924934121852976
TBXA2R,-7.105330394970626
TC2N,8.106871190036916
TCAP,0.7403809386575002
TCEA1,-6.30301289713699
TCEA2,7.083792127418714
TCEA3,-2.2286541118513026
TCEAL3,6.054721585707288
TCEAL4,5.754445553403264
TCEAL5,8.115990732727553
TCEAL6,6.398522982596872
TCERG1L,4.875657711473289
TCF12,-9.270775498487286
TCF3,-7.191087403079276
TCF4,3.1858448538051407
TCF7L1,-6.842561073720083
TCF7L2,-0.49919947331887643
TCFL5,0.6372386304478743
TCIM,7.490762962038932
TCIRG1,-6.942490534781326
TCP1,4.589964793917808
TCTA,1.8319918983275254
TCTE1,-1.2326100783513187
TCTEX1D2,6.008147435843381
TCTN1,-5.798332876689334
TDRD10,-8.503257891739942
TDRD3,-4.768468794355563
TDRD9,-4.515432611712743
TDRKH,3.193613553088722
TDRP,-6.370287552002163
TEAD1,-11.16311184336586
TEAD3,-6.286615983633848
TECPR1,2.072615881925797
TEKT2,-2.261359452873233
TENM1,-7.238891575931284
TENM2,1.024889591417164
TENM3,-3.28350771690598
TENM4,-1.4016054851497723
TEP1,-4.814707785490255
TEPSIN,1.0931695158435357
TERF2,6.037409094251929
TESPA1,15.749151309379773
TEX9,-8.98303342172731
TFAM,3.0470615677191293
TFEC,-8.285413680475006
TFIP11,5.572918485042048
TFPT,3.2123561649190475
TFRC,8.593391222226726
TG,-4.8236694863506715
TGFBI,-2.286387640390526
TGFBR3L,8.580996655290788
TGFBRAP1,5.307444718547267
TGS1,6.4898888288890495
THAP11,5.774252303213818
THAP7,4.376452171016232
THBS4,-7.47216759242135
THEMIS,13.015416193077
THOC5,6.753585596154603
THOC6,-6.467088428911983
THOC7,4.196297195012269
THRA,0.2809354894332145
THRB,4.750908827156703
THSD7A,-2.910732912973951
THTPA,1.8367017609654768
TIAM1,-6.250143267486162
TIGAR,4.694464024218895
TIMM17A,8.11547021463725
TIMM17B,3.2770043591876186
TIMM22,5.135837948200586
TIMM23,5.013721415899357
TIMM44,5.1472352095145855
TIMM8B,-5.113419815032389
TIMP1,-6.467756329172303
TIMP2,-6.18861455001681
TIMP3,-9.24717419205147
TINCR,-2.6617230338684776
TINF2,3.354091903922257
TK1,-2.606610682214418
TK2,-7.573832491354996
TKFC,0.2803264894404264
TLDC1,-7.355186674662185
TLE1,-3.5042258766796763
TLE2,4.630356296635415
TLK1,-3.419891001572938
TLL1,-3.9763003914837394
TLN2,6.323114664141104
TLR1,-5.936416596866803
TLR2,-7.512706605210321
TLR3,-8.481675940323013
TLR4,-7.443774621070375
TLX2,1.2575910602377438
TM2D3,1.6521579610682933
TM6SF1,6.41819559153272
TM7SF2,-2.815532407412135
TM9SF2,5.826114613329177
TMBIM1,-5.493526223535525
TMBIM6,-8.096567416416628
TMC8,-5.227992653983879
TMCC1,-6.490309357229104
TMED10,-8.52982439347038
TMED5,-8.65686022957248
TMED7,-8.858938088527088
TMEFF2,-0.5114288507704711
TMEM100,-8.362508341537573
TMEM106A,-5.392668215970882
TMEM106B,-7.105172373414
TMEM106C,3.0086141668364803
TMEM107,0.8149876486236063
TMEM108,-0.836126699648952
TMEM117,0.5704000137911467
TMEM120A,-8.957576672491609
TMEM120B,-3.060933917243736
TMEM121,7.2373600499783315
TMEM126A,7.040328710008605
TMEM126B,-7.3363854965965
TMEM130,2.0017568879141305
TMEM131,-7.4514081235297995
TMEM132A,3.530870336355134
TMEM132B,8.624933847712073
TMEM132D,7.787486505254377
TMEM132E,1.2988629411922346
TMEM136,-4.567981113510007
TMEM141,-1.850783004777925
TMEM145,1.2951502472727245
TMEM150C,3.2687755593040984
TMEM155,16.318806746627182
TMEM158,-5.0027378778067275
TMEM159,-2.4023834033945035
TMEM160,7.113865069455709
TMEM161B-AS1,6.407891938130176
TMEM163,-0.5573762982858458
TMEM164,-4.08576430797816
TMEM168,-7.390630601994217
TMEM17,-6.736534852985347
TMEM170A,-9.293939279696032
TMEM170B,5.1297272715061775
TMEM173,-5.073623194156113
TMEM175,-1.7993781498668975
TMEM176A,-8.538002748557838
TMEM176B,-5.905981851808657
TMEM178A,4.240028269613952
TMEM178B,6.651817125474409
TMEM179B,-7.134304540019021
TMEM182,-5.489198294555885
TMEM183A,9.791113072206338
TMEM184B,5.842394594573466
TMEM185B,-5.81878748177738
TMEM189,-7.287088340204805
TMEM19,-5.48759807806307
TMEM198,1.0784490702756213
TMEM200A,-0.10020198900286212
TMEM200C,2.3398264255810224
TMEM203,5.8927661398992495
TMEM205,5.846268663319353
TMEM208,-6.4673348651783815
TMEM209,-5.670449328764649
TMEM215,-7.2506021543259624
TMEM219,-1.698205229490883
TMEM229A,-8.485610587298556
TMEM229B,0.043910401252438676
TMEM230,-3.7960076946792825
TMEM233,9.23793973801586
TMEM237,4.188150125461958
TMEM238,-6.115973325653828
TMEM241,6.246995590868698
TMEM242,-1.0981070040242
TMEM249,0.685356954836677
TMEM25,5.1604734171883155
TMEM250,2.774891672506932
TMEM251,2.6203957956342645
TMEM254,-6.830744188765509
TMEM255A,-10.136114754322959
TMEM255B,2.029461465650824
TMEM256,-2.9873883961926087
TMEM260,-7.239694485281168
TMEM263,-0.18051012832704916
TMEM266,5.664745192500181
TMEM268,7.775634832365224
TMEM42,-4.16223374313952
TMEM47,-9.439580789287906
TMEM50A,-6.4738536867398855
TMEM53,-4.1798756468325875
TMEM54,2.6916622017688456
TMEM59,-0.17142915809411402
TMEM59L,5.662447435233935
TMEM65,0.9684839530813621
TMEM70,4.970987135713167
TMEM74,2.089124247528972
TMEM74B,2.8598357720669236
TMEM87B,-7.623070807652445
TMEM8B,3.838414083432504
TMEM9,3.485599950851073
TMEM91,-4.1389665469006305
TMEM97,-2.7166636552327392
TMIE,5.174486346129388
TMOD1,3.038413785802662
TMOD3,-3.5305036329605324
TMPO,3.8377794082621124
TMPRSS6,-9.065090460121013
TMSB10,2.8209239228595315
TMSB15B,0.6813521116354775
TMSB4X,0.767051327927306
TMTC1,-7.620573746225173
TMUB2,6.146181783800525
TNFAIP1,8.720659926681675
TNFAIP2,-5.735197516653552
TNFAIP8L1,7.169929021919539
TNFAIP8L2,-6.003552895946706
TNFAIP8L3,-0.23367461790984262
TNFRSF10B,-9.286220328820365
TNFRSF11A,1.7278605752446563
TNFRSF12A,-5.441276986742018
TNFRSF13C,-7.354169909311519
TNFRSF14,1.5671299008751676
TNFRSF25,4.289194522150864
TNFRSF4,0.05910176190202909
TNFSF12,6.859274849669037
TNFSF13B,2.061455960277263
TNIK,-2.8231543895338445
TNNI3,-6.391849113949639
TNNT1,-2.0902633080217634
TNNT3,2.0157455120876135
TOLLIP,6.963588864398058
TOM1L1,2.4224545383366203
TOMM20,7.36676682950311
TOMM40L,8.844142061967045
TOP2B,7.245039854669168
TOP3A,4.794921541760723
TOPORS,-6.769786013677944
TOR4A,-9.700630059782922
TOX,7.8541768354097625
TOX3,-1.0233556989749153
TOX4,5.021276911504457
TP53BP2,-5.337142924603249
TP53I11,1.615645737944557
TP53I3,-4.790625894234947
TP53TG1,-6.799303393140382
TP53TG3D,0.6407204209039031
TPCN2,0.8762019485951026
TPD52,-0.1460111769627348
TPD52L1,-0.7674275484256843
TPGS2,-1.2063917104137794
TPI1,7.167566918879573
TPI1P2,7.385182867174269
TPK1,8.417038177527576
TPM3,3.2495435573120632
TPMT,4.274783584709234
TPP1,-3.5610227822635596
TPR,-6.384722499020869
TPRG1L,5.872940679217224
TPRXL,4.406718983790623
TPST2,8.984406278428537
TPT1,-4.802925956030572
TPT1-AS1,-7.117257457097349
TPTE,3.6550667563428636
TPTE2P1,5.059601947622335
TPTEP1,-8.969278589384006
TRA2B,4.656016939160391
TRABD2A,3.5195287873616987
TRADD,0.5048122903158355
TRAF3,6.934109456465791
TRAF3IP2,-6.656245736688869
TRAF3IP3,-6.02750415445906
TRAF5,-1.981271631866794
TRAF6,5.413658186610941
TRAF7,1.323500223187443
TRAIP,-6.371978192131418
TRAPPC11,5.809158260212423
TRAPPC2L,-2.454813804636832
TRAPPC3,5.014598421402572
TRAPPC4,2.904739417252131
TRAPPC6A,-0.2560153126981388
TRDMT1,-7.715282343879808
TRH,-1.1527881976427403
TRHDE,4.0014740106681606
TRIB1,-1.568847739733721
TRIB2,6.748437437639991
TRIB3,4.17749265023772
TRIL,-7.922674448690538
TRIM17,-1.54018485859028
TRIM22,-2.0153482062097283
TRIM23,1.9000406497868365
TRIM24,-5.65802378959963
TRIM25,-6.301187338744432
TRIM26,2.5435699466917874
TRIM27,-1.540633051383356
TRIM28,2.446887771635934
TRIM3,4.031162231715049
TRIM36,-2.8135136606545266
TRIM44,6.346151253858837
TRIM45,0.9552012172581195
TRIM56,-3.084285491841693
TRIM58,1.9742377888994316
TRIM62,-8.165349985272119
TRIM65,-3.564649480743702
TRIM69,-4.657980673891862
TRIM7,3.6585795281384375
TRIM71,-4.1718814250015175
TRIM8,-7.4438752848055305
TRIM9,6.27410450739952
TRIO,2.865090723312947
TRIOBP,-7.178549432133138
TRIP12,-6.067470575986467
TRIP6,-4.862721762273634
TRMT10C,4.080529091491672
TRMT12,1.0499133041400353
TRMT13,-4.606450706840625
TRMT61B,2.8333954404917554
TRNAU1AP,5.230314794219071
TRPC4,-2.054526438617802
TRPS1,-8.390688622560527
TRPV2,-1.0668760387938254
TRUB1,2.918775453456452
TSACC,-6.952361190286653
TSC2,4.107845545746968
TSC22D1,3.5391841588845216
TSEN34,-2.2547000353164
TSHZ2,1.0462668007635716
TSHZ3,10.530088966106272
TSNARE1,5.985380196120687
TSNAXIP1,2.3816272435802155
TSPAN12,-5.681989886668619
TSPAN13,5.34079496978681
TSPAN14,3.097963344639264
TSPAN17,3.5072458054796587
TSPAN18,-7.217212145242827
TSPAN2,-8.965001515958788
TSPAN33,-0.15429081114311105
TSPAN4,-5.337615173080174
TSPAN5,4.875201935796408
TSPAN6,-6.263550138636831
TSPAN7,7.459733836999579
TSPAN9,2.097757484765633
TSPOAP1,3.9278521558510877
TSPOAP1-AS1,3.681499082906933
TSPYL2,-0.832596665087045
TSPYL4,1.5919405816237977
TSPYL5,-4.434149581291558
TSR1,4.1272899197052775
TSR2,5.290323695946768
TST,-4.861804231642495
TSTA3,2.0038026582157316
TSTD1,3.1269903816002613
TTBK1,2.9078898760574265
TTC19,8.085395506566199
TTC21A,0.5465343676990558
TTC23L,-6.183545737223743
TTC30A,-7.617966881853832
TTC37,3.7719559596255388
TTC38,-6.966908679832958
TTC39C,2.2386552149082695
TTC7B,0.057794741594808005
TTC8,-4.456343387135655
TTC9,4.3912617994221534
TTC9B,8.535696246348895
TTF2,-7.554596937168963
TTL,-5.398511646202694
TTLL1,3.2847859557615897
TTLL12,6.701083857533653
TTLL4,-5.528358190918948
TTPA,-10.106210516864802
TTPAL,1.4275878530485813
TTR,-12.584667414018073
TTYH1,-0.7552744695721302
TUB,3.4463206683942578
TUBA1A,6.005775297918515
TUBA1B,8.540410975015378
TUBA1C,-6.8728201763082835
TUBA3C,5.195319868284473
TUBA4A,3.854789190821044
TUBA4B,4.692125743316898
TUBB2A,4.692486719480834
TUBB2B,-4.889417175446257
TUBB3,-3.359457183980696
TUBB4A,0.16680232759863786
TUBB4B,-1.1771191126206126
TUBB6,0.3729966131522687
TUBB8,2.8065117097356937
TUBB8P12,1.9627809843374784
TUBE1,-3.395941253436357
TUBG2,6.007698212309476
TUBGCP4,6.02210559762394
TUBGCP6,4.686778172860941
TULP3,-6.120306818066678
TUNAR,-8.91438673271655
TUSC1,3.222544580875665
TUSC3,-2.8571308356945835
TVP23A,3.2439565053516755
TWF2,6.632531818155864
TWIST1,2.632574921438794
TXLNA,-8.303621751494566
TXLNB,-0.6998385935443716
TXN,-0.6812812218522774
TXNL4A,-2.22121854167875
TXNRD3,-5.327231888935192
TYMP,-8.366550151438412
TYRO3,10.845908006199222
TYROBP,-5.578005376722582
TYRP1,7.724893419800384
TYW5,3.159308434157357
U2SURP,-6.285192257336198
UAP1,4.283405411783355
UBA3,-7.611711302899563
UBA52,-4.441986872055064
UBALD1,1.4625433583462522
UBAP2,3.652086250326152
UBC,5.924137372557802
UBE2A,-6.130839689654544
UBE2B,2.8603712570915953
UBE2D2,3.6831752929045107
UBE2D3,3.2470603738208714
UBE2E2,-0.7104841340955964
UBE2H,-3.1432157703836814
UBE2I,6.971765705902042
UBE2J1,-5.09003680410969
UBE2K,9.44105136565532
UBE2M,7.178087068795058
UBE2MP1,4.714680190973988
UBE2Q2L,6.781568560087405
UBE2R2,-7.2466910228626285
UBE2W,1.7876361380241117
UBE2Z,3.696510387872055
UBE3A,4.963041480645654
UBE3B,2.8194661179069263
UBE3C,-2.5337483103016254
UBE3D,2.1048331222254424
UBIAD1,-6.200838841668091
UBL5,-0.6878450348258233
UBL7,8.022755535321634
UBL7-AS1,-5.975052027161162
UBP1,6.373889324777716
UBQLN4,3.109061439864418
UBR1,0.21350982498740498
UBR4,4.220517380038785
UBXN2B,3.6649556139777357
UBXN6,5.577362932820142
UBXN8,-5.272517473538964
UCHL1,3.5373838287238564
UCHL3,-5.424877322461277
UCN2,-6.4385694510253
UEVLD,-8.202094943566793
UFC1,1.91446075715754
UFL1,-8.028681661601079
UFM1,-6.7193307350091915
UG0898H09,-7.8980663725223055
UGGT2,4.813654788197247
UGP2,7.877295427986751
UHMK1,-5.80966271904109
UHRF1,-7.705951132846844
UHRF2,4.02919923926563
ULBP2,1.0551118585445955
ULK1,-0.3680382367396546
ULK2,1.1583579165982758
ULK3,7.037943620090023
UMODL1-AS1,5.742927552397056
UMPS,-3.226323091099218
UNC13A,2.332572883781328
UNC13B,5.59890028756674
UNC50,6.144739444845518
UNC5A,7.085663044030318
UNC5B-AS1,-3.609106724132084
UNC5D,5.415688426210267
UNC79,5.937495920031255
UNC93B1,-6.622150214378765
UPP2,1.933793119445444
UQCC2,-6.474920189246939
UQCR10,5.700327189360901
UQCRC2,6.225429972862093
UQCRFS1,6.863793826797528
UQCRH,8.279976202411154
UQCRHL,7.186245270385181
UROS,-2.089637564599212
USE1,4.633127687518268
USO1,5.684240195304685
USP13,2.6408144008218346
USP14,-7.070092309804415
USP18,-7.278050043507822
USP19,4.364383625577244
USP22,2.947957639455664
USP24,-7.92418508815592
USP28,4.626743598940118
USP3,-8.181462517601451
USP32P1,1.8933171132463293
USP32P2,4.425174803206137
USP37,-7.923577154698956
USP4,4.442339579674654
USP42,4.636622583260413
USP43,5.677972608533459
USP46,2.0100504240963573
USP49,1.1756969829585768
USP5,2.9231672518593212
USP51,-1.4034926985414922
USP53,-6.486516649813409
USP6NL,-6.115707274028906
USP7,3.8556050033446376
USP9X,-5.050159672770727
UST,-1.6454906263132871
UTP18,4.410925156931303
UTP20,-7.751437153212787
UVRAG,0.7825973345601358
UXS1,-6.800424701152677
VAMP8,-5.832953878495497
VANGL2,-7.72496297491357
VAPB,4.953498596196069
VASH1,2.0977142368512443
VASN,2.6958483202096204
VASP,-9.743042871605352
VAT1,-9.056278315614664
VAT1L,-4.392152636390677
VAV1,-5.57318940071021
VCAN,-6.858727355734713
VCL,4.249296295329325
VCP,-5.012158406478013
VDAC3,4.979747517159624
VEZT,-1.089176604546131
VGF,3.5982478785322765
VGLL4,4.258286731963297
VIM,-0.8896236813599012
VIP,5.668954471201668
VIPR1,10.316563710110891
VIT,7.171479260059022
VKORC1L1,1.7490799330980236
VLDLR,-5.936173951500264
VMA21,-5.901647195454433
VOPP1,-4.074925275888561
VPS13A,2.8370408682174246
VPS13C,2.9407276717990594
VPS13D,5.917223413333451
VPS16,4.917856969732347
VPS26A,0.7711391474225168
VPS26B,3.6365183083048347
VPS28,7.636559057944858
VPS29,4.997756814643508
VPS33B,5.572698911132993
VPS35,-2.3549125516629283
VPS37B,-0.11673733816322189
VPS37C,0.5019828345643067
VPS37D,0.9396826873967543
VPS41,9.371901120733984
VPS4A,-0.9735901063349697
VPS51,6.160407896013691
VPS52,-1.8765243517842187
VPS53,2.314872445663891
VPS9D1,5.100347096576325
VSIG10L,-7.112942592249388
VSNL1,15.189341925846415
VSTM2B,-6.487111976472765
VSTM2L,0.4750066364448728
VTA1,7.577900032168541
VTI1A,-4.900586422523383
VTI1B,5.241146068737845
VWA1,-4.505149041453174
VWA3A,3.875217227480429
VWA5A,-7.753232140620177
VWA5B2,2.1257047754511174
VWC2L,3.5534503111103826
VWCE,1.9723121900798908
VWDE,-4.339879976088613
WAC,6.6543752979051165
WAC-AS1,11.38993514864515
WASF2,-7.467393892022635
WASHC2C,-4.891345685567007
WBP2,7.269786861588094
WDFY4,-8.459138800704016
WDHD1,-3.90088465721921
WDR1,-8.147705775871518
WDR13,3.9441423103787
WDR17,0.30233711132146945
WDR24,3.1349420376261525
WDR26,4.963182858527468
WDR37,3.6591869449679595
WDR4,5.108632664195562
WDR44,-8.583945748624942
WDR45B,-1.892760115970224
WDR46,4.761357585767403
WDR47,5.394398406787756
WDR53,-6.448360286181612
WDR54,3.5084830976262533
WDR6,-4.435809225464298
WDR60,6.736955853691363
WDR66,-6.285110242227733
WDR7,-1.3459124135628489
WDR74,5.927203086659232
WDR78,-6.150911864325181
WDR83,4.815603945262807
WDR86,-1.274978200252135
WDR97,1.7453679451397766
WFDC1,-1.4504502317208152
WFIKKN1,3.914345573215165
WFS1,-5.309022601927765
WIF1,1.2203289856971087
WIPF2,9.651309333458112
WIPI1,-1.2340206480373237
WIPI2,7.065895235869364
WIZ,1.7811278212248058
WLS,-4.201895315434469
WNT10B,3.6054376916534876
WNT4,-7.762783969079796
WNT6,-8.222860315360153
WNT7A,5.075326139548676
WNT7B,-4.2095250297845475
WRN,-5.394760477031809
WSB2,8.13969482005138
WSCD1,-4.742465563619562
WTIP,-0.4376227623757414
WWC1,-6.714009258597738
WWC2,-0.5449408716834646
WWOX,-7.3097764651455694
WWTR1,-8.128993897634526
XAF1,-6.374113759191191
XIAP,-0.21876938799608123
XK,1.9543391496854616
XKR4,-1.2111871533708447
XKR9,4.671810559466103
XPA,5.057056686858504
XRCC4,-5.9598790644106785
XRCC6,6.606146469209139
XYLB,3.1796089260336116
XYLT1,3.317826123978842
YAF2,5.66984936524432
YAP1,-5.279334459449038
YARS2,4.248802889315823
YBX1,-7.336179118651533
YBX2,-0.12389028537777828
YBX3,-9.661725931535049
YBX3P1,-8.194279024502666
YEATS2,6.424227102027873
YEATS4,4.18422223864756
YIF1A,-2.935495900356771
YIPF4,-5.613436380933169
YIPF6,-8.463991527425936
YJEFN3,-1.6299038334042828
YLPM1,3.3069185907043335
YME1L1,4.98853892938182
YPEL1,0.7936188175196349
YPEL3,9.709757081899602
YPEL4,6.5627317830206255
YPEL5,8.308021342212772
YRDC,3.4441344620545675
YTHDF2,6.4667080808449535
YWHAB,2.6139332872326144
YWHAG,6.864236013678036
YWHAH,2.8097932557803396
YWHAQ,-4.190267979399444
YWHAZ,-3.8345543205126305
YY1,6.204625183020931
ZBED1,-7.604101575199796
ZBED9,0.917436305310229
ZBTB11,5.646500008917526
ZBTB18,1.4797150851904162
ZBTB2,-5.514375225024246
ZBTB20,-9.118876312579884
ZBTB24,2.540345339085246
ZBTB4,7.876790812129696
ZBTB44,4.214209676356567
ZBTB45,6.3802298177137375
ZBTB8A,4.825725336139405
ZC3H15,3.864595364024456
ZC3H7B,3.3118290680093856
ZC3HAV1,-9.264286681552559
ZCCHC11,-4.602314978144055
ZCCHC12,-8.492486211240928
ZCCHC14,0.6449179784937278
ZCCHC17,-4.783893236774799
ZCCHC18,-5.745527295592584
ZCCHC2,7.1656262933765085
ZCCHC8,-0.7639880991839573
ZCWPW2,-4.362716511507679
ZDHHC12,-7.654501762963543
ZDHHC14,-3.4528621011297753
ZDHHC17,4.232615673446682
ZDHHC22,1.0515120913249905
ZDHHC23,3.8159754000532335
ZDHHC24,-7.588919294580837
ZDHHC3,3.8306625996938783
ZDHHC4,5.0157308665120475
ZER1,5.310257740014178
ZFAND1,5.615247456597029
ZFAND2A,4.679330668707492
ZFAND3,-7.661339285568909
ZFAND6,-9.041107569573247
ZFAT,5.408290315271806
ZFHX3,-8.918209617292835
ZFHX4-AS1,-6.816119316648942
ZFP14,7.573665022439144
ZFP36L1,-5.514243740540605
ZFP36L2,-8.707635989062599
ZFP64,-2.614210660444307
ZFP69,-5.410566763109811
ZFP82,2.891281716361323
ZFP90,-5.706880146131045
ZFP91,4.352896786582832
ZFYVE16,-4.923412692245335
ZFYVE21,6.368987680533973
ZFYVE26,-4.11265782606576
ZHX2,-8.46705668090748
ZMAT1,-8.571251166322632
ZMIZ1,5.285620464293916
ZMIZ2,5.925960905223176
ZMYM3,-5.992287482034207
ZMYM5,0.5914681208500275
ZMYND10,-3.8028055497724207
ZMYND12,-3.3321548716878264
ZMYND15,-7.242817459080617
ZNF101,-6.0636065191249084
ZNF112,-7.814004754435267
ZNF12,4.255502828028132
ZNF131,7.3691368748084525
ZNF136,3.4664831642744462
ZNF157,-5.950989464664926
ZNF184,5.736892285582181
ZNF19,-7.224663802403672
ZNF192P1,2.841739548865671
ZNF195,-7.484513512482213
ZNF202,4.269087950957633
ZNF212,4.704742601596747
ZNF215,3.8125362512943726
ZNF219,-4.0995222131555265
ZNF222,2.3407995774372385
ZNF226,-0.9354838866028585
ZNF229,-9.271106317156468
ZNF232,7.145332428407408
ZNF239,3.858157089830009
ZNF25,10.140289882593542
ZNF250,4.683285049136912
ZNF254,-6.470096519089282
ZNF26,-0.9024138249547201
ZNF271P,-8.960765603229287
ZNF273,0.44540521022354534
ZNF286A,-6.7646987742427385
ZNF324,3.7360826822360003
ZNF329,5.500370761668597
ZNF334,-3.0104936182548094
ZNF346,5.141465160408114
ZNF350,-2.7514861605580228
ZNF358,7.30749774532743
ZNF362,4.9323801745180065
ZNF365,11.195967082586032
ZNF37BP,5.381764079588332
ZNF395,1.9934645715419308
ZNF418,3.8001979188319455
ZNF423,-5.408197346027522
ZNF425,4.60322326602583
ZNF429,5.230042895492896
ZNF436,-0.815136591086579
ZNF436-AS1,5.437468737489575
ZNF438,-5.944659046533394
ZNF449,-6.809710858605501
ZNF462,-6.527268846716236
ZNF471,-5.493077566954296
ZNF48,7.157675943594352
ZNF480,-7.268176417711131
ZNF500,5.7042546761893
ZNF516,-9.78422040577102
ZNF518A,-5.327813868743237
ZNF521,-4.720172004505017
ZNF541,5.719490729768046
ZNF544,3.9852997296227617
ZNF547,1.8631234827707615
ZNF558,-6.302770892110902
ZNF562,4.042655570001259
ZNF567,5.853045424892372
ZNF569,-6.713521007232936
ZNF572,-6.959107632337618
ZNF575,2.930253165309799
ZNF577,-5.001668570649472
ZNF589,-4.394553741135148
ZNF598,6.129968070957896
ZNF599,-5.921471323650172
ZNF608,-8.018957193088932
ZNF610,-7.781206607515827
ZNF611,-8.080620841336533
ZNF621,-6.4331672265763515
ZNF622,6.416920946604929
ZNF641,5.0784299385285925
ZNF655,6.101358837901722
ZNF667,-4.498570540762116
ZNF670,1.8600992115987989
ZNF677,-4.9975150060496105
ZNF681,0.7035634109849378
ZNF697,5.820746712347031
ZNF701,-6.594874905473259
ZNF706,-3.3582087830922505
ZNF710,-8.570602014608193
ZNF711,1.7719742382766703
ZNF717,-7.560913905790353
ZNF727,-3.80650238369504
ZNF736,4.211800480528804
ZNF74,5.398469156409925
ZNF75A,-6.688964587824825
ZNF765,-6.549321111430093
ZNF777,4.359946980350685
ZNF780A,5.741166207765904
ZNF785,4.9101552317668595
ZNF786,5.463752615829372
ZNF789,3.653382015439728
ZNF790,-8.427543005631197
ZNF812P,-5.583527405774482
ZNF816,-6.77692170539883
ZNF821,2.8318417939485947
ZNF827,3.431064192187423
ZNF83,-5.44453141134595
ZNF831,-2.42974985697853
ZNF839,5.289654439583335
ZNF844,-7.551918308499233
ZNF845,-6.455371157063362
ZNF853,4.4111019056733385
ZNF876P,2.0308949242589764
ZNF880,-5.493031244954042
ZNF883,-6.571412757880444
ZNF93,-6.419713684463523
ZNHIT1,-7.655453607773628
ZNHIT3,4.21382490854298
ZNRD1ASP,-7.792928870626782
ZNRF1,1.167659409092874
ZNRF2,-2.8749585960258757
ZNRF2P1,-3.119423783161542
ZNRF4,-0.11158195314569343
ZRANB1,6.735415917192162
ZRANB2,5.689473585635126
ZRANB3,0.80668081497542
ZSCAN18,2.1629730741307283
ZSCAN2,-5.351556783008279
ZSCAN26,5.1463251626576465
ZSCAN30,-6.618612719015351
ZSCAN31,5.521555605765463
ZSCAN5A,-5.625446714984422
ZSWIM6,-9.596028703992966
ZSWIM7,3.872342806884183
ZSWIM9,0.12767620290572979
ZWILCH,1.6202502913135013
ZXDA,-6.859867595335158
ZYG11B,8.857498648458153
ZYX,9.303517684235612
