,cPC4
A1BG,0.8119249847732568
A1BG-AS1,-0.08745388908955322
AACS,-1.2048810329653294
AADAT,-0.7887362609424788
AAED1,0.46001674354982736
AARS2,-0.28582704260221975
AASS,0.20934515743305568
ABCA1,0.5145759541896078
ABCA2,0.5376214988979828
ABCA3,0.6417305317276495
ABCA5,-0.5809233499449326
ABCA9,-0.37332028475405804
ABCB10,-0.5581987859452942
ABCB6,-1.509623415108391
ABCC12,0.6898968322695278
ABCC5,-0.06536964140651158
ABCC8,-0.2709182672675804
ABCE1,-0.6118349084606562
ABCF1,1.5055637715566692
ABCG1,1.2932680963819971
ABHD1,0.4566142638419202
ABHD17A,1.24539749642842
ABHD17C,0.720873542450448
ABHD3,-0.3744271158624019
ABHD4,0.06279288891089502
ABHD6,-0.42845794913103885
ABHD8,0.3586529786303551
ABI1,-0.13577559421027813
ABI2,0.1828133984120132
ABR,-0.25188137344182987
ABRACL,0.16038751346199123
ACAA2,-0.5074719620461993
ACACA,0.07246352602263718
ACACB,-0.0072795300983160335
ACAD8,-0.33700421934677266
ACAD9,-0.7161330811117809
ACADL,-1.6885457307105844
ACADVL,-0.6131986941555168
ACAP2,0.27349161798268234
ACAT2,-0.5736884365182165
ACKR1,2.206062966723211
ACKR3,-0.2695685691655205
ACLY,0.002583771588722043
ACOT2,-1.0724119069153641
ACOT4,0.43273235545358274
ACOT8,0.2493769922010761
ACOT9,-0.35987666463743945
ACOX1,-0.8410482924744612
ACOX3,-0.7626110084170957
ACP1,-0.3474998699537095
ACP2,0.46063628421799435
ACSBG1,0.7677735801539154
ACSF2,0.450204039574193
ACSF3,1.2680230917109832
ACSL4,-1.3163267037545336
ACSM5,0.9721179484816401
ACTA1,-0.9925665946772277
ACTG1,-0.5896801380145207
ACTL6A,0.17828919455461742
ACTL6B,0.8896289693449045
ACTR10,-0.4857989445441817
ACTR1B,1.5100892074830676
ACTR2,0.1767922810433744
ACTR3B,-0.5280088500358823
ACTR3BP2,-0.3129534733426667
ACTR3C,-0.9716067599493188
ACVR2A,-0.9205624944808448
ACY3,1.1807326893857744
ACYP1,0.2002890360644955
ADA,0.5527053587678672
ADAD2,-1.7214845241559813
ADAM11,-0.2597546387833899
ADAM19,0.3732404236937599
ADAM20P1,-0.5202418014354264
ADAM28,1.4471747807795126
ADAMTS19,-1.8797140619535528
ADAMTS8,1.3075073461688138
ADAMTS9,-1.6369250906457296
ADAMTSL1,0.07672949607088309
ADAMTSL2,-0.9189823449962637
ADAP1,0.5950849959835423
ADAP2,0.9260508841440891
ADARB1,0.300487121696844
ADAT1,1.0347209005142166
ADCK2,-0.013057766899643185
ADCK5,-0.14841911336934402
ADCY1,0.48067061965883345
ADCY2,-1.685378491900956
ADCY6,-0.13928365086557512
ADCY7,-0.6910072381880917
ADCY8,-0.5489019364759744
ADCYAP1,-2.2411211159392153
ADCYAP1R1,-1.2409591411083034
ADGRA1,-0.386670660376274
ADGRA3,-1.1849905578178792
ADGRB3,-0.4815944787858218
ADGRG1,-0.7331774431992629
ADGRG6,-0.5212403042719282
ADGRL2,0.12605828512608847
ADGRL3,-0.302419041046672
ADGRV1,-0.6764828228530793
ADH5,-1.2690008484900155
ADI1,0.6243748268206718
ADIPOR1,0.0962599350715081
ADIRF,-1.3782713446016717
ADK,-0.19335755103457813
ADM,1.580262520752331
ADM5,0.33718390718496605
ADNP,1.4530498275581902
ADO,-0.2235255272423465
ADRA1B,-1.4917188976618387
ADRA2A,-0.10648832388783415
ADRA2C,-0.06990203166124447
ADRB1,1.4155170545899782
ADRB2,0.3951768802821039
ADSS,-0.12683458827109556
ADTRP,-1.825056339554953
AES,0.285924357559891
AFAP1L1,0.2119009404839991
AFF2,-0.4166889119461695
AFTPH,-0.2483004847711868
AGAP1,0.29354182787427824
AGAP2,-0.7248439628585754
AGAP3,0.4448488687095017
AGBL4,-0.3598613669429507
AGFG2,0.21472408643076354
AGGF1,0.40476976716331403
AGL,-0.3061859203402021
AGMAT,-0.9366040783070817
AGO4,0.3452408927210263
AGPAT3,0.9152263532472341
AGPAT5,-0.15640149198014594
AGRN,0.48770986915866094
AGTPBP1,-0.8318441892036588
AHCY,0.4661483182917336
AHCYL1,-0.31217392555967377
AHNAK,-0.9606491881030311
AHRR,-0.9211431040481473
AHSG,-0.3262856829696199
AIF1,1.9090937218234134
AIFM2,1.0890241920707928
AIFM3,1.0952557602535433
AIM2,1.0112796932155015
AJAP1,-0.8532037569026097
AK3,-0.2037490786537424
AK4,-1.0131500200141887
AK5,-1.2609218575591772
AK8,0.5619333017053334
AKAP13,-0.038031536093231205
AKAP5,0.5657365052968945
AKAP8,0.19955158147640376
AKIRIN1,0.023230825698149122
AKIRIN2,0.14216445345001144
AKR7A2,-0.18632319079214055
AKR7L,0.5006615691277164
AKT3,-0.706416016998478
ALAS1,0.038666991756153984
ALCAM,-0.5576635990532319
ALDH1B1,-0.2877139770060072
ALDH1L2,-1.2756077391914047
ALDH2,-0.9077186034542832
ALDH3A2,0.4261275829636416
ALDH3B1,0.20223411243522219
ALDH5A1,-0.5416120969798434
ALDH6A1,-0.6427020719806791
ALDH7A1,0.7312507207857784
ALDH9A1,-0.1272044588473772
ALDOA,-0.02466975683858462
ALG10B,0.3404524079655835
ALG13,-0.4115475992266478
ALG5,-0.10619289327460292
ALG8,1.3136087465568405
ALK,-1.498336919293175
ALKAL2,-0.07199563707778148
ALMS1P1,0.13135627263183683
ALOX5,1.2437761551766617
ALOX5AP,1.7934972251475467
ALPK1,1.3032690410090622
ALPL,0.5987409244378531
ALS2,-0.13230260628327795
ALS2CR12,-0.8417021593292817
AMER2,0.3852667104775256
AMER3,-0.5448675647365908
AMFR,0.07439996508346944
AMIGO2,-0.7867903030728202
AMMECR1,0.45035764875828327
AMMECR1L,0.2405904097051703
AMN1,-0.05137676788015573
AMPD2,0.988210201001681
AMPH,-0.36554297157625265
AMZ1,0.39435601097749373
AMZ2,1.2674976568856442
AMZ2P1,0.44514847393062273
ANAPC11,0.45677846827362484
ANAPC15,1.3430775553433283
ANAPC4,0.7706280035374227
ANGEL2,1.2231860242895154
ANK3,-0.4343191565103317
ANKIB1,0.1764211307608418
ANKLE2,-0.08036334775253018
ANKRA2,0.7455030691435814
ANKRD11,-1.0457994950286786
ANKRD13D,1.1165887602801488
ANKRD18B,-0.36827332037174487
ANKRD19P,-1.0747485162949169
ANKRD2,0.5377545751805678
ANKRD20A11P,1.4188539358799628
ANKRD20A5P,2.5616647144641624
ANKRD24,0.05776420735053237
ANKRD26,0.6265486719994124
ANKRD28,-0.015966688055586438
ANKRD30BP2,-0.27775070519326556
ANKRD34A,1.3060494223364005
ANKRD36BP2,-0.7932609757386315
ANKRD39,1.85681101104428
ANKRD45,-0.6764332280859222
ANKRD46,-0.051962607344296446
ANKRD49,1.0252198849427747
ANKRD50,-2.3257429307101907
ANKRD6,-2.5342645698161044
ANKRD9,0.35391877967480595
ANKS3,0.519740046443376
ANKS6,-0.35059286939313566
ANKZF1,0.07084783009510656
ANO2,0.05526849681671118
ANO3,0.08123497027240274
ANO6,0.17231680866358084
ANOS1,-1.145413919236002
ANP32E,-0.045045761492600395
ANXA1,0.09040143136019077
ANXA11,0.47423786839798104
ANXA2,-0.22921098332845047
ANXA4,-0.9465714793250685
ANXA7,-0.9322976315566249
AOAH,1.539369480295867
AP1G2,0.09860541875798008
AP1M1,-0.0983746282651619
AP1S1,0.37356531989905284
AP2B1,-0.6440629265410558
AP2M1,0.20363543784843513
AP2S1,0.5840157719006334
AP3B1,0.9681873068191975
AP3B2,-0.13595864671464256
AP3D1,0.4037900479386996
AP3M1,-0.13521359370043828
AP3M2,-0.642873647231826
AP3S1,-1.6868549834159012
AP4M1,0.2332166990848873
AP4S1,-0.3867382191544099
AP5B1,0.8537371302902512
AP5S1,0.21456814957234452
APBA1,0.1718665990312324
APBA2,0.5318265731842893
APBB1,0.43543058392072964
APBB1IP,1.3032360848527607
APBB3,0.42425626318943965
APC,0.04520594101399796
APEH,0.6733317590644612
APH1B,-0.4773198915254821
APLN,-1.3211330481802661
APLNR,-1.285816219965124
APMAP,-0.9356764361959808
APOC1,2.6259534454572173
APOE,0.8363783856188313
APOM,-0.20155353558102831
APOO,-0.5001976676725363
APOOL,0.2172418805121224
APOPT1,0.5688436516139768
APP,-0.531484158044777
APPL1,0.5242133849110597
APPL2,0.14744870015174397
APRT,1.1156046175102738
AQP1,-2.4036048280337914
AQP11,0.6550323495977334
AQP4,-0.17310050566901067
AQP5,1.399846096834445
AQP6,0.34873202057268815
AQR,0.5161867828630895
ARAP2,0.9421992644285673
ARF3,0.5715389259355788
ARF5,0.46912452444073105
ARFGAP1,0.8571743194717002
ARFGEF3,-0.5151123905064771
ARGLU1,0.11437465851339731
ARHGAP10,1.3458093859563378
ARHGAP12,-1.3873361253545629
ARHGAP18,0.48268840920237216
ARHGAP19,0.09356798302854678
ARHGAP20,-0.33570790982144905
ARHGAP22,-0.31318461912170975
ARHGAP25,-3.424884270732186
ARHGAP26,-1.3350344104504406
ARHGAP28,-0.8091225779731958
ARHGAP29,1.314224663270746
ARHGAP32,1.405214041912698
ARHGAP33,-0.40712816677044983
ARHGAP36,-0.6070200262815939
ARHGAP4,-1.2590145076845838
ARHGAP42,-1.5831115938879627
ARHGAP45,0.6250991959530015
ARHGAP5-AS1,-0.11308177759199489
ARHGAP6,-0.5068763659115327
ARHGDIA,-0.1653006148342875
ARHGDIB,2.07480024946058
ARHGDIG,-0.9169000354975113
ARHGEF10L,-0.6055344204707827
ARHGEF12,0.7502893777676714
ARHGEF16,-1.2556874360894996
ARHGEF17,0.5028311821282517
ARHGEF2,1.3117788755555473
ARHGEF25,-0.5573040302983484
ARHGEF28,-1.6437768758500817
ARHGEF3,-0.8563546056106099
ARHGEF4,-0.8565927535509408
ARHGEF40,0.0030426496759195804
ARHGEF6,0.30510234068660375
ARHGEF7,-0.7034915829424051
ARHGEF9,0.6002217318895641
ARID1A,0.5259276016566322
ARID3B,1.4642583721945897
ARID5A,0.1620750730415703
ARL10,-0.9677539220840694
ARL14EP,1.3821431674735538
ARL15,-1.7945897099928991
ARL16,0.5065679200729858
ARL4A,0.05700168253062459
ARL4C,-0.8724021835500958
ARL5A,1.195334628947595
ARL8B,-0.317207513701316
ARL9,3.107690106536951
ARMC10,-0.1964158839366602
ARMC2,0.4344802199830066
ARMC7,1.269574982262302
ARMCX1,-1.994364243156453
ARMCX2,-0.7431314202063071
ARNT2,-0.3683193764531593
ARNTL,1.088009555353279
ARNTL2,-0.4837886826210402
ARPC2,-0.01777163990489865
ARPC5,-0.42254926408920984
ARPP19,0.25219203554773684
ARPP21,-0.21808458587970161
ARRB1,-0.16405453036248532
ARRB2,0.11315978397632744
ARSB,1.0118333822944159
ARSG,1.8643299134831532
ARSJ,-1.0238925362931928
ARSK,-0.9315567958368527
ASAH1,-0.90199096378586
ASAP1-IT2,-0.640822666596244
ASB1,0.6622568403145012
ASB5,0.7865127775477206
ASB6,-0.9066743741444993
ASCC3,0.8782108760473432
ASCL2,0.5101084538857265
ASF1A,0.12934337720636951
ASGR1,-0.6617867906611435
ASGR2,-1.356959118290833
ASH1L,1.02599801291898
ASH1L-AS1,-0.11150491250982252
ASH2L,0.35867599808655554
ASIC1,1.3079979798755532
ASIC2,-2.4768856848553864
ASIP,0.12333808022614716
ASL,-0.30860735575397197
ASNSP1,-1.4384274600038973
ASPHD2,1.9424021556692106
ASS1,-0.5106531410125992
ASTE1,0.07939804351843681
ASTN1,-0.5626638084205599
ASTN2,-0.4862686778474658
ASXL1,0.8460705333926608
ASXL2,-0.47262073430702317
ASXL3,-1.271089754096984
ATAD2B,0.16590247435840302
ATCAY,0.6885483237880549
ATF2,-0.7840822973566024
ATF4,-0.6310671672336329
ATF7IP2,1.0743697154076475
ATG10,0.4666167262717223
ATG101,1.534781068211655
ATG12,-0.43102875808105146
ATG4B,-0.4560467353161
ATG4C,-0.15290867459613375
ATG7,0.1608428523658641
ATG9A,0.863750567255772
ATM,-0.04341690641597945
ATN1,0.049094381557903674
ATOH7,-0.3656316741290227
ATOX1,0.8309027092163465
ATP10D,0.23123716808381725
ATP11C,0.5046805589331156
ATP13A2,-0.09833687975079294
ATP13A4,-0.4007182437597209
ATP1B2,0.19194834342615313
ATP2B4,-1.048023126437141
ATP2C2,-2.1757541253729005
ATP5ME,-0.3552406555066642
ATP5PF,0.7025498405274263
ATP6AP1,0.3304813523148268
ATP6AP2,-0.5754834236711246
ATP6V0A1,-0.9872984557446919
ATP6V0A4,1.3965164862328772
ATP6V0C,0.03514795690919473
ATP6V0CP3,0.386300684338549
ATP6V0D1,0.2955890012644177
ATP6V0E1,1.1741593315091243
ATP6V0E2,-0.21654483461745214
ATP6V1A,-1.2521164167512855
ATP6V1C1,-1.6642786159222662
ATP6V1E1,-0.17806111748658826
ATP6V1F,0.1097866408222649
ATP6V1G2,-0.168354083953504
ATP6V1H,-0.514908656459002
ATP7B,0.8142365318854821
ATP8A1,-0.6519061761979883
ATP8A2,-0.49544711465663754
ATP8B2,-0.1107605472010556
ATP9A,-1.389468033763545
ATP9B,-0.024346788604704978
ATRNL1,0.5749847203399842
ATXN2,0.3744412338253453
ATXN7L2,-0.6532747032000191
ATXN7L3,-0.009940401014480483
ATXN7L3B,-0.06445790884065324
AUNIP,1.550220093751151
AURKAIP1,1.1578522274887315
AUTS2,0.7607634876157024
AVIL,-0.0786766219917929
AXL,-0.5729671630432818
AZIN1,-0.5059521602818715
AZIN1-AS1,-0.45911653593868207
B3GALNT1,-1.2123461886950937
B3GALT2,-1.8728459961732897
B3GALT5-AS1,0.1244976357794979
B3GALT6,-1.4546872563788094
B3GAT1,0.33894962025408876
B3GAT2,-0.7637175210555485
B3GLCT,0.7730176385837333
B3GNT2,-0.13039404246288933
B3GNT4,-0.5734802414754288
B3GNT5,0.9288222069829092
B3GNT9,0.1546502834627961
B4GALNT1,1.176748194622573
B4GALT2,-0.46713017538833373
B4GALT3,-0.3557889359853541
B4GALT5,-0.15061865574164895
B9D1,0.9252306545657302
BABAM1,0.24878870561736927
BABAM2,-0.07904419248731627
BACE1,-0.6419031079700506
BACE2,-0.3440855249422462
BAD,0.46209671659214346
BAG1,-0.10383462090547567
BAG3,0.11541923058416126
BAG6,0.9217387528408273
BAIAP2,-0.6550826980620202
BAIAP2L2,-1.79656697889538
BAIAP3,-1.6999145485705591
BANP,0.7219464404027645
BAP1,0.43237249628346863
BARD1,1.3115047307597616
BASP1,-0.4361925665586002
BASP1-AS1,-0.107530685828834
BATF3,0.8832775771089645
BAZ1A,0.1759821276996718
BBC3,-0.7920750019732299
BBS7,-0.7394421611630584
BBS9,-0.4685345112147933
BCAN,0.9677909955144659
BCAR3,1.0068609900608236
BCAS2,0.0183901545074199
BCAS3,0.6763513526189405
BCCIP,0.7853945743588691
BCHE,0.3069146070643794
BCKDHA,0.4494302983093395
BCKDK,-1.078504998628695
BCL11A,0.6413976617695717
BCL2,0.6929379928073996
BCL2L2,-0.5009410559893547
BCL7A,-0.10502269378253537
BCL7C,-0.594203686095512
BCL9,-0.2987662242490586
BCLAF1,0.036871733116415215
BCLAF3,-1.688761068083657
BCOR,0.23401428455551887
BCR,0.1933816105966326
BCRP2,0.2679641545322374
BDH1,0.4290888232032866
BDH2,-0.39455426425370954
BDKRB2,1.9183803350337287
BDNF,-0.8061263498613015
BDNF-AS,0.14371750160284674
BEAN1,-1.2506571761965701
BECN1,0.1296039769546456
BEGAIN,-0.5772983027370848
BEND7,-0.000659726682344992
BEST1,0.6016647913360852
BEX1,-0.6828218308028772
BEX2,-0.1915168714365006
BEX3,-0.4567061569551651
BEX5,-0.00804708617163071
BFSP1,1.4793837309002007
BHLHE22,-0.15066613377407442
BHLHE40,-0.013762205971923873
BHMT2,0.5016386030596276
BICC1,0.6040625519764017
BICD2,0.1546034855788434
BICDL1,-0.03936861148138907
BICDL2,0.599106192516099
BID,1.3549146262303056
BIRC3,-1.610665674739266
BLM,0.828599633532264
BLMH,1.09699766853431
BLNK,1.3308346197491332
BLOC1S2,-0.2844653167603602
BMP2K,0.5064249704966718
BMP7,0.09434519869247031
BMP8B,-0.35310287296126414
BMPR1B,-0.4655050767328405
BMS1P14,0.6126281073475813
BMS1P20,0.7763905078607067
BNIP2,0.2062104387026029
BNIP3,-1.0284468345853932
BOLA3-AS1,-0.5036367484466119
BORCS7,-0.34933774236214726
BPHL,-0.6331485581204405
BRAP,-0.056493011272309414
BRCC3,0.29270232413123776
BRD2,0.16541698441975225
BRD8,0.7579006937016005
BRF2,1.0681756431541372
BRI3,0.9646130057674869
BRINP2,0.7985968150182289
BRINP3,0.2243764252345153
BRK1,0.023609029358578143
BRMS1,1.1111257994022807
BRMS1L,-0.40502548294421276
BROX,-0.33964620548811963
BRPF3,0.00539383240442103
BRSK1,0.47654928050334966
BRSK2,0.8050673692176303
BRWD1,-0.5199002483515248
BSDC1,0.5102340950811585
BSN,0.016414223625277852
BSPRY,-1.3689921546630106
BTBD1,-0.9835005836113475
BTBD10,0.2172937235455973
BTBD11,-0.8102960707871183
BTBD3,1.1331248349559957
BTBD6,0.6866141338761591
BTBD9,-0.3619441600901676
BTC,0.4527046707734129
BTG1,0.7147283162396237
BTG3,0.8873317822337793
BTN3A1,-0.3117360541663608
BTN3A2,0.07110015636613255
BTNL9,-0.9622976672960795
BUB3,-0.6040862492168277
BZW2,0.22147313915923436
C10orf105,-0.1610299421031096
C11orf1,1.0947687806238922
C11orf58,0.7700102048051004
C11orf65,0.3311273467658058
C11orf68,0.9390757167026267
C11orf71,-0.577200735950397
C11orf74,-0.4489118077636699
C11orf80,-0.4355156464834923
C11orf87,-1.1135523630136313
C11orf95,0.376455093985465
C11orf97,-0.2773395526179238
C12orf29,-1.9992756885484033
C12orf4,0.45861514526157393
C12orf43,-0.2789686455890399
C12orf45,0.019053274291515158
C12orf60,0.4338102526115663
C12orf66,0.6842602613150943
C12orf75,0.21664602784215445
C12orf76,-2.083136464151274
C14orf132,0.6948495482142824
C15orf41,0.4281342058912979
C15orf59,2.7135655662299354
C15orf61,-0.027550967857441527
C16orf45,0.39938710419131546
C16orf58,0.05217397876404216
C16orf70,0.12996685919987694
C16orf74,0.16419192748442124
C16orf87,-0.9073244503959662
C16orf91,0.7572903334675822
C16orf95,-0.4199227385549017
C17orf100,1.0048808919409364
C17orf51,0.4476884431746705
C17orf58,-0.8365843908354187
C17orf97,0.6209018570472691
C19orf12,-1.626588031788606
C19orf18,-0.3850155841080041
C19orf33,-0.29219097005398015
C19orf53,1.160023517847547
C19orf57,-0.44951864006988274
C1D,0.388981247830202
C1GALT1,-1.1039325830197086
C1QA,1.7904584527391836
C1QB,1.87643540138626
C1QC,1.31018140007375
C1QL1,-0.5190795246983497
C1QL2,1.3854905024972552
C1QL3,-2.0178089140617903
C1QTNF3,-0.005681083139305226
C1R,0.29098776652513775
C1RL,-0.09173679554674036
C1S,-0.4245353296963984
C1orf115,-1.0071422158569692
C1orf194,-0.24481135166960435
C1orf198,-0.25541702599910443
C1orf21,-2.198683283485792
C1orf216,0.5939541389515749
C1orf226,-1.6170242835478519
C1orf50,-0.2594073353740195
C1orf61,0.4945819889284262
C1orf74,1.158922655069074
C20orf196,1.0297871253856994
C20orf27,1.0272533068809375
C20orf96,0.8539400010030657
C2CD2L,1.0351654590944583
C2CD4C,-2.018886842424177
C2CD5,-0.2691472706369209
C2orf27A,-0.23151709864174758
C2orf49,-0.9711106038207598
C2orf69,-0.723796827070251
C2orf73,0.12299650658980661
C2orf80,-0.563453729450358
C3,2.2588725560651812
C3orf14,-0.7711393982959737
C3orf70,0.8783760286973724
C3orf80,-1.0679958481385574
C4orf48,0.5624877069624793
C5orf30,1.2425897925605878
C5orf42,0.6201656302641755
C5orf49,-1.172456661869446
C6orf118,0.6766933358467141
C6orf120,-0.279664039620618
C6orf52,-0.5289133964490419
C6orf62,-1.0056308553032274
C7orf13,1.024811746535277
C7orf50,1.0637989346356231
C8orf34,-0.6373742929858196
C8orf44,0.8819461804411128
C8orf46,-0.825347649367457
C9orf116,-0.15516211904143606
C9orf129,-0.6944203135344792
C9orf16,1.6741962029369113
C9orf40,-0.09610611433745557
C9orf72,-0.17167863828561458
CA10,-0.6648182726721723
CA11,0.3345675103595109
CA12,1.012076698392613
CA4,1.7208761583272512
CA5B,-0.35189931674982644
CA8,0.5516671184134493
CAB39,-0.6155101475377102
CAB39L,-0.1933993085065372
CABLES1,1.5469927189325274
CABYR,-0.20691365669422057
CACFD1,0.6249271568675779
CACHD1,-0.2425221361915777
CACNA1B,0.5435702872689072
CACNA1C,0.9265198556135525
CACNA1E,0.009850429101368678
CACNA1G,1.1519419875387162
CACNA1H,0.03483417846061012
CACNA1I,0.4773785475963993
CACNB1,-0.81828468184316
CACNB2,-1.3357095556882637
CACNB3,2.0730005301991863
CACNG3,-0.0013679928732494955
CACNG4,0.27481841558623143
CACNG7,-0.13285089251447632
CACNG8,0.8623853668543862
CADM1,-0.5151025949591208
CADM2,0.29391405040001256
CADM3,1.2266390365734785
CADPS,-0.4853076279466803
CADPS2,0.8211620792059567
CALB1,0.3969778072092759
CALB2,-0.13035167535244296
CALCOCO2,-1.303215338952441
CALCRL,-0.9958810551700087
CALHM1,-0.8752786959292957
CALHM2,0.5743732949864567
CALHM6,0.8355178708877565
CALM1,-0.2972407953082116
CALM3,0.5840078800793584
CALML3,-1.1882000705272273
CALN1,-0.8675014795170237
CALR,0.9322041689760833
CALU,0.03280245077217641
CAMK1,2.1957545175580506
CAMK1G,-1.5019239154295858
CAMK2A,0.775135183079155
CAMK2D,0.1718537595347818
CAMK2G,-0.695534700332446
CAMK2N1,0.7550039534263718
CAMK2N2,1.4643766413572892
CAMK4,2.477684203788743
CAMKK1,1.6658342634195937
CAMKMT,-1.0330003831366943
CAMKV,1.025845592311532
CAMSAP3,0.9116325183251894
CAMTA2,1.1793787703094996
CAND2,-0.8134572318713365
CANX,-0.5023892903160404
CAP1,-0.3813373359983692
CAP2,-0.9491061264269066
CAPG,-0.8042249359605421
CAPN1,0.19501735463190717
CAPN12,0.5412949847752738
CAPNS1,0.38125633640085793
CAPRIN1,-0.712242784437011
CAPRIN2,0.28775328416151824
CAPZB,-1.075796960322508
CARD6,0.41653427614337296
CARHSP1,0.8849869850944279
CARMIL2,1.203867935418356
CARMIL3,-0.7682103963652134
CARS,0.5253943983928027
CARTPT,1.3135179067846667
CASC15,1.655727322222253
CASC2,0.014791814632621154
CASK,0.30781696004848896
CASP10,0.5895048670139974
CASQ1,-0.19920988442699425
CASTOR1,-0.3322315705605076
CAV2,0.27472867972742043
CAVIN3,2.4852278210268994
CBFA2T3,-0.878971627216494
CBFB,-0.5163812428668064
CBLB,0.5476755883413938
CBLN1,-1.2388683395941162
CBLN2,-2.715038062048202
CBLN4,0.126405120098652
CBX6,0.06349945207125926
CBX7,0.7468359087575218
CC2D2B,-0.3061495362147538
CCBE1,-2.569045353467055
CCDC112,-0.6848830686875829
CCDC12,1.4171279649248274
CCDC120,-1.4383192043197852
CCDC124,0.7925067834624745
CCDC14,-0.16693376173850946
CCDC148,-0.12281551559112724
CCDC15,-0.156314089817715
CCDC152,3.5895653918697064
CCDC153,-0.6008242706493954
CCDC159,0.4785715333788131
CCDC167,-0.19757908660793388
CCDC171,-0.34567553542178614
CCDC177,0.43216560927844877
CCDC189,-1.0261850696027672
CCDC191,-0.09542820521884718
CCDC24,0.6526588603029189
CCDC28A,-1.4514751599715714
CCDC3,-1.3009191446611772
CCDC32,0.8319722928244847
CCDC34,0.6213796117065225
CCDC47,1.6944128987781526
CCDC50,0.1051506553087714
CCDC6,0.6870953406081578
CCDC65,-0.0876795953136074
CCDC68,-0.4843530565280198
CCDC71L,-1.6237112624670793
CCDC77,-0.7446594198016209
CCDC8,-0.45006950852863264
CCDC80,-0.294646666499944
CCDC82,-0.9313850036800528
CCDC85A,0.12552044602181725
CCDC85C,0.05934622368358969
CCDC88A,-0.5750638394025381
CCDC88B,2.442757633506578
CCDC9,0.8134555785878503
CCDC90B,-0.7665739981257358
CCDC92,-1.282297184164654
CCEPR,0.2587650583432382
CCK,-0.8557197796921387
CCKBR,-1.0315224348160876
CCL2,-0.23912638671130196
CCL28,0.09773005230504009
CCM2,0.176013473760357
CCNA1,-0.2985913070915001
CCNB3,0.08675112363887938
CCND2,-0.4025381473433665
CCND2-AS1,0.33188723216731475
CCNDBP1,-0.0031286397470908435
CCNG2,1.3014906539694049
CCNH,-1.8754259122264438
CCNK,-0.13390810970197786
CCNL2,-0.760321630074942
CCNO,1.6847360567109704
CCNT2,0.4894842925939332
CCNY,-1.3361778573298757
CCNYL1,-2.041282711879829
CCR1,1.5668739381266228
CCSER1,-0.7630725779127098
CCT2,-0.4363979848793814
CCT4,-0.3838269693315508
CCT5,-1.4750887647276558
CCT7,0.15533327947535558
CCZ1P-OR7E38P,0.8043924711397276
CD163L1,-0.5548963518388202
CD200,0.46516426725556426
CD226,0.4812618066044512
CD24,-1.823374878249028
CD247,1.1250397819171052
CD248,-0.6880084569668218
CD2BP2,0.18809995038120572
CD33,1.889369847286336
CD3EAP,0.21766320940542444
CD44,-0.4387062656792255
CD47,0.28134283946548405
CD52,-0.003359220398435066
CD53,2.1810257230785806
CD55,-0.73824720574251
CD58,0.05623988275148981
CD59,0.35270362491251167
CD6,-1.7956383800724638
CD63,-1.456947294130179
CD68,1.511861204944273
CD74,1.784533060072252
CD81,-0.4768580765141667
CD82,0.711270312583617
CD83,-0.64086414602864
CD84,1.4910789054549172
CD99,0.1333361892032962
CDC123,0.5327907355264894
CDC14A,-0.8654813556718028
CDC14B,-0.402064553033042
CDC34,-0.2866846405206144
CDC37,0.4522004935083285
CDC42,-0.49013920786471665
CDC42SE2,0.5656670869292578
CDC6,0.8343558443596544
CDC7,-0.9225345400157399
CDCA5,0.7187487029376431
CDH10,-2.4207165101471744
CDH11,-1.6489918043794691
CDH12,1.686587524560105
CDH13,-1.667579914197385
CDH18,0.10152334043385239
CDH2,-1.1916741081898212
CDH22,0.17784440250267386
CDH4,0.8938834356201268
CDH8,1.259104199774604
CDH9,-0.9921727241595842
CDHR1,-2.972552250476996
CDIP1,0.6941724712296675
CDIPT,1.0211106162719907
CDK10,0.4795765257210858
CDK17,-0.09308040531129538
CDK20,0.17908684169448139
CDK5,1.1069472598529828
CDK5RAP2,0.4301550015005065
CDK9,0.18992671095162675
CDKL3,0.6077314559546402
CDKN2AIPNL,0.23953626243976187
CDKN2C,1.1166820553146921
CDKN2D,-1.0430810595405513
CDKN3,0.21962417682455848
CDS2,-1.9042533217008353
CDYL2,-0.40623117794160707
CEBPA,0.8847176775891065
CECR2,-0.0035713592087192026
CELF1,0.6862560398584082
CELF3,-1.3149408770197684
CELF4,0.5102592123587895
CELF5,-0.5709450049888272
CELSR2,1.1419808617526062
CELSR3,0.43561314037260335
CENPBD1P1,0.5936804602489272
CENPF,-0.8107399921995112
CENPJ,1.9008887568396664
CENPK,1.608350671478219
CENPM,0.6968258157287767
CENPQ,0.31235973627355734
CENPV,0.8098759396289853
CENPVL3,0.5989483710023581
CENPW,-0.1599588246485641
CEP112,-2.2716293012882907
CEP120,-0.7509212839879759
CEP126,-0.9825012179252713
CEP135,-0.09869299275862838
CEP162,0.05750886427925414
CEP170B,-0.04828857473629265
CEP68,-0.5753942730321284
CEP70,-1.2379863236735733
CEP72,0.6762432803270955
CEP83,0.516185852762358
CEP89,-0.36857540275898326
CEPT1,0.4282262563399865
CERS6,-0.2774959465120302
CES4A,-0.6261017363251671
CETN2,-0.09038893326795468
CETN3,-0.0640612337514674
CFAP161,-0.5040405681670506
CFAP20,0.8833725632728149
CFAP44,-0.4980348806387641
CFAP52,-0.631572728809271
CFAP53,1.0005660018937856
CFAP61,0.37611930278174943
CFAP65,0.5327199530694107
CFAP97,-0.74794494619472
CFD,0.34758515101876075
CFLAR,0.5091119668841249
CFP,-0.07156633398935411
CGNL1,-0.08761481614784465
CGREF1,0.7238631180746421
CHAF1B,0.5561627978981187
CHCHD4,-0.1576797302256561
CHCHD6,-0.16741210224622222
CHD3,-1.1066096136212284
CHD5,-0.7909019172327291
CHD7,0.26227716948441904
CHDH,-0.49539571462461646
CHGB,0.46619872808643864
CHI3L1,0.6247151934664181
CHID1,-0.4401779563260393
CHL1,-1.1516631650393963
CHMP1A,-0.7645798715494012
CHMP1B,0.35416669784584326
CHMP2A,0.9307153217358857
CHMP4A,-0.4587299327146371
CHMP4B,-0.22131245601573996
CHMP5,-0.4765686018248737
CHMP6,0.1726826409476608
CHN1,0.5581268798566051
CHODL,-0.014697681851083411
CHRAC1,0.5508405336083176
CHRD,-0.6107678897229877
CHRDL1,-0.45344831115604206
CHRM1,1.4681796214471903
CHRM2,0.05117298814458813
CHRM3,-0.05438497559226874
CHRM4,-0.6976394888914982
CHRNA2,0.9017428786067966
CHRNA3,0.6327780609755743
CHRNA4,-1.3531399964417947
CHRNA7,1.0613584479735276
CHST1,-0.18902599645851176
CHST11,0.10783345647113356
CHST14,0.6991728200115787
CHST3,0.031418539012184755
CHST9,-0.4675851878170024
CHSY1,-0.4064781688094986
CHTF8,0.7504440667898441
CIB1,-0.030724247475847233
CIB2,-0.6227450519277008
CIDEC,1.138776180756195
CILP2,0.11920373246247642
CIP2A,-0.8639784580255775
CISD2,0.6849489486480438
CISD3,-0.6529565422186298
CIT,0.5582384350161432
CKS1B,-0.7610002635793809
CLCA4,0.024065301857046324
CLCC1,-0.5685882484494904
CLCN6,-2.333561736742224
CLDN4,-1.068009276796337
CLEC2D,-0.7786653432158497
CLEC4G,1.1236989485617397
CLEC9A,1.500890947394136
CLIC5,-1.2156934431630053
CLINT1,-0.5830660797103251
CLIP1,-2.1212661894820504
CLIP2,0.4754185519970453
CLK4,-0.2077736576994854
CLN3,-0.8824537263070349
CLN5,0.5974891647263844
CLOCK,0.34980352023505334
CLPB,0.6166354152875944
CLSTN1,-0.4312320121079978
CLSTN2,-1.7115850458299138
CLSTN3,0.338340982175727
CLTA,0.15887360502041717
CLTC,-0.7529483438808636
CLTCL1,-0.3324655917243499
CLU,-0.7037685851514183
CLVS1,-0.1447196088602743
CMAHP,-1.8100899987202035
CMAS,-1.6382019632385523
CMC4,0.33388653297997917
CMIP,-1.4704016958288417
CMKLR1,1.0442713308542055
CMPK2,0.11182618366728701
CMSS1,-1.0503838855593777
CMTM3,0.22304895803361302
CMTM4,-2.2434577809546083
CMTM6,0.017946709550748563
CMTM7,1.0012874371108837
CMTM8,-1.8764893465559112
CMTR2,0.6324037892511194
CNFN,1.6448971768924496
CNGB1,-0.5866276182558449
CNIH2,-0.19055889241831284
CNIH3,-1.6896040711071467
CNKSR2,0.20512990953931623
CNMD,-0.9236251731848546
CNN1,-0.9051209948891784
CNN3,-0.5661138196060777
CNOT7,-0.35094288220668546
CNOT8,0.1498146778541839
CNR1,-1.868632899592322
CNRIP1,-0.6309826279059276
CNTLN,0.6435978271617592
CNTN1,-0.8758440970446074
CNTN3,-0.4045489906691127
CNTN5,0.2441984961968203
CNTN6,-2.330865249614449
CNTNAP2,-0.6280369057717118
CNTNAP3,-1.4238443028196517
CNTNAP5,0.3424402077366279
COA1,0.7301721195878438
COA3,0.50962578932468
COA6,-0.2265066657154993
COA7,0.3487856316629548
COASY,1.1901738013856509
COBL,0.05022778210286677
COBLL1,0.17501945616069234
COCH,-0.30388147356326434
COG1,-1.0027351766569488
COG5,-2.4619356555296363
COL10A1,1.6343105288770892
COL12A1,-1.0010170854142664
COL13A1,1.0670633666157439
COL16A1,-1.1225540956240923
COL19A1,-0.5114245953517003
COL21A1,-2.4763373355618947
COL23A1,-1.9073819377202135
COL24A1,0.28463574938439423
COL25A1,1.360837510572948
COL26A1,0.7032250308336416
COL4A2,-0.7485100461495827
COL5A1,2.2912969271035886
COL5A2,-2.1221963629234093
COL5A3,-0.5020625853041937
COL8A2,1.1759891010404404
COLCA1,-0.2572779844503552
COLGALT2,-0.6031407745941847
COMMD2,0.3146590967797185
COMMD7,0.5353531367017663
COMP,-0.12584222697788194
COMTD1,-1.3466665904431094
COP1,0.31381834783514617
COPB2,0.02215609810920409
COPRS,-0.7037652173468061
COPS4,-0.3713174190564227
COPS5,0.22844692227598976
COPS7A,0.23829316399016537
COPZ1,0.3515704054311226
CORO1A,0.20852383268401808
COX11,-0.8450565092102619
COX20,0.41034227177802446
COX5A,0.8930768799950755
COX6A1,-0.1392250201705792
COX7A1,2.8928510432515013
CPAMD8,-0.43582053040177987
CPE,-1.845497564044636
CPEB2,-1.0512290890684701
CPEB4,0.6550402575936322
CPLX3,-0.8645718775304532
CPNE2,-0.28949412956303033
CPNE3,0.32485583050461975
CPNE4,0.5276794725681612
CPNE5,0.2524705332652659
CPNE6,-0.22218388099993916
CPNE7,-1.7479128263641974
CPNE8,0.15628880150665947
CPT1C,-0.1767984129239292
CPVL,0.5551349001747216
CRAMP1,-1.1393375769613916
CREB1,-0.5615380453386725
CREB3L2,0.6697365580586074
CREB3L3,-0.5178650641742802
CREBBP,-0.982833860954316
CREG1,1.7447724520748238
CREG2,0.28014466044168446
CRELD1,1.2169594929717777
CREM,-0.8583678633352292
CRH,-0.052828945790058826
CRHBP,-2.0774390662359914
CRIM1,-2.2524662167280076
CRIP2,-0.6676440781240846
CRIP3,1.4910961970101777
CRIPT,-0.07937120397629635
CRLF1,0.44926299176001666
CRMP1,0.07732032291552521
CRNDE,0.7645938126192793
CRSP8P,0.5548238328744978
CRYBB1,1.1196439168109693
CRYGS,-0.5774103183638359
CRYM,-0.5914429372092818
CRYZ,-2.742730357825543
CSAD,0.4420924114884025
CSF1R,1.1737123602759794
CSF2RA,0.7150805977542852
CSGALNACT1,-0.10401258070917409
CSMD1,-0.3541680243493235
CSPG4P1Y,1.0725332462979271
CSRNP2,0.2077328812393737
CSTB,-0.6093705161249776
CSTF2,0.7979056006477397
CSTF3,-0.4954281656557692
CTBP2,-1.178526685831358
CTC1,-0.5572184374673227
CTCF,0.8265228173608778
CTDNEP1,0.03935207723217404
CTDSP1,-0.35508868967937424
CTDSPL,0.25866665860245036
CTDSPL2,1.004771367342006
CTGF,-2.9341581624279156
CTNNA2,-0.13746026986008142
CTNNAL1,0.8317869075143305
CTNNB1,0.6269554442809212
CTNNBIP1,-2.501566525304061
CTNND2,-0.9956969395604598
CTNS,0.7552507216174043
CTSB,0.5760680851977141
CTSD,0.6217945516034394
CTSH,-0.8916851400332565
CTSK,0.26594322117590463
CTSL,0.27775382469816473
CTSO,0.015446290260614694
CTSS,1.5024288588503947
CTTN,-0.33461834283079
CTXN1,0.19151390259488896
CTXN2,-0.17182495867844202
CTXND1,1.5307452942504731
CUEDC1,0.5659938074252381
CUL1,0.47617753704482063
CUL2,-0.022012593091749404
CUL4A,-0.1322567116693677
CUL4B,-0.04645170603446863
CUL9,0.7204253308994124
CUX2,1.2835732499816006
CX3CL1,-0.056405143458862154
CX3CR1,1.8954983771819447
CXADR,-0.9431174342610108
CXCL14,-0.3372304154161253
CXCL2,-0.5823361575695706
CXCL3,-0.03720118101799076
CXCR4,-0.2865722826024124
CXXC4,-1.5396798149371098
CXXC5,0.6067504210705965
CXorf38,0.8704957515523009
CXorf57,-0.7327543221512942
CYB561,-0.9991072132877222
CYB5D2,-0.5294778138108521
CYB5R1,-1.205732515154278
CYB5R3,-0.002506918885421102
CYBA,0.5378537591370892
CYBB,1.461461488266824
CYBRD1,0.3439205864766798
CYCS,-0.28082247602063143
CYFIP1,1.1765530482073814
CYHR1,0.08090968177591656
CYLD,0.21600453066633704
CYP11A1,-0.5693918097540096
CYP1B1,2.047373736052591
CYP26A1,-1.1937414402110067
CYP26B1,2.4034251827709396
CYP2J2,0.16581007674031994
CYP46A1,0.8279036677092396
CYP4V2,-0.5720349507410506
CYP4X1,-0.5739470344383958
CYP4Z1,-0.5229147504712763
CYP7B1,0.19179411048407827
CYS1,0.46230002701021244
CYSLTR1,0.5439208327176538
CYSTM1,-0.4935875453398137
CYTH4,1.8242071764242844
CYTL1,0.8844236674509514
CYTOR,1.2756314828463189
DAAM1,-2.281665242978244
DAB2,0.8175551176823075
DACH2,-0.17949509275447398
DACT1,0.12927249222135806
DACT3,-2.623575653976464
DAD1,0.23092045329491903
DAGLB,0.15128280763840338
DALRD3,0.4358495848002659
DAP,0.3549837655733577
DAP3,-0.20358405366448087
DAPK1-IT1,0.17325053117903763
DAPK3,0.8720131427928117
DAPL1,-1.0298862209171624
DARS,0.2645987821614861
DBI,-0.8744764225047199
DBN1,0.11113435132681138
DBNDD1,1.0900413840768464
DBNL,0.35065950526019307
DBR1,-0.09396631915633909
DBT,-0.07164326278614536
DBX2,-1.6745989894724878
DCAF10,0.5766067265072363
DCAF11,0.45677254985121807
DCAF12,1.0459807209188006
DCAF17,-0.46405557487106514
DCAF4,0.6396518973976693
DCAF6,-0.5709227394842332
DCAF7,0.5351098227356164
DCAF8,0.6951122163017026
DCAKD,-0.48014739302040454
DCBLD1,-0.4004809263776599
DCC,1.6454277977956
DCLK1,-1.137335104198177
DCN,-0.20145204533549194
DCP2,-0.4689378599915177
DCTD,0.2511847716610389
DCTN1,0.865764831293183
DCTN2,0.19111369620320534
DCTN3,0.4956444720650414
DCTN6,0.7831129246960448
DCTPP1,0.53003595028184
DCXR,1.223650788818868
DDA1,-0.8914650915749185
DDAH1,-1.5152969124789972
DDAH2,-0.8645872861160617
DDB2,-0.9482138393819959
DDHD1,0.4693261906829635
DDIT4L,-0.10206201360541338
DDN,-0.26741300079804486
DDR1,-0.3452606941686328
DDR2,-1.22476948315724
DDRGK1,0.521645049936419
DDX1,0.07904293509540607
DDX10,-0.16465836143879523
DDX25,0.2675222111449306
DDX31,0.5333395672689738
DDX39A,-0.468175459243488
DDX3X,-0.39476471066670493
DDX5,0.1374468533609235
DDX54,1.338175279160311
DDX58,-0.3511764878592879
DDX59,0.25754787775223537
DDX60L,0.3445173744136297
DEAF1,-1.4849562866001238
DEDD2,0.4381932264964999
DEK,0.39545684529659997
DENND1A,-1.3644705981023506
DENND1C,1.167014630645186
DENND2C,-0.08807186104391031
DENND3,-1.3003335253414101
DENND4B,-0.033162714771524944
DEPDC5,-0.5251127301316978
DEPDC7,0.04181436445608342
DERL1,-0.24946256050148868
DERL2,0.3316427554196658
DGAT2,0.6188164678743973
DGCR5,0.5076246510384932
DGCR9,1.5436533195878501
DGKA,1.261462702829238
DGKB,0.05788679723636658
DGKG,-2.3667003206759465
DGKH,-1.0484179815407362
DGKZ,-0.22845272118398946
DHCR24,-0.5135857639617583
DHCR7,-1.1557428362047677
DHDH,-0.0907689005865179
DHFR,0.5568049852942325
DHODH,0.642024240844231
DHPS,1.7168602786493958
DHRS11,0.24894352346854334
DHRS12,0.3748756373877226
DHRS2,0.14863303988753088
DHRS4,0.8938570149480105
DHRS7,-0.40485137483728006
DHRSX,-0.39217236269559436
DHX16,0.9581346821460937
DHX33,0.5340156613656122
DHX40,0.21829656884950513
DHX58,-0.040111425618517854
DIAPH2,0.4621141014454184
DIAPH3,-1.8548467448123018
DIDO1,-0.507126342694956
DIMT1,-0.4905170966104863
DIO2,-0.5766108814771133
DIRAS2,-0.9808640004276838
DIRAS3,-0.12717455550069662
DIRC2,-0.3064775189199193
DIS3L2,1.118985886713472
DKFZP586I1420,0.30531014063488426
DKFZp779M0652,-0.1467030511278528
DLD,-0.35692211059051415
DLEC1,0.43848056599859314
DLEU7,-0.424887247008347
DLG2,-0.23650121483778883
DLGAP1,-0.354746377709966
DLGAP1-AS4,-0.11703411695702348
DLGAP2,-0.06128362128863775
DLGAP3,2.2058064875561842
DLK2,0.6523324309389782
DLL3,1.3409626307039924
DLX1,-0.38874787353043866
DLX2,-0.7562779414322895
DMAC2,-0.23894764703172702
DMD,-0.6736416718936092
DMGDH,0.2949643352324729
DMKN,0.997411034781001
DMTN,1.277509250778503
DMXL2,0.2949138206564276
DNAAF2,0.6745930654145365
DNAAF4,-0.7301375457182395
DNAH12,-0.255651016503508
DNAH14,-1.6560304859325705
DNAH2,-1.002898566138194
DNAH5,-0.7407389239720644
DNAH9,1.5881548668307917
DNAJA1,-1.2667447916901324
DNAJA2,0.8319263920596782
DNAJA3,0.642417293904706
DNAJA4,-1.4666866399353193
DNAJB1,-1.735670014539403
DNAJB11,0.4186132124872227
DNAJB13,0.9898305414985205
DNAJB2,0.6865976800211308
DNAJB6,-0.7515825469874724
DNAJC1,0.736114000490815
DNAJC12,0.6804401281592458
DNAJC13,-0.709072527750243
DNAJC15,0.7567253639441212
DNAJC18,0.7537344467386918
DNAJC19,-0.24242033753496642
DNAJC2,-0.8467071237854991
DNAJC24,-0.35613604273507
DNAJC3,0.25507113294563466
DNAJC5,-1.1413530974757147
DNAL4,0.3769310897315945
DNALI1,0.3079591471636292
DNASE1L1,-0.3718878094720858
DNER,0.07650331738372214
DNLZ,1.6144359121512932
DNM1,0.7662969083641139
DNM1L,-0.18260578692315546
DNM1P35,0.6809119482000486
DNM1P46,0.7755917645100014
DNM1P50,0.6477098311263522
DNMT3A,1.28592955727152
DNTTIP1,1.1876251672322369
DOC2A,-0.22263346258751632
DOC2B,-1.7122887380491396
DOCK3,-1.1339489495235529
DOCK4,0.17869249561704806
DOCK7,-0.5315025888386232
DOCK8,1.4043564300120395
DOCK9,-1.4758265996985624
DOCK9-AS2,0.5793760837708772
DOK1,0.9132115077810246
DOK4,-0.8643576545314069
DOK6,-1.8250964675384782
DPCD,-0.5473318026226635
DPF1,-0.34341104258219496
DPH3,0.23517683299683584
DPH5,0.08009004883292568
DPH6,-0.2525669559264639
DPM1,0.2458035244081529
DPP10,-0.30342196689728484
DPP10-AS1,0.35597716881532143
DPP6,0.8841136087554875
DPY19L1,-2.0935512326505497
DPY19L2P1,0.25882399185840155
DPY19L3,-0.050649563215766934
DPYSL2,-0.6685019081791742
DPYSL3,-1.6440701728625386
DPYSL5,-0.7589176954104728
DR1,-0.03709114989636621
DRAIC,0.7229654791901426
DRAM1,-1.0436679680128798
DRAXIN,0.40034523212133366
DRD1,-0.35838168907496465
DRD2,1.9162772100670122
DRG1,0.6972833021563885
DRP2,0.4662577119895328
DSEL,-0.07756960583201587
DSN1,1.1206065664669074
DSTN,-1.3565499656767719
DTD1,0.22061579089939917
DTNBP1,0.5419207679741403
DTWD1,0.013988959524724367
DTX3L,1.198580448825055
DTX4,-0.22944622143785665
DUS4L,0.1955840130636821
DUSP12,0.63388149622052
DUSP15,-0.3849285875776091
DUSP18,-0.6382643994449624
DUSP19,-0.2964198270620577
DUSP2,-0.7348497835438963
DUSP23,-0.9686460892264741
DUSP26,0.9854254096315167
DUSP3,-0.6697525973315162
DUSP5P1,0.8038258623664712
DUSP6,-1.7891347992161566
DUSP8,0.5774161808230547
DVL1,-0.6337204254898267
DVL3,0.4157307786394602
DYDC2,-0.541338612008286
DYNC1I1,-0.4452905282106497
DYNLL1,-1.5903613426427758
DYRK1A,-0.9767083151376703
DYRK2,-1.1665802475482687
DYRK3,-2.6320207974017746
DZIP1,-0.7789141477562816
DZIP3,-2.2209903639440856
E2F3,-0.9008423387793114
E2F5,-0.3302574592504394
E2F6,1.366224003048543
EAPP,1.1073534536401246
EARS2,0.6380182429301497
EBF4,-0.30605467212770354
EBNA1BP2,-0.1429854902671013
ECEL1,0.46375000380925574
ECHDC2,1.593668127137621
ECHDC3,-0.36598680965299935
ECHS1,0.041941281561991846
ECI2,-0.7597489766200648
EDA,0.999893633105132
EDNRA,0.36279893922398565
EDNRB,-0.5448807813394666
EED,0.5895782091222856
EEF1AKMT2,0.6933125149065335
EEF1G,0.18298616973242238
EEF2,0.6441127360513068
EEF2K,0.8403065264327368
EFCAB1,-1.0706958937222415
EFCAB7,0.15149828034124788
EFEMP1,-1.009370500133488
EFHC2,-2.4257623236436086
EFHD2,-1.6576771788155626
EFNA1,0.17266497005379997
EFNA2,-0.22011869994055752
EFNB2,-0.9351799600050408
EFNB3,-1.0550042037668328
EGFEM1P,-2.617351315366846
EGFL7,0.27699927547301406
EGLN1,0.22998714506929258
EGLN3,0.40853417708426837
EGR1,-0.8118153886699041
EGR3,0.8558085018921102
EGR4,-0.38002772848348015
EHBP1L1,1.0855349483906498
EHD3,0.5640532040334778
EID2,-0.7113720416273428
EIF1,0.8410296661060619
EIF1AD,0.5702111292069747
EIF1AX,0.2582992264512362
EIF1AY,0.2025818300628476
EIF1B,-0.6029773524661018
EIF2A,1.3103481383386841
EIF2AK4,-0.0719524168497485
EIF2B5,0.6672615418207358
EIF2S1,-0.12873905807166436
EIF2S2,0.5494344234915726
EIF3J,-0.4250593466986459
EIF3J-AS1,0.0366381314220516
EIF3M,-0.22274185073013408
EIF4A2,0.2831598258692207
EIF4EBP1,-0.06246230235016395
EIF4H,0.9153861891902471
EIPR1,0.6939579810251348
ELAVL3,0.47329890523127616
ELAVL4,-0.42743257457923667
ELFN2,-0.5991282101920087
ELK3,0.1896072758056168
ELL2,-1.0793604964107844
ELL3,-0.63535614736493
ELMSAN1,0.505638582406625
ELOB,0.7324911337506227
ELOC,0.017273035461310912
ELOF1,0.6201594158835797
ELOVL5,-0.5279719995642529
ELP1,0.4885522915040012
ELP4,0.09959507363724203
EMC1,0.5404130050026986
EMC3,-0.3545733599112291
EMC3-AS1,0.2832368451470592
EMC4,0.6421187609660158
EMC7,-0.47186587600779484
EMG1,0.07705209968228197
EMID1,-1.1645937848098755
EMILIN1,0.3182228316449173
EML4,0.5287419198582505
EMP3,-0.36812057540214116
EMX1,0.526017420956557
EMX2OS,-0.1719298852247213
ENAH,0.10266648645975363
ENC1,0.6875176686625781
ENDOG,0.6577073681140002
ENHO,1.2436078357256817
ENKUR,-0.3374758516997763
ENO1,-0.4247797963035175
ENO2,-0.031497346183821495
ENOPH1,-0.19334838712727637
ENOSF1,-0.07341684808801095
ENOX1,-1.5337661606931516
ENOX2,0.30176557535972554
ENSA,0.3137855960473272
ENTPD6,1.2028692874434959
ENY2,-0.7319224750188469
EP400,0.20195586375029195
EPB41L4B,0.9741367981750008
EPB41L5,-0.21059983272941396
EPC2,-0.06302033438230611
EPCAM,1.8057137684269382
EPDR1,0.6751559081924902
EPG5,-0.9465003927295913
EPHA10,-0.8446711975031657
EPHA3,2.2333324366177063
EPHA4,0.07810013540297515
EPHA5,0.9050492405313029
EPHA6,-0.27137208574300586
EPHB2,-1.2262799432493783
EPHX1,0.4104450065363503
EPHX2,-0.20447933981249045
EPHX4,-0.13081222678808718
EPOP,-1.349386495049107
EPS8,-0.16899828648070916
ERBB2,-0.1684806850314212
ERBB3,0.3597724505565163
ERBIN,0.8511875987498665
ERC1,-0.5538227125915872
ERC2,0.9870216320902094
ERC2-IT1,0.08489418053524761
ERCC2,0.31071811728791704
ERCC4,0.6090044767174895
ERFE,-1.0634798962021026
ERI2,0.5612659237726091
ERI3,0.3974609183699278
ERICH1,-1.635770181334342
ERICH2,0.2754176188538893
ERICH3,-0.8914252054613434
ERICH6-AS1,0.03496632984444463
ERLIN1,0.6050421541665038
ERLIN2,0.12475963544199602
ERO1B,-1.2722469515588133
ERP29,0.4020211932614346
ESYT3,0.591580626372851
ETFB,0.36124710264575516
ETFRF1,-0.15182095922269434
ETNPPL,0.22303371852135928
ETS2,0.5720704772569329
ETV5,-2.6987137756369433
EVA1B,0.9418096528936563
EVI2B,1.0543691713327608
EXD2,0.20586405812392317
EXD3,0.8838548298371077
EXOC3L2,-1.6698614408758334
EXOC5,-0.9993247462065082
EXOC6,-0.24075234154384875
EXOSC10,-0.6829869471628506
EXOSC3,0.905587723803924
EXOSC5,1.1961762895974928
EXOSC9,-0.5984504438904784
EXPH5,1.3158073811922142
EXT1,0.8326398948844382
EXTL1,0.6922988926334631
EYA1,-0.370897777617119
EYA2,-0.1351293204455619
EYA4,0.9990271831054618
EZH1,0.9218554693888191
EZR,-0.4986351106073412
F12,-0.0408966052001568
FABP3,-0.37215161422142473
FABP5,-1.5739617232118033
FABP5P3,-1.5927846843531284
FABP7,-1.679385540802581
FADS1,-1.0899545187398934
FADS2,-0.6809602278110269
FADS3,-0.5813231436142204
FADS6,0.27272253515330336
FAIM2,0.9932962331628169
FAM102B,-1.9705932085227367
FAM107A,-0.11027173260314761
FAM110A,1.8961887627796687
FAM110C,-2.1312946108898596
FAM111A,-0.45089319020309065
FAM114A1,0.4503608871759458
FAM117A,-0.43882848658324886
FAM118A,1.5088995803518874
FAM118B,0.35696582722889814
FAM120AOS,-1.786781980202769
FAM129B,-0.7795589031186083
FAM131A,-0.17305410643303473
FAM131B,0.6114239725421778
FAM13A,0.572960410632144
FAM149A,-0.27970148979576137
FAM151B,0.40763977821695496
FAM153A,0.3991474950894482
FAM155A,-0.4196317527831126
FAM160A2,0.421137394180335
FAM162A,-0.28041017000120055
FAM162B,-0.4903606903018672
FAM163B,-0.08243674648983974
FAM167A-AS1,0.2487005511741493
FAM167B,0.2642882995147478
FAM171A2,0.40551917230375806
FAM171B,-0.43202852467434616
FAM172A,1.5513391676762986
FAM173A,0.41800577023069807
FAM181A,-0.7367999107072428
FAM181B,-0.0311410708803069
FAM184B,-0.16875421627944606
FAM187A,-0.008672610568025266
FAM189A2,-0.5487944193599458
FAM192A,1.5168405337238633
FAM196A,0.3787198723165052
FAM199X,-0.15941277652358826
FAM19A1,0.04722817678823182
FAM19A2,1.03830348809628
FAM201A,-0.7819039231387033
FAM204A,-0.8833876972790129
FAM207A,0.8957131616018507
FAM20A,1.6308869898032294
FAM210A,0.025950919318617253
FAM210B,1.158278206430114
FAM212B,1.8954688962510524
FAM220A,-0.04699372783207395
FAM228A,0.521676241654061
FAM228B,0.3313250681792183
FAM234B,-0.1624132706062327
FAM241A,-0.17764042959630888
FAM241B,-0.9942818739910204
FAM27E2,-0.9476396547638684
FAM27E3,-0.43721091852584015
FAM32A,0.595554404102227
FAM3C,-0.09880040384298525
FAM46A,0.13338476026097917
FAM47E,-0.21793702573854223
FAM49A,0.06567888813503489
FAM69C,1.2827932110191498
FAM71F1,-0.2222036588813574
FAM76B,0.5293322540402701
FAM81A,-1.7111721396766004
FAM84A,1.077365173009247
FAM86B3P,0.19253022251556653
FAM86C1,-0.6723193588778956
FAM86C2P,0.6230841292032888
FAM86EP,-1.1057710453507301
FAM86FP,-0.9337419243251653
FAM89A,0.09020484233130063
FAM89B,1.3171623028402044
FAM92A,0.015720662736133588
FAM98A,-1.6560322837827455
FAM98B,-0.5759314906195526
FAM98C,0.4993604843876867
FANCL,0.30198959766000966
FAP,1.1349312451554547
FAR2P1,0.3017554696093204
FARP1,-0.6160532378487277
FARP2,0.3522333054643432
FARSA,-0.014629474080143801
FAS,-0.4353538727514839
FAT1,-0.6558389990137828
FAU,0.2889030594739846
FAXC,-0.11972869730094421
FBL,0.007451951004450206
FBLN1,-0.38771373705819545
FBLN2,-0.206568502428766
FBLN5,1.5992284516155721
FBN1,0.949184399366804
FBRSL1,-0.8932379503933869
FBXL12,0.1503123212380794
FBXL15,-0.004863919944231451
FBXL16,-0.4241780899290902
FBXL18,1.8245289838620868
FBXL2,-1.9012083632571795
FBXL20,0.7771970261579794
FBXL4,1.008335952174796
FBXL7,-0.04517421551838488
FBXO15,0.41040936146887813
FBXO16,0.6963731240882758
FBXO2,0.3093899627904241
FBXO22,0.9962166959859564
FBXO25,1.0294775709145794
FBXO27,1.0198991182295638
FBXO3,-0.01564376852083736
FBXO30,-0.6792640416051918
FBXO34,0.02246355353770783
FBXO40,-0.23475065991206195
FBXO41,-1.0782329326678173
FBXO45,0.9237102755182695
FBXW2,0.7703039682058227
FBXW5,0.8353844241048605
FBXW7,-1.0886329941475372
FBXW9,0.6439116112534914
FCGBP,0.5943370029125844
FCGR1B,1.4376824860938533
FCGR2A,0.5022010936709256
FCGR3A,2.180019961806643
FCGRT,0.2826635074369722
FCHO2,-0.5538204154607388
FCHSD2,0.5399248098400677
FCRLB,-0.08447092127999804
FDFT1,-0.06438199775187464
FDPS,-1.6438730959081338
FDPSP2,0.1654948639524923
FDX1L,-0.4647495030857752
FEN1,-0.16909536054057056
FERMT1,-0.7039349284050535
FERMT2,-0.957748193124943
FEZ2,0.4897586520719063
FEZF2,-2.478831453972869
FGD3,1.8203751379697963
FGD4,-0.7723999558358777
FGF12,0.11038103682721523
FGF14-AS2,1.0727933360665913
FGF17,1.15505158624237
FGF2,0.019552288984880387
FGFR1,-1.066614276750946
FGFR1OP2,-0.08130705834187993
FGFR3,-0.01245025198275425
FGGY,-0.1057283426038688
FGL2,0.843344999320097
FHL1,-0.4149695020239473
FHL2,0.5807731941290196
FHOD1,1.0265749740735985
FHOD3,-1.738573970836242
FIBIN,-0.8296344994364337
FIBP,0.5680221298071527
FIG4,-0.061746308266615715
FIGN,0.5462150827382269
FIGNL2,-1.0564959545013628
FILIP1,-1.9675877997245268
FILIP1L,0.9062913004452066
FIS1,0.8641270311399312
FJX1,-1.269326538088788
FKBP14,-0.8552831225453067
FKBP1A,-0.28638950943006036
FKBP1B,0.07497103547044096
FKBP3,0.9547134546084026
FKRP,0.979822832583309
FKTN,-0.12312127885926973
FLAD1,0.512784654244492
FLJ33534,-0.5149031228008318
FLOT1,0.47614814815071
FLOT2,1.0932613603557542
FLRT1,-1.4672058670054047
FLRT2,-0.7003414683791997
FLRT3,1.3397788578261614
FLVCR1,0.35151391537508564
FLVCR1-AS1,-0.22993969973780148
FLYWCH2,1.299650631390004
FMNL1,1.1685811722199613
FN3KRP,0.8618704183034114
FNBP1L,-0.4995406010986231
FNDC11,-1.7745872516914172
FNDC3A,-0.8145626490775064
FNDC3B,0.8439408371796521
FNDC9,0.3814256849179415
FNIP2,0.37746987226561796
FOLR1,-0.41952679310497354
FOLR2,1.3640538602246939
FOSL2,-0.5993955755404807
FOXF2,-1.4090890150650695
FOXG1,-1.4930392820847664
FOXN3-AS1,0.39462905891743083
FOXO1,0.3312957594952855
FOXRED1,1.1975443906998944
FOXRED2,0.2510931874003437
FPR1,1.6441794192766221
FREM3,-0.6001975323126452
FRMD3,-0.9278847566285763
FRMD6,0.2908718320317227
FRRS1L,0.09252009037247642
FRZB,1.329483866490952
FSD1,1.1802703341010334
FSIP1,0.35536743717859554
FSTL5,-0.3874862270174387
FTH1,-0.3001051921076428
FTL,0.43352712102377405
FTO,0.7577157602068504
FUBP3,0.7631976361105295
FUCA2,0.9601075082129352
FUNDC1,-0.16629431200913633
FUOM,2.2174526608650402
FUT9,-0.4401073305503104
FXN,0.13174504297893577
FXYD1,0.2865682947738677
FXYD6,-1.6396993249620815
FXYD7,1.5784724965297827
FYB1,1.5702098767170378
FYCO1,-0.22989243395068631
FYN,1.2300653344318735
FYTTD1,-0.1360193026243243
FZD1,-1.1321429115412116
FZD2,1.3135730558252623
FZD3,-1.574908873289979
FZD7,-2.524030465466565
FZD9,-0.263104393816225
FZR1,-0.8300360947130981
G3BP1,-0.38596576015178347
G6PD,0.5335291161475025
GABARAP,-0.14968710232607416
GABARAPL1,0.35963739303532083
GABARAPL3,-0.13990169357273785
GABBR1,-0.3281649263003302
GABBR2,0.742560366053619
GABPB1-IT1,0.5883788294478026
GABRA2,-0.4302058807903867
GABRA3,-1.6415719533572461
GABRA5,-1.598361478849465
GABRB1,-0.9128310398537663
GABRB2,0.9157085665843486
GABRB3,-0.23396424149923437
GABRD,0.7882548711646187
GABRE,0.8987150708728235
GABRG1,0.044440354374215216
GAD2,-0.9675761145027262
GAL3ST4,1.2343709678704151
GALK2,0.25427281430710913
GALM,-0.4509706647227995
GALNT10,-0.40165098999661525
GALNT11,0.28708349590367327
GALNT14,-0.2132696122064045
GALNT17,-0.21002510222080292
GALNT7,-0.33403500012186566
GALNT9,-0.4750177474756132
GALNTL5,-0.23095344777221216
GALR1,0.5980867726649629
GAMT,0.19419048404569997
GAP43,-0.7891946947464393
GAR1,0.7902511784488763
GAREM2,0.027376688692421672
GAS7,0.1811073012154921
GAS8,-0.01679812526723412
GASAL1,0.07704707103019613
GAST,-1.2571495612043964
GATB,-1.1965887139306939
GBA,-0.18046314128260207
GBA2,0.2612391282585242
GBAP1,-0.6545892814852039
GBF1,0.6246863647804384
GCC2,-0.07468857681479633
GCNT1,-2.00947502385548
GCNT4,-0.43283427341267977
GDA,-2.3304544838589325
GDAP1L1,0.4772271673852939
GDF11,0.3014106289163831
GDPD1,1.3363106000575335
GDPD2,-0.13626362221233346
GEMIN2,0.4694813818840181
GEMIN5,0.4089322602410336
GFAP,-1.0010912748442882
GFOD1,0.4265602286738428
GFOD2,0.39334839166955354
GFPT1,-0.2226252918789115
GFPT2,-1.225500668520421
GGA3,1.0009667987849238
GGCT,-1.700161034124657
GGCX,0.7218725751506517
GGN,-0.6535975712747217
GGNBP2,-0.3719841981656016
GGT6,-0.9430941519416476
GGT7,0.7081757118032767
GGTA1P,-1.105622598189757
GHR,-0.3056619373138682
GID8,-0.02759517321096206
GIMAP2,-0.06009365503377725
GINM1,0.30945479654371544
GINS2,0.7836719479211451
GINS3,0.7039147540773729
GJA1,-0.7283249812795349
GJB6,-0.5028923406434906
GLB1,0.12542755052163237
GLDC,-2.262572352577767
GLG1,-1.1937994182539982
GLI1,-2.0574839438237533
GLI3,-0.40278439660707466
GLIPR1L2,0.877860697618575
GLIPR2,-0.10003287405884057
GLIS1,0.6070749410265561
GLMN,0.5487124503571401
GLMP,0.28579856252729396
GLOD4,-1.6166561832191362
GLP2R,-2.4720229195240995
GLRA2,-0.32795838915609793
GLRA3,-1.5582407548087989
GLRB,-0.6537539232246973
GLRX2,-0.46804604612046685
GLS,-1.3678464998292112
GLT1D1,-0.8305068233924766
GLT8D2,-0.22658126007882654
GLUD1,-0.4415980893122417
GLUD2,-0.08994206548437708
GMDS,0.5487008969752772
GMFB,-0.7413686021328774
GMFG,-0.2708565282747577
GMIP,-0.5134208896771713
GMPPB,0.2360257764610084
GMPR2,0.05026325100412573
GNA11,-0.11597770154884521
GNA12,0.2075852451851847
GNA13,-0.11463540299072629
GNAL,-0.18219687049818464
GNAQ,-0.5085033201117214
GNAZ,-0.682940746796571
GNB1L,0.4868224941492476
GNB2,0.42422855905020634
GNB3,0.3841506429039865
GNB4,-2.561233752322288
GNB5,1.1534283069741116
GNG10,-0.3638849137152735
GNG12,0.00750443590892865
GNG2,-0.359316284277649
GNG3,0.48305192261181157
GNG4,-1.2689454949322931
GNG8,-0.023674154256589787
GNPNAT1,0.10625039926968677
GNPTAB,-0.6094047463440254
GNS,-0.5283252616829011
GOLGA2,-0.5228156926405222
GOLGA6L17P,-1.8516935686179317
GOLGA7B,-1.4263968557764266
GOLGA8A,-1.2747229202245236
GOLGB1,0.46722514891656297
GOLM1,-1.3505120760609441
GOLT1A,-0.8383518106855238
GOT1,0.07758589056745074
GOT2,0.18417269555254984
GPAM,0.3929901438332108
GPATCH11,0.639607289526967
GPATCH4,-0.1914593858076512
GPATCH8,0.18959738502249318
GPC4,-0.4035891347321474
GPC5,0.05959564631679511
GPC6,-0.49931891601376677
GPD1L,0.21714872782823083
GPD2,-0.3673185831998664
GPHN,0.6414390010790406
GPI,-0.326079796645837
GPKOW,0.5025051820895131
GPLD1,0.7462306912886543
GPM6A,-0.13091282366130386
GPM6B,-0.2838800595585228
GPNMB,0.5152040775488828
GPR107,-0.27390889242012556
GPR137,1.7115158403438135
GPR137B,-0.21057149610869128
GPR143,-1.4379648275592394
GPR149,0.6170287958697108
GPR155,1.052899375354685
GPR162,0.2168949838122546
GPR171,0.36322356136705003
GPR183,0.7080427766742918
GPR19,0.31713651150574756
GPR22,-2.4201138010184695
GPR26,-2.596239191956666
GPR34,1.647653392672908
GPR39,0.4093987999206706
GPR52,0.01830285536452711
GPR6,0.1570846213549007
GPR61,1.3469095299748228
GPR68,-1.3463220419415343
GPR88,1.0276012662173297
GPRASP1,-1.1329916342208433
GPRC5C,0.032912757985834415
GPRIN1,-0.29182008415721683
GPRIN2,-0.6680429249602008
GPS1,0.5503108578498636
GPSM1,-1.2143842546247627
GPSM3,0.371435592817733
GPT2,0.18086112951353925
GPX1,0.28126617956190786
GPX7,0.35104436234934466
GRAMD1B,-0.40019553552281134
GRAMD1C,-0.23679356389863826
GRAMD2B,-0.26541984028362015
GRAMD4,-1.2243781804010283
GRASP,-0.14861188316067575
GRB10,0.11802388682589503
GRB14,-1.503366565343545
GREB1L,2.6857874048380443
GRIA1,-1.309760574984186
GRIA2,-0.945207921638386
GRIA3,-1.4692266267616068
GRIA4,0.70284574864713
GRID2,-0.9141697402461918
GRIK1,-1.0762421238248019
GRIK2,-1.761156499429155
GRIK3,-1.865602199208316
GRIK4,-2.3036131938282205
GRIN1,1.4433532735378605
GRIN3A,-1.7956816933858117
GRIP2,0.3337318734329286
GRIPAP1,0.17353851932315395
GRK2,1.1191791277656389
GRK3,-1.6150002779745438
GRK5,1.8812486060256455
GRK6,-0.6453777300181283
GRM1,0.38659038969057247
GRM3,-0.22800160150867627
GRM5,-0.6509262963572706
GRM8,-0.7635377856067973
GRN,-0.4064166782416517
GRP,-1.5475249746152893
GRPR,-0.037008595724607296
GRSF1,-1.1614466486861041
GS1-124K5.11,-0.19937939669625676
GSAP,0.08530531922905503
GSDMB,1.2409156920598152
GSDME,0.6853884892179709
GSE1,-0.8366491672995243
GSG1L,2.2867007021251613
GSK3A,-0.4667056913908806
GSK3B,-0.1868543313993748
GSKIP,-0.4869759454448274
GSPT2,-1.2894877374692644
GSTA4,0.27773189237704987
GSTM1,0.10828667180807285
GSTM2,-0.5980892430614069
GSTM2P1,0.4520672289453859
GSTM3,-0.9560888796317011
GSTM5,0.6081592487046218
GSTP1,0.28838141533594813
GTDC1,-1.8708739519988116
GTF2F2,0.09469375254621815
GTF2H2B,0.578737558933775
GTF2H4,0.7543588700020768
GTF2H5,0.4223867061326625
GTF3C6,0.01805861024940509
GTPBP2,-0.36797839206585115
GUCA1B,-0.9817064130920459
GUCY1A1,0.9998333629974809
GUK1,0.07237964147650162
GULP1,-1.5536304921389186
GXYLT1,-0.7218604516201002
GXYLT2,-2.576515375177948
GYG2,0.15860666625975695
H1F0,0.1737208282931164
H1FX,1.0591935275521203
H2AFJ,0.553171483090377
H2AFV,-0.4230385952412262
H2AFZ,0.9777681829279763
H2BFS,1.528093948849462
H3F3C,0.5469941297874455
H6PD,-0.07314763591878277
HAAO,0.11642272256885033
HACD1,-0.33492671100197347
HACD2,1.5328353581651086
HACD4,1.0131516205803823
HACE1,0.0065284696860732
HACL1,-2.4433061704655454
HADH,-0.31591969900141864
HADHB,-0.2039037240637609
HAGH,0.6850853763078517
HAUS3,-0.17284328622262451
HAVCR2,1.5368037557316734
HBQ1,0.1644935151720545
HCFC1R1,-0.1881986264437386
HCG23,-2.0212657910821306
HCK,0.6321628388442093
HCLS1,2.3037630800390083
HCN3,-2.6504645987047595
HCN4,-1.6789936225151527
HCST,0.9976573545534353
HDAC1,0.40121851870246394
HDAC10,-0.45496485482462007
HDAC2,0.2281998228033525
HDAC4,-0.8341723050183704
HDAC7,0.12343766129447334
HDAC8,1.3322455809170126
HDAC9,-2.035842312880853
HDC,-0.6565833331961799
HDGF,-0.027413271148866113
HDGFL3,-1.248294650940345
HDHD3,0.501649511591773
HEATR3,0.7657455639977946
HEBP1,0.2422041832965971
HEBP2,-0.6925002104073886
HECTD2,-1.4153726322712579
HECW2,-0.4371539316838121
HEPACAM,0.051795607482512614
HERC1,-1.392145226018194
HERC2,-0.057966434535820635
HERC5,0.04368970739079005
HERPUD1,0.5493522766238667
HES1,-0.8570437089464764
HES4,0.2992115870029418
HES5,-1.4075845073866202
HEY1,0.6322684964048002
HEY2,0.5802074638072079
HEYL,-0.6737512458337507
HGD,0.25189471856452494
HGF,-1.8194270300476372
HGH1,-0.1333209778100704
HGS,-0.5774814869694193
HGSNAT,-1.3822588806828178
HHEX,1.170279057310943
HHIP-AS1,0.6645423065261407
HHIPL1,0.021091626985238584
HIBCH,-0.18894093530359532
HIC2,-0.09484566952084086
HIKESHI,0.5780413928322172
HILS1,2.140030574386071
HINFP,1.3321523272700868
HINT1,0.015323112816470074
HIRA,0.9564207366495739
HIST1H1A,2.1373387318442347
HIST1H2AD,0.7830781928841966
HIST1H2AG,1.106186158983818
HIST1H2AK,0.7509861867033674
HIST1H2AM,0.4600835735664419
HIST1H2BB,1.1874633045361496
HIST1H2BE,1.2142133307775171
HIST1H2BF,1.1178927257184939
HIST1H2BH,0.6499863596999916
HIST1H2BK,1.270214025817653
HIST1H2BL,0.9054765340137938
HIST1H2BO,0.750319297210491
HIST2H2AC,0.012883941676999716
HIST2H2BE,0.13564740918753254
HIST3H2A,1.164056593910304
HIVEP1,-1.2131404409084487
HK1,-0.25589892709936546
HK2,1.2311462865005993
HKR1,0.6376286993977277
HLA-C,-0.24495588008783753
HLA-DMA,1.00734308917213
HLA-DMB,0.9359256025101125
HLA-DOA,0.7641112198874528
HLA-DPA1,1.0781251255305795
HLA-DRA,0.8712890615042039
HLA-F,0.25877091054457807
HLA-G,-0.29910628661223104
HLA-H,0.29825345759785415
HLCS,-1.252496347741491
HMG20A,1.55690563478246
HMG20B,-0.3292741077872125
HMGA1,0.3414700753831335
HMGB1,1.1192265719639005
HMGCR,-0.8075251161400259
HMGCS1,-0.7866115565051527
HMGN1,0.20944910544625037
HNMT,-0.14141858369986385
HNRNPA3,-0.11982954790901454
HNRNPA3P1,1.2898004149017799
HNRNPC,0.4153297704879415
HNRNPU,-0.34719578162134357
HNRNPUL1,0.2809150596103802
HOMER1,-0.8327304955610816
HOMEZ,-0.015337116851196217
HOOK2,0.5537856464171358
HOPX,-0.06757718388765072
HPCA,-0.432800402813689
HPCAL1,-1.5291110481602896
HPCAL4,-0.7790292925104004
HPGD,0.546506491874307
HPGDS,1.4883370102974498
HPRT1,-0.6831918364066912
HPS4,-1.1140622585269686
HPS6,0.3877190660232705
HRAS,-0.0558406447146345
HRASLS,0.09024665021275452
HRH1,-1.4311224709288375
HRH2,1.7273251969108037
HRK,-2.7086557043341117
HS2ST1,-0.06198731424195024
HS3ST2,-1.3193098573137407
HS3ST4,-0.32864116216780115
HS6ST1,-0.6500837689623095
HS6ST3,-0.08418533590992368
HSBP1,0.09657917113555313
HSD11B1L,-0.4790979421435626
HSD11B2,0.3168441783465908
HSD17B10,0.5244470453000755
HSD17B11,1.4336253198178768
HSDL2,0.07231331068900507
HSF2,-0.4727299649188416
HSP90B1,-0.35899433894774574
HSPA12A,-0.13349951281020708
HSPA4,-0.1637845909499111
HSPA6,-0.6375145539862357
HSPA8,-0.4043538646489743
HSPB11,-0.13396900369580217
HSPB3,-2.6101586858586314
HTR1A,0.23829367785880257
HTR1F,-0.2464414381914359
HTR2A,-0.3057075096011704
HTR2C,0.44670512510521504
HTR4,0.3010049774928973
HTR5A,-0.31948262581480996
HTR7,-1.8167967644314107
HTR7P1,-1.061617310390909
HTRA2,-0.009345165963633904
HTT,1.4043754275128413
HUNK,-0.4601923345357894
HYAL3,-0.2669063521858399
HYDIN,-0.30329053879199896
HYI,-0.18158570831577514
HYKK,0.3875447855602635
HYLS1,1.107032038810504
IARS,-0.4753920107157345
ICA1,0.9315561803627495
ICA1L,-0.9985356740922777
ICAM3,0.6100040295161502
ICAM5,-0.5102638215207352
ICE1,-1.5267532544306421
ICK,-0.8119697792603644
ID2,-1.3251900821649425
ID4,-1.164819497969812
IDH1-AS1,-0.5915759750434282
IDI1,-0.73965001451728
IDNK,-1.0690577476514538
IER2,-0.7172171646327835
IER3IP1,0.4265015946979016
IER5,0.19805456705831861
IER5L,-0.28105342306187986
IFFO2,0.6706118445167389
IFI16,0.7984706220585802
IFI27L1,0.6832227670370213
IFI27L2,-0.3817704452797619
IFI30,1.1941780117112664
IFI44,0.24585250934666916
IFI44L,0.9683620895679376
IFIT1,0.3215459951308041
IFITM10,-1.023617149800992
IFNGR1,-0.1999052002070069
IFNLR1,1.1982578131955992
IFRD1,0.8153598073595615
IFRD2,1.2577501200746533
IFT122,1.8293226550354473
IFT172,-1.3455073876192565
IFT22,-0.8876233694012995
IFT52,0.34309240369771105
IFT74,-0.12780895342197668
IFT81,-0.8241889170100134
IFT88,1.4308889121574757
IGBP1,0.8355505648696792
IGDCC3,0.8018304143718049
IGDCC4,-0.7443450710227593
IGF1,-1.6685944522962017
IGFBP3,-1.0371287567931227
IGFBP5,-0.5896181312321976
IGFBP6,1.0609078636451528
IGFBPL1,-0.019941278560834226
IGFN1,-0.9173743275878767
IGHMBP2,0.5174976952270915
IGLON5,0.14184529897335793
IGSF21,-0.307113215809133
IGSF22,0.6478031891832425
IGSF3,0.7590958134716292
IGSF6,1.570040050701313
IGSF8,0.6420105965929135
IKBIP,0.9563421941721466
IL12RB2,-0.6958229316577856
IL13RA1,0.7648963259791614
IL13RA2,0.5845238926646704
IL17D,-0.29511473306627506
IL17RA,2.8989574781834744
IL17RB,-1.0444011536063
IL17RD,-0.3262754210059512
IL1B,2.1079397290709903
IL1RAPL2,0.3586457293920566
IL27RA,0.07661621812553653
IL33,0.13154870381127928
IL34,0.24507556528950242
IL3RA,0.16602430157251932
ILDR2,-0.3372130676916903
ILF3,1.1947079609073885
ILVBL,0.7409279617237323
IMP4,0.7160921835821068
IMPA1,-0.5113406994357619
IMPACT,-0.26037141166258915
INCENP,-0.19884136917651474
ING1,1.0388905682091105
ING2,0.7339106680974972
INHBB,0.3258110420732828
INPP4A,-0.4381035317499866
INPP4B,0.7531110480714968
INPP5E,-1.13984183806276
INPP5J,0.6347721982634138
INSM1,0.6646710463494879
INTS10,-0.034935368174068566
INTS12,0.5625450365374638
INTS14,0.8414620478958861
INTS4,-0.5558488391251033
INTS6,0.759676480086543
INTS6L,-0.08703631806096225
INTU,-1.072375193793259
IPO5,-0.14352210157653142
IPO5P1,0.3422890188112075
IPO9,-0.2424944327671118
IQCA1,-0.44950782946925183
IQCB1,0.2051654805674333
IQCE,-0.8080034843673327
IQCG,0.4336096053815683
IQCJ,0.9099935329873197
IQCK,-0.44745219958849886
IQGAP1,-0.4093922049687006
IQSEC1,-0.3495215318369428
IQSEC2,-0.7798320762364815
IRF2,0.28461250453129205
IRF2BPL,0.6566789973777354
IRF5,0.7027569354052161
IRF7,0.6107233252231321
ISG15,2.0572137598881644
ISLR,0.24603735501342255
ISLR2,-0.979605901222631
ISM1,0.7855000683884811
ISOC1,-0.7333481635408939
ISYNA1,-0.7946320068737599
ITGA5,-0.22615194643787492
ITGAX,1.4747612757009545
ITGB1BP1,-0.12073432207877405
ITGB2,1.2838008849158957
ITGB7,1.5650620116961969
ITGB8,-0.054819531294763676
ITM2C,-0.13069369647272808
ITPK1,0.09296449275748532
ITPKA,1.253760644252342
ITPKB,0.21523753974854623
ITPKC,0.8323485641439132
ITPRIPL2,-0.7033943234177544
IWS1,0.5826976558309519
JADE1,1.3864901291092444
JAG1,1.3623330162197604
JAK1,0.8753251704831918
JAKMIP1,-0.562918839494356
JAKMIP2,0.2295194193650391
JAZF1,-1.327676291267021
JCAD,1.033407298273763
JMJD1C-AS1,-0.48604707909070266
JMJD4,0.44447751639842714
JMJD7,0.3169669909735016
JOSD1,-0.33565601748784274
JPH3,-1.8280158041161692
JPH4,-0.3622075309940247
JPT1,-0.2812623014656993
JRK,1.1379493067551076
JTB,2.009149873067712
JUP,0.052398844832009094
KANK1,-0.034763707483241924
KANSL1L,-1.1463213929482097
KANSL3,-0.4916140750885811
KAT14,0.23784797906809246
KAT2B,0.5308145281034584
KAT7,0.5209252909836777
KATNAL1,-1.2068348220696195
KATNB1,1.3302069250392052
KATNBL1,0.8557425867670261
KBTBD11,-1.091588978474586
KBTBD12,0.8993910995373245
KBTBD3,-0.19411229040140804
KBTBD4,0.7195500847070982
KBTBD6,-1.3928005621298958
KBTBD7,1.0246035189864755
KCMF1,-0.3324504796994441
KCNA3,-0.7271083259114726
KCNA4,0.937102256387414
KCNA5,-1.1061410947598918
KCNAB1,-0.350650743024199
KCNAB2,-0.837067879856843
KCNB2,-2.0811054325176954
KCNC2,-0.8040609673860725
KCND3,0.9531680712977972
KCNE4,1.239343712533867
KCNE5,1.3660188056466172
KCNF1,0.2949434411227737
KCNG1,-1.4230640863274848
KCNG3,-0.999199710041237
KCNH1,1.180970699169051
KCNH3,1.2654598265209376
KCNH4,2.161491937587851
KCNH5,0.7777930273260624
KCNH7,-0.10740816049900885
KCNIP3,-0.33525844810271976
KCNJ10,0.3126405959120245
KCNJ12,-0.7834455304742498
KCNJ3,-0.8494624915724475
KCNJ4,0.46685997160800874
KCNJ6,-0.35145451556633955
KCNJ8,-1.297299366437046
KCNJ9,1.326479921740355
KCNK1,-0.5521660715117063
KCNK10,-0.033645472875900986
KCNK12,1.3461987831186266
KCNK2,-0.28673224702878614
KCNK3,-0.6023689427452743
KCNK6,-0.5933941818811854
KCNMA1,-1.5471491969257765
KCNMB2,-2.270391064779523
KCNMB4,-1.8782936325867272
KCNN1,1.1523471891123098
KCNN2,-1.334569139087955
KCNN3,-0.2465042255889776
KCNQ1,0.48223881954168735
KCNQ2,0.349495107103037
KCNS2,0.775020567079547
KCNS3,-0.4782905211614874
KCNT2,-0.7438758978776334
KCNV1,-0.3655784351397779
KCTD10,-1.3529209124199664
KCTD12,-0.44561391451919724
KCTD15,-2.185292864846937
KCTD16,-0.31243194562679094
KCTD21,-1.4025616234286846
KCTD3,0.04979682021258775
KCTD4,1.0487145335245887
KCTD6,-0.39436115636480557
KCTD8,2.8776279646322367
KDELR1,-0.019515556442384122
KDELR2,-0.7584117995431461
KDM1B,0.7332262442952302
KDM2B,0.6146670489088764
KDSR,0.012476009046235102
KHDC1,1.1288807318265022
KHDC1L,0.9554799714200559
KHDC4,0.4493300055528938
KHDRBS1,1.1161072415754076
KHDRBS2,0.007180549744462072
KHDRBS3,-1.1383782512971272
KHK,1.084091973004526
KHSRP,0.3174235658561282
KIAA0319,-1.3717204722617735
KIAA0368,-0.7257404168426655
KIAA0513,-0.16014158669071743
KIAA0586,-0.02514868063027849
KIAA0895L,-1.2786135523888342
KIAA1024,-1.9140325693881144
KIAA1211,-1.1926043742338184
KIAA1211L,2.080983973778021
KIAA1217,-1.5309922940642218
KIAA1257,1.413521084443322
KIAA1324,0.15777999263688572
KIAA1328,-0.5326146551211816
KIAA1522,0.4621378925187801
KIAA1549,-0.7682039756936943
KIAA1549L,-0.40096830972636405
KIAA2013,0.009477391109434009
KIF17,-0.05883173137367657
KIF1A,0.05795765093064828
KIF21A,-1.542608776158822
KIF21B,-0.48476537195708697
KIF22,0.686169625148308
KIF27,0.014507901632184338
KIF2A,-1.125344158527637
KIF3A,-0.3215629292227201
KIF3B,1.238584922325945
KIF3C,-0.4471340657210257
KIF5A,0.2772245388232074
KIF5C,-0.09461122167228007
KIF9-AS1,0.3482147310793826
KIFAP3,-1.0023125859878694
KIFC2,1.233908156756709
KIRREL1,-0.10610456716817472
KIRREL2,0.24392490445679252
KIRREL3,1.4724395749042851
KIZ,1.1074546524076876
KLF10,-0.29652802369294673
KLF11,-0.4611212773428203
KLF13,2.4003442987976182
KLF6,-1.7696316758685164
KLF8,-1.3329255719395687
KLHDC2,0.30661075440944585
KLHDC3,0.6506565442248081
KLHDC8A,-0.6242108973469787
KLHDC8B,-1.034510206679006
KLHDC9,0.5484694481038964
KLHL1,-0.3718427941686063
KLHL13,-0.871309873986493
KLHL18,0.4996395274833376
KLHL2,0.2835330362754988
KLHL22,0.8295168113271436
KLHL35,1.3788194293947589
KLHL36,1.0085894644717308
KLHL42,0.4740407409088057
KLHL5,0.5678464909727605
KLHL8,0.8852024035754134
KLK10,-0.46638383403732064
KLK5,0.4227995370074185
KLK7,-0.8459458520502982
KLKB1,-0.2703109230204683
KLRC3,0.8219728200889143
KLRG1,-0.5446710413485
KMT2B,0.6268917999469952
KMT2C,-0.17179710982625848
KNDC1,0.9546166437241805
KNSTRN,0.2361981507068454
KPNA2,-0.42815915199720433
KPNA4,1.2066076529244039
KRAS,-0.9155403154511719
KRBA1,0.8089141207634104
KRBOX4,-0.578397882835747
KRT14,-1.0216652528707868
KRT17,-1.4218608572434162
KRT19,-2.2864738510593092
KRT86,-1.1638100715620154
KRTAP5-6,0.04936576409488273
KRTCAP3,1.1608328408255144
KSR2,0.5258395021739461
KTN1,0.0653360282864305
L3MBTL4,0.24344379045438166
LACTB2,1.1890633110645874
LAGE3,0.5840539544050438
LAMA1,-0.9912667723750208
LAMA3,1.246267829534262
LAMB1,0.8947802732719158
LAMB2,0.1741450498722728
LAMB2P1,-0.546440717854505
LAMB3,0.18983414349192543
LAMP1,-0.7503696402244293
LAMP5,2.0954488836716116
LAMTOR1,0.6276938297176627
LAMTOR3,0.2435723636180234
LAMTOR4,0.08491435763163749
LAMTOR5,1.4137912547866958
LANCL2,-0.21884112655388221
LAPTM4A,-0.791686793849216
LAPTM5,1.9471832239258546
LARGE1,-1.2559541054178467
LARP1,-0.4934622902510343
LARP1B,0.9286454543024688
LARP7,0.8095695398216028
LAT2,1.518512773206122
LBH,-2.5895985066714413
LBR,-0.21303625642324933
LCLAT1,-0.5759506939731143
LCMT1,0.6364975246508036
LCN12,0.46477642498804783
LCN15,0.6800807808970527
LCP1,1.298492010615879
LCTL,1.3011856139540317
LDAH,0.5019091849174873
LDB2,-0.25074291103388563
LDHA,-2.3432578129374093
LDHB,0.9687519905781714
LDHC,-1.178451000303815
LDHD,-0.7372093707072965
LEF1-AS1,0.2144715820616032
LEPROT,0.627448547958051
LETMD1,0.7379316920674173
LFNG,-1.2188147177043562
LGALS3BP,-0.07680000447956595
LGALS9C,1.4972267840115365
LGI4,-0.5606117294993563
LGMN,-0.4609641861066345
LGR4,-0.6808358123882942
LHFPL2,2.012089662740372
LHFPL3,0.7385778087490914
LHFPL4,0.35240595156297455
LHFPL6,-1.5409051760790897
LHPP,1.315073261858856
LHX1,-0.056549221750888896
LHX2,-0.6362781287389498
LHX6,-1.0910648416917472
LHX8,0.32929301690243395
LIFR,-0.31782261061334277
LIFR-AS1,-0.67557022805771
LILRB4,2.1039003727866383
LILRP2,0.7799364845844359
LIMD2,0.7691173399630568
LIMK1,-0.44575055712659245
LIMK2,1.8210600546144835
LIMS1,-0.5463548347499463
LIN7A,0.21509202084411444
LIN7B,-0.15561083021160807
LIN9,0.8988300347219341
LINC-PINT,0.01720863217321326
LINC00158,-0.4454000404679568
LINC00260,-0.580012054489528
LINC00294,-0.9862216001181172
LINC00319,-0.07243445747275438
LINC00320,0.6398065299808292
LINC00467,0.4514851487789674
LINC00473,-1.5031651377636772
LINC00476,0.7516284334201874
LINC00484,-1.1163140941852652
LINC00507,0.6535922134990534
LINC00622,1.1575781263272622
LINC00632,0.11969302947872879
LINC00643,1.060757574850168
LINC00672,0.5673870249719041
LINC00839,1.50132749655439
LINC00886,0.3629754624177949
LINC00900,0.47562047908196564
LINC00950,1.1145194061690684
LINC00965,0.9437016055221529
LINC01011,0.7628693586899746
LINC01088,-0.6249699045067632
LINC01089,0.9391875316693085
LINC01094,0.3352373511610789
LINC01105,0.3640327559072143
LINC01106,0.12816979105990084
LINC01116,1.1773175989491549
LINC01128,-0.34536434803395816
LINC01140,-1.5228073233927335
LINC01197,-0.9777727467582789
LINC01296,-0.6986965632595867
LINC01315,-1.464544580695588
LINC01485,0.8032940629590908
LINC01547,-0.03758686203837575
LINC01551,-0.05514944977992818
LINC01664,0.2763941050547422
LINC01736,1.500022868382216
LINC01750,0.6953298343857176
LINC01792,-0.09733528722624593
LINC01963,-0.8528286042701638
LINC02076,-0.4137521245976045
LINC02210,-0.2804447276405925
LINC02217,-2.2969322825366305
LINC02361,-0.7116219362213024
LINC02381,1.1910428403751334
LINC02482,-0.8782496778554301
LINGO1,-1.024688957027214
LINGO2,1.5399730022523754
LINGO3,1.6144412990994406
LINS1,1.3614372820438152
LIX1,-0.12698997604662243
LIX1L,-0.32104684912358755
LMAN1,-0.4896799806457686
LMAN2L,0.06720740398156436
LMCD1,-1.6871967165429025
LMF1,0.16375372251759632
LMNA,0.26036482389995047
LMO1,0.5914966849335102
LMO3,-0.4634898717901282
LMO4,-0.4678720593994408
LMO7,-1.905030995722878
LMTK2,0.4045352282440656
LNP1,1.1892442295125014
LNX1,0.5321966021536102
LNX2,0.09804322140071756
LOC100129291,0.3220215724810558
LOC100233156,1.2306107938669126
LOC100240735,0.8138161246330463
LOC100289230,-0.3082258960134081
LOC100505915,-1.1520645108807617
LOC100506271,0.02454222006777709
LOC100507351,0.791036428429542
LOC100996385,0.8913387021691507
LOC101928087,1.9312979226029978
LOC105372480,0.6808607180148203
LOC105373383,0.3681934226968488
LOC105376360,0.3270651811306804
LOC285097,-1.603698743906074
LOC389834,0.9592830683662817
LOC389906,0.07628593452996588
LOC390705,0.24787905944561453
LOC440084,0.6858833866108542
LOC440300,0.8356894392766187
LOC441052,-0.39265789224615194
LOC441666,0.5253952468482517
LOC642929,0.5985549884693463
LOC728024,0.7461446871943918
LOC728715,0.9426118197463064
LOC729683,1.775032520614798
LOC729737,0.4254842697284185
LOC729930,-0.07843207171208849
LOH12CR2,0.13402085278429177
LONP1,1.073124391476462
LONRF2,-0.0630690623726049
LOR,-0.26688997684539706
LOXL1,-1.3602433406074892
LOXL3,0.5231913702435048
LPAR6,0.9712862945064975
LPCAT1,0.05606639066146909
LPCAT2,0.23030071514206465
LPIN1,0.09811341475341132
LPP,-1.066493858160177
LRCH2,0.810924545305815
LRCOL1,1.7628433094357803
LRFN2,-0.24297060243594606
LRFN4,1.0139246517888147
LRFN5,0.010017893410542439
LRMDA,1.005837340831975
LRP10,0.24385812968992834
LRP12,-1.3109174816697635
LRP1B,-2.153592905397927
LRP4,0.10207865122702194
LRP8,-1.9822068725238582
LRPAP1,0.9483506724143953
LRRC14,-0.12588906804371566
LRRC2,-1.0928379102561623
LRRC20,0.5568146198938684
LRRC28,0.1477391161705722
LRRC34,0.7293759621094328
LRRC36,-1.2244508007601023
LRRC37B,-0.19506536963535748
LRRC3B,-0.24430144823384178
LRRC4,-0.4848248880819899
LRRC40,-1.0297763855792337
LRRC46,0.3037391804296192
LRRC4B,-0.04583231574564161
LRRC4C,-1.8138758502859775
LRRC56,-0.6373983398329365
LRRC57,-0.07580223610310226
LRRC61,0.9288650585482299
LRRC7,0.9478530437477999
LRRC73,0.662799692147506
LRRC75A,0.4222057585382662
LRRC75A-AS1,-0.16426199562806237
LRRC8A,-0.5771204217725219
LRRC8B,-0.7656186163321504
LRRC8D,0.7337747571551373
LRRIQ1,-0.6496454831214377
LRRK1,0.44541056023110426
LRRN1,-0.5349385189786267
LRRN2,-1.0767903227165108
LRRTM1,0.22354687299266707
LRRTM2,-1.5657587922353677
LRRTM4,-0.2521765586917816
LRSAM1,-0.05438277357609629
LSAMP,-1.971598436961584
LSM10,1.1550161591344819
LSM11,0.06744085210347837
LSM14A,-0.3036077279937889
LSM3,-0.019746656420835663
LSM4,0.0052430655379630715
LSM7,0.4091292882585582
LSP1,-1.2212700965944159
LST1,1.901767419813429
LTBP4,0.40849997336891297
LTC4S,1.0180676863234246
LTK,0.7818100711172725
LURAP1L,0.812522116846041
LUZP2,-0.9747942439735489
LXN,2.8062992259862045
LY6D,1.100956489443284
LY6E,2.2119899334214295
LY6H,-0.9750416556890674
LY86,1.7403084730268814
LY86-AS1,-0.06431103721591577
LY96,-2.3241903429407453
LYAR,0.6906740648801992
LYNX1,0.5404080033399743
LYPD1,-0.46713439311419197
LYPD6,-1.277426303655191
LYPD8,-0.4540767846267835
LYPLA1,0.7907586958181325
LYPLAL1,-0.43016132661830486
LYRM1,-0.32434505245043516
LYRM4,1.5574997098116754
LYRM7,0.07281405175825373
LYRM9,-1.2060654881355808
LYSMD1,0.35487225446640924
LZIC,-0.13021700780041995
LZTFL1,-0.8186318723204722
LZTS1,1.6900648286698416
MAATS1,0.11069023205366968
MACF1,0.2658210419378357
MACO1,0.7234758447578681
MACROD2,0.42492401997852497
MADD,0.1541588536882928
MAEL,0.18061488596059613
MAFB,-0.5793393566975132
MAFG,-2.4754687473179438
MAFK,-2.064231031283483
MAGED1,-0.9564386813185183
MAGEF1,0.5010408864044064
MAGEH1,-0.90271427650996
MAGI1,-0.43618468594117443
MAGI2,-0.5640161402664574
MAGI3,1.3357114324887835
MAGT1,-0.1399552966973445
MAL2,0.4258371989019455
MALAT1,0.44098415200171326
MALL,1.2958451155684074
MALSU1,0.7309687915755589
MAML2,0.12735232111077313
MAML3,1.5468563411872616
MAMLD1,0.013040551485927534
MAN1A1,-1.152175524277705
MAN1B1-AS1,1.0287812052738674
MAN1C1,-0.2626443871739419
MANEA,-0.12440590554650223
MANEAL,-0.4346063678537043
MANF,0.28298877885851814
MAOA,-0.4228266395391005
MAOB,-2.240579272667563
MAP1A,0.9931471780650208
MAP2K1,0.8144768696327622
MAP2K4,-0.8358923296461559
MAP2K5,0.1288019990678049
MAP3K1,0.8095837304973327
MAP3K10,0.5936349448789228
MAP3K12,0.6296919792325932
MAP3K21,-0.09822112249122013
MAP3K5,0.5115366173942693
MAP3K9,0.39366655205740575
MAP4,0.337392491666131
MAP7D3,0.5781434412861686
MAPK1,0.08153559435975874
MAPK11,-0.00925327679352827
MAPK12,0.43063201528098594
MAPK13,0.24732762465049243
MAPK14,-0.5799556155315653
MAPK1IP1L,-0.11115864756036939
MAPK3,0.11666714105978498
MAPK7,-0.19373868183287424
MAPK8,-0.31290586586498703
MAPK8IP2,-0.5547756887164969
MAPK9,0.8153370762315786
MAPKAP1,1.0437313214292254
MAPKAPK5-AS1,0.5627917222142709
MAPKBP1,0.18336142041648498
MAPRE2,-1.3222482044631225
MAPT,-0.21790022600761136
MARCH1,-0.3872268063372345
MARCH11,0.168501473252637
MARCH3,1.129902077806355
MARCH5,-0.4486082043986842
MARCH7,-0.19794491728986233
MARCH8,-0.587961189800854
MARCKS,-0.30145727488295326
MAST3,1.4635855448583173
MATK,0.3483566598309928
MATN2,1.646450026606755
MAZ,-0.4198116644328781
MB21D2,0.4830044382194105
MBD1,-0.9315393981555795
MBD3,1.1932906870472475
MBLAC1,0.35974184676996707
MBLAC2,-0.38949846184219933
MBNL3,0.3420376306690827
MBOAT2,-1.6927144076940421
MBOAT7,-0.8287924319349355
MBP,0.5313565157460218
MCCC2,0.2994371646100346
MCF2L,0.5030745019669702
MCHR1,-0.6103206329817396
MCHR2,-0.37370668745213614
MCM3,1.000247736932541
MCM4,0.2906088395068885
MCM6,-1.987490663476388
MCM9,0.2772340881778625
MCMBP,-0.08196914760596992
MCRIP1,0.4050802071054407
MCRS1,0.7528616539029072
MCTP1,-0.9273095903579381
MCTS1,0.6659703709419249
MCU,0.2930287847084622
MCUB,-1.7375809533803508
MCUR1,-0.98351569476274
MDGA1,-1.1535494730801372
MDGA2,-0.9930047139066169
MDH1,-0.2593679520947124
MDH2,-0.1559261871946985
MDK,-0.5581113481480036
ME1,-0.4237230044625597
ME2,-1.1793386306182578
ME3,0.07280310482284642
MEA1,0.3100643651928146
MED10,-0.21452752612493195
MED14,-0.312213079110876
MED16,-0.42109844649266603
MED27,1.00671774528191
MED31,-0.10260806464270272
MED8,0.3086151466637387
MEDAG,1.0184159107072412
MEF2C,-0.595288448068833
MEG3,0.2220965904158005
MEGF11,0.053649737236950865
MEGF8,0.4003370697670248
MEI1,0.634155725123768
MEIKIN,-0.2664899698603579
MEIS3,-0.849739144175973
MELTF,-1.7396619476415507
MESD,0.5582920368545004
MESP1,0.2801887755492739
MEST,-0.2528540626633783
MET,2.671421366113914
METAP1,0.2996775483857244
METRN,0.2323151740893043
METRNL,-1.8516896166100019
METTL1,1.0652431472147288
METTL15,1.6191059166660438
METTL21A,0.5133716652947349
METTL5,-0.33471032408116924
METTL6,-0.042822463557763715
METTL8,-0.7179084379305539
METTL9,0.14579778334062088
MEX3A,-0.4438414406909241
MEX3B,-0.0100936614608817
MFAP1,0.2269767517759484
MFHAS1,0.37689216799748926
MFNG,0.6468861971480778
MFSD1,0.3002863508712778
MFSD12,-0.40728115349483596
MFSD13A,0.6874916499721162
MFSD3,0.5910323430760208
MFSD4A,0.6854104258476088
MFSD6,-0.6707610687193214
MGAT1,0.07846571449321287
MGAT4B,-0.060044822439707796
MGAT5B,1.2116902955493787
MGC16275,0.5688612302284763
MGLL,0.8428487712556322
MGME1,0.37456004955427186
MGMT,0.1117885954900363
MGP,4.112786785525414
MGST1,0.42652988264705743
MGST3,-0.5679100647843236
MIAT,0.7758236245195516
MICAL1,-0.8353859658928703
MICAL2,0.7760431757625883
MICAL3,0.22959542197961988
MIEF1,0.030531472922415703
MIEF2,-0.31549188483998325
MIF,0.34994815405143914
MIGA1,-0.824339724324605
MILR1,1.606803841953749
MINK1,-0.003253003397169354
MINOS1,-0.15280065622206165
MIR22HG,-1.0411291281454256
MIR4435-2HG,1.391450470533968
MIR7-3HG,0.46248981750782203
MIR9-3HG,0.6773599162143311
MIR99AHG,-0.7972866367026282
MIS18A,1.2769929278736107
MKL1,-0.8097272555304353
MKL2,-0.04944082554190331
MKNK1,0.700117860804835
MLC1,-0.6974196339814926
MLEC,0.6733626946819273
MLF1,0.6088136051653734
MLF2,1.2734738553969498
MLIP,-0.3658545915965336
MLLT1,-0.5132519126510559
MLLT11,-0.9086147456461644
MLLT3,0.030234331201976324
MLLT6,0.41195614558200916
MLST8,1.2286317883907014
MLXIP,-0.056234093630228715
MLXIPL,-0.633437124608389
MMADHC,1.1110293532299147
MMD,-1.2443685155039128
MMP15,-1.165081071990485
MMP16,-0.6989904419481637
MMP28,-0.45252091087203433
MMS19,-0.8095781152107495
MNDA,0.8565791071454044
MNT,-0.4135824456201376
MOAP1,0.05872471102449034
MOB1A,-0.18043742804971055
MOB1B,-0.32220902215536257
MOB3A,0.5401346762327132
MOCS1,0.9084055069178203
MON1A,0.43025356226837275
MORC4,-0.18651945942488146
MORF4L1,-0.6128090433964483
MORN3,-0.20952166345503598
MORN4,-0.3358645281622904
MORN5,1.0436798073689233
MOSPD2,0.06202788896519605
MOV10,0.14303544458845494
MOXD1,0.3813182206165253
MPC2,-0.7807950556311994
MPEG1,0.8490500047097468
MPG,1.1281607355818475
MPHOSPH6,-0.3255267273146308
MPI,-0.4190118183907587
MPND,0.6186836991167519
MPP2,0.6513939264390137
MPPE1,1.730112699117514
MPPED1,-1.7943517987023045
MPST,0.651577006152901
MPV17L2,0.45829635366563587
MPZL1,0.1212539538966975
MR1,-0.5408293168083996
MRAS,-0.7995061309057564
MRE11,-0.304381208832491
MRFAP1,0.1436599986074615
MRNIP,-0.46893536685684784
MRO,0.5990328769574248
MRPL13,0.8332558207143427
MRPL14,1.70383727734707
MRPL16,0.5366243224026249
MRPL23,0.24649859959627637
MRPL28,0.9703927167937362
MRPL30,-1.258489368459094
MRPL33,0.8240438812667055
MRPL37,-1.6649666852257177
MRPL4,0.17703482114682256
MRPL43,0.19738393208635255
MRPL45,1.2261049970642108
MRPL9,0.48661211791560477
MRPS11,0.3891332908796654
MRPS16,0.8328623582660878
MRPS18A,0.3865511009119785
MRPS18C,0.33249008011199527
MRPS33,0.6329210865018837
MRPS6,0.4507546342248243
MRPS7,0.6764629913323221
MRTO4,0.7003188578711448
MRVI1,-0.054163317158682944
MS4A7,0.6171415621120733
MSANTD1,0.7507212480390215
MSH3,0.1862906349721046
MSL3,-0.11773696622331198
MSL3P1,-0.197253131503779
MSMO1,-1.6782942379805907
MSN,-0.055857132075139884
MSRA,-1.5145784997210217
MSRB2,-0.3185363545876182
MST1R,1.0923064711440913
MSX1,-0.008295416588239766
MT1A,-0.0792538102938482
MT1B,-0.6757764864330122
MT1E,-0.9428844573153456
MT1F,-1.4774137547379966
MT1G,-0.7373010900482765
MT1JP,-0.8745462273372966
MT1L,-0.8536174967815425
MT1M,-1.5429758508749847
MT1X,-0.6053027326903536
MT2A,-0.5726469390090598
MTA2,0.8982888385583341
MTA3,-1.1150866973405567
MTBP,0.29882647589672057
MTCH1,-1.0049910423937893
MTCH2,-0.6590140931772713
MTERF2,0.4843375972459445
MTFR1,0.6583359774922246
MTFR1L,-0.054657441797255804
MTHFD1L,0.9593397772896302
MTHFD2,-0.22234948233640872
MTHFD2L,1.5098224304923562
MTM1,-0.0004953966994824138
MTMR11,-1.9490042157461025
MTMR12,0.4554485057449603
MTMR9,0.2694132953128195
MTOR,1.1409047002769348
MTR,-0.0053064521408759625
MTSS1,-0.7002572462472518
MTTP,-1.067288547782679
MTX2,0.23838177022885768
MUM1L1,-0.6590436718776576
MUS81,0.8791570333436677
MUT,0.14497018591759928
MVD,-0.20756062846189843
MXD1,-0.8213925307978707
MXD4,0.6712625893074927
MXI1,0.3806496333470101
MXRA8,-0.9956896584737708
MYADM,-1.9635253143811973
MYB,1.5218788323129453
MYBPC1,-0.9467373566032513
MYBPH,0.6473401742912341
MYBPHL,0.9773998172022951
MYC,0.08139191722578695
MYCBP2,0.2866064436399625
MYCNOS,-0.010522119540273305
MYEF2,-0.30332681932304445
MYH10,-0.20393468021578245
MYH15,-0.7196077886766996
MYH7,-0.4046912314729089
MYL12B,-0.9607449208224151
MYL5,-0.3181896043575052
MYL6,-0.10001020956928852
MYLIP,0.5826505630124459
MYO16,0.32506318991362526
MYO19,0.459566312412346
MYO1F,1.617831736112413
MYO5A,-1.3578153536433795
MYO5B,-0.5456901399906398
MYO5C,0.895772303119184
MYO7A,1.9508961433685834
MYOM1,-0.06782849147455593
MYOM2,-0.7239613811896786
MYOZ3,1.452833843755464
MYPOP,1.433565528305439
MYRIP,-0.928077964493395
MYT1,0.6395414955286162
MYT1L,0.8063033901915938
MZT2A,-0.7346181282879211
MZT2B,-0.4530799689251808
N4BP2,0.726079169709246
N4BP2L1,1.2393042965545829
NAA10,1.124712853964759
NAA20,0.46540141992202905
NAALAD2,1.180724701213366
NAB1,-0.18480709840170623
NABP1,-0.6667257647535608
NABP2,0.48685251181053807
NACC2,0.44467020074658054
NADK2,-1.6259622046802726
NAGA,0.5666185557353652
NAGK,-0.3297451584294014
NAGLU,0.33080302533017647
NALT1,-0.2657236521802969
NAMPT,-1.3049376954910339
NANOS1,-0.24380982164507295
NANOS3,-1.439344921422291
NAPA,0.4919017211684589
NAPEPLD,0.9424655734858093
NAPSB,2.1975670120997024
NARF,0.23159503865158207
NAV1,-0.6852413612613979
NAV2,0.08806373206200209
NAV3,-0.996622235751054
NAXE,0.4454210764585942
NBAS,0.7805215257010141
NBDY,-0.6465091112709064
NBEA,-0.048526120255680615
NBEAL1,-0.7419827295537488
NBPF3,0.17313845727131597
NBR1,0.46296023810477327
NCALD,0.9284006455901682
NCAM2,-0.23775613453304204
NCAN,-0.5996138157077014
NCBP1,-0.4648884101726603
NCBP2,-0.20457513050110157
NCBP2-AS2,1.143131717617166
NCF1C,1.1521425900797089
NCK2,-0.5057121157077079
NCKAP1,-0.9592793571639396
NCKAP5,0.4399565814401588
NCKIPSD,0.7123927649106968
NCOR1,0.6029936243735649
NCOR1P1,1.181520063340145
NCOR2,1.117572652601579
NCR2,-0.48132409583597774
NCS1,0.9967941962534068
NCSTN,-0.7561405384266799
NDFIP2,-1.9186104949401461
NDRG2,0.5460249721492987
NDRG4,-0.5262964371482332
NDST1,0.04264008245373311
NDST2,0.3217863363341429
NDUFA10,-0.7065706049806892
NDUFA12,-0.06256740726044462
NDUFA3,0.42454681672510897
NDUFA4,0.6903052793599421
NDUFA6-AS1,-1.0252607411524202
NDUFA8,0.7138781073344637
NDUFA9,0.010598803917121483
NDUFAB1,-0.007046497254408729
NDUFAF1,0.5592123916369557
NDUFAF4,-0.7064577874800476
NDUFAF8,0.06585329361781528
NDUFB3,1.1336796896028485
NDUFB8,-0.4375903644064521
NDUFC2,-1.214995509869641
NDUFS2,0.5148267085374824
NDUFV1,1.0994154952553543
NDUFV2,0.5982218825311373
NEBL,-0.06947403404141363
NEBL-AS1,-0.458698954586925
NECAB1,-0.5735198742916764
NECAB2,0.014698242229164363
NECAP2,0.17582061354614018
NECTIN1,0.7247979989650033
NECTIN2,-0.19309366074192338
NECTIN3,-2.396872834777981
NEDD4,0.37543494035027936
NEDD4L,-0.25759881688259895
NEDD8,0.11299257600089246
NEFL,0.0477592798663309
NEGR1,0.4343412845604991
NEK10,1.2183798014786187
NEK6,8.07245708037546e-05
NEK7,0.23208852564956517
NELFE,-0.06595940564027661
NELL1,1.6339138692033337
NELL2,-0.7000587483581928
NENF,0.13431206341758653
NEO1,-0.19993009288302263
NETO1,-0.2715989487099073
NETO2,0.1507913639845483
NEU1,0.5948632041715579
NEURL1,0.1379095201528482
NEURL1B,-1.4195999669312054
NEURL3,-1.1025319654645427
NEURL4,0.656433093631296
NEUROD1,0.1402027681941844
NEUROD2,-1.3190964878923706
NEUROD6,-1.9313897962086684
NEXMIF,-1.5208254910133552
NF2,0.06491012505728222
NFAT5,-0.620787123109713
NFATC1,-0.3458173379236899
NFE2L3,-0.3751952101593125
NFIA,-0.9692393135709346
NFIB,-0.2702355566254044
NFIC,0.3922293900505828
NFIL3,-0.1988818378525881
NFIX,-1.2374106831232012
NFKBIE,-1.4695482451681983
NFU1,0.26705843472568996
NFX1,0.9429928910699639
NGRN,0.18884014926968445
NHLRC2,0.3098704467908624
NHP2,1.6239612295886443
NHSL1,-0.16351150798103173
NICN1,1.3762284298755185
NIF3L1,1.6076760177371074
NIM1K,0.8077536672743274
NINL,-1.0868536193915266
NIPAL2,0.49384951620536377
NIPBL,0.1051645296708035
NIPSNAP2,-1.0355222313819463
NIPSNAP3A,-1.2764617081105698
NISCH,-0.7640839199191378
NIT2,-1.4666483350599375
NKAIN2,-1.329472058750036
NKAIN3,-0.6828355359415405
NKAIN4,-0.6291254573196106
NKD2,-1.6769384763642983
NLE1,-0.5259975561105227
NLGN1,0.6334669132016076
NLGN3,0.3186243597416006
NLK,0.8846555752191749
NME3,-0.3977874424158753
NME5,0.9983844316474536
NME7,0.05153973742003658
NMNAT2,0.06651158516637438
NMNAT3,-0.6685142082897206
NMRK1,0.4072382552232273
NMT1,-1.3766687393824735
NMT2,0.8220604516728681
NMU,-0.6131422444386966
NNAT,-0.07131664952175905
NNMT,1.4718653219873248
NOL3,0.7464545299540711
NOL4,-0.6987660237575115
NOL4L,-0.7006309656793159
NOL8,-0.14013096347388224
NOL9,0.2157487544600379
NOMO1,0.2928170089769642
NONO,-0.07834126632238216
NOP16,0.2371542902736036
NOS1AP,-1.3835449772058164
NOS2,0.587190443983646
NOS3,-0.4747827755247211
NOV,-2.021839436671617
NOVA2,-0.7512623233278494
NPAP1,-0.19976683832741296
NPAS1,0.618016175074486
NPAS3,0.05468257077696258
NPC2,-0.14191212080520865
NPDC1,-0.35391610652500066
NPFFR2,-0.9773726400448309
NPHP1,0.857042917113522
NPHS1,-0.8602089985887182
NPIPA8,-0.0231855617412507
NPIPB11,-0.5613551010318943
NPIPB15,-1.138191004071171
NPLOC4,-0.11965582728835661
NPM2,-0.06993853022281485
NPM3,-0.12463211095682535
NPNT,-0.5370419740688424
NPPA,0.4202959024962544
NPPB,0.2782124060692569
NPR3,0.5396974758354321
NPTX1,0.23752644180664292
NPTX2,1.0193156759318884
NPTXR,0.21248835415299774
NPY,-1.013858092309139
NPY1R,-0.16535359237154199
NPY5R,0.18112636980513672
NQO1,1.6367948266547663
NR1D1,2.0200282122287696
NR1H3,0.1055639415417074
NR2C1,-0.2107611437107622
NR2C2AP,0.09534509247299008
NR2E1,-0.0803300088642185
NR2F1,1.3016518141766693
NR2F1-AS1,-0.13480255217632045
NR2F2,1.4934016515660082
NR2F2-AS1,0.8533704848674217
NR2F6,1.0435307556718703
NR4A2,-1.1252439642177698
NR4A3,-3.3477955072096135
NRAP,-1.5990059449333185
NRARP,-0.41096965896037435
NRBF2,0.9651985433515067
NRBP1,0.31859088587004675
NRCAM,-1.5706248605494209
NRDC,0.6635851252906804
NRG2,-0.19933332458167327
NRG3,-0.11413951851909604
NRGN,1.304808735779619
NRIP1,-0.5392105223804697
NRIP3,1.6013714363720855
NRN1,0.7077355731178969
NRP1,-3.477676766872475
NRXN1,-0.1403167982297281
NRXN2,0.48841538998765316
NRXN3,0.5785684002432505
NSD2,0.4785468309579603
NSD3,0.07796267757395932
NSDHL,0.4225973847391193
NSFL1C,0.023758034808861312
NSG2,-0.05906288414291449
NSMAF,0.6691300985646654
NSMCE1,0.23071438903495098
NSMCE4A,0.8360991179955344
NSMF,-0.4146674731354426
NT5DC2,-0.09947263106416503
NT5DC3,-0.9106475057071739
NT5E,0.17845808829068616
NTM,-1.1529950337289343
NTMT1,0.74405279725807
NTN1,-0.03284278011111381
NTN4,-1.0996059097187905
NTNG1,0.4347448031786176
NTNG2,-0.6601121938649198
NTRK2,-1.2379100112311687
NTSR1,-2.637039815881553
NTSR2,-0.1798241574947891
NUAK1,-1.0769501870059242
NUB1,-0.03570506469760086
NUBPL,0.2738212089038915
NUCB2,1.0722901222785246
NUCKS1,-0.5489140557766437
NUDC,0.916566285720703
NUDCD1,0.44690537933356206
NUDCD3,1.0948589312840904
NUDT10,-1.9872890427494432
NUDT11,-1.3503220406871224
NUDT14,-1.092043130089967
NUDT17,0.15654400099177906
NUDT2,1.7985291569111765
NUDT21,-0.6704723198082354
NUDT4,-0.7830789628121572
NUDT9P1,-0.3253609350800097
NUMB,-1.2244050080737585
NUMBL,0.31747080669580874
NUP37,0.1807044916334659
NUP85,-1.1499742589236692
NUP88,0.3110512692794573
NUPL2,0.8453849508495621
NUPR1,-0.39492979133959083
NUPR2,1.0408028241424396
NUTF2,0.19448215767031304
NWD2,-0.3913973498480466
NXN,-0.3657315017226287
NXPH2,-1.2691114459095383
NXPH3,-0.5437797007382881
OAF,0.30019252462955914
OAT,-0.8792678370265637
OAZ1,-0.5668331064707489
OAZ2,0.343485939888245
OBSCN,1.3101135887803006
OCA2,-0.6957713833579323
ODR4,-0.10204070971747696
OGG1,-0.6592341201387577
OGT,0.09062884731482705
OIP5-AS1,0.7954558297208199
OLA1,0.5331181470182577
OLFM1,1.5215414859696883
OLFM3,0.039822381152478645
OLFML2B,-1.235781475125455
ONECUT1,0.8947298545138296
OPCML,-1.068572639626528
OPHN1,-0.08360711780166596
OPN3,-0.8134917077355084
OPRK1,-0.8228061670800734
OPRM1,-0.07600829207545938
OPTN,0.396838654644749
OR14I1,-0.09484005231296992
OR52K2,0.33124883664781124
OR5L2,-0.015774436187793672
OR7E14P,0.18970449615996263
OR7E156P,0.8992515918237827
OR7E24,1.0592343425313284
ORAI2,1.8167841839768464
ORC4,0.7848246132573702
ORC6,-0.6054216329301471
OSBP,-0.5015348306022475
OSBPL10,0.22910265831809074
OSBPL11,-0.22565331061003238
OSBPL1A,0.10178458303302614
OSBPL8,-1.8423752602101813
OSBPL9,0.026156828908485277
OSCAR,-1.382907988920512
OST4,-0.06843427193801882
OSTC,0.09393283417761944
OSTCP1,-0.37069517957378406
OSTF1,1.2800577570465514
OSTN,-3.3622932184097953
OTOF,0.008102142117033032
OTOS,0.5138780543861374
OTUB1,0.5540589630445416
OTUB2,-0.09986917199011006
OTUD1,-0.09158916662510785
OTUD6A,0.19725385530789613
OTUD6B,-0.17926015824758368
OTUD6B-AS1,0.7243086456505693
OVOL2,-2.689228698072164
OXCT1,-0.7621594294597782
OXR1,-2.274692031767758
OXT,-0.0547998107181629
OXTR,0.02998932915521667
P2RX5,0.9648644492675771
P2RX6P,-1.8461364657543784
P2RY1,-0.18334173476285398
P2RY12,1.7127804074072854
P2RY13,1.6924035225379481
P2RY6,1.562665458571882
P4HA1,0.4333090936385184
P4HA2,-2.7453072492528663
P4HTM,0.37197870038785164
PABPC1,0.156574734395187
PABPC1L,0.20051066792859326
PABPC5,0.5690268533073315
PACRG,0.03281073981284627
PACS1,-0.5897492307373607
PACSIN1,-0.2916939408878231
PACSIN2,-0.6080839102625069
PAF1,1.077493151984492
PAFAH1B1,-1.1802446520627863
PAFAH1B3,0.1708733541713162
PAFAH2,0.695389191940595
PAGR1,0.09767570470270051
PAICS,0.21115236135284515
PAIP2,0.49821799466177674
PAK1,0.8812252627230476
PAK2,0.5017869014175872
PAK3,-0.8038736635374147
PAK5,0.5553405910317354
PALD1,0.3034168097618957
PALLD,0.44144128182740827
PALM,-0.3364802707824444
PALM3,-0.7033203311629781
PALMD,0.8058089920253134
PAM,1.1008541028326293
PANK2,0.5214648593924851
PANK4,0.7924681105219724
PANX2,0.3972412818797107
PANX3,-0.24291933997104176
PAPD7,-0.47344427990639404
PAPOLA,-0.29772269984653515
PAPSS1,-0.692169590634903
PAPSS2,1.4984447690784783
PARD3,1.0290322825680238
PARD3B,-0.06205734562137448
PARM1,0.9372611181452809
PARP1,-0.4407820347089807
PARP14,0.2550435916598866
PARP16,0.03630439235555364
PARP2,0.1302139016189206
PARP6,0.9394466343099552
PARP8,-2.0520959373305403
PART1,-2.040612545749101
PARVA,-0.07674567364159642
PARVB,1.5022639420155839
PATZ1,0.28851868695355676
PAWR,-0.49481267384240996
PAX6,-0.8340571695983637
PAX8-AS1,2.646277828911324
PAXIP1,0.5448028817907339
PAXIP1-AS2,0.13422416600895407
PBDC1,1.0977334819428572
PBLD,0.17370673910507914
PBX4,-0.3569986927749364
PBXIP1,-0.20811972313161256
PCBD1,-0.7703174663199871
PCBD2,0.4122826285591106
PCBP3,-0.5003635174917902
PCDH11X,1.2962972388325549
PCDH11Y,2.0537975607997265
PCDH15,0.39312028050772924
PCDH17,-2.5786906918350865
PCDH19,0.6666019952381586
PCDH20,-1.8648361624457412
PCDH7,0.4388367420015101
PCDH8,-1.9506558730947925
PCDH9,-0.38096119438235454
PCDHA1,0.8339681482307478
PCDHA11,-0.4380555682433889
PCDHAC2,-0.9417926434315932
PCDHB10,-0.5465484374316139
PCDHB11,-0.49403594946930374
PCDHB14,0.09420343436300033
PCDHB9,-1.781462429590262
PCDHGB4,0.1706476997994238
PCDHGC3,0.5346926841825747
PCED1B,-0.860649852722342
PCID2,0.6935403777591134
PCK2,0.6371766722783627
PCLO,0.16625509362994284
PCMT1,-0.38564870715454913
PCNP,-0.2260916412611008
PCNT,-0.8413582070302377
PCNX2,0.7776124035149893
PCNX4,-0.6449871378280754
PCOLCE2,-0.6207358958581477
PCSK5,-3.3049606550081716
PCSK9,-0.6034235848275992
PCYOX1,-0.7693835125249375
PDCD2L,0.7008647706324673
PDCD4,-0.8238990615465989
PDCD6,0.12044545500469148
PDE10A,-0.1778694407871447
PDE11A,-0.33176493233536913
PDE1A,-1.8170053593687894
PDE1B,1.5898737134253351
PDE2A,-0.5744853086445532
PDE3A,0.9136996295170556
PDE4B,2.535661363541141
PDE5A,0.09173454375356663
PDE6B,0.17845678133555443
PDE8B,-0.024600479753389404
PDE9A,0.505738781466473
PDGFC,-1.1079103493296194
PDGFD,2.3409488030514005
PDGFRA,0.01315081029652623
PDGFRL,-0.08315028453916545
PDIA3,0.627163748239368
PDIA3P1,0.355296651394358
PDK1,0.23082923610033773
PDK3,-0.5063859555388106
PDK4,0.17934506493076613
PDLIM3,-2.132186007317953
PDLIM5,0.21515090081300006
PDP2,1.0083255358154082
PDPK1,1.4062827702124012
PDRG1,-0.005128271556900153
PDS5A,-0.7047069058414103
PDS5B,-0.2696421274620661
PDXDC2P-NPIPB14P,-0.15623304645285335
PDXK,0.022358469694209578
PDXP,0.7328084246358318
PDYN,-0.45451731686297603
PDZD2,2.123022828354318
PDZD4,1.1016613529702697
PDZD7,-1.0884120913970217
PDZRN3,0.45690021502838885
PDZRN4,-0.9344092686115857
PEA15,-0.7579652450258101
PEF1,1.7504048078373922
PEG10,-0.69722771377384
PELI1,0.002899918733998997
PELI2,-0.19585442907098605
PENK,1.3877579182450364
PERM1,-2.002956587248796
PEX1,0.8907552299498321
PEX10,-0.4333437406892993
PEX19,-2.1054088288193267
PEX2,0.5606114959310525
PEX5,0.543122794180027
PEX5L,-0.8322627169958113
PFDN5,0.39139613932673223
PFKFB3,0.14635501460987935
PFKP,-1.6709518536320196
PFN2,0.10590085984477562
PGAM1,-0.44812835465036205
PGAM5,0.3656444649857673
PGAP1,-2.0334748952079433
PGAP3,0.4748419640201895
PGBD4,1.173563340848558
PGBD5,0.6811617334187542
PGD,0.7203198715363791
PGK1,0.3735581569114345
PGM2L1,-2.0578152920562403
PGRMC1,-0.7561307006078474
PHACTR1,1.339784405378837
PHACTR2,-2.1036456856531305
PHACTR3,-0.26482868918325897
PHAX,1.003236084137737
PHB,-0.054219888741125793
PHB2,0.6264617555102703
PHC3,0.050970720658994356
PHF12,0.2810831729224446
PHF13,0.2765922712314186
PHF20,-0.08455441965802869
PHF20L1,0.3181798347655374
PHF23,0.4113926244589114
PHF24,-0.11356811987250429
PHGDH,0.00586033955169387
PHKG2,0.27601127561129823
PHLDA2,-0.2287133321998759
PHLDB2,-2.0598761892413733
PHLDB3,-0.32564547731326937
PHPT1,0.35777801879974286
PHTF1,-0.3313873774352061
PHTF2,-0.6863989876765255
PHYH,-0.048793476577740524
PHYHD1,0.037000015211192956
PHYHIPL,1.3376729577010198
PI4KA,-0.7481164356657983
PI4KAP2,-0.0338974372553347
PIANP,-0.6178730344611455
PIAS2,-0.4479394254460555
PICK1,0.3410574137380447
PID1,-0.9070660850382034
PIDD1,0.48129316632580094
PIFO,0.03151670218658269
PIGL,0.4405469358351976
PIGP,0.7749632740467486
PIGZ,-0.3852689275587993
PIH1D1,1.1333221046972575
PIH1D2,-0.3610108479467869
PIK3C2A,-0.060513989673137154
PIK3C3,0.0809648472690838
PIK3CD,-0.3617360638459079
PIK3R1,-0.5364864311598733
PILRA,0.7230994576579033
PIN1,-0.20219504241483163
PIN1P1,0.17009144456311318
PIN4,0.333948833857809
PINK1,0.6341954281584717
PINLYP,0.8539797054661006
PIP4K2B,-0.8537055771732007
PIP4K2C,0.26475201612122307
PIP4P1,0.6637173356464443
PIP5K1B,0.3301115148053806
PIP5K1C,0.7291836442527415
PIR,0.10703658417764024
PIRT,-2.1249711021526108
PISD,0.1869133626851187
PITPNB,-0.7760600006202897
PITPNM1,0.6238035632629859
PITPNM2,-0.6389565107054281
PITRM1,0.17761406854450704
PIWIL4,0.7568115715435932
PJA1,-0.9661419081817267
PKD1P6-NPIPP1,0.2656759514789335
PKD2L1,-0.3136501501346389
PKDCC,-0.3388240532554951
PKIA,-0.7437337312047597
PKIB,0.38250312642285045
PKIG,0.722204255022206
PKN1,-0.13056018439419562
PKNOX1,0.2110173121670115
PKNOX2,-0.23450732131247273
PKP3,-0.6315776486968738
PKP4,0.5756406041011635
PLA2G12A,-0.43480029970723105
PLA2G4A,1.6280360544756274
PLA2G7,-0.3536130699527702
PLAC4,-0.3004258378122384
PLAC9,-0.840977424090452
PLAU,0.4922374468896041
PLB1,0.19772556947247932
PLCB2,0.5219488804471792
PLCD3,-0.7181161609696463
PLCD4,1.5074077198809481
PLCG2,0.9043819865042
PLCH1,-3.372220470935311
PLCH2,-0.6528676559009491
PLCXD1,1.050132907533041
PLCXD3,-1.5829808512446815
PLD3,0.8257367547827319
PLD6,0.6615700858201735
PLEKHA2,1.446444360112471
PLEKHA4,-0.36185102800682006
PLEKHA6,-0.42208170535970485
PLEKHA7,-0.6588426416413655
PLEKHG5,-0.7152084892339451
PLEKHH2,-0.840858079809223
PLEKHM1,-0.17903000222075147
PLEKHM2,1.1694813522801382
PLEKHO1,0.4642193829784677
PLEKHO2,0.3600531312987495
PLIN5,-0.3933933307733033
PLK2,-0.8668390313355564
PLOD2,1.6274914731174437
PLPBP,-0.560942011548033
PLPP4,0.2865128945741589
PLPP5,0.10009951320573246
PLPPR2,0.475711316402249
PLPPR3,-1.042086394012658
PLPPR4,-0.6497335329688435
PLPPR5,0.20377100041599966
PLS3,0.033025464381773444
PLSCR4,-1.3779583340961536
PLTP,-0.5695210488192736
PLXDC2,0.17056288481973314
PLXNA1,-1.2811986817464822
PLXNA2,-0.09020600508276896
PLXNA3,-0.5401714935055687
PLXNA4,-0.30359965628634283
PLXNC1,-0.8754519961725363
PLXND1,0.2927121401616816
PM20D2,0.31199473452581905
PMM1,0.15069403542007717
PMP2,1.0437938292772935
PMPCA,0.5095325788912834
PMPCB,-1.4242589129211631
PMS1,0.08775079780133724
PMS2,0.8930196034743249
PMVK,-0.4535504757354248
PNCK,0.1715262181544818
PNMA1,-0.4336995162852113
PNMA2,0.24397642171030764
PNMA3,0.4476259461312344
PNMA5,-0.8565002962846919
PNMA6A,0.5545187730464224
PNMA6E,-1.2667157614329343
PNMA8A,-1.2608355943208138
PNMA8B,0.3843758941804325
PNMT,0.8391021376106306
PNO1,0.09473594785913893
PNOC,-1.6229957559082608
PNP,-0.2067141052806977
PNPLA3,-2.7419104951002247
PNPLA4,-0.4393495336068165
PNPLA7,-1.0817360891299568
POC1A,0.3431898596558242
POFUT2,-0.28174608665666256
POLE3,0.611247925778658
POLE4,-1.3138497025434248
POLG,0.38860077980703844
POLG2,0.6404812678945935
POLN,1.1808658218122026
POLR1D,0.2710102031673038
POLR2B,0.3275455464804083
POLR2E,0.8387677738236022
POLR2G,0.33798525507748056
POLR2H,0.09550342483067636
POLR2J,1.2601562247617324
POLR2K,0.040366064894885055
POLR2L,0.0016291274082322388
POLR3A,1.1990166139338843
POLR3G,-0.8917230033535789
POLR3GL,0.36022645030435646
POLR3H,0.4346732288150395
POLR3K,0.4490389407389788
POM121L4P,0.6736094315629817
POMC,1.2327475284816891
POMT1,-1.0805292254643049
PON2,-0.9432681404178418
PON3,-0.7557035771363024
POP7,0.2865231809121952
POPDC3,0.40083760241095256
POU6F2,0.22258961312635697
PP12613,-0.7807848821561695
PPA2,0.88822081472185
PPARA,0.2753388286807245
PPARG,0.3889956999993925
PPDPF,0.38745205521636455
PPEF1,-2.817400192898156
PPFIA3,0.280739193402004
PPFIA4,1.6697486295267554
PPFIBP1,-0.6138440550950394
PPIA,0.6263884438337078
PPIAL4A,-0.4834459493355153
PPIAL4G,0.5346092720368866
PPIB,0.5628046422507726
PPIC,-0.1902995943385718
PPIH,0.985293305408361
PPIL2,0.4055734413419102
PPIL6,0.6045392096394294
PPIP5K1,0.1664871045078751
PPL,1.5326042726559013
PPM1B,1.1588639572579653
PPM1E,-0.8751958218806531
PPM1H,0.8747099550444816
PPM1J,1.9190905579355408
PPM1K,-0.4307576535407114
PPM1L,-0.19058974594600664
PPM1M,-1.3847992880162243
PPM1N,-0.4651029254436839
PPME1,0.5238545513444473
PPP1R11,0.03569697140023251
PPP1R12A,-1.0612558061530972
PPP1R12B,-1.0764107190713288
PPP1R12C,0.3930010895840985
PPP1R14C,0.792253670648621
PPP1R17,-2.876189179057103
PPP1R1A,1.8312813481411065
PPP1R1B,1.4487848925020692
PPP1R21,-0.5119213998174571
PPP1R26,-0.6187638233227963
PPP1R32,0.5662238416047257
PPP1R37,-0.5351901151910418
PPP1R3F,0.7804803396609058
PPP1R42,0.32054979025865893
PPP1R8,0.2849988326690619
PPP2R2B,-0.1019196242842228
PPP2R2C,1.2427597636392695
PPP2R3B,-0.26174844110290924
PPP2R3C,-0.5350522741264768
PPP2R5A,-0.9443419851145414
PPP2R5B,0.5610831141655569
PPP2R5E,-0.4188170962023051
PPP3CB,0.6247012131226597
PPP3R1,0.669118245739031
PPP4R4,-0.8729663560815495
PPP5D1,0.05100886080722477
PPP6R2,0.4901699217120299
PPP6R3,-0.5906765210014283
PPRC1,0.6417411292550448
PQBP1,0.66678839078247
PQLC1,0.006516670979352419
PRADC1,1.1907664168141614
PRAF2,-0.3566011980753865
PRC1,0.941634424448879
PRDM11,-0.1593482957508085
PRDM2,-0.2300571011809179
PRDM8,0.36796795028581025
PRDX1,0.09037574161460193
PRDX4,0.10492570140388931
PRDX5,0.8302150649895138
PRDX6,0.8675679700409765
PRELID1,-0.3296693240989933
PRELID2,-1.1182251307580515
PRICKLE2,-0.44376631575085435
PRICKLE4,-0.3928109962780453
PRIM1,0.889318470581707
PRKAA2,-1.2169705322263675
PRKAB1,1.0832626149127702
PRKAB2,1.0504867438644476
PRKAG2-AS1,0.5083120004343133
PRKAR1B,0.5818075723677281
PRKAR2A,-0.357088855535875
PRKCA,-1.4094391286846046
PRKCD,-0.24845792233585984
PRKCE,-0.45429458140519435
PRKCG,-0.9661697387024732
PRKCI,-0.485320592312362
PRKG1,-0.17013685332045686
PRKN,1.384875186345666
PRKRA,0.3812189485934673
PRKRIP1,1.011134504960801
PRMT2,-1.9407701176679095
PRMT5,0.3753408683079925
PRMT6,0.20310812572921277
PRNP,-0.9575495173101185
PROS1,-0.026880477252592558
PROSER2,-0.33120699826485533
PRPF19,0.4686430119400597
PRPF38B,-0.5915180911354723
PRPF40A,-0.22361368455666894
PRPF6,0.951059182913383
PRPF8,0.14487385340290307
PRPH,0.38280476068910047
PRPH2,0.6902435860803178
PRPS1,0.4825481563984868
PRPSAP1,-0.46052897535284304
PRR29,-1.2060851423046233
PRR5,-1.3324213379970473
PRRC2A,0.542986005810675
PRRC2B,-0.80290508026575
PRRG3,-0.974260700889647
PRRT1,0.787861354913086
PRRT2,1.5566231599034912
PRSS1,0.6880918153196249
PRSS2,0.6635809943269032
PRSS23,-1.0137415157169518
PRSS3,0.5540059334521261
PRSS35,-1.3137441637582146
PRSS3P2,0.36522064687636013
PRTFDC1,0.4820533757018698
PRTG,-0.5004558413773726
PSAP,1.1845990958250134
PSAT1,-0.16418118155989786
PSD,1.5889643433528224
PSD3,-1.8822554566921097
PSENEN,0.6246497157592709
PSIP1,-0.23415741459085165
PSMA3-AS1,-0.005959793005393125
PSMA6,-0.1327830633334248
PSMB1,0.062343120248729615
PSMB10,0.05265802961438958
PSMB5,0.9270529034608181
PSMB7,-0.44952081878885775
PSMC3,0.23618661703899366
PSMC6,0.007789854185037158
PSMD1,-1.135867240014833
PSMD11,0.26154662366640297
PSMD2,0.7831424392188518
PSMD4,0.25598385182436195
PSMD7,0.6983488091192086
PSME1,0.36872256041880225
PSME3,0.28676567181679824
PSMG1,-0.03246482293281614
PSMG3-AS1,0.19545841584738508
PSORS1C1,-0.7019405414760774
PSPC1,0.4394249331618886
PSPH,0.3106533536735826
PSRC1,0.16547332835555162
PTAR1,0.5205236738247381
PTBP3,0.3267585469110767
PTCH1,-0.7794511041852547
PTCHD1,-0.8882101110073248
PTCHD4,5.288764748102387e-05
PTEN,-0.20918969666427584
PTER,-1.2613904326033634
PTGDS,-0.01432688584116086
PTGER3,-0.1584180364622738
PTGER4,0.7734840546642495
PTGER4P2-CDK2AP2P2,0.052812505789442535
PTGES,0.5609910455358418
PTGES2,0.9504329923099961
PTGIS,-1.056994530774336
PTGS2,0.04586654010451776
PTHLH,0.09304039952866788
PTK2B,0.5554834745901878
PTMA,0.7195317309568527
PTN,-0.7255811158067491
PTP4A1,-1.4479029816252929
PTPA,0.08568698919899173
PTPDC1,1.062832881962805
PTPN11,-0.5209441456667506
PTPN14,0.05324137891176266
PTPN3,2.3557192147885195
PTPN4,0.8385560888677824
PTPN5,1.9602176265302762
PTPRA,-0.6198051652970569
PTPRC,1.4489281382557917
PTPRF,-1.6665376438242177
PTPRJ,0.5054816260888653
PTPRK,-1.6220695406199075
PTPRO,0.7085806439639375
PTPRR,-0.7834576986226218
PTPRT,-1.5073141260349194
PTPRZ1,0.6075108090726296
PTRH1,-0.47062762919741624
PTRH2,0.0353476127149909
PTS,-0.39673466550644676
PTTG1,-0.11186477160888607
PTTG1IP,0.11358304432906147
PTTG2,-0.0845204696466576
PTX3,0.5961237202989343
PUM2,0.5024662700595702
PURB,0.45281517739544824
PUSL1,-0.9390002679780978
PWARSN,0.059978549563244235
PWWP2B,0.7779659958683245
PXDN,0.9686834461768605
PXYLP1,-0.7443443015411786
PYCARD,2.314555572084588
PYCR1,0.3199752711232951
PYCR3,-0.5774615111211971
PYDC1,0.6187205583275918
PYGL,0.10263619440786259
PYGO1,-0.36897051634786554
QKI,-0.587877768946677
R3HDM1,-0.6385319673059096
R3HDM2,-0.5543896517739876
R3HDM4,0.08868427023492274
RAB10,-0.694027514925369
RAB11FIP1,-0.2624190516503805
RAB11FIP3,-0.3198220770918497
RAB11FIP4,-0.8836173409361642
RAB11FIP5,0.9752423743073063
RAB13,-0.4856423000764868
RAB15,-0.3256284584459721
RAB1A,-1.6294886953878758
RAB22A,-0.41113217274396646
RAB24,0.31870077817181935
RAB27B,-0.8901041537784621
RAB29,-0.4043007200563263
RAB2B,-0.26533687781436405
RAB31,-0.07598014534646703
RAB33A,0.3546160906387749
RAB34,-0.21858493207091206
RAB35,-0.7735653752874299
RAB36,-0.9516176185318627
RAB3B,-1.5191316179241772
RAB3C,-1.3484419255537008
RAB3GAP1,-0.6366460110091179
RAB3IP,-2.136974903866319
RAB40B,0.480384560512483
RAB40C,1.3689657904389212
RAB4A,-0.6240129231105941
RAB6B,-0.39956715493094186
RAB7A,-0.323723249314547
RAB8A,-0.2941079177404694
RAB8B,-0.8925212548387239
RAB9A,1.3151460093472587
RABGAP1L,0.9900964607356896
RABGGTA,1.2335880656885765
RABL2A,0.8649970556808435
RAC1,-0.4572186417205766
RAD23A,0.8477399935272268
RAD23B,0.5890756135745827
RAD50,0.20949523808376588
RAD51AP2,0.11275931655286833
RAD51C,1.2222630937501957
RAD51D,0.1911875296669603
RAET1E-AS1,-0.10967267271538982
RAI1,0.0073692362315377485
RALA,-0.8643823743278564
RALBP1,-0.6081618125172171
RALGPS1,-0.5899402463624557
RALGPS2,-0.6258203006493187
RAMP1,1.1389411548834636
RANBP17,0.20555317871103843
RANBP3L,-0.5502729133076044
RANGAP1,0.936475079614808
RANGRF,1.5275267712377494
RAP1B,-0.5775693004080411
RAP1GAP,0.319274674155323
RAP1GAP2,-0.0714720820841951
RAP2A,-0.9391761824119395
RAP2B,-0.43738832516397785
RAP2C-AS1,0.4117524562631977
RAPGEF2,0.7741138019434118
RAPGEF4,0.06219255298833348
RAPGEFL1,-0.27865728477759943
RAPH1,-1.896784403677591
RARA-AS1,-0.7195428308038415
RARRES1,-0.9228186597589911
RARRES3,0.2410036576733244
RASA2,-0.8586717698110351
RASA3,0.18571892855122635
RASAL1,-0.5340629917495321
RASAL2,-0.6082704679343851
RASAL3,1.4112962612455715
RASGEF1A,-0.1891655961609632
RASGEF1B,2.647872054685131
RASGEF1C,-1.3455137209631711
RASGRF1,-0.32849005492811645
RASGRF2,-0.08010199557785029
RASGRP2,0.40867253369038625
RASIP1,2.292788303430198
RASL10A,-0.3230484655944397
RASL11A,0.4889098761234167
RASL11B,-1.3074572416268484
RASL12,-1.2247496516951148
RASSF3,-2.511131787910448
RAVER2,0.13567089617636924
RB1CC1,-0.36749001067658066
RBBP6,0.752016815376062
RBBP7,0.1880822573195328
RBFOX2,0.8071977370297586
RBL2,-0.3286147084070972
RBM14,-0.14848071451905342
RBM22,0.20792408278704005
RBM24,-0.4548866278557122
RBM27,-0.22194974340285006
RBM34,0.4631816342712016
RBM43,-0.12349316680251432
RBM5,0.5558440709502066
RBM7,0.06723239121578332
RBM8A,-0.3557887262184683
RBMS2,-0.35475978033954464
RBP4,-1.6317968385872734
RBSN,0.3909724379076467
RBX1,0.8641886037282752
RC3H2,0.07806620217183803
RCAN3,0.213908704389894
RCC1,-0.12085109750830415
RCCD1,0.21835850269977625
RCHY1,0.28074605788601936
RCN1,1.8461409057890052
RCN3,1.7966511090290782
RCSD1,2.672341161509331
RDH10,0.26544670952965155
RDH12,-0.09368588902644473
RDX,-0.5575883077182594
RECQL5,1.0569093101507705
RELN,-0.5951249994949992
REPS1,0.66196649291286
REPS2,-0.501294756813502
RESP18,-0.3242056491219174
REST,0.47476100453331094
RETREG1,-0.9767678432289667
RETREG2,0.6571693224592539
RETREG3,0.4413733416028107
REV3L,0.0872040901719847
RFC2,0.6518515105247913
RFPL1,1.189979462832431
RFPL1S,1.8627822504650704
RFPL2,0.9028302087947895
RFPL3,1.1977576529878453
RFTN1,1.3584217894572865
RFTN2,-0.2367436982692142
RFX2,0.5957344263587822
RFX3,-0.5368468829215488
RFX4,0.23942173174437698
RGMB,-1.42909370241897
RGS10,1.8377067684790385
RGS12,1.4320720540206153
RGS14,1.599241463856563
RGS17,0.5380784924478271
RGS18,2.0762495313916873
RGS20,0.8974905581400248
RGS22,0.16917083254427773
RGS4,-1.2377444166352152
RGS7,0.8818609438820667
RGS8,1.5642612826890099
RHBDD1,-0.07012514150970424
RHBDD2,0.22973036803751978
RHBDF2,1.0211627788147961
RHBDL1,0.825856471447095
RHCG,-0.9362351705291566
RHEBL1,0.20454637355255373
RHOA,0.15677672285472705
RHOC,0.7180091513369794
RHOF,-0.17187325692637945
RHOJ,-0.054333712175956374
RHOT2,0.9601875714823924
RHOV,-0.05047133122897869
RHPN1,-0.453638108187598
RHPN2,0.571596185496039
RIBC1,-0.10128004618795657
RIC3,-0.23772718753162278
RIC8A,0.31414685258856695
RIDA,0.2505187263793649
RIIAD1,0.3108254432342665
RILPL1,0.243017406194983
RILPL2,-0.7090465835250974
RIMBP2,-1.1833084531429903
RIMKLB,-0.150226498979326
RIMS1,-0.16872118214474827
RIMS4,1.2616605803540715
RIN1,0.4488340928703893
RIN2,0.5453813712304638
RIOX2,-1.0578508365400066
RIPK2,-1.0650264250007082
RIPOR2,-0.8831944261495914
RIT1,-0.6461514886961552
RIT2,-0.2924212224706651
RLBP1,0.2158509296292792
RLIM,0.8912905398428095
RMC1,-0.0608178948168881
RMDN1,-0.4083573992697386
RMDN3,0.21182904636974093
RMI2,0.7638362575779029
RMND1,-0.10204915642897885
RMND5B,0.3260402255799007
RNASE6,1.8676292798330674
RNASEH2A,0.7009016803159431
RNASEH2C,0.7277750277751016
RNASET2,1.565287143621277
RND1,-0.14220888144683352
RNF10,0.563459478663374
RNF11,-0.7394854248067325
RNF111,0.3272050954552822
RNF114,-0.4711466815412931
RNF115,1.1927899513563618
RNF123,1.352482271976003
RNF135,0.5220645130505216
RNF139,-1.158346952940995
RNF14,-0.5337221116478459
RNF144A,0.15111168138819686
RNF145,0.5314583342332317
RNF150,-0.6838926809387009
RNF157,0.6626103642854967
RNF157-AS1,0.3811693078223114
RNF165,1.0903557352517466
RNF167,-0.10615133502588016
RNF175,-0.33843000503153686
RNF181,1.0899243012740953
RNF182,-1.795796790380693
RNF185,-0.2810934641097816
RNF187,0.1512279046702885
RNF208,0.9227396650663358
RNF212,-1.283053310000601
RNF217,-0.042290009192432865
RNF219,0.636661847661298
RNF24,0.45663792433922606
RNF31,0.4369403804350521
RNF4,-0.11148979212592566
RNF41,0.6043078057941338
RNF43,0.05379060769169798
RNF44,0.3384551550872773
RNF7,1.1452704224729697
RNF8,0.9482922254772946
RNLS,1.0331115177105856
ROBO1,0.6983851230628708
ROCK1P1,-0.32373985029839786
ROM1,0.14915749288024138
ROMO1,0.4202543012323077
RORA,0.8584944923240272
RORB,1.1144484213366195
RP2,0.18338604104805595
RPA2,0.6328920862579346
RPAIN,0.05136235969443021
RPF2,1.3870930330245268
RPL12,-0.1891484756846374
RPL15,-0.14957969926634812
RPL18,1.1459270356242024
RPL22L1,0.686201120461655
RPL23AP53,0.15340104996203144
RPL27A,-0.7122057568573151
RPL30,0.9039521679504446
RPL32,0.29588164319600146
RPL36,0.05791964128095663
RPL37,0.42507423468847044
RPL39,-0.07285614300439422
RPL39L,1.1589921950959288
RPL41,0.337646331056292
RPL7L1,-0.0166167209902687
RPN1,0.1369825162479707
RPN2,0.28133839760789703
RPRD1A,-0.8268092892385049
RPRM,0.13037320200248212
RPRML,0.2734760789703489
RPS10,-0.2677451036247213
RPS18,0.33656388960088435
RPS19,1.339020224073277
RPS2,0.7958180393758504
RPS20,0.05443735128240256
RPS24,-0.11431361026748729
RPS27,0.6911561453289499
RPS27L,0.3852347886002671
RPS2P32,0.24211523822754266
RPS4X,0.03427202138631309
RPS6KA2,-1.0195973719747615
RPS6KA4,0.6075631378930041
RPS6KL1,0.8727274851160067
RPS8,0.8935493920457296
RPSAP9,0.755010391859982
RPTOR,-0.4691648275269636
RPUSD2,1.3268520811649178
RPUSD3,1.7832618400214972
RPUSD4,0.6540925930324905
RRAGA,0.5858378941626788
RRAGB,-0.2016798245586363
RRAGD,1.1302605185864736
RRAS,-0.2464104236029278
RRAS2,-1.2323468505739164
RREB1,-1.6699316701828364
RRN3P3,0.6434009258592684
RRP7A,-1.447979563225915
RRP7BP,0.08743046415769698
RSAD1,1.0677009299094595
RSAD2,0.00625441989413535
RSL1D1,0.6483923644778333
RSL24D1,0.19552994434816076
RSPH1,-0.18615033765096925
RSPH14,0.31233505405780987
RSPH3,0.8438482682038484
RSPH9,-0.16866670940252254
RSPO2,0.4350725529895637
RSPO3,-1.6878372634403105
RSPO4,-0.5682554507656077
RSRC2,-0.5008102057297835
RSRP1,-0.44179025029960933
RSU1,-0.49025683519751045
RTBDN,-1.030918850225616
RTCA,-0.5774442115986624
RTCB,-0.27823556759238793
RTF1,-0.9461803746743683
RTL10,0.4036865733315491
RTL5,1.3043254962609094
RTL6,0.574415280556649
RTL8C,-1.5737853102133734
RTN1,-0.3419762120099839
RTN3,-1.3284352246917617
RTN4,2.228412978715217
RTN4R,0.7014354042784606
RTN4RL1,0.8270453872750227
RTN4RL2,-0.8239591475972822
RTP1,-1.9172659686349276
RUBCN,-1.5055107400958438
RUNDC3A,0.014185597455945697
RUNX1T1,-1.0257962465948804
RUSC2,0.7967254950269387
RWDD4,-0.2129497054646261
RXFP1,-1.7413252847599432
RXRA,-0.8851384184146301
RYR1,-1.2385897246041682
RYR2,0.7042398894266851
RYR3,-1.1487688120637867
S100A1,0.7845724581946834
S100A10,-1.3765798387474637
S100A11,0.9196384964624947
S100A13,0.02403023953741891
S100A16,0.2664363346475517
S100A6,-2.0382815665591902
S100A8,-0.3374325079152982
S100Z,1.000424241167446
S1PR1,-0.3757723455548486
SACM1L,-1.1500340722328783
SAE1,0.4117486210253459
SALL2,0.43409892249837423
SAMD12,1.6500300492944815
SAMD14,0.8711625256226618
SAMD15,-0.17596566236614078
SAMD4A,-1.6064374539172601
SAMD5,1.5043897173434306
SAMD9,1.0832892597683557
SAMD9L,-0.08262531247869526
SAMM50,0.16307637795172025
SAPCD2,2.719513555392766
SAR1A,-0.1916493802703187
SARNP,-0.7304640987304368
SARS,0.42626459521743465
SASH1,0.17668215648208432
SAT2,1.1190946117038423
SATB1,-2.1030130084341176
SATB2,-1.3014747543495087
SBF1,-0.19240004127229324
SBF2,0.8397082507472706
SBNO1,0.9248964949506174
SBNO2,0.36963560761401004
SC5D,-1.786252256042256
SCAI,-0.5961412294156487
SCAMP5,0.35795259238376537
SCAPER,-1.5451409322606873
SCARA5,-1.6121843971843706
SCARB1,0.6657020611293573
SCD,-0.5540306609289125
SCG2,-1.1182145031882413
SCG3,-1.18882240557511
SCG5,0.36935591391482137
SCGN,-1.7988377244239164
SCIN,1.1228007886351907
SCN2A,-0.5187973457922942
SCN2B,1.130975224223294
SCN3A,-0.8920902855278737
SCN3B,-0.9952166831586002
SCN7A,-0.49581520362594556
SCN9A,-0.8525033462957319
SCOC,-1.675818058627808
SCP2,0.8388627680091862
SCPEP1,-1.4392341604660164
SCRG1,-1.093443678795024
SCUBE2,0.27757933728889495
SCX,-1.4851064970280101
SDC2,0.5209686068481424
SDC3,1.0035165174796545
SDCCAG3,0.4062398833434478
SDF2L1,1.956629107312127
SDHB,1.2723354782964698
SDK2,-3.0310390364290383
SDR16C5,0.012906994913167545
SDS,1.2894523982552573
SEC11A,0.09916757070331778
SEC11C,0.551192984402829
SEC14L2,0.6751913496581917
SEC16A,0.2839919229557774
SEC24B,0.052969437571589964
SEC24D,-1.3331515628233304
SEC61A2,-1.5043638016534007
SEC61B,0.9372939560000413
SEH1L,-0.005126747319978422
SEL1L3,-1.1214354707869933
SELENOH,0.2250685708837584
SELENOK,-0.00841343752026737
SELENOO,0.3541579071024962
SELENOW,-0.08410979233832482
SELPLG,1.9831985559930867
SEM1,-0.20145048629364012
SEMA3D,-0.13639067993168738
SEMA3E,-1.2432186458653773
SEMA4A,-0.27729333698917635
SEMA4F,-0.9371390165115486
SEMA5A,-2.9521369696734716
SEMA5B,0.9566363652044478
SENP1,0.4432257502977021
SENP5,-0.004663722704983461
SEPT2,0.6101075968601972
SEPT6,-0.9206163732142365
SEPT8,0.06052281663349711
SEPT9,-1.1643345377942742
SERF2,-0.37972310066099213
SERINC3,-0.9647683723687877
SERINC5,0.652483512956738
SERP1,-0.3569119397628246
SERP2,1.387269514317045
SERPINA6,0.5539760913928163
SERPINB1,0.7090197814655012
SERPINB6,0.22735127277937875
SERPINB8,-0.3126702867900114
SERPINF1,0.9046545729655193
SERPINI1,-1.5139095431475365
SERTM1,-0.8719199936066779
SESN1,0.7709238474166877
SESN3,0.7056695331295355
SETBP1,-0.5194370262040177
SETD6,0.26788436025125567
SETD7,0.047568902168903915
SEZ6,0.1479358420476631
SEZ6L,-1.5445299906924268
SEZ6L2,1.2231717619057207
SF3B3,-0.23591054866779132
SFMBT2,-0.10413539096685906
SFRP1,-0.216286746101733
SFRP2,1.0732218240398053
SFTPD,0.1127513851302085
SGK1,0.7198079915183088
SGK3,0.32376543198260416
SGK494,0.2806215338216664
SGPP1,-0.7609024419556016
SGSH,-1.1232946133005688
SGSM2,-0.6675620163927052
SGSM3,0.1848415231903324
SGTB,-1.6656931465086684
SH2B3,-0.1742008474027113
SH2D2A,-0.2445396287989026
SH2D3C,0.7809231016502548
SH2D5,-0.11640112353389691
SH3BGRL3,-1.6195040503280784
SH3BP4,0.8744785942609397
SH3BP5,-0.11776865904118146
SH3BP5L,0.765786559978374
SH3GL1,0.2540079670817741
SH3GL2,-0.06352643723413416
SH3GL3,0.14336029409786583
SH3GLB1,0.07205880622315883
SH3GLB2,0.4265490834328043
SH3RF1,-0.580088154799555
SH3RF3,-0.33933376968703605
SHANK1,-0.43923687669101347
SHANK2,-0.020147827793742693
SHC2,0.20827434548286305
SHC3,-0.9271480846234432
SHF,-0.42844248415745745
SHISA4,0.5093681179525892
SHISA5,-1.4183886986036875
SHISA6,0.3731406123619874
SHISA7,0.7847181205212223
SHISA8,0.07843053085499051
SHISA9,-0.2643682230962862
SHISAL1,-0.7329155295481787
SHISAL2A,0.9926792510090185
SHOC2,-0.23938749291650968
SHQ1,-0.9605392132120391
SHROOM3,-0.423331567877169
SHTN1,-0.26470843679025624
SIDT1,-0.9991984283918295
SIDT2,-0.5837070088253031
SIGIRR,0.3322023854209778
SIGLEC11,1.550344089717521
SIK2,-0.6640044156164996
SIL1,0.27251198392615256
SIM2,-0.1633503078003301
SIN3B,-0.9689435525243043
SINHCAF,0.7843460824599087
SIPA1L1,1.4378786006405093
SIPA1L2,0.15308528466256224
SIRPA,-0.6341631144396654
SIRT5,0.7702223354480462
SIX3,-1.138093124870016
SKAP2,-0.08144569628261795
SKP1,-1.0679708624330817
SLA,-0.35944681375622944
SLBP,0.23798497195865678
SLC10A4,0.8678930682022767
SLC14A1,-2.0078558611804196
SLC15A2,-0.9052336919964658
SLC15A3,3.386127615528102
SLC16A14,0.7482255439086194
SLC16A2,-1.1321708337983918
SLC16A8,0.38591069604280787
SLC17A7,-0.6353205430731701
SLC17A8,-0.793519772210325
SLC18B1,-1.15814143655718
SLC19A1,0.1752632253699835
SLC19A2,-1.026918190208324
SLC1A4,-0.8800729944864273
SLC22A10,1.900110329260842
SLC22A3,-0.2958269944296689
SLC22A4,-0.2965324751511864
SLC22A9,2.020323183845402
SLC24A3,0.14797893095259024
SLC24A4,0.995904927052634
SLC25A11,0.7088703085662246
SLC25A21-AS1,-0.3175589009326443
SLC25A22,-1.809932465502911
SLC25A23,0.10931104856062347
SLC25A26,0.1444519674356587
SLC25A27,1.0101752379395423
SLC25A3,-0.5529434931589904
SLC25A36,-1.0562110152831146
SLC25A37,0.997480616246966
SLC25A42,-0.20410939861220365
SLC25A44,-0.015059958267337888
SLC25A52,0.6924799806131557
SLC26A11,-2.546975888350492
SLC26A4,-2.4603284897288127
SLC26A4-AS1,-2.3673468381154708
SLC27A2,-1.2314283300175264
SLC27A5,-0.011567763349287961
SLC27A6,-0.44814468363563703
SLC29A1,0.13489090114895003
SLC29A3,1.3540990304699694
SLC2A10,-0.12924966585722397
SLC2A11,-0.45610599043239997
SLC2A12,-1.2187202214439479
SLC2A4RG,-0.6948537696030009
SLC2A5,2.0917610243719245
SLC30A1,-0.34098340724196063
SLC30A10,-1.1489649343853017
SLC30A3,1.0063607748126275
SLC35A1,-0.20551903607074395
SLC35A2,-0.10361456231009816
SLC35A5,-0.7362040353832974
SLC35D1,0.5098321986791445
SLC35E4,-0.45181264991794345
SLC35F1,-1.0945946475347865
SLC35F2,-2.964515090046265
SLC35F5,-0.004914627091140988
SLC36A1,-0.5185304131457694
SLC39A10,-0.8223548258989654
SLC39A4,1.0876371601112798
SLC39A6,-0.4387376419124104
SLC40A1,0.09831240206514444
SLC44A2,0.019580029839491395
SLC44A5,0.006776420090651513
SLC45A4,-0.28497947596281886
SLC4A10,-0.5215629144589978
SLC4A11,-1.3988127967327346
SLC4A1AP,0.1884908021457953
SLC4A3,-0.49534730744088784
SLC4A4,0.010582420164175505
SLC4A7,-0.5517246901499259
SLC50A1,0.8205634965358504
SLC6A15,-1.5401372049712898
SLC6A17,-2.0602318819892163
SLC6A7,0.2382863271873938
SLC7A1,-0.9469775128256221
SLC7A10,-0.7278099441922079
SLC7A11,-0.23339527461351758
SLC7A4,-1.4854538965040303
SLC7A5P2,-0.20866846664083177
SLC7A7,1.3943142152418688
SLC8A2,0.16636501213810936
SLC8B1,-1.7363256917385812
SLC9A6,-0.9853168613440451
SLC9A7,1.1536465469599886
SLCO2A1,0.2770142020472902
SLF1,-0.11497158585159935
SLIT1,-1.2021774679122585
SLIT2,-0.5024832477951872
SLIT3,-1.9961529065651065
SLITRK1,-0.04921770911734876
SLITRK2,-0.08655189866624756
SLITRK4,-0.8910552911262146
SLITRK5,-0.5920484181172312
SLITRK6,-0.20425165891801167
SLMAP,0.4207504734724204
SLN,-3.9524635532929087
SLX4IP,1.9695698036825509
SMAD1,-0.34078309980873306
SMAD2,-1.294240610072078
SMAD3,-0.2977863636335503
SMAD5,0.8291399854629854
SMAD7,-0.4373868415616631
SMAD9,-0.6696413769505469
SMAP2,0.162632591163907
SMARCA1,-1.2397816852821406
SMARCA5,-0.5972803024827011
SMARCC1,1.0929089354481574
SMARCD3,-1.6666856483736816
SMCO2,-1.6761201518014794
SMDT1,1.1172765646612328
SMIM10L2A,-1.2157551359655454
SMIM10L2B,-1.415069152091347
SMIM14,0.01327840319707388
SMIM19,-0.022160424435170512
SMIM24,0.4249343593668873
SMIM29,-1.3761031348874497
SMIM30,0.5209694959067281
SMIM32,1.4468493564685452
SMIM4,-0.14672921636871225
SMIM8,0.7303279216467694
SMKR1,0.0179532646637414
SMO,-0.6527809642234551
SMPD1,0.07572804789430182
SMPD3,0.902718308417766
SMPX,0.11842967147629255
SMS,-0.5843404979095156
SMUG1,0.5552556203202762
SMURF1,0.18771906619794798
SMURF2,0.06650578387579217
SMYD2,-0.35123214113057943
SNAI3-AS1,0.5680761011296398
SNAP25,0.3392539871345374
SNAP47,0.6027733039192781
SNAPC3,0.4604239150190827
SNAPC5,1.0079558147075103
SNCA,-1.2548533010032892
SNCAIP,-0.5337724630050413
SNCB,0.11155153365711915
SNCG,0.9699038894029716
SNED1,-0.15735981285362405
SNF8,1.404220069782514
SNHG19,-0.13457175471195926
SNHG21,1.3863174473618534
SNHG28,-0.017439262771642577
SNHG5,0.15472370939704547
SNHG8,-0.5357999452706828
SNPH,0.5056367939823679
SNRNP200,0.7796572759011426
SNRNP25,0.3661067400634598
SNRNP27,0.08919606949011177
SNRPA1,1.0011529227078397
SNRPB,1.2863740668015535
SNRPD3,-0.672823733858406
SNTA1,0.7504658623908612
SNTB1,-0.25307208258496167
SNTB2,0.03902124593539433
SNTG2,-0.8351302585760386
SNU13,0.29299630798022813
SNUPN,0.48550079858863027
SNX10,-0.8116714627023693
SNX14,0.05807103037732035
SNX17,0.8892773990608707
SNX18,-0.20764084357281326
SNX2,-0.14502576294520683
SNX24,0.1361291821749654
SNX27,0.8262455228124136
SNX29,0.20578495919189685
SNX3,0.11631604999309023
SNX6,-0.49034128515054765
SNX7,0.3940370094330147
SNX8,0.11715632292918869
SOBP,-0.7129935895380873
SOCS1,0.42491984413314376
SOCS2,-0.2520242303993238
SOCS7,-0.6346459581015238
SOGA3,-0.7115694434148254
SORBS2,0.44530242513295726
SORCS1,0.6185964624158141
SORCS3,-1.499861714573852
SOS1,-0.7567418991279751
SOS2,0.09141419220078902
SOSTDC1,-0.2446255164095791
SOWAHA,1.1363414362303852
SOWAHB,-1.0866360127365762
SOWAHC,-0.2960568675938833
SOWAHD,0.9997141828782651
SOX11,-0.19033878992678882
SOX12,0.0057151698504325455
SOX15,-0.743424164706377
SOX2,-0.11189926194807814
SOX2-OT,1.0347342099912507
SOX21,-0.07118437802608872
SOX3,-1.7366067034721657
SOX4,0.4479722781275664
SOX5,-1.237877548261005
SOX8,-0.47427892949185796
SOX9,0.3237138356648628
SOX9-AS1,-0.4137731257111758
SP1,0.31884430153995846
SP110,0.5746442434929022
SP5,0.05185966400273418
SPA17,0.8747680242832594
SPACA3,-0.5230866677812275
SPACA6,-0.3437534417722396
SPAG16,0.3392489545199601
SPAG7,0.6548172142055797
SPAG9,0.8018066808314954
SPARC,-0.3241939364617278
SPARCL1,-1.4367985183212413
SPATA1,-0.450200139092248
SPATA13,0.4642599355140277
SPATA18,-0.08543617816730276
SPATA20,-0.3274527242736232
SPATA33,0.007508626365138547
SPATA7,-0.2167980653435895
SPATC1L,0.4620603390312617
SPATS2,0.06421586185141871
SPATS2L,0.08310956075504047
SPDEF,-0.4438212754305075
SPDL1,0.3149924627098316
SPEG,1.1396083958070784
SPG7,0.19059927534667936
SPHKAP,-3.2363240082377476
SPIDR,0.703392716918448
SPINK2,0.7084625156925177
SPINT2,-1.5859374181191481
SPON2,-0.46452446044294216
SPPL3,-0.8151825575585786
SPRED1,0.1108854882877837
SPRED2,-0.701289712607529
SPRN,-1.0768754242443546
SPRTN,0.6652674189050342
SPRY1,-0.8627407364667278
SPRY2,-1.9560432810426553
SPRY3,0.48377771850907714
SPRY4,-1.8206896867024747
SPRYD3,-0.20103784467939362
SPRYD4,-0.6720532525217523
SPSB2,-1.036857407911508
SPSB3,1.0422254215759919
SPTB,0.8923738291243344
SPTBN2,0.16875463419883635
SPTBN4,0.9784344125290393
SPTBN5,-1.1881426431532571
SPTLC1,-0.7666884628985692
SPTSSA,0.03962779143660209
SQLE,-1.6394541215002445
SQOR,1.2841650193748682
SQSTM1,0.7788659076494223
SRBD1,-0.16455597733126656
SRC,0.6811923207311288
SRCIN1,0.36243503987658576
SRD5A3,1.0867060037322152
SREBF1,-0.2166688039530182
SREBF2,0.24343204850610345
SREK1IP1,-0.1807769955295494
SRF,0.5525190769161853
SRGAP1,-1.1558112411844221
SRGAP2,-0.41569201293840985
SRGAP3,0.9263085015060476
SRP19,-0.6646297710563158
SRP54,-0.2274081662369346
SRP68,0.255770424432549
SRP9,0.33427316952293284
SRPK1,0.6161887121818022
SRPK3,-0.8213188974755475
SRR,-0.08299573376973586
SRRD,0.5600318972598991
SRRM4,0.1093543673431918
SRSF11,0.8153736099857982
SRSF12,-0.8540446312141464
SRSF6,0.176606771753532
SRSF7,-0.243827051740047
SRSF8,1.3668751332328457
SS18,0.7699117018951925
SS18L1,-0.8933939554576865
SSBP1,0.3755902887293343
SSBP2,-0.6963060711890725
SSBP3,-0.18121103596131505
SSBP4,0.40186944184193907
SSC4D,-0.5667630592874009
SSPN,0.377888983901505
SSR1,-0.8331561828922283
SSR3,-0.8738189706770658
SSR4,1.0146853670599756
SSR4P1,0.3456992125142843
SSSCA1,-0.09259224404736478
SST,-1.2021435456479141
SSTR1,-0.9039634073762582
SSTR2,-1.3661577055838585
ST20,-0.9039692144551492
ST3GAL1,-1.1844989239825436
ST3GAL2,-0.08370449827467905
ST3GAL6,0.9711478194185826
ST5,-1.5260873077339072
ST6GAL1,0.1397547849318681
ST6GAL2,-0.2846814253854043
ST6GALNAC5,-0.2711334387146562
ST6GALNAC6,0.24131645063216323
ST7,0.036119064644060506
ST8SIA3,1.2114086959447072
ST8SIA4,-0.14689242398755342
STAG1,-0.26253265362459866
STAG2,0.23611215791248416
STAMBPL1,0.27694360553114583
STARD13,-1.1999346099123327
STARD3NL,-0.655707911455028
STAT1,0.41791117696222896
STAT6,-0.016677828044622676
STEAP1,-0.5272003520797619
STH,0.6760633774189571
STIM1,1.4519314986340097
STK10,-0.4613261883552945
STK17A,-1.7185755052348843
STK19,0.9912269196713409
STK24,0.38527649361170374
STK25,0.1048312061592537
STK32C,-0.26683806856470466
STK33,-0.07036443109662506
STK39,-1.5337495364958151
STK4,0.7814280051836799
STMN1,-0.8422458564877462
STMN2,-2.4800031785395085
STMN3,-0.9580760970966498
STOM,0.29551435592650005
STOML1,-0.742071094093113
STOML2,1.0667972547081868
STON2,-0.19805033063467967
STOX2,2.133215814897065
STRADA,-0.2730317609888069
STRIP1,0.6401713692600605
STRIP2,1.631873984832396
STUB1,-0.09468891292873571
STUM,-0.4564658492120935
STX12,-2.0225048526112537
STX17,-0.28563640267914897
STX17-AS1,-2.2003461271919234
STX19,1.549956545180759
STX1A,-0.6829430924192246
STX2,-0.1753068736505993
STX3,-0.8867640607634728
STX6,0.4761175510304433
STX7,-1.914212731167182
STXBP1,0.2162932548512413
STXBP3,-1.1941466342343023
STXBP4,-0.6704652297099997
STXBP5,-1.9203702346588614
STYK1,-0.4098359237614185
STYXL1,0.0047530012749720995
SUB1,-1.4418029877266634
SUCLA2,-0.06472286486892727
SUCLG2,-0.18787353498368886
SUCO,0.31628923408087145
SUGCT,0.18418889227470273
SUGT1P3,0.4203082802704037
SULF1,-3.5354786306082144
SULF2,-0.713414112747316
SULT1C4,-0.13088413610785798
SULT4A1,-0.32905676442490367
SUMF1,0.4195575764906543
SUMO3,-0.8081125949292824
SUN1,-0.25450759877367424
SUPT7L,-1.0583985449190652
SUPV3L1,0.9755121712209355
SURF4,0.06006703106499744
SUSD1,0.5273781133760166
SUSD2,-0.20040669371340988
SUSD3,1.7663854829191863
SUSD6,-0.622056287136476
SUV39H1,0.5255316821567261
SV2B,-0.7462320374838685
SVOP,-1.476188712298978
SWI5,0.8383528436159937
SWSAP1,0.7626435518553689
SYBU,0.9528917733523948
SYCE1,0.07293423565391241
SYCE3,0.420337418302481
SYF2,0.8240440244853797
SYK,2.223017139793875
SYN2,-0.5476065875198723
SYN3,2.6764979808520515
SYNCRIP,-0.040453650021614614
SYNDIG1L,0.5537339046130272
SYNE3,-0.7265200264786627
SYNGR1,-0.5874348278245053
SYNGR3,-0.17548193225988426
SYNM,-1.2127437132767562
SYNPO2,-1.674795527332917
SYNPR,-0.22275622302556303
SYNRG,0.061111871367078865
SYP,-0.5157842309217613
SYT1,-0.8601915430921695
SYT10,-2.5169330041979623
SYT12,-0.6361738029733734
SYT13,0.7136005755965588
SYT17,-1.4636730887617146
SYT5,0.8506995257515104
SYT9,-0.603231849224029
SYTL2,-0.1356533311979069
SYTL4,-0.3763092818997571
SYTL5,0.5233175006388406
SZRD1,1.3301745859059642
TAB2,-0.7448415457124019
TAB3,-0.5280682269591815
TAC1,-1.1114688145821425
TAC3,-0.208043238768035
TACC1,0.5799768062648293
TACC2,0.14879779762834613
TADA2A,1.5663242622109543
TAF10,0.7515765610966791
TAF1D,-0.8299335951079756
TAF2,-0.4191089446213615
TAF6,-0.43736205057105926
TAF9B,-1.679596209322661
TAGLN2,-0.9158682002594688
TAGLN3,-0.09666209476386821
TAL2,0.22038043248783673
TAMM41,0.3573728040113882
TAOK1,0.44814408490951735
TAPT1,-0.347722890623784
TARBP1,-0.4466679041680707
TASP1,-0.30912797797225033
TATDN1,0.06522342412936193
TATDN2,0.34854699153268126
TATDN3,0.10221745805217257
TBC1D10C,1.0480413922414635
TBC1D16,1.2099811834445744
TBC1D22B,0.27364082174754495
TBC1D24,-1.4945497691041298
TBC1D25,0.008285063376700343
TBC1D26,-0.10228020739444504
TBC1D31,1.0598749327238681
TBC1D5,0.30620804104409527
TBC1D9B,-0.5016414499844062
TBCC,0.837112540775918
TBL1X,1.243487785148936
TBPL1,-0.698324758400515
TBR1,-0.4110625515571251
TBX19,-0.25982807247751033
TBXA2R,-1.179121769075322
TC2N,-1.0026814890878573
TCAP,0.8742536970948075
TCEA1,0.20966678427710875
TCEA2,-0.0016868218546311673
TCEA3,-0.7409488268341369
TCEAL3,0.4730611997530396
TCEAL4,-0.41572640684198986
TCEAL5,-0.8699366012825708
TCEAL6,0.7793494612773635
TCERG1L,-2.3221259457118646
TCF12,0.7253465752652132
TCF3,0.4046973027382233
TCF4,-1.3614697066734285
TCF7L1,0.3125862948750719
TCF7L2,0.7835211816265261
TCFL5,-0.4835135769358211
TCIM,-1.8757048950369954
TCIRG1,1.352999926845269
TCP1,-0.8225378537503067
TCTA,-0.35923629583951483
TCTE1,-1.1266655935413128
TCTEX1D2,0.1445619909247677
TCTN1,0.015667193335114807
TDRD10,0.1669478056804707
TDRD3,-0.235106560612558
TDRD9,-0.864343893750708
TDRKH,-0.45246785047649385
TDRP,-0.4132452879618918
TEAD1,-0.05343743544020214
TEAD3,-0.16362788041348728
TECPR1,0.48011927346212907
TEKT2,-0.01457799885449366
TENM1,-1.4048020876951646
TENM2,0.8358448459325444
TENM3,-1.8056716174176004
TENM4,1.1099521853111898
TEP1,0.1836164796612958
TEPSIN,0.13605586767486175
TERF2,0.17490797286777263
TESPA1,-0.7156225173346128
TEX9,-0.4939359113881976
TFAM,0.1566336539167115
TFEC,1.1960579802972953
TFIP11,0.8737996233321503
TFPT,-0.7771120968977733
TFRC,-1.2865785439579698
TG,-0.25752873912436963
TGFBI,-3.47672398240665
TGFBR3L,1.033435343804438
TGFBRAP1,0.9638352712347669
TGS1,-0.11344385588085139
THAP11,0.8537539242619636
THAP7,0.7397372694228441
THBS4,0.5053950545135223
THEMIS,-0.747900606274913
THOC5,0.6815966125254522
THOC6,0.1673221333558021
THOC7,0.16667356867478791
THRA,-0.3245825971668747
THRB,-0.7737267711401571
THSD7A,1.5944581161072462
THTPA,0.4801894603234689
TIAM1,1.2939148205717586
TIGAR,-0.07245551907841498
TIMM17A,0.32970988232648707
TIMM17B,1.5030273657382127
TIMM22,0.21805686074864783
TIMM23,0.32247800761358936
TIMM44,0.7275714557747657
TIMM8B,-0.5701358926917931
TIMP1,0.09449930212878048
TIMP2,-0.10219357971441034
TIMP3,-0.17871407034885997
TINCR,-2.2430457727851514
TINF2,1.3382313526635212
TK1,2.130784832788349
TK2,-0.5956279830389923
TKFC,-0.4626835561734768
TLDC1,-1.2592874797593308
TLE1,1.5548017881117902
TLE2,0.33724996682856073
TLK1,-2.4202599505055047
TLL1,1.1130940954152249
TLN2,-0.6383710012328415
TLR1,1.57374128405407
TLR2,1.121467007073174
TLR3,0.5752302505030489
TLR4,1.0485156847049772
TLX2,2.450560168643082
TM2D3,-1.7280873626377713
TM6SF1,-2.090473423819469
TM7SF2,-0.318948005698215
TM9SF2,1.080057217688845
TMBIM1,0.24816181650708527
TMBIM6,0.4833128754800357
TMC8,0.8951739611816361
TMCC1,0.683910744915644
TMED10,-0.30430450336680775
TMED5,-0.05905889809699946
TMED7,-0.3886663225164685
TMEFF2,-0.44758943330410894
TMEM100,0.49578124539879526
TMEM106A,0.5696584268565225
TMEM106B,-1.1879213076606558
TMEM106C,-0.33906870198322175
TMEM107,0.41041493003278706
TMEM108,-1.3055641697395657
TMEM117,-1.601518629195009
TMEM120A,0.7781746103779449
TMEM120B,-0.03055125877107385
TMEM121,0.8005552758101732
TMEM126A,0.14269377351232496
TMEM126B,-0.5482537927373619
TMEM130,-0.9154837541843087
TMEM131,0.8058493455939304
TMEM132A,1.0145474362199407
TMEM132B,-1.0778853157615174
TMEM132D,0.8795877304053521
TMEM132E,1.7899448780704346
TMEM136,0.6094830020941651
TMEM141,-0.08734167292527091
TMEM145,0.26354082979641796
TMEM150C,-1.2955228581768656
TMEM155,-1.1962170433203823
TMEM158,-0.06882050502000317
TMEM159,-1.8149595434507317
TMEM160,1.4479154007127018
TMEM161B-AS1,1.1911317528809902
TMEM163,0.23275160223162292
TMEM164,0.4904882898946701
TMEM168,0.5569949240008785
TMEM17,0.13041346102443224
TMEM170A,0.1500131230330308
TMEM170B,0.5622181896997274
TMEM173,2.2391468569695916
TMEM175,-0.5836432046133575
TMEM176A,0.5878373438102074
TMEM176B,0.5283476904327801
TMEM178A,-0.08084880702427069
TMEM178B,0.5265946507116938
TMEM179B,0.69330546301371
TMEM182,-0.2999351661721424
TMEM183A,-0.5362103964859805
TMEM184B,-1.4678593681451426
TMEM185B,0.1243148875603267
TMEM189,0.1403215480272449
TMEM19,0.32459946067371565
TMEM198,1.4401693518940766
TMEM200A,-0.527645974847677
TMEM200C,-0.9379280682004323
TMEM203,0.6209072261097763
TMEM205,1.4442709632830535
TMEM208,-0.8603188524549438
TMEM209,0.2594941460885574
TMEM215,2.1115377601686287
TMEM219,0.8850880172240206
TMEM229A,1.61256676666976
TMEM229B,0.41925231739278823
TMEM230,-0.7770715434131482
TMEM233,-2.084603496587824
TMEM237,-0.03837800530962294
TMEM238,0.20909489052266164
TMEM241,0.9958151449718452
TMEM242,-0.07757706652959896
TMEM249,1.6036405581794269
TMEM25,1.642983681901489
TMEM250,1.2677319619936502
TMEM251,-0.1453209830814631
TMEM254,-0.21616393489790597
TMEM255A,0.6955000606971511
TMEM255B,-0.9361922770532966
TMEM256,0.5442717194408387
TMEM260,0.4306542237174578
TMEM263,-0.38719512771132253
TMEM266,0.387951162926116
TMEM268,1.035718061159544
TMEM42,0.10237475293018843
TMEM47,-0.1492652197766964
TMEM50A,0.6961126011266546
TMEM53,0.3866168269778092
TMEM54,-0.33140917717729135
TMEM59,-0.19146709211080937
TMEM59L,0.430745841909023
TMEM65,-0.9766849148243375
TMEM70,-1.162575795514726
TMEM74,-0.8570890368287776
TMEM74B,-0.1597086985583573
TMEM87B,-1.0749683934242344
TMEM8B,0.7139682048211979
TMEM9,0.6843915262720554
TMEM91,0.27792968769988136
TMEM97,0.4184821067391397
TMIE,0.3135814330504834
TMOD1,2.0869307692888266
TMOD3,-0.5732525640137792
TMPO,-0.484868865252747
TMPRSS6,0.42081007737951104
TMSB10,0.08172531493537498
TMSB15B,0.2327589656728852
TMSB4X,-0.5282396696931196
TMTC1,-0.8157198517426238
TMUB2,0.3214593363652644
TNFAIP1,0.4258719975761074
TNFAIP2,0.2676374188461727
TNFAIP8L1,0.4579373025570566
TNFAIP8L2,1.73111762847324
TNFAIP8L3,-0.44505833322380906
TNFRSF10B,0.978288590517123
TNFRSF11A,0.1541297385171686
TNFRSF12A,0.6048886237378153
TNFRSF13C,0.5136446103289648
TNFRSF14,-2.316958461401869
TNFRSF25,-0.0431335625064387
TNFRSF4,1.8827045416263766
TNFSF12,-0.5921879871368912
TNFSF13B,1.936543693848217
TNIK,-0.20681424958662212
TNNI3,1.0190493465555936
TNNT1,1.2875583975138079
TNNT3,-0.18808592021382137
TOLLIP,0.4978519032036622
TOM1L1,-1.1052729084943596
TOMM20,-0.2498636169809207
TOMM40L,-0.044245914263843646
TOP2B,-0.09730462360376971
TOP3A,0.2762367813160711
TOPORS,0.09858585997998028
TOR4A,0.9826073705654904
TOX,0.21721363812296446
TOX3,-0.5570080321353021
TOX4,-0.6391743108432011
TP53BP2,-0.23495383862740216
TP53I11,1.0178411196584722
TP53I3,2.0397825051321457
TP53TG1,0.6238336686586701
TP53TG3D,1.475891698196574
TPCN2,0.8085942643646346
TPD52,-0.32673030986520446
TPD52L1,1.6607428085998241
TPGS2,0.24678915285075262
TPI1,-0.6610042325044401
TPI1P2,-0.20641630052481633
TPK1,-1.6283073690825676
TPM3,0.1426938624386712
TPMT,0.392298320311085
TPP1,0.250785204688739
TPR,0.2804101030115085
TPRG1L,-0.1311122091370772
TPRXL,0.3599086273306222
TPST2,-0.5012648627404853
TPT1,0.18003796401855565
TPT1-AS1,0.8683878595090688
TPTE,-0.04526481670804007
TPTE2P1,1.4371392464327453
TPTEP1,0.5285780261104859
TRA2B,1.0438739130852146
TRABD2A,-0.7800368271406123
TRADD,0.4157341981244926
TRAF3,-0.33990431500783047
TRAF3IP2,0.20375327022105885
TRAF3IP3,1.4989557593622544
TRAF5,1.0712631133490809
TRAF6,-0.46970584699610984
TRAF7,0.29463656877126737
TRAIP,1.0867336008601662
TRAPPC11,0.7968906788707529
TRAPPC2L,0.8895865281323945
TRAPPC3,0.9277385303267731
TRAPPC4,1.2915705259067438
TRAPPC6A,0.5910228612320431
TRDMT1,-0.1186355737731312
TRH,-0.679378461844771
TRHDE,0.44068277704534836
TRIB1,0.030265043611427945
TRIB2,-0.28363355349516983
TRIB3,-0.7299986867716142
TRIL,0.4388313758171972
TRIM17,0.7603919567081295
TRIM22,-0.6470901153251144
TRIM23,-1.0226365608691965
TRIM24,0.4191950108710778
TRIM25,0.44337996287836123
TRIM26,0.9991632927142402
TRIM27,0.053195376286779755
TRIM28,0.7911700233286745
TRIM3,-0.7960360635935966
TRIM36,-2.140363526591707
TRIM44,0.26698879323717783
TRIM45,-0.18850350577635985
TRIM56,0.3312205473874632
TRIM58,-0.01778841465293087
TRIM62,-0.2523165798923811
TRIM65,0.505757446440243
TRIM69,-0.02793015123515964
TRIM7,1.1197516250623984
TRIM71,0.0024796830884463166
TRIM8,0.04286497849620279
TRIM9,-0.264300112073308
TRIO,0.7650974123935971
TRIOBP,0.34853991049043
TRIP12,-1.2248667437908116
TRIP6,0.3208632101321656
TRMT10C,-0.5578994828968517
TRMT12,-0.3918779114934759
TRMT13,0.5399978037733301
TRMT61B,0.6148983888691968
TRNAU1AP,0.3537461575246967
TRPC4,-0.48712517208366835
TRPS1,-0.4126628890517009
TRPV2,1.0888061180681998
TRUB1,-1.6283290980063967
TSACC,-0.06829495027660494
TSC2,1.0938563807283366
TSC22D1,0.27939943712035337
TSEN34,-0.978941990376077
TSHZ2,-0.7437851898300291
TSHZ3,-0.13363678272085258
TSNARE1,0.3794372726771624
TSNAXIP1,0.5824556349027848
TSPAN12,-0.7612449120858051
TSPAN13,-0.12443302315391241
TSPAN14,1.3065712376347276
TSPAN17,0.5878473134954726
TSPAN18,-2.6787426169828303
TSPAN2,-2.0745549094420404
TSPAN33,-2.5808976129193457
TSPAN4,-0.6014367977215163
TSPAN5,0.03652299292314354
TSPAN6,-0.13072897471479797
TSPAN7,0.6562941829485676
TSPAN9,1.0807702099971723
TSPOAP1,-0.10229859377277511
TSPOAP1-AS1,0.9850407535782187
TSPYL2,0.21844035544098023
TSPYL4,0.5543251558425835
TSPYL5,0.7023332665397931
TSR1,0.22898674729533863
TSR2,0.9006897920292326
TST,-0.05032344204945677
TSTA3,-0.38013834947570213
TSTD1,-0.570517747081849
TTBK1,0.026876646747670697
TTC19,-0.7655205436043004
TTC21A,-0.36145117581170316
TTC23L,0.03762517920546094
TTC30A,0.35047884766295556
TTC37,-0.71378044708457
TTC38,-0.010965060252942808
TTC39C,0.2628934650832953
TTC7B,-2.5052360367567066
TTC8,0.16994631927590545
TTC9,-0.9737204913304848
TTC9B,0.6206846972037571
TTF2,0.3647578333027985
TTL,1.1947474718335664
TTLL1,0.69129517746343
TTLL12,-1.018710765092949
TTLL4,0.41920249559453177
TTPA,-0.5576666704302412
TTPAL,-0.53960849875055
TTR,-3.055163597029457
TTYH1,-0.5382126132185234
TUB,-0.39957300541414
TUBA1A,-0.5551811546038182
TUBA1B,-1.9166732822967842
TUBA1C,-0.13763028922324005
TUBA3C,-0.4719254760863949
TUBA4A,-1.2832688304973752
TUBA4B,-0.8940331154939816
TUBB2A,-1.6383437681876165
TUBB2B,-0.6020602462541049
TUBB3,-1.7259822637419584
TUBB4A,-0.21486274700497066
TUBB4B,-1.2047030147824744
TUBB6,-1.2141665509553237
TUBB8,-1.2903723180751079
TUBB8P12,-0.9953125882368365
TUBE1,-0.1224039987667395
TUBG2,0.1483523143469494
TUBGCP4,0.72996622051469
TUBGCP6,0.4889931278839653
TULP3,-0.24421303046206708
TUNAR,-1.8665471705504657
TUSC1,0.039483980342687915
TUSC3,-0.8067076638221969
TVP23A,0.7385646180287523
TWF2,0.0499900570393198
TWIST1,1.3284564241621513
TXLNA,0.3524184702023075
TXLNB,-0.30539054781897323
TXN,-0.9424271607563232
TXNL4A,-0.4711277857058183
TXNRD3,-0.2816526560663684
TYMP,1.2751458669643008
TYRO3,0.026678590278249963
TYROBP,1.8134932386695253
TYRP1,1.1149659402975793
TYW5,-0.35455064619749604
U2SURP,-0.10887989044918787
UAP1,-0.6801161231693346
UBA3,-0.15282560829225794
UBA52,-0.29509116445672556
UBALD1,1.015971864194635
UBAP2,0.6740975673322797
UBC,0.07148806615121259
UBE2A,0.20372487771922815
UBE2B,-0.5745885430827734
UBE2D2,-0.46120170972749464
UBE2D3,-0.25016061082465474
UBE2E2,-0.5525534890287834
UBE2H,0.8823406343004451
UBE2I,1.1048077873336672
UBE2J1,0.0645840777823475
UBE2K,-0.2459870857926483
UBE2M,-0.8831968313777216
UBE2MP1,-0.18949673455787439
UBE2Q2L,-1.9850755324283904
UBE2R2,-0.21866935304977786
UBE2W,0.10147432298747094
UBE2Z,-1.9781485439560433
UBE3A,-0.07343479674805016
UBE3B,1.018615276160727
UBE3C,0.2648750893116697
UBE3D,1.4827741564575576
UBIAD1,0.47487665697829873
UBL5,0.5159098600228628
UBL7,1.2024880487861616
UBL7-AS1,0.5763968579805869
UBP1,-0.0380536192573368
UBQLN4,0.46652839812283237
UBR1,-1.5957487438012306
UBR4,0.21410586340232624
UBXN2B,-0.4067003103771149
UBXN6,0.3503284416411502
UBXN8,1.1003861200968985
UCHL1,-1.2469831552795627
UCHL3,-1.1169105655400795
UCN2,-0.5058008273432126
UEVLD,-0.160312012875517
UFC1,0.22373291941942836
UFL1,0.20761331186927473
UFM1,-0.5972112221601622
UG0898H09,-0.3735258416136726
UGGT2,-0.28332201261403794
UGP2,-0.10892705905662872
UHMK1,-2.0505892589060934
UHRF1,0.7037047874092061
UHRF2,-0.5056598450410765
ULBP2,1.08361410912966
ULK1,1.3667838434318782
ULK2,0.045763899898013764
ULK3,-0.5127468930889466
UMODL1-AS1,-0.5872413861884938
UMPS,0.31293550808269566
UNC13A,0.7806470561425105
UNC13B,1.5965723896421578
UNC50,0.48946353717867963
UNC5A,0.569710233706465
UNC5B-AS1,0.2646279211105774
UNC5D,0.9359818608847997
UNC79,0.5486742644616216
UNC93B1,0.7553786680319774
UPP2,0.09419668770134572
UQCC2,0.011958467488058181
UQCR10,1.5860124372276292
UQCRC2,0.07315041138746645
UQCRFS1,-0.16404238563353588
UQCRH,0.48377081462368304
UQCRHL,0.32103102044048837
UROS,1.5355490363005146
USE1,0.4628882649571634
USO1,0.8855697591500707
USP13,0.6809647684456296
USP14,-0.4084287830505238
USP18,1.3082360330636253
USP19,0.835535993001642
USP22,0.001992709104655957
USP24,-0.16066805271282208
USP28,0.47752815940459153
USP3,0.9821191472337749
USP32P1,-0.20759122226961804
USP32P2,-0.25459774542719454
USP37,-0.2053622412351203
USP4,0.7027449684552998
USP42,0.22747466477437253
USP43,-1.162340718156873
USP46,0.14768649064920553
USP49,-0.02970194081490895
USP5,0.08711458306267743
USP51,-0.2353317790989421
USP53,-0.13875482781207635
USP6NL,0.37896355843491647
USP7,-0.2825130011719316
USP9X,-1.7390379542747003
UST,0.8544263519131682
UTP18,0.3081031020038449
UTP20,0.7875932922662938
UVRAG,0.10818408646466156
UXS1,0.24871814384443147
VAMP8,1.0585414553981776
VANGL2,-1.3531839331403501
VAPB,1.0944202613693288
VASH1,-0.036659070008886505
VASN,0.3297975796232044
VASP,0.3416541486502432
VAT1,-0.49659400178204804
VAT1L,-2.296344776761076
VAV1,0.4627270930843655
VCAN,-0.03221399085173596
VCL,0.14439077199113587
VCP,0.2845545779553936
VDAC3,0.08541199849668134
VEZT,-0.4728056488923248
VGF,1.1138411071367595
VGLL4,0.32560972365023033
VIM,1.2917405375642859
VIP,-1.1163897249800017
VIPR1,0.15070056920141164
VIT,-1.7830760257839997
VKORC1L1,-0.4868467898910985
VLDLR,0.7014294207894589
VMA21,-0.31382680297008386
VOPP1,0.4053842454160973
VPS13A,0.4101371402840454
VPS13C,-0.1575109148677596
VPS13D,-0.3428960594184984
VPS16,0.5119492445929598
VPS26A,-0.38521295090000157
VPS26B,-0.03165128788813195
VPS28,0.5283532706515993
VPS29,-0.9292502366458907
VPS33B,0.3383610294860167
VPS35,-0.851373479401515
VPS37B,0.5912187063014779
VPS37C,0.5952025161328526
VPS37D,-0.9337022288757089
VPS41,-0.02306765348264331
VPS4A,1.0342921751839533
VPS51,0.5060139366949896
VPS52,1.357288803157992
VPS53,0.444861217485621
VPS9D1,-0.6443559022871458
VSIG10L,-1.1507336191001896
VSNL1,-0.17929426565373194
VSTM2B,-0.8891463429656493
VSTM2L,0.3431826151321797
VTA1,0.25831500266855795
VTI1A,-0.8402108316411875
VTI1B,0.29148710323895755
VWA1,-0.1974038707032576
VWA3A,-3.0779565329471517
VWA5A,0.11900294765061735
VWA5B2,1.339065100254901
VWC2L,-0.05649787103491103
VWCE,-2.1562368749008565
VWDE,0.829375950734324
WAC,-0.00980810165639994
WAC-AS1,-0.5552536057634864
WASF2,0.4849067875480343
WASHC2C,-1.17184583344238
WBP2,0.08254997035482065
WDFY4,0.8062356602420077
WDHD1,0.7179498903863386
WDR1,-0.012913869648667272
WDR13,1.127406295972915
WDR17,-1.1263467593232088
WDR24,0.9771741161191264
WDR26,-0.5900723592976986
WDR37,0.6407690654559071
WDR4,0.3978483461495316
WDR44,-0.5605188125244547
WDR45B,0.3761953207037834
WDR46,0.820340585753551
WDR47,-0.8897352082732755
WDR53,0.7806873446294916
WDR54,0.28956561010024556
WDR6,-0.7510838893371383
WDR60,-0.5313868957290016
WDR66,-1.9121487893313192
WDR7,-1.2118838679466737
WDR74,1.3053260447546176
WDR78,-0.9602832000988055
WDR83,1.1180555156653065
WDR86,-0.62143813760565
WDR97,2.3808480540060586
WFDC1,-2.2085608872144684
WFIKKN1,1.8383172949746163
WFS1,0.5985725685087757
WIF1,-0.8832732186586597
WIPF2,-0.7336109684993452
WIPI1,0.256308894039862
WIPI2,-0.07172206305256483
WIZ,-0.33749135366368965
WLS,-0.7922357954373326
WNT10B,-1.1914344978490685
WNT4,-1.6710876571585045
WNT6,1.1207982365904605
WNT7A,0.46486937011086693
WNT7B,0.733701217175291
WRN,-0.405606992957081
WSB2,-0.095940774334123
WSCD1,-0.024157362928435375
WTIP,-2.3640670092046325
WWC1,-0.7044943078463338
WWC2,-1.3577215937876523
WWOX,-0.24656374353516816
WWTR1,-0.5650972024424967
XAF1,0.3594147308142715
XIAP,-1.0286667572864898
XK,-0.058588739621205393
XKR4,-1.8438656957096025
XKR9,1.2844547503805162
XPA,0.7515001764837721
XRCC4,1.3939563472381429
XRCC6,0.5628299081016644
XYLB,0.05695440694888814
XYLT1,-2.4897707341881445
YAF2,0.20433963058556653
YAP1,-0.6995268529326409
YARS2,0.24265544688448143
YBX1,1.593446725477024
YBX2,-2.9301155123038227
YBX3,0.2892433109124417
YBX3P1,-0.38178760192835487
YEATS2,-1.0332549240716198
YEATS4,1.3572211488854844
YIF1A,0.8989225962196254
YIPF4,-0.42390100568031264
YIPF6,-0.5237645386286717
YJEFN3,1.2287139219968934
YLPM1,0.20247437265404425
YME1L1,-0.30568467173536484
YPEL1,0.1978427113685122
YPEL3,0.9325118211174203
YPEL4,0.05242549360329237
YPEL5,-0.04812496432046057
YRDC,0.6971878683161812
YTHDF2,-0.7553037777893233
YWHAB,-0.8633535475837903
YWHAG,-1.4743880553549007
YWHAH,-0.8819460972146056
YWHAQ,-1.0826779916754465
YWHAZ,-0.1647891321786918
YY1,1.0388837223146785
ZBED1,0.07546961737665366
ZBED9,-0.05466834533370313
ZBTB11,0.6932259736076797
ZBTB18,-0.4234772194873477
ZBTB2,-0.09156271702650154
ZBTB20,0.11586313293081206
ZBTB24,1.4327017214948865
ZBTB4,-0.8048413249933324
ZBTB44,-0.7309592550416986
ZBTB45,-0.5190607386516467
ZBTB8A,2.017281483111251
ZC3H15,-0.16328649485022273
ZC3H7B,-0.20615900029114279
ZC3HAV1,-0.17529455552387999
ZCCHC11,-0.5068112931332085
ZCCHC12,-0.05621116028482703
ZCCHC14,-0.6216362787286773
ZCCHC17,0.2166077776157758
ZCCHC18,0.1651564040983615
ZCCHC2,-0.4443393560259939
ZCCHC8,-0.3235048080059318
ZCWPW2,0.0895078521965244
ZDHHC12,0.14787092357682594
ZDHHC14,0.8424800841912061
ZDHHC17,-0.39010980444728643
ZDHHC22,-0.4445462574881503
ZDHHC23,-1.823160513107785
ZDHHC24,1.0285212308808
ZDHHC3,0.4370700801539983
ZDHHC4,0.5667393627476919
ZER1,0.6212053165449368
ZFAND1,-0.13155160582301748
ZFAND2A,1.3303541020779772
ZFAND3,0.24156729278294037
ZFAND6,1.5417280693299462
ZFAT,0.500858303849296
ZFHX3,0.25247458760096114
ZFHX4-AS1,0.5380550883820249
ZFP14,0.442705074155784
ZFP36L1,-0.4536055810439818
ZFP36L2,-0.17180379619288927
ZFP64,-1.4774072405901013
ZFP69,0.2391036878774358
ZFP82,-0.8051262777195697
ZFP90,-0.8979128260360075
ZFP91,0.5860025417885097
ZFYVE16,0.14586975001323094
ZFYVE21,-0.03590850766380073
ZFYVE26,-0.4074410910193168
ZHX2,0.950230233055712
ZMAT1,-0.04972198512464036
ZMIZ1,-2.702669285498673
ZMIZ2,0.27387505766351367
ZMYM3,0.024096487929179615
ZMYM5,0.0045567212690948876
ZMYND10,-0.36560927812053784
ZMYND12,0.7279656956004089
ZMYND15,-0.8851030603013407
ZNF101,-0.3654431087128642
ZNF112,0.5163037738286843
ZNF12,0.5369267059123176
ZNF131,-0.3745888700962272
ZNF136,0.34408479584553386
ZNF157,-0.0685504127135945
ZNF184,0.2906604195053647
ZNF19,0.6555871180823611
ZNF192P1,-0.8322592485404479
ZNF195,0.23503001111396707
ZNF202,0.0365348298244799
ZNF212,0.6886486252498099
ZNF215,0.10859974054309593
ZNF219,-0.9104240838514394
ZNF222,0.09308542965321173
ZNF226,0.5180161132343801
ZNF229,0.45136452758235246
ZNF232,0.8726050900461001
ZNF239,-0.19533143112005114
ZNF25,-0.487685939314573
ZNF250,-0.2977127800504564
ZNF254,-0.9665327329840918
ZNF26,0.15316889521260796
ZNF271P,0.12510655948170862
ZNF273,0.7588793955448083
ZNF286A,0.6552519059770087
ZNF324,0.16550256100058736
ZNF329,0.8114203232730035
ZNF334,-0.7948060382979673
ZNF346,0.5843636872839237
ZNF350,-0.4613781736609096
ZNF358,0.5726871230814786
ZNF362,0.5869668789910665
ZNF365,0.4888119637086572
ZNF37BP,0.01645304635881641
ZNF395,-0.6083122879753666
ZNF418,-0.33572817233626484
ZNF423,0.43998269262515244
ZNF425,0.7126093900061118
ZNF429,0.5716336181812675
ZNF436,0.790279798362231
ZNF436-AS1,1.1031376248118465
ZNF438,-1.0000214563624623
ZNF449,-0.3679674026254949
ZNF462,1.0084477730239654
ZNF471,0.06171397883368944
ZNF48,0.36556671041535815
ZNF480,0.255223589229095
ZNF500,0.6224490074482567
ZNF516,0.26349361174277824
ZNF518A,-0.12807767929530794
ZNF521,1.0258215925492113
ZNF541,0.36081664141203373
ZNF544,-0.442647315047939
ZNF547,-0.03442200414113453
ZNF558,0.31569441593643843
ZNF562,-0.34538220956861815
ZNF567,1.1551641778670259
ZNF569,-0.6267334725074537
ZNF572,0.43743427983767136
ZNF575,0.8890689140677038
ZNF577,0.6597733018465212
ZNF589,-0.39576802003925493
ZNF598,0.04343153107142247
ZNF599,1.6239288026059429
ZNF608,-0.09339690316061514
ZNF610,-0.22657851577034419
ZNF611,0.8355069567654129
ZNF621,-0.07596069811753794
ZNF622,0.3464428577928234
ZNF641,0.05920589458005589
ZNF655,0.9814920174858295
ZNF667,-0.09929331373826439
ZNF670,0.7536408343019818
ZNF677,2.0921997336612437
ZNF681,-0.8526104313381915
ZNF697,0.25799020426714486
ZNF701,0.17060485634015468
ZNF706,-0.5097568800024264
ZNF710,0.9805813192542672
ZNF711,0.3303353030384815
ZNF717,0.8962336391651381
ZNF727,0.33492416962972704
ZNF736,0.7615956066119016
ZNF74,0.6867586842112909
ZNF75A,0.28758343646686113
ZNF765,-0.09587344611129396
ZNF777,0.6079108769806103
ZNF780A,-0.5940199833025481
ZNF785,0.5089951467255992
ZNF786,0.47987095095405585
ZNF789,-0.5074735820479929
ZNF790,-0.5506050484079482
ZNF812P,0.6703220945921597
ZNF816,0.3454897802487852
ZNF821,0.24266914829239258
ZNF827,-0.04404286490768236
ZNF83,-0.2449919328753991
ZNF831,-0.43165529023479676
ZNF839,1.7411002488059864
ZNF844,-0.051525757258047096
ZNF845,1.6471380483027789
ZNF853,-0.07016365681123367
ZNF876P,1.3838848151860268
ZNF880,0.8475821878252192
ZNF883,1.3112567719627795
ZNF93,0.32728311750893724
ZNHIT1,1.3071103304454716
ZNHIT3,0.38454821431379255
ZNRD1ASP,0.21964505616733335
ZNRF1,1.8053416475226527
ZNRF2,-1.2528391620556902
ZNRF2P1,-0.28755434221874016
ZNRF4,-0.7665637564743558
ZRANB1,1.4342976371687846
ZRANB2,0.5560979438200031
ZRANB3,0.8344988570586632
ZSCAN18,-0.5975389017428236
ZSCAN2,0.4305679311776142
ZSCAN26,1.668503099607921
ZSCAN30,0.4698111308761698
ZSCAN31,1.60054469875528
ZSCAN5A,0.08745240219297254
ZSWIM6,0.3069565929890852
ZSWIM7,0.5005627383238409
ZSWIM9,-0.5364010591346822
ZWILCH,0.9438051098957818
ZXDA,-0.559630953677191
ZYG11B,-0.14431489629930605
ZYX,0.6531768132772471
