,cPC2
A1BG,0.4389437967437695
A1BG-AS1,0.5585377805633756
AACS,0.3043633266160644
AADAT,1.3900358479234243
AAED1,0.3732574967164188
AARS2,-0.1064216181797316
AASS,-0.043262227152048346
ABCA1,2.1330191392126623
ABCA2,0.2566544037435468
ABCA3,0.6887572628849987
ABCA5,-2.4768866781324888
ABCA9,-1.8781494964308074
ABCB10,0.26751074993016444
ABCB6,0.16469666759186327
ABCC12,-2.185372600189034
ABCC5,-1.5653883344484747
ABCC8,-2.489921421901874
ABCE1,-2.642906234643086
ABCF1,1.9749868051388606
ABCG1,-1.0476188970580254
ABHD1,1.3340459430335425
ABHD17A,1.147605356847935
ABHD17C,-0.568801034203715
ABHD3,-0.4101944424751863
ABHD4,0.19178690359386877
ABHD6,-1.896676489863673
ABHD8,-0.6190394736305528
ABI1,-0.03312855902776938
ABI2,1.107582458928462
ABR,-1.3204936342480544
ABRACL,-2.859787855067493
ACAA2,3.6934495941054557
ACACA,1.8143064471938988
ACACB,-1.0139383124071022
ACAD8,-0.626218147306488
ACAD9,1.5668962410917124
ACADL,0.8324284278638167
ACADVL,-0.7968848291981333
ACAP2,-2.067514266139611
ACAT2,0.4036109051519733
ACKR1,-1.759133308181568
ACKR3,2.0349312112039817
ACLY,-1.617732956720042
ACOT2,1.1776265451263566
ACOT4,0.012609972826003747
ACOT8,2.1908718341949314
ACOT9,0.35597651368434946
ACOX1,0.10580431389329419
ACOX3,-0.7884224481183257
ACP1,1.3249195601073884
ACP2,-0.8008357941201203
ACSBG1,2.4350191491784097
ACSF2,3.0916604476019014
ACSF3,0.546290240368022
ACSL4,-1.6946320551091558
ACSM5,0.5449234386338214
ACTA1,0.36489020800774646
ACTG1,3.878334486364463
ACTL6A,0.4251009722095353
ACTL6B,0.27863176656139765
ACTR10,1.8620526598578158
ACTR1B,0.4879327019562761
ACTR2,1.053359570006014
ACTR3B,-0.9369302772412693
ACTR3BP2,-1.2895561169127825
ACTR3C,1.8190287403055865
ACVR2A,-2.364350926850172
ACY3,1.1988682948272067
ACYP1,0.08930802623599843
ADA,1.1433300664647525
ADAD2,1.9411443548258833
ADAM11,-2.558243739747975
ADAM19,-0.9441590194833843
ADAM20P1,-2.510809647316173
ADAM28,1.3513269170448152
ADAMTS19,2.3566077808520145
ADAMTS8,0.36514969970370836
ADAMTS9,2.056469267203657
ADAMTSL1,-1.5605173284039546
ADAMTSL2,1.634085513660846
ADAP1,1.44097852685449
ADAP2,1.9444167070468734
ADARB1,-0.06940761843494343
ADAT1,1.1244471872583084
ADCK2,0.533663981416264
ADCK5,-0.7969413660526578
ADCY1,-1.0803320880354286
ADCY2,-0.8596957219664225
ADCY6,0.15568426421211315
ADCY7,0.3486678739671579
ADCY8,-0.3868225878245525
ADCYAP1,-1.5822334775891926
ADCYAP1R1,0.8110479564935946
ADGRA1,-3.2996851509853413
ADGRA3,2.87837687571807
ADGRB3,0.12420366690738203
ADGRG1,2.914746334230599
ADGRG6,-2.150849228551164
ADGRL2,-1.4825827133661007
ADGRL3,-0.28383743117470966
ADGRV1,2.328005306903433
ADH5,0.6103212515316305
ADI1,2.2198983825784264
ADIPOR1,-1.7392775413081072
ADIRF,2.16294308831577
ADK,0.4725747223566233
ADM,0.20520952354263372
ADM5,-0.87127819426288
ADNP,-0.5040578770674449
ADO,0.003956602374350603
ADRA1B,0.5132636860779676
ADRA2A,-2.704922447757995
ADRA2C,1.8955590352485217
ADRB1,-1.3935002008713941
ADRB2,1.7055620464463486
ADSS,1.0680390915674727
ADTRP,-0.4104951826684629
AES,1.299055828451425
AFAP1L1,-1.9523933329181875
AFF2,-2.093518809111121
AFTPH,-1.7561965859967126
AGAP1,1.4005367341885868
AGAP2,-0.9231801071295331
AGAP3,0.9152246063720798
AGBL4,-1.3468461227680402
AGFG2,2.5947662373025078
AGGF1,2.0191435100477895
AGL,-1.2457138418206188
AGMAT,0.617503265759538
AGO4,-1.6216578665085595
AGPAT3,-1.0734218131817679
AGPAT5,1.190479086464037
AGRN,-0.8824199871084768
AGTPBP1,0.6732722247398341
AHCY,0.7314971887548392
AHCYL1,1.877268332413278
AHNAK,0.06829854576098204
AHRR,-1.8219772152632931
AHSG,-2.021734620092286
AIF1,3.0117588785795473
AIFM2,1.1213708120827157
AIFM3,1.2540573051258836
AIM2,-2.0813338484234256
AJAP1,-2.2411801255770354
AK3,0.01464718502548915
AK4,0.6923501392520957
AK5,-2.3290052833128256
AK8,-0.8226619716000146
AKAP13,-0.7531469431032892
AKAP5,-0.5301123915221351
AKAP8,1.463233667653898
AKIRIN1,-0.8886997898266796
AKIRIN2,-2.628098023579567
AKR7A2,3.6342489388263424
AKR7L,3.055300369458931
AKT3,-0.5975528941402677
ALAS1,1.9416172715760243
ALCAM,0.8895018797002043
ALDH1B1,-0.8465232663796503
ALDH1L2,-1.236807379613699
ALDH2,4.224074645632751
ALDH3A2,-1.4946922939874092
ALDH3B1,-0.5945464885841674
ALDH5A1,-0.31938487088746337
ALDH6A1,3.4339689382679492
ALDH7A1,1.9506473364712758
ALDH9A1,2.677471195388414
ALDOA,2.1731277152791573
ALG10B,-2.495383914410377
ALG13,0.24181077994763714
ALG5,2.101425067505293
ALG8,1.3582953457287004
ALK,2.171722666952022
ALKAL2,0.7983557007272454
ALMS1P1,-0.13709422967281226
ALOX5,2.8491740319754078
ALOX5AP,2.2402566218540616
ALPK1,-0.4817521080765465
ALPL,-0.8155388084228371
ALS2,-2.570433764863835
ALS2CR12,-0.3700872810522376
AMER2,-0.9239067453891723
AMER3,-1.417127100610344
AMFR,-1.5460617678650657
AMIGO2,1.043028720611042
AMMECR1,-3.0495344423670923
AMMECR1L,0.13646608384853542
AMN1,2.4399119676179377
AMPD2,2.1211678923545443
AMPH,-1.602178625779097
AMZ1,1.4808719613050825
AMZ2,2.6961683739219726
AMZ2P1,0.06030311632085528
ANAPC11,2.9663393991887577
ANAPC15,2.3093612137427
ANAPC4,-1.7107899486565257
ANGEL2,-1.1293121139467541
ANK3,0.04544865124063867
ANKIB1,-0.4943273469102438
ANKLE2,0.4270219557524297
ANKRA2,-2.464271452946487
ANKRD11,0.06782847536697201
ANKRD13D,0.11524605376645805
ANKRD18B,-0.4355422174114031
ANKRD19P,-0.6738016434245313
ANKRD2,0.6352056631980563
ANKRD20A11P,-0.029906013576431096
ANKRD20A5P,0.08244891127212138
ANKRD24,-0.709601170466211
ANKRD26,-0.9253235284883656
ANKRD28,-0.3548895152824391
ANKRD30BP2,-0.783670710835849
ANKRD34A,-0.4016397420090459
ANKRD36BP2,-0.7040195108243625
ANKRD39,0.5331837670614464
ANKRD45,-0.7725083455336966
ANKRD46,-0.14943028832567823
ANKRD49,-2.308110938496316
ANKRD50,-0.24539559408132963
ANKRD6,0.24802512283577946
ANKRD9,-0.4195355516643755
ANKS3,-1.6201411776916514
ANKS6,-0.8601493692053447
ANKZF1,-1.5995210818655234
ANO2,0.8812790960615332
ANO3,0.786322706691445
ANO6,-0.7920212644798227
ANOS1,2.263798119720079
ANP32E,1.831058227633796
ANXA1,-0.8092529048465906
ANXA11,-1.5286095806709392
ANXA2,2.5010533994979443
ANXA4,2.9746392670341932
ANXA7,-0.953663358297869
AOAH,0.6866160597072648
AP1G2,-2.8145438662386097
AP1M1,0.08297214753951891
AP1S1,2.905753490660122
AP2B1,0.03613816768566706
AP2M1,1.2980184483946116
AP2S1,1.2492323376362413
AP3B1,0.7293563805877262
AP3B2,-0.7976742895318713
AP3D1,2.312908005628899
AP3M1,-1.130526423622506
AP3M2,0.8876990214798086
AP3S1,0.24487871451037388
AP4M1,0.011144494474807127
AP4S1,0.15149340090718985
AP5B1,-1.29393766665444
AP5S1,-0.6598657235002531
APBA1,-1.3487749409174914
APBA2,-1.009518639572375
APBB1,1.9706465325881266
APBB1IP,2.50049780397236
APBB3,1.169656915225472
APC,-0.956695501391604
APEH,2.5629888554077707
APH1B,0.16222429749512765
APLN,2.072851274501012
APLNR,1.3236108318687252
APMAP,-1.338516545795739
APOC1,2.21521408860711
APOE,3.014811894021237
APOM,1.4077793419352067
APOO,-0.2307459904460201
APOOL,0.06906057637587609
APOPT1,0.5420300564087088
APP,-1.43891919338709
APPL1,1.1910050141669488
APPL2,-0.4974984363242796
APRT,-1.213903955337267
AQP1,1.5690041427003907
AQP11,1.3737302049639708
AQP4,2.22909865404295
AQP5,2.517612791868783
AQP6,1.2442613771229316
AQR,-2.7760377791370385
ARAP2,-0.4952265262415539
ARF3,-0.585992841869967
ARF5,0.20842254709189276
ARFGAP1,-1.630826627363167
ARFGEF3,1.2840292814894076
ARGLU1,-2.341668215420242
ARHGAP10,-3.178176486561748
ARHGAP12,-0.5339775001778431
ARHGAP18,0.1895366482110105
ARHGAP19,-0.7393218259324718
ARHGAP20,1.047893633956497
ARHGAP22,-0.42017858362942
ARHGAP25,2.467329995338538
ARHGAP26,-2.699791574540315
ARHGAP28,-1.5184870536023194
ARHGAP29,-2.040983287024418
ARHGAP32,-1.3884388397904288
ARHGAP33,1.1744015403805548
ARHGAP36,-0.6349294190953856
ARHGAP4,1.6228440354601992
ARHGAP42,0.9627200486559517
ARHGAP45,3.2876657587843723
ARHGAP5-AS1,1.7061036904959077
ARHGAP6,0.5019124541631034
ARHGDIA,0.20632224015030007
ARHGDIB,3.071855103364408
ARHGDIG,1.9226325195360738
ARHGEF10L,0.16998336058904978
ARHGEF12,0.626463815150552
ARHGEF16,0.0880907265218654
ARHGEF17,-0.2787399540993374
ARHGEF2,-0.27607415316409645
ARHGEF25,-2.121057173575384
ARHGEF28,-0.6767748825262442
ARHGEF3,-3.836601123809846
ARHGEF4,0.6493333236391372
ARHGEF40,2.5704388766520023
ARHGEF6,-0.8270282171864626
ARHGEF7,0.009195651754997338
ARHGEF9,0.5557962085172923
ARID1A,-1.29210778201661
ARID3B,-3.0360315853080806
ARID5A,-2.746759221580459
ARL10,-1.3465316446911424
ARL14EP,-0.21347126848399145
ARL15,-1.4442508481986778
ARL16,1.835161572763895
ARL4A,-1.1135017780493472
ARL4C,-1.5348843348462857
ARL5A,-0.9147244885917413
ARL8B,-1.417147344256977
ARL9,-1.1714130004871381
ARMC10,1.335006138269063
ARMC2,-1.225210551273214
ARMC7,-2.7422494417537933
ARMCX1,2.2547308061757185
ARMCX2,1.5304944341314395
ARNT2,1.1530437512168679
ARNTL,-1.076884778458567
ARNTL2,-2.2248629132842774
ARPC2,-0.7134316504782171
ARPC5,-1.2562334240969708
ARPP19,0.6296314864610876
ARPP21,-0.36019833008087093
ARRB1,1.7755944340786287
ARRB2,-0.4438530485807495
ARSB,-2.3279820689606487
ARSG,-1.5797812336628556
ARSJ,-1.6806591136240339
ARSK,-1.1430797440463651
ASAH1,1.4932774269697706
ASAP1-IT2,-1.3257845957515997
ASB1,0.7335086776104007
ASB5,-1.6747426212423782
ASB6,0.29560463443709395
ASCC3,-0.33143060782108585
ASCL2,0.4363178115557847
ASF1A,1.3547353955778159
ASGR1,-0.6379821718041655
ASGR2,0.31955464199700373
ASH1L,-0.7587363560202596
ASH1L-AS1,1.0053402340045425
ASH2L,0.8466893634223317
ASIC1,0.12259235392998968
ASIC2,-0.4014991166580707
ASIP,-1.1295812429074716
ASL,0.3079307676145597
ASNSP1,-2.352364001172599
ASPHD2,-0.7249942035313404
ASS1,0.4103833325211088
ASTE1,-2.3047008496065224
ASTN1,-0.2798039992443963
ASTN2,-1.1031054019402928
ASXL1,-0.969641015742817
ASXL2,0.1982019683523903
ASXL3,-0.20354784547855628
ATAD2B,-1.8274521019589294
ATCAY,-0.9673738420460816
ATF2,-1.46054929803601
ATF4,-0.875623540001112
ATF7IP2,-3.093407724829244
ATG10,1.1576169481558456
ATG101,1.6558829370988717
ATG12,-2.049548347161026
ATG4B,0.013652504843917647
ATG4C,0.09969933898850022
ATG7,0.11292333071931376
ATG9A,-0.6630152682397203
ATM,-2.4757537754794368
ATN1,0.38212385714153835
ATOH7,-0.8372669539214322
ATOX1,1.079246934120109
ATP10D,-1.346019226570314
ATP11C,0.5370657159970718
ATP13A2,0.07395186468553769
ATP13A4,0.5301015477188943
ATP1B2,0.9123776301824449
ATP2B4,0.5018178208509663
ATP2C2,-0.13194452142676102
ATP5ME,2.139227944402454
ATP5PF,2.31050656609378
ATP6AP1,1.7988698704554333
ATP6AP2,-1.5739621351276192
ATP6V0A1,-0.635051034688675
ATP6V0A4,1.0825621566069779
ATP6V0C,0.7945203651488401
ATP6V0CP3,0.40416826205795814
ATP6V0D1,1.668325370932515
ATP6V0E1,3.0137670673454577
ATP6V0E2,2.098666057491364
ATP6V1A,1.8232116912507268
ATP6V1C1,0.8387465789557802
ATP6V1E1,2.526204410029242
ATP6V1F,2.774299846173198
ATP6V1G2,-0.11428344525713305
ATP6V1H,0.23606544155363265
ATP7B,-1.6154837876686965
ATP8A1,-0.9089709930275213
ATP8A2,-0.3956324169045694
ATP8B2,-2.688441117546156
ATP9A,0.8246198537048852
ATP9B,-0.6261437434660698
ATRNL1,-1.5670513747004762
ATXN2,-0.3343081687889216
ATXN7L2,-4.244271979997262
ATXN7L3,0.30440312358262306
ATXN7L3B,0.7253899741940002
AUNIP,-2.7288981562804944
AURKAIP1,1.2470034545180024
AUTS2,0.14441979242143643
AVIL,-2.3633819535635334
AXL,1.9128994296814363
AZIN1,1.0230390155235451
AZIN1-AS1,2.2458631843429755
B3GALNT1,0.6317708657821276
B3GALT2,-0.8990179891173876
B3GALT5-AS1,1.957964264919977
B3GALT6,-0.607322735396407
B3GAT1,-0.20702855628563124
B3GAT2,-1.0049551593891843
B3GLCT,1.037980962528712
B3GNT2,0.9552254124069829
B3GNT4,-1.3377592359510457
B3GNT5,1.915159877738989
B3GNT9,-0.7567287377623433
B4GALNT1,-2.1407984913647327
B4GALT2,1.567139512036837
B4GALT3,1.920945788262927
B4GALT5,-0.06304902419264137
B9D1,0.7152077672806336
BABAM1,2.2511579718867565
BABAM2,0.6113342163711678
BACE1,-0.05404386495710594
BACE2,-1.0561095892674661
BAD,2.1377692307948704
BAG1,1.8431422318610649
BAG3,1.6004220382285415
BAG6,1.9878296244214153
BAIAP2,-1.733053001264784
BAIAP2L2,0.26359612374138014
BAIAP3,0.26263439359833446
BANP,-0.3151774759504336
BAP1,1.4853736618556148
BARD1,-0.24064227149017617
BASP1,0.18067078312706247
BASP1-AS1,-2.7409481180681525
BATF3,1.3964476070763678
BAZ1A,0.34639969853639824
BBC3,-1.0809000468365484
BBS7,-3.2466534919531336
BBS9,-0.0145043688958367
BCAN,2.4214574910000275
BCAR3,0.0104532777536468
BCAS2,2.1008853249633646
BCAS3,0.9060911043484698
BCCIP,-0.7840948212456105
BCHE,1.0255608340511204
BCKDHA,2.125464155768253
BCKDK,0.6594175597590123
BCL11A,-1.8179272592488933
BCL2,0.7815514337967435
BCL2L2,-0.4448425593435429
BCL7A,-3.0073658266848344
BCL7C,3.1655037637189256
BCL9,-1.9260151017813156
BCLAF1,-1.3481303194975747
BCLAF3,0.5336769792887239
BCOR,-3.0506110135505367
BCR,2.244084179026802
BCRP2,1.6952088301116837
BDH1,-0.42963790717527645
BDH2,3.4735512944183338
BDKRB2,-1.701504797632908
BDNF,-2.936354443212862
BDNF-AS,1.1631136979464511
BEAN1,-2.8046297631042885
BECN1,1.9477945728494583
BEGAIN,0.03235857135058532
BEND7,1.363994936349391
BEST1,0.7438683240407136
BEX1,1.4680208785243203
BEX2,1.27716996394796
BEX3,0.9858360755331063
BEX5,0.25627952527805486
BFSP1,0.4890623920965047
BHLHE22,-2.7223788713147883
BHLHE40,-1.8397216560179313
BHMT2,2.0094061058298203
BICC1,-0.13416520772287827
BICD2,-1.9885381870795191
BICDL1,-2.30887550743269
BICDL2,-0.573494781612255
BID,0.01674843534749008
BIRC3,0.5529483470202406
BLM,-0.3765770992438976
BLMH,0.6863525670352864
BLNK,0.6225899968610158
BLOC1S2,2.1493972454250057
BMP2K,0.6379206997585045
BMP7,2.200292016086234
BMP8B,-3.4280239609394996
BMPR1B,0.9868501406694083
BMS1P14,2.0353763951558204
BMS1P20,1.859799574132703
BNIP2,0.021944981508044272
BNIP3,-1.3309928888037446
BOLA3-AS1,1.299659320140288
BORCS7,1.5687744136152066
BPHL,1.6977677736328591
BRAP,-1.1515543093679925
BRCC3,1.2591330392729416
BRD2,-1.986877318248689
BRD8,-0.014749186733396702
BRF2,0.8161085616246165
BRI3,0.8698816031127338
BRINP2,-2.814520409000174
BRINP3,-2.231158419676916
BRK1,2.836600651981759
BRMS1,0.930684034850722
BRMS1L,1.259027729777515
BROX,-1.5753815755925862
BRPF3,-0.86785480353837
BRSK1,-1.0316350143778363
BRSK2,-1.6493751099766387
BRWD1,0.5775955034621487
BSDC1,-2.379116694814905
BSN,-2.552076322670793
BSPRY,2.1986767304673087
BTBD1,0.0004310177437535085
BTBD10,1.2379390797295184
BTBD11,-1.2555517188707033
BTBD3,-3.3492955829022533
BTBD6,0.22466678176128124
BTBD9,-0.01791490924018264
BTC,-1.9287195003621618
BTG1,0.6840534309343635
BTG3,-0.816867113685232
BTN3A1,-0.3430351049041541
BTN3A2,0.3681166768862632
BTNL9,-0.8906730210825256
BUB3,-1.5098320963272278
BZW2,-2.400321849039427
C10orf105,1.597727742652365
C11orf1,1.4678106656882974
C11orf58,-1.4296049253513132
C11orf65,0.14367302207681903
C11orf68,-1.92773783500632
C11orf71,-0.8346663590744805
C11orf74,1.1653888203417533
C11orf80,-0.6421957817206023
C11orf87,-3.4479585089972002
C11orf95,0.7336952122284309
C11orf97,2.170196594027167
C12orf29,0.33721913952540716
C12orf4,-1.4938009531223069
C12orf43,-0.16572323164946
C12orf45,-0.5538237968962268
C12orf60,0.6731770489071942
C12orf66,-0.7174824478493648
C12orf75,1.9707160626221285
C12orf76,1.1094087815721498
C14orf132,-0.9507626852066422
C15orf41,-2.0738824000862746
C15orf59,-1.1440034117915863
C15orf61,0.836768420633058
C16orf45,-3.5218065675817014
C16orf58,0.3180573649898185
C16orf70,-2.247269332617645
C16orf74,0.5202365450084862
C16orf87,-0.5738771335317626
C16orf91,0.6704142838493565
C16orf95,1.958125206842786
C17orf100,-3.0459096135460784
C17orf51,-2.897777115603466
C17orf58,0.8216648390735436
C17orf97,-2.3559067511527028
C19orf12,-1.0476345889067558
C19orf18,0.4689143257516106
C19orf33,0.022536450131254007
C19orf53,-0.14341617055947534
C19orf57,-0.7137200595714421
C1D,1.5103976131095582
C1GALT1,-0.5262475069812516
C1QA,2.025790672942815
C1QB,2.627670159094877
C1QC,1.1088297865325258
C1QL1,0.7046309299200397
C1QL2,-0.34387481041830575
C1QL3,-0.2722374222341539
C1QTNF3,1.1046312707644184
C1R,0.4908363209155703
C1RL,-1.6525595418357675
C1S,0.6749338656185027
C1orf115,-1.129863126017203
C1orf194,0.020997438381086937
C1orf198,1.229502371388212
C1orf21,1.2179572604563935
C1orf216,0.3958544440366865
C1orf226,0.04445650501353339
C1orf50,2.500960183466501
C1orf61,2.108498540065282
C1orf74,-0.7911414528083313
C20orf196,-1.8543209308240212
C20orf27,3.133053354910043
C20orf96,-2.3621622641405895
C2CD2L,-1.3196423680954361
C2CD4C,2.726138317818987
C2CD5,-0.512192823344718
C2orf27A,0.47255203883758806
C2orf49,-2.240098496091222
C2orf69,1.9033607456667965
C2orf73,-0.4860185188816301
C2orf80,1.0597128136396126
C3,2.8757863404225454
C3orf14,3.0808181840298916
C3orf70,-0.04619137602064884
C3orf80,1.0967875373775455
C4orf48,-1.186041461078527
C5orf30,-0.7188442415872284
C5orf42,-0.5496543019490889
C5orf49,1.2101616539297226
C6orf118,0.41541106433951164
C6orf120,-1.3068152645820716
C6orf52,2.2565553239984193
C6orf62,-0.6680488535772858
C7orf13,-1.5292318947685886
C7orf50,2.186659116140549
C8orf34,-1.2996944706535698
C8orf44,-0.8002775963331846
C8orf46,-1.094289099515177
C9orf116,-0.19673632439854888
C9orf129,0.34856261267848243
C9orf16,-1.580856362525429
C9orf40,-0.01539192557581217
C9orf72,-1.4695243349775933
CA10,0.29786466657857874
CA11,3.0374486856061607
CA12,0.9227481212714713
CA4,-1.1068678602818145
CA5B,2.068202333782506
CA8,3.039094563580838
CAB39,-1.8752386653514685
CAB39L,-0.849579915623641
CABLES1,1.3495059606052238
CABYR,-1.182015231988577
CACFD1,0.34930506015514073
CACHD1,0.9780148439955745
CACNA1B,-2.552600629429756
CACNA1C,-3.6478650351449002
CACNA1E,-0.8255945939945782
CACNA1G,-3.703717464998226
CACNA1H,1.5941650941124816
CACNA1I,-3.9224948120798073
CACNB1,-1.584526933833437
CACNB2,-1.0529065592410127
CACNB3,-1.9347582764131148
CACNG3,0.6657875170538748
CACNG4,0.9397999983790367
CACNG7,0.6608769602671054
CACNG8,-3.5295988808865073
CADM1,-0.6338917148798349
CADM2,-1.5589651750492155
CADM3,0.9064421548888734
CADPS,-1.8600246617744742
CADPS2,-2.873502012924904
CALB1,0.684945036747104
CALB2,0.8985712474807925
CALCOCO2,-1.298142497887185
CALCRL,-1.300391157452613
CALHM1,-1.5052405371112754
CALHM2,-2.1366128580699817
CALHM6,0.9805913115364426
CALM1,1.9569363993109399
CALM3,-1.0042963096452695
CALML3,1.0730759562171686
CALN1,1.090364274379334
CALR,-1.2336893049227058
CALU,-0.9429644108615319
CAMK1,-2.5315022036789574
CAMK1G,-0.9048137353603997
CAMK2A,-3.3865664611633437
CAMK2D,-0.6571486419712933
CAMK2G,-0.014344272614679906
CAMK2N1,-1.1965568198889904
CAMK2N2,-1.1363251580491134
CAMK4,-2.470636638016147
CAMKK1,-1.1723254945771042
CAMKMT,-0.2794837745722736
CAMKV,0.2974601707380251
CAMSAP3,-1.5762311454462528
CAMTA2,-0.6496850424559808
CAND2,0.03748459573488485
CANX,0.22080722996649235
CAP1,-0.28345643546651805
CAP2,-3.6847470475615656
CAPG,1.0798062013636935
CAPN1,1.8079245854865074
CAPN12,-1.4865523457860375
CAPNS1,2.283607037606626
CAPRIN1,0.1836428392193305
CAPRIN2,-1.2593247827678167
CAPZB,-0.8514415663881736
CARD6,-0.26080819294361623
CARHSP1,1.7693815504663897
CARMIL2,-1.6816399386192624
CARMIL3,-0.48340829144719805
CARS,0.308803810428154
CARTPT,-3.500898697528974
CASC15,-3.158668348646255
CASC2,-1.741358955233268
CASK,-1.0276326497589745
CASP10,-0.7256083541147601
CASQ1,1.25320500867064
CASTOR1,1.7065334769010532
CAV2,-1.305421228315719
CAVIN3,0.6848089109401236
CBFA2T3,0.2932779473519799
CBFB,1.1534642757392215
CBLB,-1.2431936313365843
CBLN1,-1.100230312033964
CBLN2,0.03335958837063472
CBLN4,-0.8012340575320093
CBX6,1.1566337399993036
CBX7,0.43304983331212127
CC2D2B,1.283471512177759
CCBE1,-0.19168208171934653
CCDC112,-1.391012317921482
CCDC12,-0.9049019965712845
CCDC120,-1.9581967885618434
CCDC124,1.3180778564947198
CCDC14,-2.1753174468112055
CCDC148,2.092486761191857
CCDC15,-0.7812098801402162
CCDC152,-2.948869992234147
CCDC153,1.699114278900934
CCDC159,-0.11854825294609352
CCDC167,2.0244742979634838
CCDC171,-0.3818004368865134
CCDC177,-3.9112024121226083
CCDC189,-0.3554388332535082
CCDC191,-0.20189071097599479
CCDC24,-0.10203999189620926
CCDC28A,0.7046228303384381
CCDC3,-0.5681147771534731
CCDC32,-0.6424210142099261
CCDC34,1.578271109911295
CCDC47,-0.3689438739857472
CCDC50,-0.4977608771382235
CCDC6,1.0248147315814462
CCDC65,-1.3796826986889619
CCDC68,-1.2458245606881901
CCDC71L,-2.4083309020643133
CCDC77,0.030850681037179074
CCDC8,1.9157857906143818
CCDC80,1.2102087417107052
CCDC82,-0.18680953860598515
CCDC85A,-0.8836902904252677
CCDC85C,0.10660732485729287
CCDC88A,-2.4666108352625273
CCDC88B,-1.9968140361163946
CCDC9,-1.8682286441921814
CCDC90B,0.28114725142780306
CCDC92,-0.6951869932146751
CCEPR,0.38483360849772247
CCK,-0.6983031887822679
CCKBR,2.349492109380504
CCL2,-0.5301834235193105
CCL28,-1.129859358939238
CCM2,2.937319957663707
CCNA1,-0.9192169931541827
CCNB3,-0.20002851469470462
CCND2,0.5657389602071755
CCND2-AS1,-0.027961640974472617
CCNDBP1,2.067652979987668
CCNG2,-0.37813705160839295
CCNH,0.4728036234548463
CCNK,-1.6196928291367418
CCNL2,0.6547508067710561
CCNO,-1.343511614262159
CCNT2,-1.7026899016085602
CCNY,-0.9703926749062008
CCNYL1,1.4239491548536205
CCR1,1.7514248313518073
CCSER1,-3.4911771531408595
CCT2,1.2287073334647176
CCT4,0.5261634224349435
CCT5,0.9486723666817071
CCT7,1.465731313379473
CCZ1P-OR7E38P,0.1543835894871383
CD163L1,-1.1809220772512734
CD200,-0.4419723485101835
CD226,-0.557436825288031
CD24,-0.18311900711679938
CD247,-0.39610572742121586
CD248,1.4701177083342525
CD2BP2,1.4858691539240811
CD33,1.123571178907694
CD3EAP,-2.081180811976472
CD44,0.07153435417493074
CD47,0.9814814662917312
CD52,0.255867672225708
CD53,1.6521453227724883
CD55,-1.9105894156073184
CD58,2.468665700443186
CD59,3.47978795265035
CD6,-0.6606096043938792
CD63,2.1842817094424105
CD68,1.9349200201122674
CD74,1.9115023056158085
CD81,1.6616694830327492
CD82,0.9768286470155161
CD83,0.4488326330873462
CD84,1.2568920331591258
CD99,2.5248526827191493
CDC123,2.2287183739751586
CDC14A,1.3294444720630672
CDC14B,-1.244851835328751
CDC34,-0.7655712032864957
CDC37,0.13167104929605533
CDC42,-0.6895819571703918
CDC42SE2,-0.8322302207966362
CDC6,-1.6118704299432984
CDC7,-1.4826260184055473
CDCA5,-0.8788202651281869
CDH10,0.801792023406956
CDH11,1.841006076331171
CDH12,-2.700370463359407
CDH13,0.16643091901587834
CDH18,-1.1473439791130344
CDH2,-2.735152470438666
CDH22,1.3085741192463949
CDH4,0.5760662170481561
CDH8,0.3070463610563676
CDH9,-0.9302267069095876
CDHR1,3.3533055032761707
CDIP1,1.4674152837758996
CDIPT,1.2329133555527212
CDK10,-0.5324544646594896
CDK17,-1.7539976871685345
CDK20,-2.0065614282650306
CDK5,1.8724142499411964
CDK5RAP2,-0.6559284553939904
CDK9,-0.29649246553459285
CDKL3,1.584045351339134
CDKN2AIPNL,2.3512232152481327
CDKN2C,0.9495425729135085
CDKN2D,1.640295281973608
CDKN3,0.18789574916015317
CDS2,-1.6314225477304125
CDYL2,0.3089595455314842
CEBPA,1.3120013152217544
CECR2,-0.27724675791917164
CELF1,-2.1429565180083645
CELF3,1.2982837775078473
CELF4,0.11372997448153299
CELF5,0.18928461561215476
CELSR2,-3.284544094947161
CELSR3,-3.4367277494938087
CENPBD1P1,-0.19332171797316103
CENPF,0.88000327912647
CENPJ,-1.813662006914146
CENPK,-1.1934124311259775
CENPM,-0.3479508199211304
CENPQ,-0.2974639819392599
CENPV,-0.07766387983954595
CENPVL3,0.7432603607807039
CENPW,-0.658326440227017
CEP112,-1.871555217590901
CEP120,-2.9560714865190887
CEP126,0.89664195710914
CEP135,-1.3809201724520794
CEP162,-2.5961762973904188
CEP170B,1.409095730596988
CEP68,-0.5076325878742586
CEP70,-0.40793740320847705
CEP72,0.1888710560775106
CEP83,-0.22901421297769578
CEP89,-0.03156550761359673
CEPT1,-0.35951796599155295
CERS6,-1.3769777187628167
CES4A,-1.6335367130369178
CETN2,1.917348791791982
CETN3,1.678800686162142
CFAP161,-1.548953471974355
CFAP20,1.756386622973158
CFAP44,-0.5349864941519291
CFAP52,-0.029509647109481982
CFAP53,0.2414188714076588
CFAP61,1.5780634513304852
CFAP65,-2.1336370911623823
CFAP97,-0.5566914110104207
CFD,1.9641851817130447
CFLAR,0.08346798384466375
CFP,-2.614612290695308
CGNL1,2.2820084342793527
CGREF1,1.4601800912731684
CHAF1B,-0.6115144275192279
CHCHD4,2.9864070341885234
CHCHD6,0.717746890580655
CHD3,-1.1376231701828037
CHD5,-2.69304074418542
CHD7,1.0025746379871496
CHDH,1.182224844769241
CHGB,-3.486941799514583
CHI3L1,0.5841823124426211
CHID1,0.9889275434960939
CHL1,-0.39009457161996947
CHMP1A,-0.8250424637367816
CHMP1B,1.2883842068173115
CHMP2A,2.4225813598467267
CHMP4A,4.204728133239145
CHMP4B,2.368506226734553
CHMP5,1.9900852428967795
CHMP6,-0.5413690420981289
CHN1,-1.3987176583567338
CHODL,-0.004549474407062242
CHRAC1,-1.6551826835609633
CHRD,-2.8938581565123256
CHRDL1,2.8021540011201926
CHRM1,-2.7018848273844456
CHRM2,-0.41231319976076247
CHRM3,-0.6331683285836801
CHRM4,-0.10482903258600486
CHRNA2,-3.6690280380322897
CHRNA3,-0.7477062617465878
CHRNA4,1.7222259899388748
CHRNA7,-1.764149048259001
CHST1,0.2199475648337115
CHST11,0.64276709665281
CHST14,1.3845981819680058
CHST3,0.660490776672579
CHST9,0.2023389851320004
CHSY1,-0.48099787881934364
CHTF8,1.209161894006668
CIB1,0.9989089509284921
CIB2,0.7528557764070944
CIDEC,1.1142885665459392
CILP2,-1.0083201131071908
CIP2A,-0.4840544152126548
CISD2,-1.6302464819888474
CISD3,2.309265424231532
CIT,-2.261070649878739
CKS1B,1.5305877740291836
CLCA4,-0.6471228278435126
CLCC1,-0.8324960419531355
CLCN6,-0.4121622246273176
CLDN4,-1.0777373433768027
CLEC2D,-0.6727752289567757
CLEC4G,1.0113392895117435
CLEC9A,0.9849967773347772
CLIC5,0.8255484630596049
CLINT1,-0.7600666309338036
CLIP1,-1.2356075702558111
CLIP2,0.5909117129891251
CLK4,-1.6510937184243275
CLN3,-0.8526830677983184
CLN5,1.1918711478029895
CLOCK,-1.5579736356821725
CLPB,0.3211020541980596
CLSTN1,-1.6100084777444046
CLSTN2,-2.1613955111479304
CLSTN3,0.40209182688212775
CLTA,0.38630964026955755
CLTC,-0.1865125505861563
CLTCL1,-0.20794014999975383
CLU,3.338650272372061
CLVS1,-1.946493915231633
CMAHP,-0.5417344326149132
CMAS,-0.8862875048183771
CMC4,1.0049237836427043
CMIP,-1.6687103906653034
CMKLR1,-1.3378030913383943
CMPK2,-0.8891102052324172
CMSS1,1.5877379034591692
CMTM3,1.9313896965200896
CMTM4,-0.2728035363565577
CMTM6,1.0404393605026654
CMTM7,1.8820686996803129
CMTM8,-0.9550089444033086
CMTR2,-0.9691196522755132
CNFN,-2.3287431522820135
CNGB1,-2.0114108717542067
CNIH2,0.44876875714062936
CNIH3,-2.25937297624138
CNKSR2,-3.653703760414495
CNMD,1.41580606936154
CNN1,-1.3872785176955729
CNN3,2.3939767172095086
CNOT7,1.650509516400669
CNOT8,0.48745710203940323
CNR1,0.6644117335609342
CNRIP1,-1.083685084139932
CNTLN,-1.1019223418186983
CNTN1,-0.13977969013183741
CNTN3,-2.2316613254375928
CNTN5,-1.343961509588923
CNTN6,1.043417238815252
CNTNAP2,-1.5175886252105062
CNTNAP3,1.0993624422148116
CNTNAP5,-2.978800431514654
COA1,2.9670837209344834
COA3,2.8011910294608593
COA6,2.071810710725536
COA7,0.9008052011739371
COASY,0.7887337297864639
COBL,1.09935224313906
COBLL1,-2.065070220483334
COCH,2.276098466753892
COG1,0.3902168681872742
COG5,0.3508844269185245
COL10A1,-1.8295310699454321
COL12A1,-2.506783367205791
COL13A1,-3.9335000958456248
COL16A1,1.646628849692486
COL19A1,-2.833010336655011
COL21A1,0.5626245906793884
COL23A1,-2.1109137995098286
COL24A1,-2.2347550617544845
COL25A1,-0.6155788699821407
COL26A1,-2.8432711928502443
COL4A2,-1.705155768809655
COL5A1,-3.5906714599909435
COL5A2,-0.43330789689722166
COL5A3,1.2972662328233162
COL8A2,0.6420305061012213
COLCA1,0.5605539736889663
COLGALT2,1.56429072568229
COMMD2,-0.05477244771838534
COMMD7,0.6334770007114782
COMP,2.250801251337189
COMTD1,-0.8326298533810446
COP1,-1.414978806574769
COPB2,-2.918535932428577
COPRS,1.7785267517168433
COPS4,2.979158665713703
COPS5,1.4777747387709304
COPS7A,1.7200354346525395
COPZ1,-1.1831921563461596
CORO1A,0.567213086757596
COX11,2.7350027307406437
COX20,2.147173810214446
COX5A,1.2710638330254282
COX6A1,3.0341746986466505
COX7A1,0.8056273578685448
CPAMD8,0.1228298071154386
CPE,2.5049837643831614
CPEB2,-0.36238841801950006
CPEB4,-2.062571148650329
CPLX3,0.3446858638207877
CPNE2,0.18695851868570637
CPNE3,-0.6515795995218869
CPNE4,-3.8635705468078463
CPNE5,0.604239511895573
CPNE6,-0.3371823809472481
CPNE7,-0.35355635677072844
CPNE8,-3.4333808908431664
CPT1C,-0.1264544358492654
CPVL,0.1697402818993689
CRAMP1,0.3861557922253845
CREB1,0.0526470448822836
CREB3L2,-0.04245664152889403
CREB3L3,-1.031285470594972
CREBBP,0.6642907307166915
CREG1,-0.02275385384616371
CREG2,-0.5484540401543854
CRELD1,0.23690528934915694
CREM,1.928809005020578
CRH,-1.1162973259388274
CRHBP,-0.4283767789121789
CRIM1,0.00545690931523409
CRIP2,3.2564515450132965
CRIP3,-1.0188846698684981
CRIPT,-1.4412080635933082
CRLF1,1.1326691167228746
CRMP1,-0.5291124721083266
CRNDE,-1.0056797820628656
CRSP8P,-1.1570470281787668
CRYBB1,-2.1010258710716045
CRYGS,-1.7582323515893024
CRYM,1.502272230709072
CRYZ,-0.44545769540117175
CSAD,-1.6613800113683401
CSF1R,0.7041590106340396
CSF2RA,1.3771209301780538
CSGALNACT1,0.7833683722286863
CSMD1,-2.275086790357608
CSPG4P1Y,-0.9782773740561503
CSRNP2,-0.7998931700094934
CSTB,1.7202811001386729
CSTF2,-2.255152226187149
CSTF3,0.039884341300639184
CTBP2,-1.9045532875240951
CTC1,1.0287179421779242
CTCF,-1.2732534454532722
CTDNEP1,1.2460280001241637
CTDSP1,1.962156866022661
CTDSPL,1.2970071343851421
CTDSPL2,-0.7226617030429634
CTGF,-0.3533926832345349
CTNNA2,1.4480049787318028
CTNNAL1,-2.10062206778178
CTNNB1,-3.4679468028438616
CTNNBIP1,2.1309182171745467
CTNND2,2.4982608541465954
CTNS,0.6504418623038123
CTSB,-0.29408575931529607
CTSD,2.322847005130413
CTSH,1.0126401738055262
CTSK,-0.4960530766743884
CTSL,1.0310921965246607
CTSO,-0.08200750286397063
CTSS,1.3112583154249016
CTTN,-1.7788999209921887
CTXN1,1.3016744348028169
CTXN2,0.49718903126332775
CTXND1,-0.020282094212134262
CUEDC1,1.2375858343705866
CUL1,-1.6353952832104162
CUL2,0.7961815070338396
CUL4A,1.1545943486346912
CUL4B,-2.2594020721744164
CUL9,0.3734276020662828
CUX2,-1.756801484195159
CX3CL1,-2.3081883460155375
CX3CR1,3.45481354552583
CXADR,-0.8483984900552048
CXCL14,0.4375440124439788
CXCL2,0.3205797367898726
CXCL3,0.4210151092678234
CXCR4,2.424858041151296
CXXC4,-0.2761749832154659
CXXC5,-0.5915787860527187
CXorf38,0.11617148273655903
CXorf57,1.1176287912671852
CYB561,0.19997222062466669
CYB5D2,2.8068869174619056
CYB5R1,1.882205662584169
CYB5R3,-0.08851278299749693
CYBA,-0.029081284641943015
CYBB,1.3348297869663064
CYBRD1,1.826665931068216
CYCS,2.4087341169570022
CYFIP1,0.38109185028059395
CYHR1,1.2056559686609953
CYLD,-1.6969939348782652
CYP11A1,0.8567088122295848
CYP1B1,-0.6572609034571529
CYP26A1,-0.8633566521919759
CYP26B1,-1.3292496032334964
CYP2J2,1.8660019131959225
CYP46A1,0.8901529528141053
CYP4V2,2.466565959745107
CYP4X1,0.1335872965911387
CYP4Z1,-0.22818720532920186
CYP7B1,-1.1766758748891506
CYS1,-0.7438898596168032
CYSLTR1,-1.1968308511967822
CYSTM1,1.2851967311884407
CYTH4,2.2664663501004396
CYTL1,0.5155584148839935
CYTOR,1.1945526073670258
DAAM1,-2.4101496661763413
DAB2,-0.4473367609200189
DACH2,0.06090833173005824
DACT1,-0.5310356621501462
DACT3,0.7935395538991844
DAD1,2.349916597476733
DAGLB,0.355921033735227
DALRD3,0.5291014926223078
DAP,-0.6627283177420284
DAP3,0.6299152346877727
DAPK1-IT1,-3.646043093268158
DAPK3,-0.21007159401668785
DAPL1,1.3314677132226413
DARS,1.719217432654587
DBI,1.8576337543377197
DBN1,-0.2527721871601521
DBNDD1,0.47082860168899493
DBNL,1.5795253247237182
DBR1,-1.2549140151004656
DBT,1.2846819380894878
DBX2,0.3487385104702051
DCAF10,0.4996890914734226
DCAF11,0.8308101099731278
DCAF12,-2.1879618713575018
DCAF17,-1.9918919846608725
DCAF4,-0.49203558451467583
DCAF6,-1.4470783242504441
DCAF7,2.7185252670923408
DCAF8,0.03155230145194702
DCAKD,-0.9418917124517718
DCBLD1,-3.213716773158128
DCC,-1.6306768368527789
DCLK1,-1.4314469831808598
DCN,1.8521255339672842
DCP2,0.7385714148983656
DCTD,2.1567861635697176
DCTN1,1.776109656577837
DCTN2,0.9046575035980458
DCTN3,2.7717075871337187
DCTN6,2.256352704605851
DCTPP1,1.9780649265717543
DCXR,0.6422022524638903
DDA1,0.5248080428710278
DDAH1,2.411529225464227
DDAH2,2.985595267718259
DDB2,-0.49498162428291714
DDHD1,-0.4843992336953695
DDIT4L,0.5013400072586414
DDN,1.4279880567723315
DDR1,1.4503498024933037
DDR2,1.5491540035146432
DDRGK1,1.7456924964037968
DDX1,1.1669280157467101
DDX10,-0.22759878119000557
DDX25,0.3231513543946098
DDX31,-2.3003042408006062
DDX39A,-1.192210366125279
DDX3X,-2.594201176835418
DDX5,-2.5849509318035606
DDX54,-0.017165365816395203
DDX58,0.00912397632215103
DDX59,-2.545992196074158
DDX60L,-0.8152714369723794
DEAF1,0.9570786992982072
DEDD2,0.09738682618637612
DEK,0.6193682910542355
DENND1A,0.4505018071641931
DENND1C,0.9183867573298107
DENND2C,0.263210628967757
DENND3,-0.691822837390652
DENND4B,0.5122749972452895
DEPDC5,-1.0440578741172806
DEPDC7,-0.2679225159351782
DERL1,-1.8295327097208345
DERL2,0.7310463632931861
DGAT2,0.2952676955991394
DGCR5,0.28693906444474165
DGCR9,-3.1099732992964357
DGKA,-1.131518632185261
DGKB,-0.06583973569365673
DGKG,-0.9781682066002978
DGKH,-0.1358193240581715
DGKZ,-1.873594706937814
DHCR24,-0.20196223415026004
DHCR7,-0.5066174383788139
DHDH,-0.7206904130321984
DHFR,0.31825600385715336
DHODH,-0.7844930015727164
DHPS,1.3857179754644329
DHRS11,-0.06686657456487696
DHRS12,-0.13159878113431228
DHRS2,-1.813879652907604
DHRS4,3.012342156005234
DHRS7,1.1817118495154388
DHRSX,1.754877129255235
DHX16,0.09568569959734563
DHX33,-0.6397842668095592
DHX40,-1.4135088081284066
DHX58,0.20665228816263184
DIAPH2,0.3743791050234364
DIAPH3,2.0591329784976447
DIDO1,-1.0874197066412559
DIMT1,-1.2395474379256355
DIO2,1.8082728365763627
DIRAS2,-1.8005923591428576
DIRAS3,1.812538998054039
DIRC2,-0.1138690218652021
DIS3L2,-2.461530445168861
DKFZP586I1420,0.12847206555037669
DKFZp779M0652,2.486905618513817
DLD,2.7148112810111913
DLEC1,1.3765837624825747
DLEU7,0.029113749783401414
DLG2,1.2002378415315396
DLGAP1,-3.2761262637171624
DLGAP1-AS4,-0.777402457716097
DLGAP2,-1.252045012914532
DLGAP3,-0.015718374648105046
DLK2,0.1397423990402189
DLL3,1.1298598260385218
DLX1,-0.33082392605370836
DLX2,-0.5106080972839815
DMAC2,-0.714308642939056
DMD,-2.2794775903959508
DMGDH,0.9377704124697163
DMKN,-1.3266638023079622
DMTN,0.7382639884592049
DMXL2,-1.7245542193471022
DNAAF2,-2.849259608848038
DNAAF4,0.8511069824647421
DNAH12,0.03745196967392771
DNAH14,0.414446160332136
DNAH2,-0.07824501026383836
DNAH5,-0.0024123968369311544
DNAH9,-0.185313438698113
DNAJA1,1.9606698100568791
DNAJA2,0.9160316436604572
DNAJA3,1.453481090463409
DNAJA4,0.8824874154630786
DNAJB1,-0.18696223196171738
DNAJB11,-1.2576001896146356
DNAJB13,-1.8474036864961683
DNAJB2,1.7316642718144035
DNAJB6,0.26748226092785604
DNAJC1,-0.6077601830982962
DNAJC12,-0.9759841207543297
DNAJC13,-2.6308733513537295
DNAJC15,1.802537832807407
DNAJC18,1.5469353482717134
DNAJC19,2.6869211127323265
DNAJC2,0.8138816153514181
DNAJC24,-0.5998353297239764
DNAJC3,1.1985761697506996
DNAJC5,0.8890621467133979
DNAL4,0.06763722481322437
DNALI1,0.4920209853131733
DNASE1L1,2.854625882805764
DNER,-0.019029101708115604
DNLZ,1.3015706014167585
DNM1,-2.7300874871711636
DNM1L,0.024279220752693596
DNM1P35,-0.36946723685468047
DNM1P46,1.034367048673521
DNM1P50,-0.3847896448514883
DNMT3A,-0.9519360307926358
DNTTIP1,1.218274158480923
DOC2A,1.2422736249387423
DOC2B,0.6998622927898764
DOCK3,-0.7194133406268909
DOCK4,-0.8318888538528497
DOCK7,-0.2395320177366487
DOCK8,2.4309158035588805
DOCK9,-1.0312632209875743
DOCK9-AS2,-1.214761784737275
DOK1,2.4759335195785717
DOK4,-1.4466872744971404
DOK6,0.9665259522767764
DPCD,2.898596724939018
DPF1,-0.3302837295376815
DPH3,1.4047560945566466
DPH5,-0.6868025354035789
DPH6,-0.1792609639725543
DPM1,1.4283705200876269
DPP10,-0.1525340614960163
DPP10-AS1,-0.5474051019259893
DPP6,-0.9881035654206622
DPY19L1,0.9677149386183765
DPY19L2P1,-3.3110583200129553
DPY19L3,-0.20054844440113784
DPYSL2,0.7420141666766379
DPYSL3,2.412732649181188
DPYSL5,1.747424469925532
DR1,-0.1095951450389675
DRAIC,-1.005925310330224
DRAM1,2.3021323337760147
DRAXIN,-0.9921985575489306
DRD1,-0.7977765276793929
DRD2,-0.19996259033615385
DRG1,1.3010212390666935
DRP2,-2.0374875031162647
DSEL,1.345120358215815
DSN1,0.22062195663073753
DSTN,1.5802530177696261
DTD1,-1.6747090720622806
DTNBP1,4.219570224824725
DTWD1,-1.3085478817247813
DTX3L,0.08780048958517762
DTX4,1.085070293627873
DUS4L,-0.6368946977575279
DUSP12,0.030103210080731784
DUSP15,-1.191839690928695
DUSP18,-0.5614080128022091
DUSP19,-0.2957941828563437
DUSP2,-0.38586763686387104
DUSP23,-0.22787432171597
DUSP26,0.7555591636950655
DUSP3,-0.05648179718985473
DUSP5P1,-0.8438622889839288
DUSP6,-1.6335377120868781
DUSP8,-0.920061622618416
DVL1,0.9945313697087442
DVL3,0.736231424789329
DYDC2,1.3166210363552924
DYNC1I1,1.520570791992622
DYNLL1,0.23758291655071417
DYRK1A,-0.661013407493817
DYRK2,-1.398335846232384
DYRK3,0.3984208994824201
DZIP1,0.6047293389418623
DZIP3,-1.0805981330010799
E2F3,-0.43819348906749367
E2F5,-0.5861468469949356
E2F6,-1.1343956348517488
EAPP,0.6933040808810028
EARS2,1.134557374355612
EBF4,-0.49755969509519365
EBNA1BP2,0.8508473917646572
ECEL1,-1.1727760243097913
ECHDC2,-0.19143923504861332
ECHDC3,-0.09058369676811395
ECHS1,2.176094384185628
ECI2,3.2146461334477343
EDA,-0.2693966924950726
EDNRA,-1.755047962644705
EDNRB,3.2118700601153387
EED,0.2764193315840426
EEF1AKMT2,0.26066149066594824
EEF1G,1.8621360927059474
EEF2,2.219528004945963
EEF2K,0.07130527656627376
EFCAB1,0.19562862603179842
EFCAB7,-0.8538661014372433
EFEMP1,3.714486918008917
EFHC2,1.4696286268807957
EFHD2,-0.7384165347271768
EFNA1,-0.8161758027545181
EFNA2,-0.0931459554471364
EFNB2,1.1241634875332334
EFNB3,1.0266154178863431
EGFEM1P,0.4974661185688827
EGFL7,-0.02353330707057813
EGLN1,0.8027808732310159
EGLN3,1.5760616025039782
EGR1,-2.985203009548851
EGR3,-0.5909490731792684
EGR4,-1.445674942268062
EHBP1L1,-0.10000298342368925
EHD3,-0.9336498700569739
EID2,1.128257573375823
EIF1,2.9417616155954054
EIF1AD,-1.0574448521724769
EIF1AX,-0.5396019058438428
EIF1AY,0.2579357924609477
EIF1B,0.8156012483267755
EIF2A,-2.9799789187122014
EIF2AK4,-0.21049306325498307
EIF2B5,1.1617334912191004
EIF2S1,1.4041175409303512
EIF2S2,2.0842322327537843
EIF3J,1.8654570452485768
EIF3J-AS1,1.2518808479382544
EIF3M,-0.29340588941780815
EIF4A2,1.369196690612062
EIF4EBP1,-0.8656155640684218
EIF4H,2.309152304803784
EIPR1,1.498085420996255
ELAVL3,0.3139599419925554
ELAVL4,-1.6917171952256176
ELFN2,-0.01216112047674106
ELK3,1.1556553642931882
ELL2,-3.1946167933597143
ELL3,-0.2336708170989523
ELMSAN1,-1.8224987501469774
ELOB,0.8099198216814856
ELOC,1.7761290098045113
ELOF1,1.8080367436481377
ELOVL5,-0.7451308038967286
ELP1,0.5080717204657302
ELP4,-0.6119553439137073
EMC1,-0.3055954975256056
EMC3,0.4550431774348303
EMC3-AS1,-1.9723449686357737
EMC4,2.2838359442484775
EMC7,2.478971247660006
EMG1,1.4747035643621729
EMID1,1.7409339502551824
EMILIN1,-0.2123108381932027
EML4,0.21083009533494848
EMP3,1.9163991976946035
EMX1,-2.924622888886746
EMX2OS,2.7641062076157352
ENAH,-0.41819308405487887
ENC1,-0.8965558916107883
ENDOG,0.0283786923356907
ENHO,1.5803728741498102
ENKUR,0.6390492088506998
ENO1,3.4834834297363044
ENO2,0.7647566551740713
ENOPH1,1.2218217161552785
ENOSF1,0.37635175085592565
ENOX1,0.07358508270320897
ENOX2,0.07190343497634394
ENSA,0.7728200521188788
ENTPD6,-0.3859516789648744
ENY2,-0.720746172224763
EP400,-2.323792916379855
EPB41L4B,1.2956015852863756
EPB41L5,-2.578606350829286
EPC2,-0.39408865200178905
EPCAM,-0.17596595520968195
EPDR1,-1.302998951408526
EPG5,-1.2412064777737655
EPHA10,1.9371877958803396
EPHA3,-3.1611168695676217
EPHA4,-4.042433440517152
EPHA5,-4.270751249279487
EPHA6,0.3088279445919605
EPHB2,-3.098456876886037
EPHX1,1.1876809979128502
EPHX2,2.3635667485454537
EPHX4,1.2399805061953832
EPOP,3.2304525050203132
EPS8,2.53849064080909
ERBB2,0.744675605260691
ERBB3,0.15070662729208925
ERBIN,1.7890583234294064
ERC1,0.5504874027154838
ERC2,-0.32049330182927527
ERC2-IT1,-3.4548698312260595
ERCC2,0.6922376442625623
ERCC4,-0.23321608200394386
ERFE,-0.009775922940506561
ERI2,-1.9530390826177415
ERI3,1.6710989885509682
ERICH1,0.7227861128598864
ERICH2,1.1816427454342242
ERICH3,-0.9347246027127931
ERICH6-AS1,1.7165326627447803
ERLIN1,-1.2397918837314987
ERLIN2,0.5076525002930222
ERO1B,-2.9971666037188527
ERP29,-0.1511987412417159
ESYT3,-2.405704159669472
ETFB,4.037113591067307
ETFRF1,0.4557684400205165
ETNPPL,3.6035953545730726
ETS2,0.5695069955254918
ETV5,-0.45923099226461844
EVA1B,-1.0712318994888483
EVI2B,0.6219631891423144
EXD2,-2.5742889614737923
EXD3,-1.995510326307735
EXOC3L2,4.963146889447312
EXOC5,-1.8457903992804048
EXOC6,-0.8806824916138385
EXOSC10,-1.0503517606647919
EXOSC3,-0.826208010842121
EXOSC5,0.664835626698485
EXOSC9,-0.6001077287644655
EXPH5,-2.481216281949917
EXT1,-2.4462960984982574
EXTL1,-3.110962017742085
EYA1,0.7565674062735618
EYA2,3.34890195204759
EYA4,-0.8879945561605298
EZH1,-0.01678350097504167
EZR,1.987025807610202
F12,-0.03245940482597795
FABP3,-1.7419040460112658
FABP5,1.6801524435953532
FABP5P3,1.8816673272891649
FABP7,0.4972264520724665
FADS1,1.8254242690894922
FADS2,2.5293582363675466
FADS3,1.362440592767942
FADS6,-1.1484391564470489
FAIM2,1.6545429650681642
FAM102B,-0.8139675778810997
FAM107A,2.957597269726799
FAM110A,-3.404304204350114
FAM110C,-0.21548168095600723
FAM111A,-0.024165685582155767
FAM114A1,-0.4206806952381172
FAM117A,0.27688958757628906
FAM118A,-0.3698384263955386
FAM118B,0.3264217147506659
FAM120AOS,2.9847297328035194
FAM129B,2.003701169725765
FAM131A,-1.7545698811992498
FAM131B,-0.821272709850245
FAM13A,-2.8741434616656054
FAM149A,1.2140684563490238
FAM151B,-1.7778311841542707
FAM153A,-2.089595187970293
FAM155A,-3.5192549085436244
FAM160A2,0.13626863838149508
FAM162A,2.717335773817638
FAM162B,-1.2389060548075854
FAM163B,-0.43602218571120455
FAM167A-AS1,1.0504951784817103
FAM167B,-0.6664011348417307
FAM171A2,-0.02636086253016988
FAM171B,1.7527973760916544
FAM172A,-2.4409444447925437
FAM173A,-0.8837954887643515
FAM181A,1.0108364654718105
FAM181B,2.4115315461546953
FAM184B,0.6098910018994154
FAM187A,0.6323156747334648
FAM189A2,0.36294548279418315
FAM192A,0.7547537124342736
FAM196A,-0.33754216184140445
FAM199X,0.15415979051356482
FAM19A1,-2.0797694642656346
FAM19A2,-2.952527541577468
FAM201A,-0.537873608845306
FAM204A,-1.8124971574213753
FAM207A,2.023870105162198
FAM20A,-2.8354189569869694
FAM210A,0.632167156310405
FAM210B,-2.3432831144419373
FAM212B,-2.7290301762046947
FAM220A,-2.0914985134264894
FAM228A,-0.1790493025771198
FAM228B,2.4414365675335965
FAM234B,-1.3024718041383756
FAM241A,-1.7077351517916561
FAM241B,-1.7954434954056893
FAM27E2,-0.8086766521033071
FAM27E3,-0.6215301154364401
FAM32A,2.2050669334600306
FAM3C,-1.3351102023852015
FAM46A,-0.4252054217352513
FAM47E,0.47830435498541873
FAM49A,-0.5153324491054148
FAM69C,0.614376714379845
FAM71F1,-0.5543070606724336
FAM76B,-0.11576544159201466
FAM81A,-2.631051221605991
FAM84A,-2.363720586505295
FAM86B3P,1.204754302382252
FAM86C1,1.233322512036743
FAM86C2P,-1.1217955113641886
FAM86EP,2.400356449186058
FAM86FP,2.0042234244422725
FAM89A,2.7223135889856014
FAM89B,-0.44005425848317775
FAM92A,0.775454632661403
FAM98A,-0.08695844758806014
FAM98B,-2.180175088227732
FAM98C,0.6665404224291934
FANCL,0.007543161988866367
FAP,-2.226033823793359
FAR2P1,0.8936388191706229
FARP1,0.004556076481936659
FARP2,-0.9233199143005298
FARSA,1.7970626283738431
FAS,1.418123336160736
FAT1,1.6655950104113169
FAU,1.4619616664888653
FAXC,-0.5702556313129828
FBL,1.075179091354096
FBLN1,1.1333214053736191
FBLN2,0.42047092565771405
FBLN5,-0.3725299091871102
FBN1,-2.066911094419881
FBRSL1,-0.22245988037872794
FBXL12,-1.5587800800837401
FBXL15,1.2460070456855987
FBXL16,1.651925750378806
FBXL18,0.9924909435385938
FBXL2,-2.2370549593381464
FBXL20,-0.8453303936785111
FBXL4,-1.2863566492908967
FBXL7,-0.8142385137566488
FBXO15,1.677874416490048
FBXO16,-0.4143150010680136
FBXO2,1.9683634944605748
FBXO22,1.2604376059212434
FBXO25,2.2363503983232222
FBXO27,-0.7812737134712525
FBXO3,-1.6980620877727075
FBXO30,-0.8664263335042243
FBXO34,-3.141357245845434
FBXO40,-2.3558690473138806
FBXO41,1.0792373304489515
FBXO45,0.5923864510644952
FBXW2,1.3914907422753875
FBXW5,1.179695144134223
FBXW7,-0.919574025790441
FBXW9,-0.19315920230984265
FCGBP,1.5357622926017338
FCGR1B,2.6279697456760176
FCGR2A,0.19682233052600018
FCGR3A,2.9446934699008405
FCGRT,0.7899200236124041
FCHO2,-1.3529296948345733
FCHSD2,1.548086033079287
FCRLB,-1.8492612198615
FDFT1,-0.4677770694148192
FDPS,0.5894910710102435
FDPSP2,1.8324970758715284
FDX1L,1.9073777222964612
FEN1,-3.194824920960913
FERMT1,2.4957624915206913
FERMT2,1.863770118706152
FEZ2,1.2362111887199647
FEZF2,-1.4560733449926904
FGD3,0.6789116852035088
FGD4,0.9433831562999316
FGF12,0.16258318700919133
FGF14-AS2,0.4207202295527943
FGF17,-2.793446352285383
FGF2,2.4462819537855918
FGFR1,-1.16750913650606
FGFR1OP2,-2.140852408289612
FGFR3,2.860018494940291
FGGY,3.8276923171697566
FGL2,1.7658670898049873
FHL1,-2.4105144669824323
FHL2,-3.3727260067260016
FHOD1,3.0503231072812746
FHOD3,-0.5419749751570003
FIBIN,2.671757323858439
FIBP,0.8386401356497274
FIG4,1.3106881132912822
FIGN,-1.834869754119631
FIGNL2,0.1091674766115868
FILIP1,-0.43188211480066685
FILIP1L,-2.5517757901458586
FIS1,2.1571816018095973
FJX1,1.0898910670878248
FKBP14,1.080136163775441
FKBP1A,0.030750774569623253
FKBP1B,1.7317493364214165
FKBP3,1.928091277853357
FKRP,1.5534621902768417
FKTN,-2.0957473357653353
FLAD1,0.47738426391818106
FLJ33534,-0.023627824513019792
FLOT1,0.19534258746665462
FLOT2,0.39595560456553935
FLRT1,1.3242144384759633
FLRT2,-0.6850082028569213
FLRT3,-4.111476453947681
FLVCR1,-1.6264459666225075
FLVCR1-AS1,1.533744625362271
FLYWCH2,-2.4413027571303045
FMNL1,-1.4000047264260969
FN3KRP,1.2215076994126093
FNBP1L,1.691615912125023
FNDC11,-0.5467901105977439
FNDC3A,-0.11628330595412574
FNDC3B,-1.6246042286547093
FNDC9,-2.0773444767722595
FNIP2,-0.8426121995490381
FOLR1,0.8928384929449187
FOLR2,1.705724077505768
FOSL2,-1.7203287735643837
FOXF2,0.4552029108996581
FOXG1,-0.7477762944370873
FOXN3-AS1,1.2194465609560536
FOXO1,1.3177515294147193
FOXRED1,0.5869159288692957
FOXRED2,-0.4293290865664563
FPR1,1.535200281915024
FREM3,-0.28070542184784214
FRMD3,-1.6360715936518995
FRMD6,-0.21717601602289455
FRRS1L,-2.145253803058249
FRZB,-0.8588791633423701
FSD1,0.2227749848853724
FSIP1,1.2523702173002167
FSTL5,0.8835669122670022
FTH1,3.537057684519993
FTL,3.036978856648213
FTO,-0.6370025920126532
FUBP3,-2.004753590571494
FUCA2,0.16155793847313923
FUNDC1,0.6866728867078165
FUOM,-0.5401905214008594
FUT9,0.9021221970335144
FXN,0.553907035564553
FXYD1,2.6968430921241446
FXYD6,2.6444369651128357
FXYD7,-1.7797998087550835
FYB1,1.3819284946304937
FYCO1,2.8150965037358047
FYN,0.1839563083995341
FYTTD1,-1.8157942074338247
FZD1,0.8679237418644132
FZD2,1.7972341641017346
FZD3,0.342052936941445
FZD7,0.22560493867057857
FZD9,-0.14200221729841103
FZR1,-1.0615126532945534
G3BP1,-2.0383587339548566
G6PD,0.031423303764144914
GABARAP,0.2650810013745531
GABARAPL1,1.4621431810297782
GABARAPL3,1.2212534834239552
GABBR1,3.001217813536926
GABBR2,-2.0692361447115943
GABPB1-IT1,-1.7197720229190727
GABRA2,-0.3569909751399435
GABRA3,-0.1660690675639913
GABRA5,0.45135312632900704
GABRB1,0.8376255132022489
GABRB2,-2.0347765364343235
GABRB3,-1.523200895054133
GABRD,-0.21710473635488295
GABRE,-0.12479890696670985
GABRG1,0.4000465522766916
GAD2,1.3818147801311405
GAL3ST4,0.3338857853690944
GALK2,-1.5294523703549459
GALM,1.27549119213386
GALNT10,-0.17301126133407688
GALNT11,1.8470059483847756
GALNT14,-1.6242555741193703
GALNT17,-0.34176154927661045
GALNT7,-0.22773362259319105
GALNT9,-1.3730271256545723
GALNTL5,1.7095805027673927
GALR1,-2.651765590442151
GAMT,-0.8679429245191619
GAP43,2.1007350837397314
GAR1,3.1754683489621622
GAREM2,2.4312025672710207
GAS7,0.4182055239176346
GAS8,-0.8531144223940152
GASAL1,-1.5487476637112112
GAST,0.08048111707962062
GATB,1.8259511841071672
GBA,1.607617178507293
GBA2,1.733131301610037
GBAP1,0.36087463944968734
GBF1,0.28363236731821595
GCC2,-0.6954378210382043
GCNT1,0.6903730522146485
GCNT4,-2.2022155395940324
GDA,1.3618658910303194
GDAP1L1,1.6981362599724945
GDF11,0.6693319525490412
GDPD1,0.5578782414811638
GDPD2,2.086052253352287
GEMIN2,0.6684035826362336
GEMIN5,-2.339042020076443
GFAP,3.302227153143932
GFOD1,-2.698237519333619
GFOD2,-0.8206036855594058
GFPT1,0.9075370414882609
GFPT2,0.04144636900144699
GGA3,-0.2229281938441191
GGCT,1.6316318889800348
GGCX,0.5579149481866011
GGN,0.2770355073968888
GGNBP2,2.427772892461876
GGT6,0.3985406448466959
GGT7,-0.4726183992721637
GGTA1P,4.458523241074513
GHR,-1.1017087241058012
GID8,-1.3645689989621181
GIMAP2,1.1948284674836924
GINM1,0.26099071367445437
GINS2,0.5683741689525842
GINS3,-0.6132145390753588
GJA1,1.0156887760659377
GJB6,1.127287709023746
GLB1,0.5535314574126374
GLDC,0.5991025557147535
GLG1,0.7507883787527797
GLI1,0.2121685112967385
GLI3,1.8002233909920138
GLIPR1L2,1.0063413753433426
GLIPR2,0.624310527945987
GLIS1,-2.5726956972210595
GLMN,0.7896456972638138
GLMP,-1.0191740643193323
GLOD4,-0.0776210330308525
GLP2R,1.6952566813009948
GLRA2,1.2452262397811098
GLRA3,-0.6481770652635052
GLRB,-1.697865841177006
GLRX2,1.2141195003734402
GLS,-3.2612249862782496
GLT1D1,0.5331656240491663
GLT8D2,-0.8052308867757468
GLUD1,0.801289944634168
GLUD2,1.134555498903352
GMDS,-1.2995792803616506
GMFB,2.0002912828028676
GMFG,3.474996349278581
GMIP,0.0375418804365565
GMPPB,-0.07238299205815375
GMPR2,1.9606504229520303
GNA11,-1.0585750478309426
GNA12,2.1058391161059724
GNA13,0.7384406792528788
GNAL,1.7264636501129413
GNAQ,0.5017186439990048
GNAZ,-1.2189526144651823
GNB1L,-1.7627982698444091
GNB2,2.145234622116579
GNB3,-2.437633027983039
GNB4,0.9676954053844323
GNB5,0.41382784803863804
GNG10,-0.5622491799143986
GNG12,2.13359829320478
GNG2,-0.3730337800679004
GNG3,1.8222077582491225
GNG4,1.8817791955929903
GNG8,0.1518433716792963
GNPNAT1,-2.5133224231835753
GNPTAB,-0.4810053599447016
GNS,-1.0592740153370057
GOLGA2,1.8984689424386882
GOLGA6L17P,-0.8113532924075135
GOLGA7B,-2.070864079744982
GOLGA8A,-2.985014638371998
GOLGB1,2.1892295727752917
GOLM1,2.3944869318461577
GOLT1A,1.182745019962556
GOT1,0.20653129870074496
GOT2,-0.17199253193764447
GPAM,2.2642244686928112
GPATCH11,-1.3562363952955472
GPATCH4,3.1475502661540156
GPATCH8,-0.907112200863388
GPC4,0.6251103776951757
GPC5,2.565927818025881
GPC6,2.876806986187893
GPD1L,-0.21287612595808564
GPD2,-0.15099402868236567
GPHN,-3.2510411046488104
GPI,1.4262308168290063
GPKOW,2.01530512696361
GPLD1,-1.959387276318354
GPM6A,-0.2509809329990063
GPM6B,0.6867596594246625
GPNMB,1.0431835416365451
GPR107,-0.2837828990392112
GPR137,1.1427557555986863
GPR137B,1.203899471516198
GPR143,3.1329665317688695
GPR149,1.1111743108340921
GPR155,-0.7602320317453526
GPR162,-0.9837363173516984
GPR171,0.48033749826713784
GPR183,0.044372001538297005
GPR19,-2.304018344364759
GPR22,-2.4904070682513444
GPR26,-1.1505389121842893
GPR34,2.158681420346532
GPR39,-0.9779386812025366
GPR52,-0.8822372893636485
GPR6,-0.653210242408404
GPR61,-2.482131572642457
GPR68,0.7613387251416268
GPR88,0.2386771090165531
GPRASP1,-0.46911485394674807
GPRC5C,1.2869515164914669
GPRIN1,-2.054006733171704
GPRIN2,0.5530808146258884
GPS1,1.716813893945113
GPSM1,0.30669526823991106
GPSM3,-0.5082546229520464
GPT2,2.9503061202077716
GPX1,0.5123748129368363
GPX7,-0.6325295426351171
GRAMD1B,-3.23930051720061
GRAMD1C,1.3273956542542642
GRAMD2B,0.2750734954568864
GRAMD4,-1.0808324836212206
GRASP,0.430837777849778
GRB10,1.111224025750306
GRB14,0.6254102405291841
GREB1L,-1.9126263932135823
GRIA1,-0.16800137718474964
GRIA2,-2.973427249829168
GRIA3,-2.336158601110993
GRIA4,-0.9065297231675514
GRID2,2.2828554848506695
GRIK1,-1.8206936450970688
GRIK2,-1.1502976280215131
GRIK3,0.28059090011821974
GRIK4,1.3638549364470465
GRIN1,-0.45374382687408726
GRIN3A,1.2035483485058127
GRIP2,-0.46134546932567777
GRIPAP1,0.1189928635789014
GRK2,-0.5645555927146665
GRK3,-1.7677455813094578
GRK5,0.09829355337363802
GRK6,-0.4238075462425674
GRM1,-0.8508072581658558
GRM3,1.3596291290097322
GRM5,-2.174133784219861
GRM8,-0.0604463745702504
GRN,-0.06742084382073373
GRP,-1.044088162442627
GRPR,-1.9166520734289603
GRSF1,1.36162516965992
GS1-124K5.11,0.7586360097630998
GSAP,-3.6086559838284527
GSDMB,-2.8846776202564066
GSDME,0.3120639134412179
GSE1,-1.0710072232213512
GSG1L,0.5846205693904822
GSK3A,-1.8115401546995198
GSK3B,-0.2285388140301088
GSKIP,1.6376443390012507
GSPT2,-1.070252719155946
GSTA4,1.1691811373005303
GSTM1,1.8733179800493645
GSTM2,2.456050901359347
GSTM2P1,2.380921814009915
GSTM3,2.2732689056097755
GSTM5,2.391165392085994
GSTP1,1.9549416572537177
GTDC1,0.11402358655148226
GTF2F2,0.7723032074431506
GTF2H2B,-1.265369383833266
GTF2H4,-0.888113748083232
GTF2H5,2.0267727172691603
GTF3C6,4.032667026176614
GTPBP2,-0.5743324966803065
GUCA1B,0.8469908094049365
GUCY1A1,1.1551872145810496
GUK1,2.1222209217193666
GULP1,1.558817208800747
GXYLT1,-1.4770045203289686
GXYLT2,2.5789754811216263
GYG2,0.9966768049665636
H1F0,-0.49485282556749305
H1FX,-0.9620139878259166
H2AFJ,-0.7455864606462117
H2AFV,1.8707766840850022
H2AFZ,1.0599129648659982
H2BFS,0.06472939885937712
H3F3C,1.1577918828381537
H6PD,-1.0433015845073912
HAAO,-3.1748239813398347
HACD1,1.437430326460772
HACD2,-2.820802410884467
HACD4,2.10191604486159
HACE1,0.2976985290623343
HACL1,-0.10642708488583193
HADH,1.528241246812698
HADHB,1.473579568385899
HAGH,1.2733269722241536
HAUS3,-2.5649461994606932
HAVCR2,1.0777413517835057
HBQ1,0.9454600914053148
HCFC1R1,-0.22942864046180034
HCG23,0.9685355191640034
HCK,0.7896545488964171
HCLS1,1.1662935955839508
HCN3,-0.3194947286475171
HCN4,0.6131081847227333
HCST,1.567465899157038
HDAC1,0.43171465131021997
HDAC10,-1.319183232233784
HDAC2,-1.8078969051909715
HDAC4,-2.6459000254022715
HDAC7,-2.6326835100580324
HDAC8,-1.60338482166227
HDAC9,-0.8352394966893063
HDC,-2.672813910276795
HDGF,1.0312938781551078
HDGFL3,0.2708432900336841
HDHD3,-0.5592170674399117
HEATR3,-1.6852650460437821
HEBP1,0.9544786058049375
HEBP2,0.5178696849199552
HECTD2,0.3441861829000243
HECW2,-2.775114956771221
HEPACAM,0.7580145387357224
HERC1,-0.9377903628322556
HERC2,-0.4073177129721014
HERC5,0.6642351012493793
HERPUD1,-1.5631799727288604
HES1,0.8859169633557331
HES4,1.7617544782567165
HES5,2.308391947204383
HEY1,-0.5810142025311928
HEY2,0.31135375958972605
HEYL,2.0550172340600685
HGD,-1.1298058515189862
HGF,-0.85126477289536
HGH1,0.1641443545779989
HGS,0.3765124602880811
HGSNAT,-2.266511129176621
HHEX,-0.3272993507727174
HHIP-AS1,-1.1377011304447633
HHIPL1,-1.1521160430285329
HIBCH,0.21057006915236023
HIC2,-0.31340187713459644
HIKESHI,1.5842831074218267
HILS1,0.8865704887396545
HINFP,0.3342672772094879
HINT1,2.576370781711988
HIRA,0.47048734661341957
HIST1H1A,-3.042965025902495
HIST1H2AD,-0.16055550700680632
HIST1H2AG,-0.9060303099554744
HIST1H2AK,-0.7483471763608259
HIST1H2AM,-0.28626975662011134
HIST1H2BB,-1.1241487780820918
HIST1H2BE,-0.9767156597517405
HIST1H2BF,-1.0046761769092876
HIST1H2BH,-1.2429645956142785
HIST1H2BK,1.3331321974201948
HIST1H2BL,-1.0156298926483602
HIST1H2BO,-1.0506833836727703
HIST2H2AC,0.06629905772561646
HIST2H2BE,0.4536066316027204
HIST3H2A,-0.3125464165887995
HIVEP1,0.5112962330207619
HK1,1.1101482601811785
HK2,0.512355848731563
HKR1,-0.3410024110779151
HLA-C,1.1498062201843795
HLA-DMA,0.7213129011563357
HLA-DMB,1.9560719450094375
HLA-DOA,2.4336399865391796
HLA-DPA1,1.998928737885905
HLA-DRA,2.6865243672993233
HLA-F,1.0922072647043648
HLA-G,1.0779121498081596
HLA-H,1.991801877110666
HLCS,0.9657163215997687
HMG20A,0.11942286598369178
HMG20B,0.566935966867641
HMGA1,1.9916787715562851
HMGB1,1.8434799544948552
HMGCR,-1.6882116485030285
HMGCS1,-0.8449788279084551
HMGN1,-1.2105661034296382
HNMT,0.7264141522219694
HNRNPA3,0.5565499941823395
HNRNPA3P1,-2.7536725277180034
HNRNPC,0.967795054270091
HNRNPU,-2.28362355801119
HNRNPUL1,-1.2276930613003902
HOMER1,-0.8527427652744483
HOMEZ,0.045514057523078716
HOOK2,-0.25496352870224365
HOPX,0.5306209188674492
HPCA,-0.8798684445231979
HPCAL1,1.0000047047463247
HPCAL4,0.34838622251262014
HPGD,-0.030188200949023608
HPGDS,-0.28582912431807056
HPRT1,-0.8540349169897203
HPS4,2.1209484518866257
HPS6,-0.48707583885205613
HRAS,3.377939917489599
HRASLS,2.399114769054399
HRH1,1.6338298883861098
HRH2,-1.046697064193457
HRK,-1.5858914139595583
HS2ST1,1.989876954710078
HS3ST2,1.2448583902869124
HS3ST4,-1.098097711230042
HS6ST1,-0.42896785017964256
HS6ST3,-1.9026069593447494
HSBP1,3.546039237440346
HSD11B1L,0.7010179401157426
HSD11B2,-1.6855476712471957
HSD17B10,1.5410669219808595
HSD17B11,-0.41458281077859954
HSDL2,2.4504025220916668
HSF2,-1.13056119157376
HSP90B1,0.5691638536564284
HSPA12A,-1.1449708451008447
HSPA4,-1.3466135897023592
HSPA6,-0.8043497024040734
HSPA8,2.0491417103098475
HSPB11,2.294307221887777
HSPB3,2.799301063675214
HTR1A,-1.6871863867230183
HTR1F,-1.231857044969487
HTR2A,-0.7218420351010345
HTR2C,0.22170418719828175
HTR4,-0.18475061528860307
HTR5A,0.49713325602695196
HTR7,1.293532490124403
HTR7P1,0.9857370782803913
HTRA2,1.365611703490006
HTT,-1.6702965308978066
HUNK,-2.8898601772616015
HYAL3,-1.3681696962232675
HYDIN,-0.03207849034988762
HYI,1.6487973101405067
HYKK,-0.7522381249351796
HYLS1,-2.1911210216584434
IARS,1.3687343308425983
ICA1,-3.0454510192720856
ICA1L,-2.0916794165651256
ICAM3,1.5766227641193147
ICAM5,-1.0987491986560753
ICE1,-0.8085036835286451
ICK,0.20224384941605353
ID2,1.4924242396660687
ID4,0.7348699495330193
IDH1-AS1,2.219317788119702
IDI1,1.4584643338851653
IDNK,3.060774807158219
IER2,-0.7925314985053162
IER3IP1,0.03610669093251406
IER5,-0.918587241784017
IER5L,-0.46577913098363194
IFFO2,-0.07198266140571118
IFI16,0.38724919233351374
IFI27L1,0.9036848345491263
IFI27L2,1.8968219263463773
IFI30,1.642714417552435
IFI44,0.8537705448618801
IFI44L,0.8674148509903469
IFIT1,-0.5950164732210523
IFITM10,0.8061824924458499
IFNGR1,-0.2545694718404616
IFNLR1,-2.195330751994484
IFRD1,-2.706723857093599
IFRD2,-1.6519089209505617
IFT122,-1.0236491030362216
IFT172,-2.4380431517344245
IFT22,1.8625990235323684
IFT52,-1.9292901541102752
IFT74,-0.7929875451832062
IFT81,-2.089737622458179
IFT88,0.153003192952958
IGBP1,1.980883634187669
IGDCC3,-4.439010498470214
IGDCC4,2.7400202327845657
IGF1,-1.2385181173153563
IGFBP3,-3.0711830149323647
IGFBP5,1.08058148395387
IGFBP6,1.1330772100200461
IGFBPL1,0.41576677348204527
IGFN1,1.4989273670441376
IGHMBP2,0.2843598117449955
IGLON5,-0.36394761033131273
IGSF21,-1.201432746206955
IGSF22,-0.04625319033368882
IGSF3,-1.2641689635637658
IGSF6,1.1638800857436848
IGSF8,-1.5444818731656955
IKBIP,0.5927783658460584
IL12RB2,-2.5120655016909783
IL13RA1,1.9010760740306492
IL13RA2,-0.26399836427733464
IL17D,4.013660948125139
IL17RA,-0.5841827001652478
IL17RB,2.4814665866464156
IL17RD,-0.05474662376750202
IL1B,0.757351210946968
IL1RAPL2,-2.7244750357211225
IL27RA,-2.2193900969866376
IL33,2.5318593721280136
IL34,0.49684302279305087
IL3RA,0.01807311355274705
ILDR2,-2.2032462077397277
ILF3,0.48397455645678145
ILVBL,-0.8055613047497401
IMP4,2.678527604940286
IMPA1,-1.5023751130101475
IMPACT,3.081753403644925
INCENP,-0.3855770169511481
ING1,0.0845202047737868
ING2,0.6655562648160058
INHBB,2.3108372505520163
INPP4A,0.7876120599457278
INPP4B,-0.48383764365491067
INPP5E,-1.4924083756263191
INPP5J,-0.8250009230708854
INSM1,0.21633630042285076
INTS10,0.06720177436131096
INTS12,-1.198571136977554
INTS14,-1.499187940202935
INTS4,0.01777474097734829
INTS6,-2.928275537155832
INTS6L,-1.8863889868441852
INTU,0.4599674139272064
IPO5,-1.7380173139700448
IPO5P1,-0.14327234502992126
IPO9,-0.8959452490709432
IQCA1,0.8526383080863683
IQCB1,-1.473329916722298
IQCE,1.4270438172827757
IQCG,-1.0462950697071705
IQCJ,-2.8494410859966357
IQCK,1.778071725597929
IQGAP1,-1.1485003045284727
IQSEC1,1.3545200044543793
IQSEC2,-0.3893203984951924
IRF2,-1.6105250359946015
IRF2BPL,-0.8923909280019227
IRF5,0.9897622341367053
IRF7,0.8527134424916302
ISG15,0.2835819569575331
ISLR,-1.2634722940976206
ISLR2,-0.636553361030105
ISM1,-0.8737355355494533
ISOC1,0.4010467809524988
ISYNA1,1.6279593418756546
ITGA5,0.3344183428627354
ITGAX,1.2154260549787215
ITGB1BP1,4.503249033783858
ITGB2,2.6771078685876786
ITGB7,1.2682349969097033
ITGB8,1.6058508569897274
ITM2C,3.033222539192017
ITPK1,-3.011617816668522
ITPKA,-1.5176934081705926
ITPKB,0.8491615571787424
ITPKC,-1.999878396438482
ITPRIPL2,1.4825810317397494
IWS1,-1.3357562257284858
JADE1,-1.4977643745749738
JAG1,-1.8385161466718423
JAK1,-2.893213680991591
JAKMIP1,-0.009285804960785824
JAKMIP2,-1.4091086473609966
JAZF1,-0.7341716136140889
JCAD,-2.583804776830099
JMJD1C-AS1,-0.9779339651145642
JMJD4,0.011998660037918774
JMJD7,-0.861722188924479
JOSD1,-0.5548415833446569
JPH3,0.1467703120989796
JPH4,-0.8248829629148761
JPT1,0.5132871285230166
JRK,0.029976234760091907
JTB,1.860478527327488
JUP,-0.9562275531979947
KANK1,1.8859795152708578
KANSL1L,0.37677020847508097
KANSL3,0.33614308433565304
KAT14,-0.0748273650708584
KAT2B,0.8682025850864671
KAT7,0.7103931024902338
KATNAL1,-0.32869419653983767
KATNB1,0.19242804220795293
KATNBL1,-0.8349511507453854
KBTBD11,0.4578783255604912
KBTBD12,-0.5605768955016723
KBTBD3,-2.8652418911790805
KBTBD4,0.03796684702364712
KBTBD6,-1.304911560098508
KBTBD7,-0.845780046704863
KCMF1,1.5238158773911685
KCNA3,-0.279444400359815
KCNA4,-1.3159326250244259
KCNA5,0.03889647588931303
KCNAB1,-0.1824840066148321
KCNAB2,-1.6109337707277434
KCNB2,-2.1205134579280887
KCNC2,-0.8726891539788908
KCND3,-2.553867252873868
KCNE4,1.6881718304931093
KCNE5,1.2054417303312692
KCNF1,0.15549762448239435
KCNG1,0.2676581110167714
KCNG3,-0.6556363861027595
KCNH1,-1.9683318644298353
KCNH3,-3.0024542185227645
KCNH4,-3.4838140824841677
KCNH5,-2.7091047411634617
KCNH7,-0.8883187892028792
KCNIP3,-0.35723350058258885
KCNJ10,1.3637626771890177
KCNJ12,-0.23252654589298985
KCNJ3,-3.1405748537577174
KCNJ4,1.088287052656247
KCNJ6,-3.731895176341432
KCNJ8,1.844355130793152
KCNJ9,-0.3894497074190865
KCNK1,-1.1683260053726012
KCNK10,-1.4976792322374868
KCNK12,-1.4502101218897763
KCNK2,2.0764971899708202
KCNK3,0.11287957440241625
KCNK6,-1.2731985007611704
KCNMA1,0.4227429221013484
KCNMB2,-0.3089240487512783
KCNMB4,1.4641139605716593
KCNN1,-1.039010377042545
KCNN2,-1.8617396409545521
KCNN3,2.5905303563238213
KCNQ1,2.3266301829127407
KCNQ2,1.0276602637795635
KCNS2,-1.3740113810413215
KCNS3,-0.5598521655093956
KCNT2,-1.9111816096493206
KCNV1,-0.818669218917591
KCTD10,0.003500136875783784
KCTD12,2.2023847399342333
KCTD15,1.5558897883001064
KCTD16,-3.4195199377632397
KCTD21,-0.9396853707505599
KCTD3,-0.9949569381081221
KCTD4,-0.16314589860929174
KCTD6,-0.6730014653856603
KCTD8,-1.675361814907524
KDELR1,-2.2197369742433257
KDELR2,-0.7323609089401043
KDM1B,-0.7528900347750377
KDM2B,0.02850917441571724
KDSR,-0.4265130209151627
KHDC1,1.5539163858238987
KHDC1L,1.6118288632280104
KHDC4,-0.797320072524261
KHDRBS1,1.2325656701456051
KHDRBS2,0.058912935677382025
KHDRBS3,-1.3037972293212514
KHK,0.7208585114687674
KHSRP,-2.803683689467091
KIAA0319,-1.5825948826852254
KIAA0368,-0.26817717278324193
KIAA0513,-0.17135509568682225
KIAA0586,-2.7645023438698724
KIAA0895L,-1.0375214144242193
KIAA1024,0.7806296206301865
KIAA1211,-0.5115793839773788
KIAA1211L,-0.8789683601247793
KIAA1217,-3.155352715338563
KIAA1257,-1.4669992327331134
KIAA1324,-2.1619766496596187
KIAA1328,-1.173463347088119
KIAA1522,-0.5977586467921009
KIAA1549,-1.2433765837424133
KIAA1549L,0.1197244516340506
KIAA2013,-0.9355316511161762
KIF17,0.8642828859724212
KIF1A,2.319756157663066
KIF21A,-1.4609509879511864
KIF21B,0.5609935137271589
KIF22,-0.7744741366582182
KIF27,-0.33989994362631876
KIF2A,-0.15159791365675798
KIF3A,0.6821320125501336
KIF3B,1.9647562771042828
KIF3C,-0.7191175580155644
KIF5A,0.15076869729956152
KIF5C,0.14646992212234672
KIF9-AS1,-0.04824605555003335
KIFAP3,1.1498367716144746
KIFC2,-1.3455270362200973
KIRREL1,0.9084595046682401
KIRREL2,0.3136857090550355
KIRREL3,0.5461210202442612
KIZ,0.6061732859594751
KLF10,-0.26523329300631965
KLF11,-1.6547679924633054
KLF13,-3.1247044732919553
KLF6,0.5718985753235541
KLF8,1.5745755267686081
KLHDC2,1.1045063768528114
KLHDC3,1.231992393084596
KLHDC8A,0.9185273150721766
KLHDC8B,0.9408833891103363
KLHDC9,1.6393892642354566
KLHL1,1.6774007406423848
KLHL13,0.695532826624789
KLHL18,0.05624402894786
KLHL2,-1.0461580164637307
KLHL22,1.0954207264195912
KLHL35,0.5905395326470476
KLHL36,-1.3915071703545043
KLHL42,0.25245445650520665
KLHL5,0.5113720776527683
KLHL8,-1.146694033329625
KLK10,-0.23508804441010978
KLK5,-0.43117769524859745
KLK7,1.3633890758602192
KLKB1,-0.4592800963517139
KLRC3,1.959490026869727
KLRG1,0.43940539232526016
KMT2B,-1.013329162799022
KMT2C,-1.6416256730571772
KNDC1,-2.789776237355213
KNSTRN,-0.34173995085298875
KPNA2,-0.3940494478451525
KPNA4,-1.1348581217117581
KRAS,1.2190391819236996
KRBA1,-0.7152293281030572
KRBOX4,0.4237866561350554
KRT14,-1.0369940986820512
KRT17,0.02524164368245548
KRT19,1.9478227984906606
KRT86,-0.9931213529103007
KRTAP5-6,-0.4186850977052718
KRTCAP3,-1.924083317394056
KSR2,-3.0782730603736743
KTN1,-1.371948567843886
L3MBTL4,0.6610560916480482
LACTB2,2.567693873536294
LAGE3,1.7142936352222191
LAMA1,1.2266127633139599
LAMA3,-1.7739777435140858
LAMB1,-1.0188173441271593
LAMB2,1.461780800226671
LAMB2P1,0.3449572486281071
LAMB3,0.8965810301485913
LAMP1,-0.9131681822711861
LAMP5,0.5021658223500083
LAMTOR1,0.9088310143945623
LAMTOR3,1.4674918951534859
LAMTOR4,-0.17098198822511781
LAMTOR5,2.8235208173203055
LANCL2,-1.3173140312622043
LAPTM4A,1.7197515133251666
LAPTM5,3.187023835657432
LARGE1,0.2129736441861319
LARP1,-0.6998761371119454
LARP1B,-1.5423017853887568
LARP7,1.2015426679289838
LAT2,2.0308653754561057
LBH,-0.023272105873796158
LBR,-0.16812653061021854
LCLAT1,-0.9294238459649891
LCMT1,1.270777060577266
LCN12,0.004979717238254752
LCN15,-1.373766998165701
LCP1,2.6304113657853834
LCTL,1.087913231279673
LDAH,-1.8066721273425241
LDB2,-3.7268450665434285
LDHA,1.5682031370616103
LDHB,2.7292865448986383
LDHC,1.348071754133528
LDHD,2.7553587696139
LEF1-AS1,-0.6237021615120922
LEPROT,1.2331169106997564
LETMD1,0.8533901455581362
LFNG,1.9394034243754414
LGALS3BP,-0.5909226869069223
LGALS9C,1.6752033380154914
LGI4,1.396690541723429
LGMN,-0.6829031063759602
LGR4,0.9749197098062591
LHFPL2,0.7072065193492585
LHFPL3,3.1428121932363275
LHFPL4,-0.7942792060911228
LHFPL6,1.700701053766364
LHPP,0.4941247681977078
LHX1,-2.1392287404417494
LHX2,0.3583922570997975
LHX6,1.48202931024638
LHX8,-1.282441624815181
LIFR,0.5902244384491487
LIFR-AS1,-0.16857485962479352
LILRB4,2.005596364764271
LILRP2,0.19095503239791917
LIMD2,-1.9646458672368745
LIMK1,0.5469683115346351
LIMK2,0.5113775317374111
LIMS1,1.8829533142615855
LIN7A,-3.505364367860575
LIN7B,0.6925368704486978
LIN9,-2.0085757485175812
LINC-PINT,-2.1290844452191466
LINC00158,-1.5041127960400582
LINC00260,-0.10487449536441239
LINC00294,1.4225285670456347
LINC00319,0.4757488822923241
LINC00320,1.2060381988788484
LINC00467,0.26832628299500083
LINC00473,-3.1143094872533434
LINC00476,-2.183633733262279
LINC00484,-0.6256645186511965
LINC00507,-0.6714283608681153
LINC00622,-2.5411478085747756
LINC00632,-2.6719562356618107
LINC00643,-0.8646077564523063
LINC00672,0.892553929312127
LINC00839,3.0957158520587056
LINC00886,1.9009084261629252
LINC00900,0.41788946119481396
LINC00950,-1.731218360627642
LINC00965,-1.0581552770645737
LINC01011,-2.0525058529530833
LINC01088,0.8061265357450054
LINC01089,-1.963035369844654
LINC01094,1.9966523404894632
LINC01105,0.627638564408102
LINC01106,-0.5758504442676458
LINC01116,-0.5419345632120204
LINC01128,-3.1567794255611004
LINC01140,1.4847909474853445
LINC01197,0.3069427713916832
LINC01296,1.4216437877052022
LINC01315,1.8788345404669298
LINC01485,1.2922119640872856
LINC01547,-1.2034026799935031
LINC01551,0.7848000041355864
LINC01664,-0.18596093260844865
LINC01736,1.9556979763617264
LINC01750,-0.00891501829187419
LINC01792,0.23479017489335002
LINC01963,1.7054849401684087
LINC02076,0.9278515137903671
LINC02210,-1.922376732796836
LINC02217,2.1675624639585207
LINC02361,-0.13414181315095164
LINC02381,0.8579591798508732
LINC02482,2.1502999925541597
LINGO1,-1.5626243070994823
LINGO2,-3.6669901366755413
LINGO3,0.6844712893928735
LINS1,-0.8387598352022736
LIX1,2.953012307940982
LIX1L,1.5067064831053962
LMAN1,-0.8142606470809337
LMAN2L,0.28846605099920236
LMCD1,0.40687739658804684
LMF1,-1.264229752448653
LMNA,-0.8192688024702012
LMO1,0.2720007838230793
LMO3,1.3079327060696364
LMO4,-0.26508927957218015
LMO7,-2.361919001470447
LMTK2,-1.0259111427211636
LNP1,-0.043333356340065646
LNX1,-2.4214754789922353
LNX2,-3.2416029115146645
LOC100129291,-1.3163718074556823
LOC100233156,-0.681428811331931
LOC100240735,2.5032178545811865
LOC100289230,-0.6757061694092709
LOC100505915,-1.2079101088664557
LOC100506271,-1.2037975176796667
LOC100507351,-0.9664645131575142
LOC100996385,0.9077765938125686
LOC101928087,-2.198340247930552
LOC105372480,2.649725998447622
LOC105373383,0.31994537374282145
LOC105376360,-1.6511346086672116
LOC285097,1.9179616416017222
LOC389834,-1.7564539235400516
LOC389906,-2.1124411683855175
LOC390705,-0.06434070545055842
LOC440084,-2.729168535962966
LOC440300,-0.6488316318052121
LOC441052,1.1654072848944845
LOC441666,0.4337789346730001
LOC642929,-2.7069546965963203
LOC728024,-2.4829971641138777
LOC728715,1.1736381138796605
LOC729683,-1.5492549215013172
LOC729737,-0.1088932852998077
LOC729930,1.2942281787099816
LOH12CR2,1.9442284047076195
LONP1,1.7389584034699546
LONRF2,-0.0715850250893147
LOR,-0.5461713571533243
LOXL1,1.840643499796864
LOXL3,0.7808738094043066
LPAR6,2.3188828802694674
LPCAT1,-2.4246390028584566
LPCAT2,1.6037212523648776
LPIN1,-0.9977897381403965
LPP,0.7289490472121951
LRCH2,-0.8489350574818249
LRCOL1,-2.6657050076734574
LRFN2,-2.168451177884799
LRFN4,-0.49621250451217713
LRFN5,-4.053700079190271
LRMDA,2.258577047649186
LRP10,1.9234482148420533
LRP12,-1.0418717910601352
LRP1B,-1.0942905030184598
LRP4,0.0457951435412971
LRP8,-1.57032359792396
LRPAP1,-0.2012107880399592
LRRC14,0.44792148234081125
LRRC2,-1.159976729198871
LRRC20,1.029233061310941
LRRC28,-0.9307665388100325
LRRC34,-1.051602848659307
LRRC36,1.9474017712691079
LRRC37B,-1.5875621789519483
LRRC3B,2.2128030899968385
LRRC4,-1.362166626053517
LRRC40,-1.1829621213430546
LRRC46,-0.8846967885234118
LRRC4B,-1.6165257355640241
LRRC4C,-0.7934988212545732
LRRC56,1.0198051182067023
LRRC57,-0.4598480602314528
LRRC61,-0.5686353661220327
LRRC7,-1.3966547537404994
LRRC73,0.6974461136553167
LRRC75A,-1.4481313347255533
LRRC75A-AS1,1.388293459224294
LRRC8A,-2.055481277347165
LRRC8B,-0.40722376323584614
LRRC8D,-2.4116960073911384
LRRIQ1,-0.2803570776727355
LRRK1,-0.46146398124135984
LRRN1,1.0425046868900991
LRRN2,0.4605980066931725
LRRTM1,-1.0923086283652843
LRRTM2,-1.850392509285637
LRRTM4,-0.23235735983911446
LRSAM1,0.6329269652942778
LSAMP,-1.0523462124571312
LSM10,1.8524717287243808
LSM11,-0.4276828562991457
LSM14A,-0.420919733909189
LSM3,2.2639855363562362
LSM4,1.3049674150571864
LSM7,1.4525595186796094
LSP1,-0.5737701930703546
LST1,1.762985532293167
LTBP4,-1.3885973951544521
LTC4S,0.539312934914132
LTK,-1.2394495949721451
LURAP1L,-1.641079498199035
LUZP2,1.1272137559027176
LXN,-1.1712703949302476
LY6D,-2.7608356675728776
LY6E,-0.8889116422215639
LY6H,-0.35978725773901843
LY86,1.0623883310594902
LY86-AS1,0.2946606393710274
LY96,1.3758418371781076
LYAR,-0.45280384263359025
LYNX1,-1.7042572744716513
LYPD1,2.3700905380397685
LYPD6,1.627178940054316
LYPD8,1.7795195017883192
LYPLA1,0.18000613164809903
LYPLAL1,1.0936665490538793
LYRM1,2.3827141415803075
LYRM4,-0.7413432142087667
LYRM7,-0.1317770040124123
LYRM9,1.9548811113333187
LYSMD1,1.09179766173983
LZIC,1.1514798788412857
LZTFL1,-1.7061894845346754
LZTS1,-0.7493422949594789
MAATS1,-1.3305800458988926
MACF1,-0.5208967316914178
MACO1,-3.2066392810415056
MACROD2,1.665603291605553
MADD,-0.16753873769244917
MAEL,-2.0298723475866183
MAFB,0.3077447233584543
MAFG,-0.17336049848818053
MAFK,0.92675481623783
MAGED1,0.39729220799522336
MAGEF1,1.695286169088648
MAGEH1,1.0463781532565428
MAGI1,-0.28383281571518265
MAGI2,1.6062989732212853
MAGI3,-1.150264182761106
MAGT1,0.5935178795465473
MAL2,-0.2475419639942183
MALAT1,3.1027258255274583
MALL,-2.088194988692144
MALSU1,1.3145274725819651
MAML2,0.5521467603303544
MAML3,-1.5085896959340372
MAMLD1,-1.708975450580956
MAN1A1,-0.16033977422411588
MAN1B1-AS1,-0.624306938139255
MAN1C1,-2.149165356508108
MANEA,-1.2579798879583608
MANEAL,0.2919876138468262
MANF,-0.4040884579551432
MAOA,-0.728821112712638
MAOB,1.008078501930654
MAP1A,1.4222637825959614
MAP2K1,0.2820228863505357
MAP2K4,-1.9291356441595457
MAP2K5,1.867916602902632
MAP3K1,-1.4230085489049418
MAP3K10,-0.7483031688258553
MAP3K12,-1.4456099874178714
MAP3K21,-3.3363484744304994
MAP3K5,-0.9533374838914737
MAP3K9,-2.7099918633308007
MAP4,1.7261740118438778
MAP7D3,0.5730625449492078
MAPK1,0.4552310599608534
MAPK11,-0.0008076863008311474
MAPK12,1.1868808459771742
MAPK13,0.6747311458641905
MAPK14,-0.9072744317752499
MAPK1IP1L,-2.0190151729252794
MAPK3,1.5019190603414567
MAPK7,-1.4284673621885116
MAPK8,-1.1605270726662849
MAPK8IP2,0.7802083455850508
MAPK9,0.6228045649527941
MAPKAP1,0.4325049856324437
MAPKAPK5-AS1,1.3667337586455988
MAPKBP1,-2.3961247334127824
MAPRE2,-2.424115928239334
MAPT,1.4285850086340293
MARCH1,-0.11057395723802024
MARCH11,-1.3305277833995914
MARCH3,1.0606752631617338
MARCH5,0.8298609032678131
MARCH7,-1.9390273163137748
MARCH8,1.5495419544417148
MARCKS,1.832564264967408
MAST3,0.5117746346079601
MATK,-1.22059049271653
MATN2,-0.7286560645845737
MAZ,-0.8925350451522719
MB21D2,-0.9178971924551238
MBD1,0.5828880277230734
MBD3,0.2626121207745108
MBLAC1,-1.1409227761913059
MBLAC2,-1.0204942531978194
MBNL3,1.3842779914204155
MBOAT2,-0.2039716030647278
MBOAT7,-0.2120721426246425
MBP,-4.780899486301712
MCCC2,-1.5244635014988213
MCF2L,-0.3030355656971767
MCHR1,0.8454189861729973
MCHR2,-2.049618834993204
MCM3,-0.20129881070829986
MCM4,0.528461266300559
MCM6,-0.487578611780926
MCM9,0.1849893066073131
MCMBP,-0.1406268634928242
MCRIP1,1.6930899717056824
MCRS1,0.08386238622505914
MCTP1,0.03954744638675021
MCTS1,-1.0457229348226351
MCU,-2.704148677381119
MCUB,0.5702497743382424
MCUR1,2.8134450088329728
MDGA1,0.0891520456485089
MDGA2,-0.37405344394682377
MDH1,1.2091804431216684
MDH2,2.1959175757497555
MDK,1.7035906740507702
ME1,0.636524189986862
ME2,0.411846038026643
ME3,0.7353438424061703
MEA1,2.47786992213262
MED10,1.7029827273502327
MED14,-2.2370268581344974
MED16,0.3199132327363741
MED27,-0.3183230169973518
MED31,-1.1329573323083306
MED8,-1.2552493958988726
MEDAG,-2.0260726737258565
MEF2C,-0.8946500410398792
MEG3,-0.7279705780536976
MEGF11,-0.7893162092099628
MEGF8,0.3594819945837077
MEI1,-1.4730165126417223
MEIKIN,-0.6892048304124283
MEIS3,-0.07754437928844714
MELTF,-1.7149552065828222
MESD,1.4740430083906275
MESP1,-0.14742349033189325
MEST,-1.110738625004043
MET,-1.788667780639116
METAP1,1.2589566216202779
METRN,2.5434584402162326
METRNL,2.2802254797735735
METTL1,-1.5656118105590797
METTL15,-2.900258465162224
METTL21A,0.4084056462081937
METTL5,0.9188810523046239
METTL6,2.1684765423679138
METTL8,0.8275664300116409
METTL9,-0.5086661906905677
MEX3A,1.1141727688998944
MEX3B,-2.0954890611747965
MFAP1,2.0853290765556447
MFHAS1,-0.9096198273198183
MFNG,0.001280936109462687
MFSD1,-0.3910529771519892
MFSD12,-2.6629519766954166
MFSD13A,-1.5858005741883057
MFSD3,0.8633414486485385
MFSD4A,-2.481169063399334
MFSD6,-2.3573273176166785
MGAT1,0.6695783672533292
MGAT4B,-0.7093462953410876
MGAT5B,-1.130787864628179
MGC16275,1.341361373101621
MGLL,2.1800362670843727
MGME1,1.3773961226251787
MGMT,1.4743734358214717
MGP,-1.085445464012798
MGST1,2.730414190329666
MGST3,1.4724604012573042
MIAT,-1.4011429734148193
MICAL1,-0.9207850577838735
MICAL2,-3.4777388925902755
MICAL3,-1.197498928204988
MIEF1,2.0234185789112984
MIEF2,-0.2667715051386543
MIF,0.44845857678778495
MIGA1,0.7871735544069716
MILR1,1.6193139010371564
MINK1,-2.112492132487434
MINOS1,3.780354464225378
MIR22HG,-0.5991994197321987
MIR4435-2HG,-0.1161367041118297
MIR7-3HG,-1.3049069741105659
MIR9-3HG,-2.7141472080381743
MIR99AHG,1.3021153250065973
MIS18A,-2.4255614953513684
MKL1,-0.9957678091879806
MKL2,-1.2898380705810726
MKNK1,-2.6041093421812076
MLC1,3.233483120092444
MLEC,0.8348739533892128
MLF1,-0.8981445464471015
MLF2,1.7569180251389274
MLIP,-0.7196998977907495
MLLT1,0.4018224720274592
MLLT11,0.3418809040929276
MLLT3,-2.3306485131179953
MLLT6,0.9109488858366801
MLST8,0.7764235601539385
MLXIP,-0.6290604723818337
MLXIPL,-1.6373039441512456
MMADHC,2.147783416931439
MMD,1.1724169384015182
MMP15,-1.1251548909696412
MMP16,-2.6731224088475027
MMP28,2.1698146710854016
MMS19,1.4852021680777145
MNDA,1.6167130683825497
MNT,-2.030461021359868
MOAP1,0.9109263003056167
MOB1A,-1.5486206084736704
MOB1B,-0.8720379652013627
MOB3A,0.20037061694624403
MOCS1,0.6026180025857043
MON1A,1.2236684373679754
MORC4,-0.28354266430496916
MORF4L1,2.208984186645753
MORN3,-2.246466106002954
MORN4,1.8518619374541843
MORN5,1.3575014655599824
MOSPD2,0.38045753592731674
MOV10,0.7007114086935342
MOXD1,1.591956796250316
MPC2,0.40458166105616306
MPEG1,-0.01952468683142269
MPG,0.3356330974387503
MPHOSPH6,2.0352101531246305
MPI,1.9945876085901753
MPND,1.7411090428790408
MPP2,-1.1641949222699917
MPPE1,0.042386229844114956
MPPED1,-1.2489712157832642
MPST,1.021906326069646
MPV17L2,-1.3915105387654134
MPZL1,1.3534673525966805
MR1,0.6596043475807534
MRAS,2.8533597822881602
MRE11,-1.0073527972388077
MRFAP1,3.2764701137521635
MRNIP,-2.092132758812708
MRO,2.3042186476964814
MRPL13,1.4075632492087264
MRPL14,2.179586969574343
MRPL16,0.3766394698933085
MRPL23,0.46579721523882944
MRPL28,0.42508440489089655
MRPL30,2.2018996523509493
MRPL33,1.6061361882101424
MRPL37,0.611465003148022
MRPL4,1.2106935637140739
MRPL43,-0.6697086660451139
MRPL45,-0.04113104023413067
MRPL9,1.603567020019391
MRPS11,-0.9979603886897903
MRPS16,2.2384502453799486
MRPS18A,2.3863410767027498
MRPS18C,3.2807769200954287
MRPS33,0.5001619024977266
MRPS6,-0.7172059153550681
MRPS7,1.7100966699571962
MRTO4,1.7494029505448803
MRVI1,0.0012727873307846315
MS4A7,0.2977742676983093
MSANTD1,0.39139259226367407
MSH3,-0.21452481897419864
MSL3,-2.281319173435858
MSL3P1,-1.9654150571967615
MSMO1,-0.11944691284010754
MSN,2.1253987489163033
MSRA,-0.11786984472268787
MSRB2,2.7424919688063008
MST1R,-3.545181883245565
MSX1,-0.9707150461268441
MT1A,2.6821678956263604
MT1B,2.5896525244873216
MT1E,2.519741558543319
MT1F,2.051816366214089
MT1G,2.639349088871441
MT1JP,3.0316614110605364
MT1L,2.7350487975177376
MT1M,3.007140324697929
MT1X,2.745525104127786
MT2A,3.3789527715542795
MTA2,-2.9231322075607933
MTA3,-0.10163623041486482
MTBP,-3.4985551961774046
MTCH1,2.9629050741185634
MTCH2,-0.9975951730313176
MTERF2,-1.6953142692982426
MTFR1,-0.873338668878222
MTFR1L,-0.41048121575194
MTHFD1L,0.9364287267657115
MTHFD2,0.7904657575116908
MTHFD2L,0.0628008657550565
MTM1,-1.0598968720016608
MTMR11,0.4779998778732659
MTMR12,-2.5554757852668186
MTMR9,-0.724562569548823
MTOR,-1.9461277663617225
MTR,-1.3097863838009904
MTSS1,1.8732716219690502
MTTP,0.17034500339180297
MTX2,-0.4249808213311937
MUM1L1,0.516355157701895
MUS81,0.5549440938360201
MUT,2.2182703157193657
MVD,0.08285615752564837
MXD1,-1.686706700688199
MXD4,-0.2834471640248547
MXI1,-0.05758387532427284
MXRA8,1.1669783405454306
MYADM,-1.4884169323967178
MYB,0.16903139053604413
MYBPC1,1.4945369814796488
MYBPH,0.24908339121042947
MYBPHL,-3.1869881943336305
MYC,-0.7363569017147686
MYCBP2,-2.5276660716814754
MYCNOS,-1.279686598191929
MYEF2,-1.2388450135212372
MYH10,1.127378503986143
MYH15,0.7635888247694809
MYH7,0.2657871858560564
MYL12B,-0.3660602430275646
MYL5,1.1728750142022388
MYL6,2.940650246541813
MYLIP,0.5364142481813038
MYO16,-1.4391657240274152
MYO19,-1.873843347509379
MYO1F,2.4895040608658805
MYO5A,-0.616848244195352
MYO5B,-0.7623935057318381
MYO5C,-1.8668514660475237
MYO7A,-0.4128724202953582
MYOM1,2.6641463194186237
MYOM2,0.42292086464781986
MYOZ3,0.9029946476901478
MYPOP,0.07967999749244527
MYRIP,0.707285199157543
MYT1,2.461122661250306
MYT1L,-0.49289522068967373
MZT2A,1.6687992373455405
MZT2B,1.7420623217454692
N4BP2,-3.9858638895830683
N4BP2L1,-0.6862726852283383
NAA10,1.578276140621627
NAA20,1.31196674553966
NAALAD2,-1.8165769382813215
NAB1,-1.3309902973596381
NABP1,0.2974469587386828
NABP2,1.5713130046604329
NACC2,1.6564520329201018
NADK2,2.344636737676804
NAGA,-1.1556634844055464
NAGK,2.0928024518196047
NAGLU,0.8939941070232639
NALT1,0.08994897209778546
NAMPT,-2.738723699479015
NANOS1,2.8176739391947128
NANOS3,-0.054063429421598974
NAPA,-2.935161869612947
NAPEPLD,-0.9886536333837654
NAPSB,0.250873345033741
NARF,1.9647603355653631
NAV1,-1.7510170305628916
NAV2,0.563701676620459
NAV3,-1.250754794959265
NAXE,2.511723864389337
NBAS,1.565162156556236
NBDY,0.657260064409762
NBEA,-0.34372694687049465
NBEAL1,-0.4844136588050263
NBPF3,-1.4346868536941628
NBR1,-1.0225224693052537
NCALD,-3.819082202542472
NCAM2,-1.385148947425013
NCAN,-0.38580101338179645
NCBP1,-0.5075805472917335
NCBP2,-0.41952902143624626
NCBP2-AS2,1.6233173263465746
NCF1C,0.426157043104377
NCK2,-2.8316772441489326
NCKAP1,-0.2497727534196257
NCKAP5,0.5218561906537817
NCKIPSD,-1.048349219101765
NCOR1,0.20874470717741572
NCOR1P1,0.8976586627106888
NCOR2,-2.9462717202263384
NCR2,0.7133130449239091
NCS1,0.6299729896380514
NCSTN,-1.279437388403369
NDFIP2,-2.67156804277294
NDRG2,2.6088244042904076
NDRG4,-0.24980157978945086
NDST1,-0.9678848349293349
NDST2,-0.8059775184474589
NDUFA10,-1.5665954519866874
NDUFA12,2.765289505883154
NDUFA3,0.10032991698477091
NDUFA4,2.2112567138607084
NDUFA6-AS1,-2.2058316806971
NDUFA8,3.0374713763244654
NDUFA9,2.3769859693597555
NDUFAB1,2.311656855388506
NDUFAF1,1.951378509842609
NDUFAF4,-0.009962012476336128
NDUFAF8,2.7265955413094694
NDUFB3,1.1564013035908545
NDUFB8,2.6626118085700035
NDUFC2,1.0545889801362716
NDUFS2,1.9608315476817608
NDUFV1,1.9958453668329914
NDUFV2,1.9679394205185021
NEBL,1.4916126395616554
NEBL-AS1,1.0352176972491658
NECAB1,0.22082615137594666
NECAB2,2.6170282698970033
NECAP2,0.819014864497928
NECTIN1,-1.9244376529300904
NECTIN2,1.9945682698917737
NECTIN3,-1.4113815977906707
NEDD4,-0.5085086720974241
NEDD4L,-0.6536078017560348
NEDD8,3.1863892093291697
NEFL,-0.6238187808825687
NEGR1,-3.4087745358144357
NEK10,-1.962852942014608
NEK6,0.8919369270458898
NEK7,0.7946070968815551
NELFE,0.8734813430474838
NELL1,-1.003197105555605
NELL2,-3.662766843682694
NENF,1.8852423305210462
NEO1,-1.0932680411294904
NETO1,-0.9257841125450693
NETO2,0.4299267853629285
NEU1,-0.8401118314105868
NEURL1,-0.5726761769612098
NEURL1B,-2.2656880479735744
NEURL3,-2.8969783888757736
NEURL4,1.1215334977689995
NEUROD1,-5.093706505236318
NEUROD2,-3.2130937449807355
NEUROD6,-2.332557716881323
NEXMIF,-1.221085259050143
NF2,0.2457849504530088
NFAT5,0.499039199057607
NFATC1,1.3963331351514714
NFE2L3,-0.816508777078364
NFIA,0.8763687020299378
NFIB,-0.5769529304629059
NFIC,-0.6991684520310975
NFIL3,-1.4719405227763
NFIX,0.0012791325362463413
NFKBIE,-1.024666021535716
NFU1,1.0880368598725092
NFX1,-1.4389112837707418
NGRN,-0.24382089809052637
NHLRC2,-0.24130780015203557
NHP2,2.725322135460393
NHSL1,-0.025004390067511376
NICN1,0.6838146259580065
NIF3L1,0.9123428511134879
NIM1K,-3.4156136902763694
NINL,2.243621858725076
NIPAL2,-1.1493894197957797
NIPBL,-2.7650965520202138
NIPSNAP2,-0.519642307085323
NIPSNAP3A,0.7810915977498498
NISCH,2.884675219459932
NIT2,1.9163516604567834
NKAIN2,1.0923938517259824
NKAIN3,3.2601334489943006
NKAIN4,2.3002022301791616
NKD2,-0.9340405425805602
NLE1,-0.38954658870597886
NLGN1,-3.248196727789331
NLGN3,-0.53546646886124
NLK,-0.7444458175371557
NME3,-1.7635986554364562
NME5,-0.9739033481178114
NME7,0.46634009963385686
NMNAT2,0.8866261255926587
NMNAT3,-0.14221823134519695
NMRK1,1.2813019787142608
NMT1,0.2403730973679097
NMT2,-0.9180400889192997
NMU,-2.040353411816537
NNAT,0.0627638873504493
NNMT,-4.082411183079527
NOL3,1.752645380112822
NOL4,0.35342813714256244
NOL4L,-1.014317358316645
NOL8,-1.605350373422978
NOL9,1.076811260957996
NOMO1,2.068681866660751
NONO,-2.641525602842753
NOP16,2.4837025714493626
NOS1AP,-3.4274957280691702
NOS2,0.6306173792200155
NOS3,-0.5404199824536445
NOV,-0.1572685162320631
NOVA2,-0.41250486461065144
NPAP1,-1.216118970608657
NPAS1,-1.869010934097072
NPAS3,1.894689945364366
NPC2,2.2220630982589054
NPDC1,-1.206503259533544
NPFFR2,-2.9543739184469846
NPHP1,-1.2557593063797319
NPHS1,0.3095462590162742
NPIPA8,-2.5403717402849604
NPIPB11,-3.0175227545742396
NPIPB15,-2.199777659626228
NPLOC4,2.1788568493597813
NPM2,-0.5355423411057131
NPM3,-0.4088916561059141
NPNT,-0.8815357428950331
NPPA,-0.3307541858601323
NPPB,-0.9628881766289777
NPR3,-2.20991502819459
NPTX1,-3.0626766697718786
NPTX2,-0.10238186925243352
NPTXR,-1.4362821503414782
NPY,2.714265612838957
NPY1R,-1.3543503110667623
NPY5R,-1.0668942239584311
NQO1,3.1203738284694764
NR1D1,-2.4937479628742
NR1H3,2.333451579848868
NR2C1,-1.9056650862703066
NR2C2AP,-2.4680345286969025
NR2E1,2.3080580041635064
NR2F1,-3.547349313861411
NR2F1-AS1,-0.8963197945403619
NR2F2,0.6641451227392414
NR2F2-AS1,0.4425952611117009
NR2F6,0.5991576397357324
NR4A2,-1.5509321423972302
NR4A3,-1.059894831130949
NRAP,1.036429823265151
NRARP,0.06969808977195485
NRBF2,-1.6811256412055127
NRBP1,0.47746725744587126
NRCAM,-0.05620546374957337
NRDC,1.951343188173085
NRG2,-0.6530039039733734
NRG3,-2.140760446374947
NRGN,-0.9199906818355369
NRIP1,-1.213828733030059
NRIP3,0.2626861307302048
NRN1,-3.3735348787223574
NRP1,0.40858572381664077
NRXN1,-2.428992495467662
NRXN2,-1.566431680832571
NRXN3,-1.0505479009702594
NSD2,0.9865631558771031
NSD3,-2.282885325483343
NSDHL,1.1549495863879504
NSFL1C,1.7336044841628409
NSG2,-0.1750925525480555
NSMAF,-1.7900912264265998
NSMCE1,0.17932247705522653
NSMCE4A,1.4233064662109405
NSMF,0.8265378389760205
NT5DC2,1.6072128143024917
NT5DC3,0.2439982615876684
NT5E,1.753108026076151
NTM,-1.7350870485347962
NTMT1,1.8885168978884508
NTN1,-0.6382815950244951
NTN4,0.4650502634756699
NTNG1,-2.4543754257800514
NTNG2,-1.3592636585393496
NTRK2,-0.33591303555972835
NTSR1,0.07803461299444985
NTSR2,2.6978127832639727
NUAK1,1.2470344759581435
NUB1,-0.550153474010731
NUBPL,1.2732740725822305
NUCB2,0.07887927576571352
NUCKS1,-2.2506710289658143
NUDC,1.733569243289032
NUDCD1,-0.22154000822126282
NUDCD3,-0.5948195178996822
NUDT10,2.376377733616568
NUDT11,1.527365941432324
NUDT14,2.6262536617655936
NUDT17,0.8836155107866909
NUDT2,1.7418201615154456
NUDT21,-1.1445512227813879
NUDT4,-0.11879412468604056
NUDT9P1,-2.0740933360578726
NUMB,-1.2465820892335213
NUMBL,-1.382662072246936
NUP37,0.36389706520035137
NUP85,-1.0086270583060042
NUP88,-0.9763162374198848
NUPL2,-0.21961184116847632
NUPR1,2.2130858998647684
NUPR2,0.5290713961942679
NUTF2,-0.26413104924331654
NWD2,-1.96887105053835
NXN,-0.9968460614469739
NXPH2,-1.9598243262513868
NXPH3,-1.13581227773369
OAF,1.27180796488922
OAT,0.7742475276769624
OAZ1,2.4654757441457
OAZ2,2.9387805567694794
OBSCN,1.6227464028636522
OCA2,0.39762260165899355
ODR4,0.520375534460271
OGG1,1.375031703531819
OGT,-1.9714572415416338
OIP5-AS1,0.683906145467453
OLA1,0.6843063438732314
OLFM1,-1.1194909676679994
OLFM3,-1.0629970445461607
OLFML2B,-2.0920200281809733
ONECUT1,-0.4132384248133265
OPCML,-2.2013538406097872
OPHN1,-0.14842721777810566
OPN3,-2.1158222041841173
OPRK1,2.024852510011186
OPRM1,0.5144393269822747
OPTN,-0.07520229173317354
OR14I1,0.0054194031151346194
OR52K2,-0.6442521903825362
OR5L2,0.957443189259255
OR7E14P,0.38162714966450345
OR7E156P,-0.4972974236606062
OR7E24,-0.6605054344223635
ORAI2,-0.18229281282458798
ORC4,-0.9052359155849201
ORC6,-0.1724073139776388
OSBP,-2.0280552098113365
OSBPL10,-1.317304694867812
OSBPL11,-0.8474775068727404
OSBPL1A,-0.005184286221009048
OSBPL8,0.002937450208903901
OSBPL9,-0.8677036318122663
OSCAR,1.0483610568809936
OST4,3.7446493006976054
OSTC,-0.030764212938204964
OSTCP1,-0.3885424710036194
OSTF1,-0.4650760135682692
OSTN,-1.075892809483653
OTOF,0.8732598400990176
OTOS,-0.22429093456383767
OTUB1,2.1520298414058043
OTUB2,-1.271665672506469
OTUD1,-0.09248367392938056
OTUD6A,0.13918717796486213
OTUD6B,-2.5067963628320884
OTUD6B-AS1,-1.1097583364413113
OVOL2,-1.0380420335334524
OXCT1,2.0735258110716552
OXR1,-1.3935898246028258
OXT,-2.3185593763865366
OXTR,0.8147702659479904
P2RX5,1.4642438200073393
P2RX6P,0.04410342449476338
P2RY1,1.780263581355456
P2RY12,1.316208349990469
P2RY13,2.43910646431427
P2RY6,-1.1784344489160656
P4HA1,-0.006537042374293168
P4HA2,-0.9024512743344851
P4HTM,0.4313750467830257
PABPC1,-1.0943913496572444
PABPC1L,-0.3177164305850308
PABPC5,-2.9737673108307425
PACRG,0.5158559049346868
PACS1,-0.25656548920987604
PACSIN1,1.7549071427478673
PACSIN2,-0.5771123950046604
PAF1,0.9442010503675023
PAFAH1B1,0.9348616287966441
PAFAH1B3,0.7111174164233023
PAFAH2,-0.3711729837228262
PAGR1,-1.2657554624448704
PAICS,-1.1214777712624768
PAIP2,1.666599073032529
PAK1,0.5502904121228883
PAK2,-1.1494863399599313
PAK3,0.03658308758561642
PAK5,-0.3324658313885544
PALD1,0.8055389218577339
PALLD,0.9534816311503639
PALM,1.2493168612686634
PALM3,-0.9334276733969654
PALMD,-0.1939485730200871
PAM,-0.2577790301982164
PANK2,-0.11501609624441309
PANK4,0.319850303363492
PANX2,-1.3733587499555837
PANX3,-0.9255039009026321
PAPD7,0.07201041721810546
PAPOLA,-1.1227761703438919
PAPSS1,-2.5510977377744117
PAPSS2,-0.9920379298809343
PARD3,1.946136543060402
PARD3B,-0.3927001690313937
PARM1,-3.1228940653275297
PARP1,-0.4352154118676899
PARP14,1.8953901751696165
PARP16,-2.677633774637166
PARP2,-1.8522738214760919
PARP6,-0.37481765243492954
PARP8,-3.080110429383751
PART1,-0.5252301050655416
PARVA,0.9244867165737164
PARVB,0.5319369868322418
PATZ1,0.4391328280034165
PAWR,0.15109545167201227
PAX6,2.315869828933622
PAX8-AS1,-2.1665513146853996
PAXIP1,-1.33087078646951
PAXIP1-AS2,1.636756283542312
PBDC1,-1.8482627987793478
PBLD,0.6228551039795573
PBX4,-1.900640031542426
PBXIP1,3.0719099908880194
PCBD1,2.769602072792605
PCBD2,2.048419059644474
PCBP3,1.3830803025370257
PCDH11X,-3.0448521009499143
PCDH11Y,-2.7742724096536557
PCDH15,-0.4929628648408977
PCDH17,2.995513793512948
PCDH19,-1.3786609426161327
PCDH20,-0.9364063085281302
PCDH7,-2.090646963563447
PCDH8,0.363536809037511
PCDH9,-0.08916114442015585
PCDHA1,-1.6517341256407625
PCDHA11,-2.0541205326055567
PCDHAC2,-1.5297292157104534
PCDHB10,-2.1506908082076883
PCDHB11,-2.5996937443851036
PCDHB14,-3.3976154726187486
PCDHB9,-0.2110908158194821
PCDHGB4,-2.3110624721453865
PCDHGC3,1.9404414760547728
PCED1B,1.966221962094305
PCID2,-0.11168431755166948
PCK2,0.7668980419568884
PCLO,-0.7403685229492823
PCMT1,1.6724718239530447
PCNP,2.496691918621453
PCNT,-0.36368615562993734
PCNX2,-3.94146774782212
PCNX4,-1.8753925952486568
PCOLCE2,-0.3592453318356668
PCSK5,0.48680296651209465
PCSK9,-1.750325779470545
PCYOX1,-0.7220224839401129
PDCD2L,-0.07847058554424105
PDCD4,-2.100402004206318
PDCD6,1.7911129378628285
PDE10A,-1.0239350725973362
PDE11A,0.7839129972897284
PDE1A,-1.722506296168354
PDE1B,-0.608997430698621
PDE2A,-0.222649751571835
PDE3A,-1.5638081824127354
PDE4B,-0.2992299669604747
PDE5A,-0.2115934739576227
PDE6B,-0.8287302606530588
PDE8B,-0.6012882267230434
PDE9A,1.33329839844308
PDGFC,2.3671952869274953
PDGFD,-1.513543671001356
PDGFRA,2.298002339153472
PDGFRL,0.7510899283564735
PDIA3,-1.4040690755243759
PDIA3P1,-1.2150088828846466
PDK1,-1.4078274908624413
PDK3,0.20721637851385208
PDK4,0.15392673925882217
PDLIM3,3.9770657414008705
PDLIM5,0.3222213488763131
PDP2,-0.6214539912567694
PDPK1,1.5583145151008961
PDRG1,1.4359337617580343
PDS5A,0.3432393989002751
PDS5B,-2.462490574244309
PDXDC2P-NPIPB14P,-2.567227177301139
PDXK,1.0535617384418368
PDXP,2.155940686333544
PDYN,0.4328841682600452
PDZD2,0.6114407501659448
PDZD4,-0.5671089144761691
PDZD7,0.1840957579478582
PDZRN3,-1.4015292759747071
PDZRN4,-3.390542636408343
PEA15,2.1962549380206555
PEF1,0.9159084901304568
PEG10,2.3287061080688782
PELI1,-0.3820560835433417
PELI2,-0.2581791637477401
PENK,-1.3598835711663562
PERM1,-0.805996775235164
PEX1,-2.8409937318093093
PEX10,1.949806618143024
PEX19,1.3736237550040524
PEX2,-0.03177768770187757
PEX5,0.5038037933345582
PEX5L,-2.44372859361185
PFDN5,0.7968839878045759
PFKFB3,-1.460107152830311
PFKP,-0.20410103340497013
PFN2,0.271522209931365
PGAM1,1.341675220445066
PGAM5,-0.8518097472559127
PGAP1,-1.1799694024019631
PGAP3,-2.743294603561029
PGBD4,-0.6657942745030988
PGBD5,-1.8116184676796614
PGD,1.5807422681850465
PGK1,1.0762163899290953
PGM2L1,-1.8615340591149638
PGRMC1,-1.3040288917193563
PHACTR1,0.3682818565900383
PHACTR2,-1.862762457123475
PHACTR3,1.2960067898459813
PHAX,-1.0526919696974524
PHB,3.1061078143760077
PHB2,1.4680965351589408
PHC3,-1.5135789674116211
PHF12,0.528099654184824
PHF13,-1.0719211202881664
PHF20,0.8921194488317906
PHF20L1,-0.775994552310752
PHF23,2.160556668949208
PHF24,0.8447912693812185
PHGDH,2.875518298474489
PHKG2,0.2265457128187578
PHLDA2,0.9277753368948819
PHLDB2,-0.3335485412745301
PHLDB3,0.9145499244759386
PHPT1,3.230391069262312
PHTF1,-2.175622820796753
PHTF2,-0.9092548650698841
PHYH,-0.8690253780705199
PHYHD1,1.9374454567595543
PHYHIPL,-0.6236465805980819
PI4KA,2.165028594847259
PI4KAP2,-0.42867222552922246
PIANP,1.6351236449395106
PIAS2,-2.401621363773601
PICK1,-0.37235438012606686
PID1,3.084426183005905
PIDD1,-1.8354796257472688
PIFO,1.6453323000325635
PIGL,-0.560691165751085
PIGP,1.9217659564668474
PIGZ,0.2228838648260017
PIH1D1,0.8904090424255799
PIH1D2,-0.276240690007374
PIK3C2A,-0.3466199473326927
PIK3C3,0.8436194222385611
PIK3CD,0.7891264797853726
PIK3R1,-1.0064842905676574
PILRA,-1.9994759702247193
PIN1,2.6114656526255207
PIN1P1,1.995478445590743
PIN4,0.9957854833844281
PINK1,3.054665750090783
PINLYP,1.4347193586000195
PIP4K2B,-1.4309246632100656
PIP4K2C,-1.223426403368993
PIP4P1,0.8481400830154994
PIP5K1B,-1.723408227088778
PIP5K1C,-0.9653313003021727
PIR,2.770863817225161
PIRT,1.0558996850514637
PISD,0.43162506028965636
PITPNB,2.1567456318013316
PITPNM1,1.036725267007998
PITPNM2,0.7241527708205189
PITRM1,-0.05706969498501135
PIWIL4,-0.6948217570519494
PJA1,1.6678985233881929
PKD1P6-NPIPP1,-1.4219832398593595
PKD2L1,-0.7797743563326213
PKDCC,-0.44764600594255033
PKIA,1.7864334075371544
PKIB,-0.5455091518461084
PKIG,0.08646306128002847
PKN1,1.143656302568081
PKNOX1,-2.682674644704943
PKNOX2,-1.618096315721018
PKP3,-0.19838771334668648
PKP4,-0.37996035453283145
PLA2G12A,0.014212264875099535
PLA2G4A,-1.6230241801824281
PLA2G7,3.491079992021723
PLAC4,0.5351668565910758
PLAC9,2.2655310531299135
PLAU,-2.2997738483772596
PLB1,0.524950650288756
PLCB2,2.200715671521723
PLCD3,0.4992333566457456
PLCD4,-1.0873193819262068
PLCG2,0.7659612017074033
PLCH1,2.4474639581318534
PLCH2,-2.8335379460338572
PLCXD1,0.09377599168828697
PLCXD3,-1.0493685746686379
PLD3,1.8010089792811588
PLD6,-1.097917437889815
PLEKHA2,0.06006425824194931
PLEKHA4,2.9996756612483813
PLEKHA6,-1.4698626308791352
PLEKHA7,1.0083215236689425
PLEKHG5,-2.747731981655296
PLEKHH2,-0.056570160909480846
PLEKHM1,-0.739775095192428
PLEKHM2,-0.03100892968067881
PLEKHO1,-1.0475865921565197
PLEKHO2,2.5099454891912916
PLIN5,2.025912671715975
PLK2,-3.3276622145548487
PLOD2,-0.5036568665767778
PLPBP,0.5109369930929737
PLPP4,1.3290955577959038
PLPP5,0.5212645990701535
PLPPR2,-0.3708183437525866
PLPPR3,1.4983471511099522
PLPPR4,-1.0148153993754718
PLPPR5,-1.7656065365645388
PLS3,1.5389930726805787
PLSCR4,0.9339447711489398
PLTP,1.9809747076236768
PLXDC2,-1.1386048000989633
PLXNA1,-0.3872380032520833
PLXNA2,0.12766606472429978
PLXNA3,-0.9390160157142884
PLXNA4,-3.315285528994787
PLXNC1,-0.7042475546701892
PLXND1,-0.4990150057444096
PM20D2,-2.219413424477734
PMM1,2.7191303623178706
PMP2,2.828984488692681
PMPCA,1.31303170157224
PMPCB,2.2844998445568403
PMS1,-0.3496332495776037
PMS2,0.820546269542763
PMVK,2.2232142642785964
PNCK,0.6588162042928359
PNMA1,0.9448247472864175
PNMA2,0.5709818933425798
PNMA3,-2.418520975487705
PNMA5,-1.5387245482908218
PNMA6A,0.5299922828750541
PNMA6E,-2.8596127270317004
PNMA8A,0.20878670474615324
PNMA8B,0.6753498858078478
PNMT,1.3677137304704747
PNO1,-0.17090932905747536
PNOC,-1.2508854742102433
PNP,2.3846666887056784
PNPLA3,0.7543899797142787
PNPLA4,1.7626037972069502
PNPLA7,-1.8064498168438115
POC1A,-0.6610975630676759
POFUT2,-1.729458408684026
POLE3,0.541624144603343
POLE4,4.21489449475866
POLG,0.7558133296971641
POLG2,0.072144921195465
POLN,-1.8600750983568994
POLR1D,-0.2054590552103578
POLR2B,0.9643528056518469
POLR2E,2.1465646119273845
POLR2G,1.9315449496224137
POLR2H,1.1500311615386736
POLR2J,0.8376869866963332
POLR2K,2.719535120307363
POLR2L,1.1901475582190904
POLR3A,-1.4068612711000932
POLR3G,-2.455507168486034
POLR3GL,1.8645259996024295
POLR3H,2.245039007367102
POLR3K,2.2287746981459575
POM121L4P,-1.540443805008506
POMC,-0.4122557180738496
POMT1,-3.0801453347651195
PON2,3.2368824827971174
PON3,1.418006748618792
POP7,0.48652327403127343
POPDC3,-2.0340762776128214
POU6F2,-2.554569081217951
PP12613,-0.7162072805769364
PPA2,1.7249608343129332
PPARA,0.6824905671273221
PPARG,-0.4801003904068389
PPDPF,1.365880114793085
PPEF1,1.3001693979583222
PPFIA3,-0.7729515825136022
PPFIA4,-2.8354920905532928
PPFIBP1,-1.4057816279385469
PPIA,0.5245657943758234
PPIAL4A,2.008006148406353
PPIAL4G,1.7116439117412945
PPIB,1.2541910503252904
PPIC,0.48261514769461983
PPIH,-0.13531462535838204
PPIL2,-1.4563914454572706
PPIL6,0.9789421854942062
PPIP5K1,-0.7643369690078238
PPL,-2.7369633338299244
PPM1B,-0.5422591440411583
PPM1E,-1.902290480901125
PPM1H,-1.9023892659041066
PPM1J,-1.8274489042688462
PPM1K,1.8827016743785265
PPM1L,-0.6481531898762621
PPM1M,0.975721410807229
PPM1N,1.031154179365574
PPME1,0.14206078801283203
PPP1R11,0.9391275804788518
PPP1R12A,-0.08339180705458532
PPP1R12B,0.5566446444253311
PPP1R12C,2.3791686762815374
PPP1R14C,-1.0564034294168503
PPP1R17,1.7919092698350618
PPP1R1A,1.467289522587376
PPP1R1B,2.0985283905820826
PPP1R21,1.0857076598340358
PPP1R26,1.020341535937372
PPP1R32,0.4152377046637333
PPP1R37,0.14366095327414058
PPP1R3F,-0.21732414397150476
PPP1R42,0.4959718051228507
PPP1R8,-1.8526793172081324
PPP2R2B,-0.8409355313898326
PPP2R2C,0.7356342765315035
PPP2R3B,-0.2491422960572688
PPP2R3C,1.5412177571515016
PPP2R5A,1.378962733485585
PPP2R5B,1.1818246799680476
PPP2R5E,-1.1986793181867572
PPP3CB,-1.1582085816817296
PPP3R1,-0.7605885628127037
PPP4R4,2.1991337084909444
PPP5D1,0.42589260579121563
PPP6R2,-0.9338009986109876
PPP6R3,-3.2489335219724174
PPRC1,-0.22455763159408926
PQBP1,1.5055639013250215
PQLC1,-0.2172979096055998
PRADC1,1.7488791635890624
PRAF2,-0.662461685374228
PRC1,-2.9893020475699803
PRDM11,-3.5532888608778355
PRDM2,0.038554756421758575
PRDM8,-3.1994023269849374
PRDX1,2.3758267472481216
PRDX4,2.8243759225224423
PRDX5,2.5949525836617044
PRDX6,0.21177682683144103
PRELID1,1.53182310322317
PRELID2,-1.9011922891517294
PRICKLE2,-1.7221412975208643
PRICKLE4,-1.252436587189605
PRIM1,-0.40432893171804224
PRKAA2,0.3259096055747487
PRKAB1,0.14435784945176428
PRKAB2,1.0415229874010496
PRKAG2-AS1,-0.052841581902217806
PRKAR1B,-0.03324581917085504
PRKAR2A,-1.7268076433729602
PRKCA,-2.04130728842629
PRKCD,2.2076723600695036
PRKCE,-4.657926265644929
PRKCG,-0.23971447455534983
PRKCI,-3.34370060098746
PRKG1,-0.31445863400121526
PRKN,-0.36706044060652265
PRKRA,1.4942020144225263
PRKRIP1,-0.581874699243691
PRMT2,2.644673304219304
PRMT5,2.2234820915302125
PRMT6,-0.4794585953985743
PRNP,1.3050444442895495
PROS1,-0.46640431848411884
PROSER2,-0.5641658637085809
PRPF19,1.0430286555358594
PRPF38B,-0.9400926773122061
PRPF40A,-2.4074299417778784
PRPF6,1.2653273745125195
PRPF8,-0.21860133656194683
PRPH,-2.031247031650415
PRPH2,-1.0366358102043323
PRPS1,2.7085259011084215
PRPSAP1,1.4848301895027955
PRR29,0.7537775107697909
PRR5,2.5202783668354782
PRRC2A,1.4151816641683115
PRRC2B,-2.43726287404031
PRRG3,0.2859719256872274
PRRT1,-1.3751611536141461
PRRT2,-2.826905748061969
PRSS1,2.0692409562662726
PRSS2,-0.022309797296918094
PRSS23,0.7180102412964599
PRSS3,2.072175892087282
PRSS35,0.9740041546685584
PRSS3P2,-0.17552015758048878
PRTFDC1,0.09774441395217773
PRTG,0.00986490300706598
PSAP,2.081369508901278
PSAT1,0.5663861591851451
PSD,0.6539160495588204
PSD3,-0.029997126174102422
PSENEN,0.69498663153344
PSIP1,-1.6963566296503931
PSMA3-AS1,-0.5788975930275757
PSMA6,1.1809185245524911
PSMB1,1.1610726342272932
PSMB10,1.5051981484061074
PSMB5,2.937496393385672
PSMB7,1.6516706239828765
PSMC3,3.707549314682124
PSMC6,1.6398350757413556
PSMD1,0.3021750527788717
PSMD11,0.13877712065215086
PSMD2,2.855119291894541
PSMD4,3.02941256537402
PSMD7,2.1391000277814354
PSME1,2.280845986949504
PSME3,2.0800252393646623
PSMG1,0.9863969802269547
PSMG3-AS1,1.6436143981728997
PSORS1C1,0.8820125209308403
PSPC1,-1.2096681997820964
PSPH,0.031196834816430173
PSRC1,-1.8227284241817778
PTAR1,-0.14276563596400157
PTBP3,-0.8634035362572082
PTCH1,0.47208534501710037
PTCHD1,1.290733566012939
PTCHD4,-1.973744729112825
PTEN,0.521540457922176
PTER,-0.838376702084776
PTGDS,1.8761058683349874
PTGER3,-1.9148098456959328
PTGER4,-0.49899070237022586
PTGER4P2-CDK2AP2P2,0.9647369667277463
PTGES,-1.1067193853183153
PTGES2,1.4996049562342633
PTGIS,-1.787727371672407
PTGS2,-3.8552288073665357
PTHLH,0.5891696059351371
PTK2B,-1.91519548010843
PTMA,-1.7599678104349037
PTN,2.681513571346874
PTP4A1,1.64150550982274
PTPA,0.9553598644944358
PTPDC1,-0.5807016583063869
PTPN11,-1.4366665439499469
PTPN14,-1.9434880959551104
PTPN3,-2.8029270090186924
PTPN4,-4.052574798976225
PTPN5,0.23255429767740962
PTPRA,0.09444711285404336
PTPRC,1.6647266073050024
PTPRF,2.2746402090738655
PTPRJ,-1.8054617945575273
PTPRK,-1.9907966736031781
PTPRO,-1.786299837870849
PTPRR,-1.0030383082322996
PTPRT,-1.4809825254444493
PTPRZ1,3.1947045207043
PTRH1,0.3289576577741106
PTRH2,0.1392305179476859
PTS,1.317433013132329
PTTG1,-3.427549402345061
PTTG1IP,-0.42217845013338157
PTTG2,-3.6858111855837596
PTX3,-2.3861242076712794
PUM2,0.2768971723745586
PURB,-2.9577788390204653
PUSL1,0.4073907344824407
PWARSN,1.2969222608851856
PWWP2B,-0.49850082608531765
PXDN,-2.5610590167314715
PXYLP1,-1.640579797793087
PYCARD,0.9569850540893903
PYCR1,2.3537254201329008
PYCR3,-0.29650872392072186
PYDC1,0.056223340267644605
PYGL,2.179618776600671
PYGO1,0.12124788936462376
QKI,-0.3251414480260529
R3HDM1,-0.14015933558510962
R3HDM2,-0.5643593505954173
R3HDM4,-2.280009584364624
RAB10,-0.7867017515351514
RAB11FIP1,-1.7807402153254976
RAB11FIP3,0.2550161819019897
RAB11FIP4,-1.8588735729852321
RAB11FIP5,0.6715622452111248
RAB13,3.56992320739933
RAB15,-1.2448232838311153
RAB1A,-2.008441434922965
RAB22A,0.7306857577904043
RAB24,-1.312776679732633
RAB27B,0.934963031026612
RAB29,1.3069397376698002
RAB2B,-1.4128319822702355
RAB31,3.5906585371447384
RAB33A,-0.547137659818735
RAB34,3.0950264292090797
RAB35,0.10901495058916427
RAB36,-1.253689973238108
RAB3B,-1.2269993091948812
RAB3C,1.062778898287617
RAB3GAP1,0.6161039321381706
RAB3IP,1.8145712889810395
RAB40B,-0.157668073108719
RAB40C,-0.9209392661380252
RAB4A,1.2177503020531666
RAB6B,1.5625005756433448
RAB7A,-1.841975847012207
RAB8A,-0.9770809086083482
RAB8B,-0.36071239180405384
RAB9A,-0.721365984095474
RABGAP1L,-0.35805304298863394
RABGGTA,1.3109030121906675
RABL2A,-1.844609739431898
RAC1,2.6240039405667823
RAD23A,2.055583870175054
RAD23B,-1.0112376910190175
RAD50,0.2667869288771754
RAD51AP2,-2.5951837977090713
RAD51C,-0.7420410428932385
RAD51D,-1.3558217381239681
RAET1E-AS1,0.4979071441953342
RAI1,0.024508251748069858
RALA,-0.850405803063789
RALBP1,1.7528985815144018
RALGPS1,-0.50113107767682
RALGPS2,-0.7638520017998918
RAMP1,0.8343072286024593
RANBP17,-2.4067829204202753
RANBP3L,2.4274292120475476
RANGAP1,1.1190027297648213
RANGRF,-0.2584521237832689
RAP1B,-0.32383358652550104
RAP1GAP,0.5646310359594631
RAP1GAP2,-2.615007610448729
RAP2A,-0.544415096272242
RAP2B,-0.15137898787950083
RAP2C-AS1,-2.0465349486994366
RAPGEF2,-1.1250429439178657
RAPGEF4,0.7221206898541905
RAPGEFL1,-3.375462803528637
RAPH1,-1.3888783603282462
RARA-AS1,-1.682432294880233
RARRES1,-0.9121111234903609
RARRES3,1.3520901320718168
RASA2,-0.9067126985661325
RASA3,-2.0614233952861216
RASAL1,-0.13256115344770486
RASAL2,-3.4859320741833217
RASAL3,1.8348405977169087
RASGEF1A,-1.8720310123879125
RASGEF1B,-0.43849057006107445
RASGEF1C,0.04510295663760937
RASGRF1,-2.699163479259037
RASGRF2,-1.5718301095171356
RASGRP2,1.308308380580408
RASIP1,-1.4873124093683738
RASL10A,-0.609884301909887
RASL11A,-1.4879059120830112
RASL11B,0.43272083572154924
RASL12,-0.0482943676712356
RASSF3,-0.503838241354082
RAVER2,-0.16245395717680425
RB1CC1,-0.32708770886612615
RBBP6,-0.04103490730084751
RBBP7,2.57058080289855
RBFOX2,-0.22799142447301216
RBL2,-2.6140373918980178
RBM14,-1.96768099826872
RBM22,-3.5831236027259163
RBM24,-1.0289025062618407
RBM27,-0.37556509451548364
RBM34,-0.0022516059755990003
RBM43,1.6556004162204547
RBM5,0.9098344559276241
RBM7,-1.9296856739204498
RBM8A,1.9789494401534304
RBMS2,-0.5189199815831554
RBP4,2.2465112450503377
RBSN,2.5663320963548673
RBX1,1.639050682539271
RC3H2,1.3482614719902102
RCAN3,0.6902656682009007
RCC1,-1.3391875153379529
RCCD1,1.5690512590992194
RCHY1,2.930915713304696
RCN1,1.1061551543481993
RCN3,-2.872686263440257
RCSD1,-0.27145972342374275
RDH10,0.5167251506783436
RDH12,-1.8175092657733225
RDX,-0.768413632110096
RECQL5,-2.2690440728553645
RELN,0.14333525758237142
REPS1,-1.2766015365169305
REPS2,1.6005212577526273
RESP18,2.1250538556552896
REST,1.024995838105079
RETREG1,-1.026366187659272
RETREG2,1.9616289240818725
RETREG3,1.0814090191680592
REV3L,-2.608658495527338
RFC2,0.9496109899535692
RFPL1,-1.142511896439088
RFPL1S,0.9166551365033395
RFPL2,-1.1717456022430173
RFPL3,-1.176923648028932
RFTN1,-0.901797668664011
RFTN2,1.170764565544433
RFX2,1.0060270424918507
RFX3,-1.142758406344172
RFX4,-0.0013011004694160686
RGMB,-0.7953849022508338
RGS10,2.6870656225561667
RGS12,-0.8300392764468354
RGS14,0.8965475230064195
RGS17,-0.9953167152786073
RGS18,0.8547158183149131
RGS20,2.078066078847221
RGS22,-0.1246488967550668
RGS4,2.3518018151663287
RGS7,-2.5559360562967304
RGS8,-0.6858646981206634
RHBDD1,1.1973640543327944
RHBDD2,0.7691885549292891
RHBDF2,2.7250561539399136
RHBDL1,-1.1107565047093921
RHCG,-0.48334342226413474
RHEBL1,0.69173042694575
RHOA,-0.7021180362667325
RHOC,1.1288772644287646
RHOF,0.5073871405521433
RHOJ,1.8115998014972796
RHOT2,-0.2878818547209766
RHOV,-1.3883078447804829
RHPN1,-0.172864080646585
RHPN2,0.8748229688279023
RIBC1,1.4103814260044205
RIC3,-0.7986076753615482
RIC8A,1.2505428688904636
RIDA,4.416975302997587
RIIAD1,0.9278617792949259
RILPL1,0.35337695662014046
RILPL2,1.5014620166029258
RIMBP2,-1.391838585070734
RIMKLB,0.10330162476322911
RIMS1,-1.200951727970159
RIMS4,-0.034371463264381674
RIN1,-0.9115033941972193
RIN2,0.34526058931080283
RIOX2,0.24519392832236084
RIPK2,-1.1923406699242
RIPOR2,1.497373739203489
RIT1,3.214620894264735
RIT2,1.0048848927312422
RLBP1,1.6782532055339492
RLIM,-0.6273257503684209
RMC1,-2.9976455564737474
RMDN1,1.3878003608218439
RMDN3,1.1698644798652855
RMI2,0.235643858816904
RMND1,-0.35016915074957744
RMND5B,1.2363008395683062
RNASE6,1.4918740170257103
RNASEH2A,-0.9852082390170833
RNASEH2C,0.6222065947489763
RNASET2,2.6560749270144566
RND1,-0.5362005861110484
RNF10,-1.5767758806840597
RNF11,0.33774962825782473
RNF111,0.7271064301921022
RNF114,1.2339208942240543
RNF115,1.4768599500698716
RNF123,-0.6503660473174477
RNF135,3.0069862313919566
RNF139,0.8742115508693191
RNF14,0.849454855488805
RNF144A,-2.0161901422085036
RNF145,0.8814228940144523
RNF150,0.9575615939382772
RNF157,-0.9674892950592983
RNF157-AS1,2.0829653786042712
RNF165,-3.3331701547969823
RNF167,0.9070957113179744
RNF175,0.560633355491494
RNF181,1.5111155011963195
RNF182,1.181777727794826
RNF185,-0.47022931030780424
RNF187,1.7803592255409573
RNF208,0.7347952609014221
RNF212,-0.25721836203906834
RNF217,-0.8034281991962694
RNF219,-2.1358868289543684
RNF24,-0.05797568198213465
RNF31,1.0757818946337905
RNF4,1.9842757203227914
RNF41,0.9667159532772099
RNF43,-0.271367885226031
RNF44,-0.20304444620327008
RNF7,1.2775298966920579
RNF8,1.267685173114224
RNLS,-2.737896081435269
ROBO1,1.3019975870730787
ROCK1P1,-1.8176160710573461
ROM1,2.4186213039991564
ROMO1,1.2796499035756297
RORA,-0.7160865294123242
RORB,-0.9606089774235841
RP2,0.6443294664348669
RPA2,1.5036661614773463
RPAIN,1.3070319607914342
RPF2,1.7614041701245273
RPL12,2.9892097404194917
RPL15,-0.9368381967683661
RPL18,0.15749497250319508
RPL22L1,2.6527548828092007
RPL23AP53,-1.214647494831648
RPL27A,0.9906257486201996
RPL30,1.9341577564501018
RPL32,2.263142671642955
RPL36,1.7786433325810598
RPL37,2.5877468416590688
RPL39,2.655184333638942
RPL39L,0.0877591362885812
RPL41,3.1420584319222953
RPL7L1,1.1029896826513412
RPN1,-2.8907029177940426
RPN2,-0.04857264407465634
RPRD1A,0.8245572399404235
RPRM,-1.8854134648238705
RPRML,-2.366822635185315
RPS10,3.144768858307583
RPS18,2.7213774115914635
RPS19,2.3697038443237157
RPS2,3.4554865649033952
RPS20,2.7606767252717996
RPS24,1.9435230352700257
RPS27,2.005913354700752
RPS27L,2.6740264719401394
RPS2P32,1.797301042042812
RPS4X,1.6784721664912154
RPS6KA2,0.8082623879916218
RPS6KA4,0.491570107120967
RPS6KL1,-1.1840563726267535
RPS8,2.454268646312133
RPSAP9,2.4628548537846813
RPTOR,-1.57429530392708
RPUSD2,-0.5866496822575592
RPUSD3,0.6451145695871792
RPUSD4,1.5720501751466378
RRAGA,-1.2684002935421925
RRAGB,-1.0642795161649994
RRAGD,1.6308601619691752
RRAS,0.6880726142360667
RRAS2,0.16299302739882707
RREB1,2.619008944164072
RRN3P3,-0.24201385698158495
RRP7A,0.5319035381988939
RRP7BP,0.9402228078409492
RSAD1,-1.315851304035946
RSAD2,-1.7683124591448682
RSL1D1,0.908955408445974
RSL24D1,1.0723190732788892
RSPH1,2.0665399501422073
RSPH14,0.7855958584478991
RSPH3,0.8634011636479421
RSPH9,-1.7114636666567973
RSPO2,-2.062805592655818
RSPO3,-2.200260372504741
RSPO4,0.726702749772628
RSRC2,0.20339574550545567
RSRP1,-2.9819245924988467
RSU1,1.41133447551793
RTBDN,-0.5435123372605489
RTCA,1.5163769768568578
RTCB,1.1441443644942633
RTF1,-0.15010233215653654
RTL10,0.14464429741467022
RTL5,1.3933713324303085
RTL6,1.620478176617916
RTL8C,0.7104701814461438
RTN1,0.814460309739811
RTN3,-0.7089603119384487
RTN4,-0.9379759354093035
RTN4R,-2.661058808837438
RTN4RL1,-1.1312996954635428
RTN4RL2,-1.8884507236797956
RTP1,0.849271320367873
RUBCN,0.9430620948147473
RUNDC3A,1.3207254371495352
RUNX1T1,-0.6602486908125156
RUSC2,0.24908625451933608
RWDD4,-1.0023311301687448
RXFP1,-0.3068457607874571
RXRA,0.25704505348039164
RYR1,0.9144668983468397
RYR2,-2.9153152564800844
RYR3,0.40869838219550186
S100A1,1.96374356554203
S100A10,3.0286581137191426
S100A11,1.6947559106867687
S100A13,3.4334656811872235
S100A16,3.3702054555249985
S100A6,1.6530200662704524
S100A8,1.1147073527090678
S100Z,1.7715805743264623
S1PR1,1.7212299434523262
SACM1L,-1.801488810177265
SAE1,0.13991427079426913
SALL2,1.9082674733842337
SAMD12,1.011699507042956
SAMD14,1.0952043947612997
SAMD15,0.5836875418232494
SAMD4A,2.7855957654079346
SAMD5,-0.5326975683906278
SAMD9,0.40484963348668335
SAMD9L,0.2577018042486714
SAMM50,1.5338881297237106
SAPCD2,0.1130030326822665
SAR1A,-0.5465175725211423
SARNP,2.0010623234050158
SARS,2.230901130265685
SASH1,0.6850902287446963
SAT2,0.23358623085965086
SATB1,-1.8031679115830381
SATB2,-0.8703380247979269
SBF1,1.932061449615179
SBF2,0.4610786880313485
SBNO1,0.07550219256055549
SBNO2,-1.5859215388321346
SC5D,0.2467726539742983
SCAI,-0.9515925847857901
SCAMP5,-2.3217529577504004
SCAPER,-2.118616984420403
SCARA5,-0.6145527314110732
SCARB1,-1.5173097751226887
SCD,0.3857287724590363
SCG2,0.6412805538947982
SCG3,1.2146943941399742
SCG5,-0.5055951644377782
SCGN,-0.4957871806379169
SCIN,0.7400960959395165
SCN2A,-1.9924586560074329
SCN2B,0.9390647479796428
SCN3A,-1.3083636884391712
SCN3B,-1.1653539215682358
SCN7A,-1.241684286427663
SCN9A,0.49018339380803827
SCOC,-1.2733183567719777
SCP2,-0.3735247927323949
SCPEP1,-0.45393234784355785
SCRG1,3.341957292008162
SCUBE2,-0.019182431083598406
SCX,-2.928571583571475
SDC2,0.7612746940224095
SDC3,0.08013801177852709
SDCCAG3,-1.1523089919418028
SDF2L1,0.41738809020608314
SDHB,2.4903681921235212
SDK2,-0.8685978171243277
SDR16C5,-3.302696860956944
SDS,2.0989232904953847
SEC11A,0.553962358629678
SEC11C,1.4876094725749671
SEC14L2,1.4100376879532284
SEC16A,-1.1813113802794803
SEC24B,-2.4017165623718855
SEC24D,0.1658731778990813
SEC61A2,-0.5331535935666043
SEC61B,-0.8489460609118359
SEH1L,-2.1143385248000914
SEL1L3,-1.7038872014773383
SELENOH,1.3683896846017425
SELENOK,1.3247549901414777
SELENOO,-1.0427361804019781
SELENOW,2.1852018661020445
SELPLG,2.2089194689230505
SEM1,2.0607605202792763
SEMA3D,0.44325268780086036
SEMA3E,-1.8445311936225863
SEMA4A,0.8257864528796899
SEMA4F,-1.6614800533502356
SEMA5A,1.5991796380034178
SEMA5B,-4.5558005603771115
SENP1,-2.218136877850422
SENP5,-0.437187568677399
SEPT2,0.5208892490421039
SEPT6,-1.7737650252783235
SEPT8,0.6121591474072173
SEPT9,1.7797419162600114
SERF2,1.2962672864847116
SERINC3,-0.6278468374173745
SERINC5,0.14828094518024038
SERP1,2.6825639203985445
SERP2,1.3927144892747305
SERPINA6,-0.4706278840106828
SERPINB1,-0.7086952482113185
SERPINB6,0.7094741229205291
SERPINB8,0.015211201126818492
SERPINF1,-0.7031334512550306
SERPINI1,-1.81317883601866
SERTM1,-1.6238167245286828
SESN1,-0.8838955894230565
SESN3,0.03341296719866615
SETBP1,-2.3047116556799345
SETD6,-2.1245935478975815
SETD7,0.08897063669078127
SEZ6,0.7959808152797503
SEZ6L,-1.699146992665461
SEZ6L2,-0.6930953044561885
SF3B3,-0.16996586683825465
SFMBT2,1.209966505532579
SFRP1,1.8417813540850452
SFRP2,-1.2708661275957807
SFTPD,1.306691203730681
SGK1,-0.7552648979172049
SGK3,0.8624167700777604
SGK494,-1.024137273610988
SGPP1,-2.636793106861576
SGSH,1.2883858707252827
SGSM2,1.8059603069820203
SGSM3,1.2532273315394986
SGTB,0.5622790116702769
SH2B3,0.5416466692513082
SH2D2A,0.9939201420664673
SH2D3C,-1.0904710654359233
SH2D5,0.4763299094370153
SH3BGRL3,1.3865743748362405
SH3BP4,-1.0677491244962845
SH3BP5,0.919490654701635
SH3BP5L,-1.1309118576522896
SH3GL1,-3.4595751661602545
SH3GL2,-1.1589139020115082
SH3GL3,0.04706029267530301
SH3GLB1,2.7427553124785105
SH3GLB2,2.1013179680784906
SH3RF1,0.4685053460588864
SH3RF3,-1.57254410815336
SHANK1,-0.559738108551453
SHANK2,-2.9127817402634615
SHC2,-0.15319431688886023
SHC3,2.263813005013538
SHF,-1.1207209464787498
SHISA4,0.612897081435068
SHISA5,1.553125139020657
SHISA6,-1.4280295446571032
SHISA7,-1.000715415755988
SHISA8,-2.397759765718523
SHISA9,0.33556514756266764
SHISAL1,1.3664594746071348
SHISAL2A,-1.4085637374763424
SHOC2,-0.1705437377107567
SHQ1,-1.9755956734181028
SHROOM3,-0.07718101290269766
SHTN1,-0.8854291659868232
SIDT1,-0.9915129539358849
SIDT2,-0.6539174256730599
SIGIRR,2.7802833972942924
SIGLEC11,1.3610251535621347
SIK2,1.4586925039417564
SIL1,0.7349939401022104
SIM2,-0.45529118456214646
SIN3B,-1.6561976797451228
SINHCAF,0.8851582703266125
SIPA1L1,-2.2101518351349876
SIPA1L2,-2.30641735487798
SIRPA,-1.7794524140139134
SIRT5,-0.5691437143772713
SIX3,-1.3654082416341426
SKAP2,0.016111648938479706
SKP1,1.8424465256704141
SLA,0.2892320301891692
SLBP,0.689814733040656
SLC10A4,-0.6679864899569519
SLC14A1,1.2885382949342628
SLC15A2,1.472903314511303
SLC15A3,1.941948988911833
SLC16A14,0.6135683758337878
SLC16A2,0.9304106202410356
SLC16A8,0.35712515913555976
SLC17A7,-3.171030840150707
SLC17A8,0.9618800671291197
SLC18B1,0.37639547569093845
SLC19A1,-0.20434548546111694
SLC19A2,-2.0469994859661704
SLC1A4,0.6776422724467221
SLC22A10,-2.9566837736817484
SLC22A3,0.9343035966479528
SLC22A4,-0.7875895015912723
SLC22A9,-1.7049236073483205
SLC24A3,-0.09464644799705602
SLC24A4,-2.8661997464957247
SLC25A11,1.1666495149663476
SLC25A21-AS1,-1.0305344672602565
SLC25A22,-0.5121242635790276
SLC25A23,0.6889875679399818
SLC25A26,2.5325526131004885
SLC25A27,-0.5473203831013392
SLC25A3,1.4749754816696785
SLC25A36,-3.329266184637976
SLC25A37,-1.0138933285212157
SLC25A42,0.5097214703313424
SLC25A44,-0.3153037266109739
SLC25A52,0.6902036192005601
SLC26A11,1.7366273465680844
SLC26A4,0.6612595328609503
SLC26A4-AS1,1.2444428113076378
SLC27A2,-2.3279067630521477
SLC27A5,1.913534353878329
SLC27A6,-0.5854801160300249
SLC29A1,-1.7328235483787386
SLC29A3,0.5738268920227906
SLC2A10,0.7319441542509338
SLC2A11,0.9233794221869752
SLC2A12,0.6839039703696127
SLC2A4RG,1.5788316961526503
SLC2A5,2.9870087213086243
SLC30A1,-0.843077785954598
SLC30A10,1.401794516700519
SLC30A3,-2.420605593315693
SLC35A1,-2.1335557457473837
SLC35A2,-0.14904704452442785
SLC35A5,-1.461238701930616
SLC35D1,-1.3375464860434259
SLC35E4,1.119149192792564
SLC35F1,0.25589971603259665
SLC35F2,-0.04493916973359581
SLC35F5,-1.432157047997378
SLC36A1,-2.2085582835849236
SLC39A10,0.9897078550123943
SLC39A4,-0.15515941332648503
SLC39A6,-0.5037332797748674
SLC40A1,2.2086809926087616
SLC44A2,1.068083156235987
SLC44A5,-4.761085118515039
SLC45A4,-2.4362068943643695
SLC4A10,-1.8233594006676024
SLC4A11,2.280603517706609
SLC4A1AP,0.6083097728736613
SLC4A3,1.1027328662818845
SLC4A4,2.1928624035457482
SLC4A7,-0.24788861491468653
SLC50A1,-2.8939423298044247
SLC6A15,-2.11608355025957
SLC6A17,-2.7627732150229845
SLC6A7,-2.4168106251539268
SLC7A1,-0.0026287610225261067
SLC7A10,1.5458115524163458
SLC7A11,0.5005218543409764
SLC7A4,-0.5831605110896596
SLC7A5P2,-1.3512273940756456
SLC7A7,1.1074249102835139
SLC8A2,-3.293033733587355
SLC8B1,0.6628097287436309
SLC9A6,-1.5647531520531046
SLC9A7,2.53789625491945
SLCO2A1,-2.30499712585955
SLF1,-2.9965610311023467
SLIT1,-0.6626499244324522
SLIT2,-2.0654910213833566
SLIT3,0.3362436562917371
SLITRK1,-2.5768936965519345
SLITRK2,-0.12391995846490136
SLITRK4,-1.9415562480527544
SLITRK5,-1.0289067448917282
SLITRK6,0.4254739465264689
SLMAP,-1.4040243049280179
SLN,0.3863596134112037
SLX4IP,0.07886469669420931
SMAD1,0.5430331782392825
SMAD2,1.8312145775991295
SMAD3,1.4615360186441477
SMAD5,-0.06002365525181867
SMAD7,-0.9775240884792654
SMAD9,0.20312198426121308
SMAP2,0.9505012197867061
SMARCA1,-0.8205157199407557
SMARCA5,-1.2518389413304005
SMARCC1,-1.4873402393554638
SMARCD3,2.19780124032737
SMCO2,-2.1440257047745157
SMDT1,-0.5953206005786305
SMIM10L2A,-0.16473363055682771
SMIM10L2B,0.19492537891821526
SMIM14,-0.8996553499018806
SMIM19,1.294070684999928
SMIM24,-0.34215068969116097
SMIM29,0.29602877786647447
SMIM30,-0.6681112116099153
SMIM32,-1.2421741966252897
SMIM4,2.3774040755718766
SMIM8,0.15587112914004458
SMKR1,0.7920804286894898
SMO,1.0243570543576688
SMPD1,1.6588813396766888
SMPD3,-2.1410355228083975
SMPX,-3.2689470840103687
SMS,0.5216910863616062
SMUG1,0.769592252511877
SMURF1,1.169307480786694
SMURF2,-0.21284872969361818
SMYD2,1.4797150652511417
SNAI3-AS1,-0.1403806279041641
SNAP25,-0.44920793046867546
SNAP47,1.7004928663915828
SNAPC3,-0.9553031695498252
SNAPC5,2.287680809788743
SNCA,1.4968928618880168
SNCAIP,0.23883305993996223
SNCB,-2.3794866011877973
SNCG,0.39118509848940225
SNED1,-2.594608125766973
SNF8,2.6370164727976313
SNHG19,0.5903840767830005
SNHG21,0.25762086945700674
SNHG28,0.37335176559376004
SNHG5,1.6523530193245841
SNHG8,2.374452851895618
SNPH,0.05118372680863746
SNRNP200,2.0671594936437345
SNRNP25,2.593638726415533
SNRNP27,1.973809184560308
SNRPA1,0.3997951509849009
SNRPB,0.6574893139521107
SNRPD3,1.9262358127050865
SNTA1,1.7373679321889814
SNTB1,2.354093986028177
SNTB2,1.3209296903279837
SNTG2,0.47170994525969523
SNU13,2.1054020482523534
SNUPN,0.6236286291628463
SNX10,0.421491559931386
SNX14,0.18887046580588407
SNX17,2.2757158934008523
SNX18,0.1322575198290513
SNX2,-1.176017313991859
SNX24,0.7460498144424156
SNX27,-0.8687580965148421
SNX29,-1.7446814231502612
SNX3,2.191400261994306
SNX6,1.4358087799287764
SNX7,1.7997564777791042
SNX8,-0.5759221885395679
SOBP,0.2322211210650472
SOCS1,-1.1563852603557383
SOCS2,-2.633010098607439
SOCS7,-1.0268204032090178
SOGA3,-2.245235420560776
SORBS2,-0.8254031836699857
SORCS1,-0.7990523382356911
SORCS3,1.2739914603311295
SOS1,-0.7649278244614555
SOS2,0.5965868827285021
SOSTDC1,-3.668520771868449
SOWAHA,0.39013049807778527
SOWAHB,1.145908571390275
SOWAHC,1.1340503897260312
SOWAHD,1.452317557653114
SOX11,2.508042105411555
SOX12,-1.5552221844233116
SOX15,-0.3478058127358377
SOX2,3.601190854492422
SOX2-OT,-0.6016944605093769
SOX21,1.0905682964843462
SOX3,2.380072987373988
SOX4,-0.8084034994590397
SOX5,0.6044306354007066
SOX8,0.6494644535510474
SOX9,1.402029572594272
SOX9-AS1,3.748232174332432
SP1,-1.5725800195634534
SP110,0.7245336454252874
SP5,1.6643304703651518
SPA17,-0.6824413275751893
SPACA3,1.1522583854860973
SPACA6,-0.3159131228965945
SPAG16,-0.07136545643946578
SPAG7,2.22819046426602
SPAG9,1.2862621660133815
SPARC,2.090947307119873
SPARCL1,2.143441451315256
SPATA1,1.5324583061679664
SPATA13,-0.21884725031658236
SPATA18,0.21239042544361023
SPATA20,2.0101135760857947
SPATA33,1.1671891135338046
SPATA7,0.8623479493457353
SPATC1L,-0.2870384063614499
SPATS2,-0.5329478668845695
SPATS2L,-1.0842067888064675
SPDEF,-1.5599688994377268
SPDL1,-1.9677931414825462
SPEG,-2.679794411028919
SPG7,2.0458774670445683
SPHKAP,1.21523288777937
SPIDR,-3.1168405659017826
SPINK2,-3.3522227685106962
SPINT2,-1.5139009067207794
SPON2,3.208026009234646
SPPL3,-0.1904926325940259
SPRED1,1.173948784992536
SPRED2,-0.6454925588009095
SPRN,-1.2054106275600405
SPRTN,-2.7385259779388877
SPRY1,0.8724719039080304
SPRY2,-2.122985076606673
SPRY3,-1.3858105750225715
SPRY4,0.1025480185877292
SPRYD3,1.5521335945985935
SPRYD4,0.22720321495974372
SPSB2,-0.38676550663710263
SPSB3,-0.42018772385836656
SPTB,-0.9746844045918958
SPTBN2,0.8719074729457579
SPTBN4,-1.5834029194027845
SPTBN5,-1.929182306791914
SPTLC1,-1.4960739444514877
SPTSSA,0.46910946281946564
SQLE,-0.2694314075684399
SQOR,2.390095760125081
SQSTM1,0.9103426547874677
SRBD1,-1.657020689330505
SRC,-1.642934543003074
SRCIN1,1.2180751237359397
SRD5A3,-1.2812167553949942
SREBF1,1.234036240245212
SREBF2,0.6742978723743285
SREK1IP1,-1.0399644155592391
SRF,-1.0801058993394215
SRGAP1,2.5828882691603527
SRGAP2,-0.8916756096370424
SRGAP3,-1.1978806447692913
SRP19,0.7489008197906563
SRP54,-0.5758379236463191
SRP68,1.5932648590292255
SRP9,3.522814787352091
SRPK1,-1.2210988002600198
SRPK3,-1.1370705603741045
SRR,-0.4463283821485039
SRRD,1.1523272211263174
SRRM4,-0.8544426498966984
SRSF11,-1.3330807619842588
SRSF12,0.605865062991969
SRSF6,-1.590584730741654
SRSF7,0.8065593123604412
SRSF8,-0.07157925385679262
SS18,-0.9724301929339678
SS18L1,-0.5350496648941915
SSBP1,0.7946969782066708
SSBP2,-1.1522259727522282
SSBP3,0.5502433356731818
SSBP4,-0.5628387347196475
SSC4D,-0.11081443436121523
SSPN,3.3520734133801513
SSR1,-1.2962549290723941
SSR3,-0.11770660406584892
SSR4,0.9921727898228913
SSR4P1,-0.6230085332975027
SSSCA1,-0.08297051245065457
SST,0.6421168479648321
SSTR1,1.1382451201118826
SSTR2,-0.22762917906800018
ST20,0.9790125885390092
ST3GAL1,1.1470298294315835
ST3GAL2,-0.05265338732113086
ST3GAL6,-2.1550441315595927
ST5,2.783544432804837
ST6GAL1,1.7675704016645066
ST6GAL2,-2.554943072989812
ST6GALNAC5,-1.5183417086025874
ST6GALNAC6,1.8873148968276225
ST7,-1.1560843565089622
ST8SIA3,-2.5553102906595626
ST8SIA4,-1.6742444900922093
STAG1,-2.516843411257028
STAG2,0.30673521629444656
STAMBPL1,-0.9860330055432108
STARD13,-0.42823449713941586
STARD3NL,0.9278941439278441
STAT1,-3.5728819703041093
STAT6,1.0572699777177224
STEAP1,-1.6278783885810786
STH,-1.464693755256797
STIM1,1.6365305069580962
STK10,1.89844724297434
STK17A,2.3268279420148446
STK19,1.0139012572097308
STK24,-0.184724417002271
STK25,2.213206021616732
STK32C,1.691338320097127
STK33,0.952948495033902
STK39,1.044325201723988
STK4,1.9112735934769742
STMN1,0.9881292169352864
STMN2,0.4409125037807963
STMN3,1.1363421694943157
STOM,2.928011241339851
STOML1,-0.9637551882857707
STOML2,2.0950880957573337
STON2,1.7436218576390101
STOX2,-2.6558394374278156
STRADA,-2.241578467487249
STRIP1,-1.3889433338563735
STRIP2,0.6867260217364505
STUB1,1.9379627295233428
STUM,-0.4268377086903052
STX12,0.20836986505222077
STX17,-1.9050379823595749
STX17-AS1,0.8687303364221697
STX19,-3.097132376747005
STX1A,-0.8468418269133319
STX2,0.13247320101431434
STX3,-0.9503532525701063
STX6,-2.808127140375062
STX7,0.13151857287229993
STXBP1,-2.8588774699616932
STXBP3,-0.6971750973253563
STXBP4,0.5437682907953845
STXBP5,-1.5682700259680238
STYK1,0.868236743901949
STYXL1,-0.8579837525281351
SUB1,0.7458739378998448
SUCLA2,0.42992359380905854
SUCLG2,0.9869467818461044
SUCO,-0.908738257068702
SUGCT,0.2503679965227021
SUGT1P3,0.9031710890818737
SULF1,0.8075170386110074
SULF2,1.367618489785038
SULT1C4,1.8944651437952182
SULT4A1,-1.0657741330575605
SUMF1,0.7379834623800797
SUMO3,1.0803044879949175
SUN1,-1.2634156522327
SUPT7L,0.8830286247437723
SUPV3L1,-1.4179092727883589
SURF4,-1.6306570485883938
SUSD1,0.3231587888147893
SUSD2,-0.4737214448277395
SUSD3,2.796202519974349
SUSD6,-2.9289794602592507
SUV39H1,-0.06311016897540074
SV2B,-1.0758880254568353
SVOP,0.9590104812061736
SWI5,2.469194934415525
SWSAP1,-0.8687889286458907
SYBU,-3.86154891565019
SYCE1,-0.4123421900715268
SYCE3,2.11492474385744
SYF2,1.4193980505735042
SYK,2.895929677523465
SYN2,0.042162536972525984
SYN3,-0.676742157036211
SYNCRIP,1.8039854742205415
SYNDIG1L,2.526058002199133
SYNE3,0.1757761426569196
SYNGR1,0.9601223158251523
SYNGR3,0.4618811359011085
SYNM,1.623949512259468
SYNPO2,-2.6862478952023348
SYNPR,0.6121872736507825
SYNRG,0.04891057477807372
SYP,-1.1511794735114291
SYT1,-1.5995939414488076
SYT10,0.02378171093208469
SYT12,-0.8400121019075982
SYT13,-1.8245914103101997
SYT17,0.5649289886954185
SYT5,-0.8723648041485994
SYT9,0.02326771943733741
SYTL2,1.3749452563783768
SYTL4,0.5061809318482344
SYTL5,0.9715346640267223
SZRD1,-0.30634754320460755
TAB2,-1.469646685041638
TAB3,-2.3294884379774197
TAC1,2.1913488328044917
TAC3,-0.7551663898123959
TACC1,0.8559627577543764
TACC2,-0.006061004769974381
TADA2A,0.5904397637457339
TAF10,1.469181803951676
TAF1D,-0.8256799271280697
TAF2,-2.380662877320987
TAF6,0.9589513754540179
TAF9B,-1.6587339358662476
TAGLN2,0.30364758180971807
TAGLN3,1.8870388402664027
TAL2,0.6182924492889915
TAMM41,0.2944383732833612
TAOK1,-1.2762077866217867
TAPT1,0.4313468683360867
TARBP1,-1.6504561502598076
TASP1,-1.8406407806161225
TATDN1,2.3816007251041196
TATDN2,-0.6372351818996758
TATDN3,0.4008215258327347
TBC1D10C,0.12022739073605178
TBC1D16,0.2336712285489169
TBC1D22B,0.07090658765742627
TBC1D24,-0.9710776568127508
TBC1D25,-0.9372027749582397
TBC1D26,-1.195864004342705
TBC1D31,-0.7785896767814074
TBC1D5,0.650310104355431
TBC1D9B,2.3813992083381934
TBCC,-0.494818499642475
TBL1X,0.7361055747217312
TBPL1,-2.2914564368803445
TBR1,-2.617697901768258
TBX19,0.23329244899610385
TBXA2R,0.32234322287958944
TC2N,-2.5998951554074243
TCAP,-0.8866711148051887
TCEA1,0.06974550677383802
TCEA2,2.099329636810625
TCEA3,2.077060820262711
TCEAL3,1.1656017232370834
TCEAL4,1.1627478513805778
TCEAL5,1.7341631028936928
TCEAL6,1.2810913981686851
TCERG1L,-1.5085948447045812
TCF12,-0.6168306472212486
TCF3,-1.0809028830836969
TCF4,-2.9610177695124915
TCF7L1,1.8318304939204593
TCF7L2,-0.5297336784616987
TCFL5,2.4766407904434615
TCIM,0.11425702462726826
TCIRG1,0.8070598783827313
TCP1,1.8835668176581477
TCTA,1.7054385321348513
TCTE1,-2.060442556199568
TCTEX1D2,1.3842644345842605
TCTN1,-0.394118473602294
TDRD10,-0.7315490690254308
TDRD3,-1.283847104605617
TDRD9,0.7106275196406898
TDRKH,0.18225683298139353
TDRP,-0.03243213936895628
TEAD1,-0.7663882492990036
TEAD3,1.2129858881254925
TECPR1,-2.5744951008114785
TEKT2,-0.331628161400161
TENM1,-0.5257527431885226
TENM2,-4.4401605538390365
TENM3,-1.2888344600446577
TENM4,-2.553068593857084
TEP1,0.7617844798196783
TEPSIN,-2.4870919973285197
TERF2,0.5632803367636112
TESPA1,1.2380912000002868
TEX9,0.2662351355347183
TFAM,-1.8553605552312031
TFEC,0.767325967852443
TFIP11,1.3109298513440117
TFPT,1.4013359593730448
TFRC,2.1457143361186968
TG,-0.7103092598799778
TGFBI,1.539057008165579
TGFBR3L,-0.49674551847521176
TGFBRAP1,-1.942029687876014
TGS1,1.3220633790337804
THAP11,1.3293238344005252
THAP7,-0.42657222289023533
THBS4,2.851497839089447
THEMIS,-0.08277601027970916
THOC5,0.059575289715847274
THOC6,-2.4874970444388853
THOC7,0.976946703441328
THRA,2.790543593773416
THRB,-1.3047495914681952
THSD7A,-1.4277780638969815
THTPA,1.0508639507448572
TIAM1,-3.672925306549843
TIGAR,-1.3101584143775686
TIMM17A,2.042615961634499
TIMM17B,1.0037371041496337
TIMM22,0.42080288619960154
TIMM23,1.6208073285857123
TIMM44,0.32665195559376997
TIMM8B,2.68781174772603
TIMP1,1.9180223400208927
TIMP2,0.37060151898372207
TIMP3,1.484283455845073
TINCR,0.6607710213021675
TINF2,-0.3242521658713206
TK1,-0.41186034067483734
TK2,-0.25683943779013285
TKFC,-0.09689171855231281
TLDC1,-0.977465109969562
TLE1,0.017138761553610663
TLE2,-1.001177659692058
TLK1,0.03236934303083393
TLL1,-1.5969399834097946
TLN2,-0.1046157700163522
TLR1,1.7799655748322467
TLR2,0.9681947642588877
TLR3,0.31089542308749374
TLR4,0.6293359287536275
TLX2,-2.8804756104801466
TM2D3,-0.22687902541149482
TM6SF1,-0.11573434166467876
TM7SF2,-1.4619789098987905
TM9SF2,0.6056489081347421
TMBIM1,1.2849265390565843
TMBIM6,0.18138745707367912
TMC8,1.461928131236792
TMCC1,-2.18063074283026
TMED10,-0.38029495858907897
TMED5,-0.17772177593848157
TMED7,-1.4630216208600357
TMEFF2,0.7475217180351819
TMEM100,1.8702402163939438
TMEM106A,2.290472211865375
TMEM106B,-2.768361814947168
TMEM106C,1.8347800398427414
TMEM107,-0.00016676114021722645
TMEM108,-1.0014405910684492
TMEM117,0.18871812371496485
TMEM120A,1.4844014415670959
TMEM120B,-0.9401397104760667
TMEM121,0.6926985149115713
TMEM126A,2.953836161358073
TMEM126B,-1.4022433505623089
TMEM130,0.5898474916667041
TMEM131,-1.1779961661995513
TMEM132A,0.01593769260871488
TMEM132B,0.6716275920598027
TMEM132D,-1.2247899596291005
TMEM132E,-2.5911165004825074
TMEM136,2.915028316904369
TMEM141,-0.20433600923593762
TMEM145,-2.28457782358448
TMEM150C,-1.1906098853334532
TMEM155,0.8177140852795997
TMEM158,1.1964030391061329
TMEM159,2.398220180451025
TMEM160,-0.05426191260966229
TMEM161B-AS1,1.5738467709299502
TMEM163,-0.08634644442719609
TMEM164,3.4572182108072305
TMEM168,-2.079468597614705
TMEM17,0.36590685292773545
TMEM170A,0.8003652071926555
TMEM170B,-1.9012489440684361
TMEM173,1.5530531060281836
TMEM175,-0.17164302631680592
TMEM176A,2.2323856148883743
TMEM176B,3.409809336984669
TMEM178A,-2.0535465964464694
TMEM178B,0.6011562587082326
TMEM179B,0.7861858181069075
TMEM182,0.03055634670853758
TMEM183A,0.9497822887316169
TMEM184B,0.7817625585549902
TMEM185B,0.02615573686832932
TMEM189,-0.482817830307521
TMEM19,-0.9852208556655976
TMEM198,-3.0465105221143776
TMEM200A,-0.10485241935061286
TMEM200C,-2.7994440072099946
TMEM203,2.1590403091865658
TMEM205,0.3405963983940113
TMEM208,0.22172561319553694
TMEM209,0.31343838974395394
TMEM215,-5.21378299677839
TMEM219,2.893494805173946
TMEM229A,-1.7815003555206552
TMEM229B,-0.7363658893054835
TMEM230,1.7545276785031907
TMEM233,-0.08827193734849123
TMEM237,-0.7408903694669601
TMEM238,0.9903534189215133
TMEM241,-2.2041334778818493
TMEM242,-0.9286437237163314
TMEM249,-2.3039049042946282
TMEM25,-0.22141559330892072
TMEM250,-1.0852194426323167
TMEM251,-0.4283984272661521
TMEM254,-1.5088831141017038
TMEM255A,1.6027883489323653
TMEM255B,-1.5362028901882105
TMEM256,1.279046867746409
TMEM260,-1.5465085447974503
TMEM263,2.664371692719018
TMEM266,-1.2069338522918307
TMEM268,-2.396183047494394
TMEM42,0.8021838846606709
TMEM47,0.587282048552883
TMEM50A,-1.9902611301589133
TMEM53,-0.5850675307596361
TMEM54,1.626679530977525
TMEM59,0.8459513584077325
TMEM59L,0.9036504287688519
TMEM65,-0.8162261222920136
TMEM70,0.45248818661286017
TMEM74,-1.2516207998782145
TMEM74B,-0.8929706196545248
TMEM87B,-1.95003577735386
TMEM8B,-1.3118646986548275
TMEM9,2.1994081463248625
TMEM91,0.9279212204598878
TMEM97,-2.0875929159358138
TMIE,-1.013320766572677
TMOD1,-1.525253283375377
TMOD3,1.7416792357447015
TMPO,-1.9233427416207283
TMPRSS6,-0.9856364898470926
TMSB10,1.889609412411194
TMSB15B,-1.1395963224735541
TMSB4X,3.021726100981264
TMTC1,3.213155278426176
TMUB2,-0.30570075361337157
TNFAIP1,-0.8032241489993
TNFAIP2,2.2968957135390653
TNFAIP8L1,-0.49409600826256833
TNFAIP8L2,1.8817852985723407
TNFAIP8L3,-1.7160973245754185
TNFRSF10B,-0.2173147777758494
TNFRSF11A,-1.2631961611527813
TNFRSF12A,0.7501187292177014
TNFRSF13C,-0.575377201604315
TNFRSF14,-1.1568968342510435
TNFRSF25,-4.253673611275783
TNFRSF4,-3.178478359051483
TNFSF12,0.5178569068954485
TNFSF13B,-3.0698483475518454
TNIK,2.4728870733454476
TNNI3,-1.0981562473439326
TNNT1,1.4178108575868367
TNNT3,-1.3763499327616322
TOLLIP,0.7775191477393357
TOM1L1,0.8947497901446428
TOMM20,1.067472947966829
TOMM40L,-0.42202036406530236
TOP2B,0.36782312002838147
TOP3A,-1.1556696146325383
TOPORS,-2.0857685789137754
TOR4A,-0.41365109078934703
TOX,-1.2160419320260911
TOX3,-0.2925906863101657
TOX4,2.3217508288677826
TP53BP2,1.97723111299023
TP53I11,-1.3076670036366997
TP53I3,0.8594543220465036
TP53TG1,2.717233482794628
TP53TG3D,-0.9079216627793677
TPCN2,-0.7159828264169584
TPD52,-0.7741641272653764
TPD52L1,2.4110758317357712
TPGS2,0.6837818078652146
TPI1,2.0875718521574047
TPI1P2,2.501504827640004
TPK1,-0.9282640937300197
TPM3,-0.17171261702274
TPMT,-0.849393902556721
TPP1,3.0571630278152164
TPR,-2.026700273213167
TPRG1L,2.18663643705064
TPRXL,-2.0353279956246797
TPST2,-0.7697780791135443
TPT1,1.5000145018620792
TPT1-AS1,-2.11745244339492
TPTE,0.5826026209318749
TPTE2P1,-2.908884863550201
TPTEP1,-1.5487156388212038
TRA2B,0.8793212139447877
TRABD2A,-0.8704081451345872
TRADD,-0.5698994982231258
TRAF3,0.1527668206302741
TRAF3IP2,2.573553844272769
TRAF3IP3,2.0271741200810265
TRAF5,-2.39338242728317
TRAF6,-0.42741770425596093
TRAF7,-1.3060050891133188
TRAIP,-1.5352226981626815
TRAPPC11,0.2968830318620922
TRAPPC2L,1.6316518765351071
TRAPPC3,1.833173981477582
TRAPPC4,2.6496027360722954
TRAPPC6A,2.2052798274727303
TRDMT1,-0.8071952217354804
TRH,0.8596229934476696
TRHDE,-3.2887651354563583
TRIB1,2.6853854755075557
TRIB2,0.9240313331414098
TRIB3,-1.9214367385461815
TRIL,1.1489925002437764
TRIM17,0.08763568798506456
TRIM22,0.635484500323951
TRIM23,-1.9211414502560233
TRIM24,-1.23980082184802
TRIM25,-0.8630887573441188
TRIM26,0.7103706601224826
TRIM27,-0.5556855547007442
TRIM28,-0.9215720842961491
TRIM3,-1.4593292601266306
TRIM36,-0.9057783151656639
TRIM44,-0.20169138128439776
TRIM45,-0.40323824982126805
TRIM56,1.1855741347376767
TRIM58,-0.09053866392191244
TRIM62,-0.49092899160046294
TRIM65,-2.4686905669181995
TRIM69,-0.4365551373661422
TRIM7,-2.921028086619798
TRIM71,0.5051408548439514
TRIM8,0.5013731237842465
TRIM9,-2.402756387960153
TRIO,-3.5439214277494515
TRIOBP,0.2660263716001864
TRIP12,1.227906331992426
TRIP6,2.7721058944752244
TRMT10C,0.6803010709278305
TRMT12,0.38916912110697466
TRMT13,-0.7912764285119838
TRMT61B,-1.4154939944962956
TRNAU1AP,1.0323917323844969
TRPC4,-1.3624540990412801
TRPS1,1.679704513797167
TRPV2,-1.4480998869340962
TRUB1,0.4041592521613051
TSACC,-0.33609210424162617
TSC2,0.9556708637269672
TSC22D1,-2.598501879207481
TSEN34,2.0959969779972916
TSHZ2,-2.030067994599893
TSHZ3,-2.85603519258223
TSNARE1,-2.7195050147785165
TSNAXIP1,-1.9225907756964864
TSPAN12,2.1602154336782275
TSPAN13,-3.210216499917176
TSPAN14,-1.1719282813335306
TSPAN17,-1.8753347667911502
TSPAN18,0.5833045324427368
TSPAN2,1.5319646716594129
TSPAN33,0.13579186803800916
TSPAN4,1.8975698870831408
TSPAN5,-3.4260927330711968
TSPAN6,1.444688874784008
TSPAN7,1.4389104572125417
TSPAN9,-0.7423755917189913
TSPOAP1,0.5851729389879357
TSPOAP1-AS1,-1.171602516970118
TSPYL2,-2.4769135736479266
TSPYL4,-2.3866011876583273
TSPYL5,-1.6238535354212837
TSR1,0.9178367690606835
TSR2,3.369577305132312
TST,2.0848247712224524
TSTA3,-0.4947402477978369
TSTD1,1.7735035613928034
TTBK1,-1.3101239637791682
TTC19,-0.032943178697117284
TTC21A,-1.9583620190770086
TTC23L,-1.9194661329061615
TTC30A,-1.938973802928717
TTC37,1.1647331262554201
TTC38,2.2016514068576707
TTC39C,-4.633290505079445
TTC7B,0.018105184851806948
TTC8,-1.9366693798668675
TTC9,0.34917153093675873
TTC9B,-1.029024219982635
TTF2,-0.47128207536199257
TTL,-1.1651067386716516
TTLL1,1.2757499057092159
TTLL12,-0.09417511201325361
TTLL4,0.5514606485637188
TTPA,0.6522088799290303
TTPAL,-0.32013735556563033
TTR,-1.782531221030047
TTYH1,3.15281104442585
TUB,-0.219376111871804
TUBA1A,2.7467217440661496
TUBA1B,1.9999272528714251
TUBA1C,1.28620889803964
TUBA3C,-0.5687329382860825
TUBA4A,-1.8139912433216778
TUBA4B,-1.436527948653886
TUBB2A,1.285798313871936
TUBB2B,3.8387231526877494
TUBB3,0.18517484053111602
TUBB4A,0.3493260694059363
TUBB4B,-0.4923698522639691
TUBB6,0.2272585246475906
TUBB8,0.6927328831409426
TUBB8P12,0.8408332362348512
TUBE1,-2.8623072930549194
TUBG2,1.0193108787914875
TUBGCP4,-0.0262992451993028
TUBGCP6,-1.3508079376305853
TULP3,-0.2168540009050184
TUNAR,1.2526986481421118
TUSC1,-0.22195924866572636
TUSC3,0.05590812024442582
TVP23A,-0.6336812692712966
TWF2,-0.8756041257140742
TWIST1,-1.3541549038162901
TXLNA,-1.5508103816772068
TXLNB,-1.0793277785139417
TXN,1.2775189299924956
TXNL4A,2.0102366777362235
TXNRD3,0.16733061208727668
TYMP,-0.32561462609098774
TYRO3,0.5026521067596278
TYROBP,2.3699409747622453
TYRP1,-2.3383076633769346
TYW5,0.899130668205001
U2SURP,-2.3869172548438984
UAP1,-0.23784768759619312
UBA3,-2.606254305627346
UBA52,1.9097064630954665
UBALD1,-3.147517080649737
UBAP2,0.46467505262213543
UBC,1.7621157070273907
UBE2A,1.2881378352267872
UBE2B,0.545073236785504
UBE2D2,2.937766774730901
UBE2D3,0.7665149394118437
UBE2E2,-1.8753809938934214
UBE2H,-0.19538098163488632
UBE2I,1.2338739922632538
UBE2J1,-0.257964917675469
UBE2K,1.1474711432895874
UBE2M,2.703995851742273
UBE2MP1,1.3951142726429735
UBE2Q2L,-1.73844113537152
UBE2R2,-1.966186515279137
UBE2W,-2.3862029934665063
UBE2Z,-0.0738640958733778
UBE3A,1.3235943087456117
UBE3B,-0.4830375491973506
UBE3C,-0.04568613463528467
UBE3D,-0.7359074691321262
UBIAD1,0.6413298912690514
UBL5,2.7124056564581127
UBL7,0.9127430805159407
UBL7-AS1,-0.7990047539864645
UBP1,-1.508103013563129
UBQLN4,0.7498577248106949
UBR1,0.29774692007418213
UBR4,1.586755607457844
UBXN2B,-0.236182722247521
UBXN6,1.8263369026965002
UBXN8,1.3682640326855255
UCHL1,1.4407269842251418
UCHL3,1.2665179553325656
UCN2,-2.2695211488021587
UEVLD,-1.0234078161297453
UFC1,3.45717292515845
UFL1,-1.037925497966578
UFM1,-0.48523961077687167
UG0898H09,2.5675624032009217
UGGT2,-1.9539589172685354
UGP2,2.3660362467757854
UHMK1,1.4202809873706959
UHRF1,-0.4979789582441102
UHRF2,-0.3433529102467859
ULBP2,-2.581556895370091
ULK1,-0.5638906003326432
ULK2,-0.20589598786430907
ULK3,-0.20840524092772084
UMODL1-AS1,-2.271353652188755
UMPS,2.8116025148480377
UNC13A,-2.2045686288892306
UNC13B,-2.5192128268371694
UNC50,1.7168883112559024
UNC5A,-2.445775339981852
UNC5B-AS1,0.3091097720179759
UNC5D,-2.469254005461742
UNC79,-0.3487887514528945
UNC93B1,0.7424988645618228
UPP2,-1.6269919910983413
UQCC2,1.9922328664422864
UQCR10,2.391907308676329
UQCRC2,1.7606928072358834
UQCRFS1,3.2484085075923463
UQCRH,1.976638973700504
UQCRHL,1.4646096212457795
UROS,1.8712347885929932
USE1,1.5871538669530887
USO1,1.5430230351685519
USP13,-2.1070342624989453
USP14,-1.2840730334810655
USP18,0.19963354252843774
USP19,0.27582826092280954
USP22,-0.7622000597182071
USP24,-2.1907347534022716
USP28,-3.432625790290761
USP3,-0.48743628738784195
USP32P1,-2.456509689595472
USP32P2,-1.7200823569800265
USP37,-1.2438048639761528
USP4,0.9249488424232972
USP42,-0.5088755104007577
USP43,-1.1850700292460326
USP46,-0.42975516466048325
USP49,-2.714957636699097
USP5,1.9445315577197155
USP51,0.7813974850628304
USP53,-1.0193424756415657
USP6NL,-2.232388285037784
USP7,-0.6490354343928568
USP9X,-0.7361823643914556
UST,-2.2947567536328672
UTP18,0.8002269366566488
UTP20,-1.6675702654138673
UVRAG,-0.5931757122173037
UXS1,-3.1479297024304653
VAMP8,2.166446201246206
VANGL2,0.3226172992713049
VAPB,1.5021613224862778
VASH1,-1.0931511735646784
VASN,-1.177666082266276
VASP,-1.0067099335988952
VAT1,0.7372371907354811
VAT1L,4.067505301186397
VAV1,1.9957235715352617
VCAN,0.40100979770009865
VCL,0.7413945629409114
VCP,-1.9728678007746927
VDAC3,0.7495519229394264
VEZT,-1.1140586831187484
VGF,1.4243852989382337
VGLL4,-0.14818602197157513
VIM,2.113256512967411
VIP,-2.0007073020673185
VIPR1,-0.4369368745231734
VIT,0.3696653664020341
VKORC1L1,0.8310873645922712
VLDLR,-0.8769078456647513
VMA21,0.0527007668018413
VOPP1,-0.45541701178066435
VPS13A,-2.553085101145766
VPS13C,0.35865327934423125
VPS13D,-0.07506054294183424
VPS16,0.77485798698327
VPS26A,1.0112898379798048
VPS26B,1.16657375942701
VPS28,1.9991755675443157
VPS29,2.1610712708820303
VPS33B,0.29443005290743685
VPS35,-0.6146431015848666
VPS37B,-2.0148402682964175
VPS37C,0.954920529059869
VPS37D,1.1295248109900924
VPS41,-1.3373171413586729
VPS4A,-2.1389087754981775
VPS51,2.344828451002376
VPS52,-1.1719924806580517
VPS53,0.3711511792315812
VPS9D1,-0.8945853530483107
VSIG10L,1.951178005262509
VSNL1,0.9096496121026812
VSTM2B,0.6642210471339591
VSTM2L,-1.667246054487316
VTA1,-0.019338821113871866
VTI1A,-1.430038937467113
VTI1B,3.3599668284349424
VWA1,-0.2959128546025204
VWA3A,0.29142301652716884
VWA5A,1.6558379630825095
VWA5B2,-1.8886256393139773
VWC2L,-2.4735809291482735
VWCE,-0.12807461944736026
VWDE,-2.719857925448903
WAC,1.3240416467987968
WAC-AS1,1.1568804539721302
WASF2,0.2832628978424917
WASHC2C,-1.6356765214750448
WBP2,2.383093987036213
WDFY4,1.6617199837509065
WDHD1,-1.3734470553514806
WDR1,-2.251880286429089
WDR13,1.9344279867200556
WDR17,-0.19389388657158196
WDR24,-0.035728161369544875
WDR26,0.46839682845473607
WDR37,-1.6622041550521611
WDR4,-0.015652351837248325
WDR44,-2.0134172271669013
WDR45B,1.7158609024692537
WDR46,-0.2641905021082553
WDR47,0.06674154320795356
WDR53,-2.075734712778345
WDR54,0.7135427991575998
WDR6,0.3468618335708967
WDR60,-0.3459738111247305
WDR66,0.6998602785240918
WDR7,-1.729517915324969
WDR74,1.5400499988294027
WDR78,0.6606982364722516
WDR83,2.215035386648429
WDR86,0.5192896453518919
WDR97,-2.8569205747810877
WFDC1,1.6839162737278384
WFIKKN1,-2.2087494039826843
WFS1,1.2917767382080074
WIF1,2.3610253704037176
WIPF2,-0.056314876444217274
WIPI1,1.1451765968756726
WIPI2,-0.5617768983625216
WIZ,1.4846958568660313
WLS,3.095426799378235
WNT10B,1.7807503310212418
WNT4,-1.8954976362389369
WNT6,0.8533148585947969
WNT7A,1.1159119301219462
WNT7B,0.43659858368319093
WRN,-1.331784357333069
WSB2,1.0644574692463264
WSCD1,0.7198606835985435
WTIP,2.1609257874271024
WWC1,1.2489907852571744
WWC2,-2.1249985164566514
WWOX,-0.3394967556490092
WWTR1,0.9626653752369566
XAF1,0.5294689973326543
XIAP,0.37514900585693595
XK,-1.3034719841321911
XKR4,-1.2270347611141557
XKR9,-0.7858530465981538
XPA,1.8465365162393648
XRCC4,0.8679390348492969
XRCC6,2.3674579692030866
XYLB,-2.492278826578277
XYLT1,0.42141032210430257
YAF2,1.2248728837397902
YAP1,2.4946506246619418
YARS2,-0.050311908374853796
YBX1,0.25517626030293916
YBX2,-1.217743982529768
YBX3,-1.5526354222179124
YBX3P1,-0.6863184668085985
YEATS2,1.1893832003155962
YEATS4,-0.8481829237387806
YIF1A,1.5101561826744487
YIPF4,-2.769288089171256
YIPF6,-0.8685113783700233
YJEFN3,0.5353810620477659
YLPM1,0.7089896033324921
YME1L1,2.2899582370642584
YPEL1,2.15524264683932
YPEL3,-0.7905176594170142
YPEL4,-3.508768131732295
YPEL5,1.2098392883353184
YRDC,-0.20573038447857284
YTHDF2,1.0071211681623171
YWHAB,-0.4342917426243136
YWHAG,0.3995436961734234
YWHAH,-1.1890477950904474
YWHAQ,-1.125887393660441
YWHAZ,-0.7914107896591984
YY1,0.8359844965529574
ZBED1,-1.0434311346802665
ZBED9,-2.8822914276651415
ZBTB11,0.3661792035407904
ZBTB18,-3.2067761306779956
ZBTB2,-3.935147464423783
ZBTB20,0.12736686105380537
ZBTB24,-0.9078514597745708
ZBTB4,1.615836178445318
ZBTB44,1.1619830629731491
ZBTB45,0.3430435349786277
ZBTB8A,-2.417135235639703
ZC3H15,1.2629361224939555
ZC3H7B,0.6228765160901486
ZC3HAV1,1.5470469474831654
ZCCHC11,-2.3760911673427234
ZCCHC12,-0.6429133199563791
ZCCHC14,-2.6832988723981006
ZCCHC17,0.014893716283830715
ZCCHC18,-0.4712483167062777
ZCCHC2,0.050234419431658656
ZCCHC8,-2.584418630387569
ZCWPW2,1.508533867018473
ZDHHC12,-0.5727868763188728
ZDHHC14,-2.6123228794820665
ZDHHC17,-1.1330918891553425
ZDHHC22,-2.6413776165592564
ZDHHC23,-0.8610391608289094
ZDHHC24,-1.1591832587913011
ZDHHC3,-0.8016523721106367
ZDHHC4,2.7926792334919703
ZER1,0.22022375796545354
ZFAND1,-0.9790635594382125
ZFAND2A,1.2619750310335351
ZFAND3,-0.344961599302093
ZFAND6,-0.6159647571655064
ZFAT,-0.09648483618146031
ZFHX3,1.4586598211538149
ZFHX4-AS1,1.535103510567848
ZFP14,0.023690062705227635
ZFP36L1,2.9755428637403836
ZFP36L2,0.8526145864637235
ZFP64,1.1032009046193005
ZFP69,0.02935190065563089
ZFP82,-0.5855016319495294
ZFP90,-0.6780578438422605
ZFP91,1.690607769619941
ZFYVE16,-1.062460280622674
ZFYVE21,1.4473076388366204
ZFYVE26,-1.8496986450972994
ZHX2,-0.4881607193870644
ZMAT1,-0.232394648369635
ZMIZ1,-0.9475022593199107
ZMIZ2,0.5140467757250662
ZMYM3,-1.706160443057413
ZMYM5,-3.0811150223672996
ZMYND10,0.8469567778159771
ZMYND12,2.3503268387548193
ZMYND15,-0.20922304017312088
ZNF101,-1.805460751232268
ZNF112,-0.8170495664474031
ZNF12,-2.110299449278137
ZNF131,-0.6543610721517952
ZNF136,-2.8163080847861046
ZNF157,1.3912931299237654
ZNF184,-0.7279171064156456
ZNF19,-1.546925828435698
ZNF192P1,-1.7650660665746352
ZNF195,-2.3814420874352424
ZNF202,-1.0817152369823182
ZNF212,0.10682796948373399
ZNF215,-1.9271411821139635
ZNF219,2.4474445197415697
ZNF222,-1.0511087056041468
ZNF226,3.1690281783731953
ZNF229,0.036576746604568534
ZNF232,-0.42047350911277787
ZNF239,0.5721239984443449
ZNF25,0.7565266070921401
ZNF250,-1.1481252082825977
ZNF254,-1.7443988138658835
ZNF26,-2.9479949342565233
ZNF271P,-1.5195195035526634
ZNF273,-2.4679074381628405
ZNF286A,-1.7219264413941378
ZNF324,-2.9761948828969937
ZNF329,1.2202902538345215
ZNF334,0.006404601299909393
ZNF346,-0.2421184185653185
ZNF350,0.8297613230956673
ZNF358,0.9876103010583825
ZNF362,-1.8241813782688305
ZNF365,-0.23034249570737603
ZNF37BP,-1.9247722892310302
ZNF395,0.09507783431371691
ZNF418,0.8411077828178443
ZNF423,2.5882963303117275
ZNF425,0.11383602957704148
ZNF429,0.6457015661622413
ZNF436,-0.9406639512635043
ZNF436-AS1,-0.9622146684549041
ZNF438,-0.034411720277255885
ZNF449,-1.4255737355657874
ZNF462,0.7654775412103959
ZNF471,-1.7947517266045914
ZNF48,-1.0502470349266413
ZNF480,1.1747532436308064
ZNF500,-0.6870311382189832
ZNF516,0.6825596084324693
ZNF518A,-2.0109169487120337
ZNF521,1.4982461495811676
ZNF541,-3.3178447768297428
ZNF544,-0.35569175750576754
ZNF547,-2.321301132422842
ZNF558,-2.3185594958168623
ZNF562,0.31912573999088073
ZNF567,-1.1217830696282185
ZNF569,-1.5060474622759865
ZNF572,0.719415253679226
ZNF575,-0.14397109531765534
ZNF577,-0.20749282628328175
ZNF589,-3.021881904537959
ZNF598,-0.3876539819713899
ZNF599,0.22047055273591187
ZNF608,-0.8131466238313482
ZNF610,0.34600775459068567
ZNF611,-0.0828539461875412
ZNF621,-0.6389996405535869
ZNF622,2.162997315388199
ZNF641,-0.4199652986243351
ZNF655,0.37269604594813804
ZNF667,-2.104511273709462
ZNF670,-2.522837834966983
ZNF677,-0.5042651194869623
ZNF681,-1.3615221310010337
ZNF697,-3.082372695805481
ZNF701,-0.44355288156550793
ZNF706,-0.7055805424186403
ZNF710,-0.5861758230888795
ZNF711,-3.396679318958515
ZNF717,-1.4109874914880922
ZNF727,-0.519212505206733
ZNF736,-0.9197657877523261
ZNF74,-1.4165236567275583
ZNF75A,-2.4858672760393983
ZNF765,-0.7503984400775805
ZNF777,-1.0278531955879657
ZNF780A,-0.4073934033352579
ZNF785,0.9367721074425586
ZNF786,-2.2197049191471003
ZNF789,-1.860680042487318
ZNF790,-2.4656883314257025
ZNF812P,-1.1654604691367616
ZNF816,1.2751149788486915
ZNF821,-2.555603987355185
ZNF827,0.797436135749275
ZNF83,0.6448396498713908
ZNF831,-0.4651237588605145
ZNF839,0.18557859884308403
ZNF844,0.5066452123231838
ZNF845,-0.674728629722249
ZNF853,1.464015236416917
ZNF876P,0.03973423788485377
ZNF880,1.6043305825690202
ZNF883,0.8536348117806963
ZNF93,1.1938535090927018
ZNHIT1,-0.8646797430491509
ZNHIT3,1.7869602266819626
ZNRD1ASP,-1.465375986052311
ZNRF1,-3.117261335701415
ZNRF2,-0.4093679487338289
ZNRF2P1,-1.4201160888736604
ZNRF4,-1.8158356668924165
ZRANB1,-0.3217193143903862
ZRANB2,-0.9080749781479347
ZRANB3,-0.669680902537637
ZSCAN18,1.5111903797776756
ZSCAN2,-0.10228184241899649
ZSCAN26,-0.8178124370895534
ZSCAN30,-1.6206331348675713
ZSCAN31,-1.7320218932887719
ZSCAN5A,2.2480242892253193
ZSWIM6,-1.7349947047919045
ZSWIM7,3.0877992907879914
ZSWIM9,3.0448609821301877
ZWILCH,-1.9385923805440426
ZXDA,-1.5503240605582878
ZYG11B,1.0818684505986846
ZYX,-0.7893127919186538
